kind,source,zh-CN,scope,notes
ITEM,(Limited) 2024 Summer Vacation Package I,(限定) 2024夏季假日礼包I,server/db/re/item_db_usable.yml,物品名称
ITEM,(Limited) 2024 Summer Vacation Package II,(限定) 2024夏季假日礼包II,server/db/re/item_db_usable.yml,物品名称
ITEM,(Limited) 2024 Summer Vacation Package III,(限定) 2024夏季假日礼包III,server/db/re/item_db_usable.yml,物品名称
ITEM,(Limited) 2024 Summer Vacation Package IV,(限定) 2024夏季假日礼包IV,server/db/re/item_db_usable.yml,物品名称
ITEM,(Limited) Battle Manual Package,（限定）战斗教範礼包箱,server/db/re/item_db_usable.yml,物品名称
ITEM,(Limited) Force Booster Special Package,(限定)力量增幅器特殊礼包,server/db/re/item_db_usable.yml,物品名称
ITEM,(Limited) Fruit Package I (Stone Box 36),(限定)水果礼包I (石箱36),server/db/re/item_db_usable.yml,物品名称
ITEM,(Limited) Fruit Package II (Stone Box 36),(限定)水果礼包II (石箱36),server/db/re/item_db_usable.yml,物品名称
ITEM,(Limited) Fruit Package III (Stone Box 36),(限定)水果礼包III (石箱36),server/db/re/item_db_usable.yml,物品名称
ITEM,(Limited) HD Elunium 10 Box,(限定) HD Elunium 10箱,server/db/re/item_db_usable.yml,物品名称
ITEM,(Limited) HD Elunium Box (Hollgrehenn)(30),（限定）高浓缩埃尔钮 30 个箱（霍尔格伦）,server/db/re/item_db_usable.yml,物品名称
ITEM,(Limited) HD Oridecon 10 Box,(限定) HD Oridecon 10箱,server/db/re/item_db_usable.yml,物品名称
ITEM,(Limited) HD Oridecon Box (Hollgrehenn)(30),（限定）高浓缩奥利德奥孔 30 个箱（霍尔格伦）,server/db/re/item_db_usable.yml,物品名称
ITEM,(Limited) Mana Potion Box,（限定）魔力水箱,server/db/re/item_db_usable.yml,物品名称
ITEM,(Limited) Silvervine Cat Fruit Package,（限定）银藤猫果礼包,server/db/re/item_db_usable.yml,物品名称
ITEM,(Limited) Silvervine Cat Fruit Package II,（限定）喵达叶果实礼包 II,server/db/re/item_db_usable.yml,物品名称
ITEM,(Limited) Silvervine Cat Fruit Package III,（限定）喵达叶果实礼包 III,server/db/re/item_db_usable.yml,物品名称
ITEM,(Limited) Speed Booster Special Package,(限定)速度增幅器特殊礼包,server/db/re/item_db_usable.yml,物品名称
ITEM,(Limited) Token of Ziegfried,（限定）齐格弗里德的证明,server/db/re/item_db_etc.yml,物品名称
ITEM,+10 Almighty Shadow Selection Box,+10 Almighty影子自选箱,server/db/re/item_db_usable.yml,物品名称
ITEM,+11 Ancient Hero Armor Opening Cube,+11古代英雄铠甲Opening魔方,server/db/re/item_db_usable.yml,物品名称
ITEM,+11 Helm of Face Chest,脸Chest之+11头盔,server/db/re/item_db_usable.yml,物品名称
ITEM,10 Gallon Hat Of Flame,火焰之10 Gallon帽,server/db/re/item_db_equip.yml,物品名称
ITEM,10 New Life Insurance Box,10新生命Insurance箱,server/db/re/item_db_usable.yml,物品名称
ITEM,10th Anniversary Badge,10th周年徽章,server/db/re/item_db_equip.yml,物品名称
ITEM,11th Anniversary Coin,11 周年硬币,server/db/re/item_db_etc.yml,物品名称
ITEM,15th Anniversary Box,15周年纪念箱,server/db/re/item_db_usable.yml,物品名称
ITEM,1carat Diamond,1 克拉钻石,server/db/re/item_db_etc.yml,物品名称
ITEM,1Lv Clip,1Lv发夹,server/db/re/item_db_equip.yml,物品名称
ITEM,1Lv Hat,1Lv帽,server/db/re/item_db_equip.yml,物品名称
ITEM,1Lv Hood,1Lv兜帽,server/db/re/item_db_equip.yml,物品名称
ITEM,1Lv Instrument,1Lv乐器,server/db/re/item_db_equip.yml,物品名称
ITEM,1Lv One-handed Macee,1Lv一体-手Macee,server/db/re/item_db_equip.yml,物品名称
ITEM,1Lv Shotgun,1级霰弹枪,server/db/re/item_db_equip.yml,武器名称
ITEM,1st Anniversary Ring,1st周年戒指,server/db/re/item_db_equip.yml,物品名称
ITEM,1st Golden Ring,1st金色戒指,server/db/re/item_db_equip.yml,物品名称
ITEM,1UP,额外生命,server/db/re/item_db_usable.yml,物品名称
ITEM,2011 RMSC 1,2011 RMSC 纪念帽 1,server/db/re/item_db_equip.yml,物品名称
ITEM,2011 RMSC 2,2011 RMSC 纪念帽 2,server/db/re/item_db_equip.yml,物品名称
ITEM,2011 RMSC 3,2011 RMSC 纪念帽 3,server/db/re/item_db_equip.yml,物品名称
ITEM,2011 RMSC 4,2011 RMSC 纪念帽 4,server/db/re/item_db_equip.yml,物品名称
ITEM,2012 RWC 2nd Runner Helmet,2013 RWC 季军队头盔,server/db/re/item_db_equip.yml,物品名称
ITEM,2012 RWC Special Helmet,2012 RWC特殊头盔,server/db/re/item_db_equip.yml,物品名称
ITEM,2017 RTC Ring,2017 RTC 戒指,server/db/re/item_db_equip.yml,装备名称
ITEM,2018 Jumping Reservation Appreciation Box,2018 跳级预注册感谢箱,server/db/re/item_db_usable.yml,物品名称
ITEM,2019 Superstar R Ticket Box,2019 超级明星R券箱,server/db/re/item_db_usable.yml,物品名称
ITEM,2021RTC 3rd Place Gaming Headset,2021RTC 3rd Place游戏耳麦,server/db/re/item_db_equip.yml,物品名称
ITEM,2021RTC Champion Gaming Headset,2021RTC Champion游戏耳麦,server/db/re/item_db_equip.yml,物品名称
ITEM,2021RTC Runner-Up Gaming Headset,2021RTC亚军-Up游戏耳麦,server/db/re/item_db_equip.yml,物品名称
ITEM,2023 Spring Reward Costume Collection Box,2023 Spring奖励[时装]Collection箱,server/db/re/item_db_usable.yml,物品名称
ITEM,2023 Spring Reward Outfit Selection Box,2023 Spring奖励Outfit自选箱,server/db/re/item_db_usable.yml,物品名称
ITEM,2024 ROS 2nd Place Wing,2024 ROS 2nd Place翅膀,server/db/re/item_db_equip.yml,物品名称
ITEM,2024 ROS 3rd Place Wing,2024 ROS 3rd Place翅膀,server/db/re/item_db_equip.yml,物品名称
ITEM,2024 ROS Commemorative Wing,2024 ROS纪念翅膀,server/db/re/item_db_equip.yml,物品名称
ITEM,2024 ROS Winner Wing,2024 ROS Winner翅膀,server/db/re/item_db_equip.yml,物品名称
ITEM,21st Anniversary Costume Collection Box,21st周年[时装]Collection箱,server/db/re/item_db_usable.yml,物品名称
ITEM,21st Anniversary Costume Selection Box,21st周年[时装]自选箱,server/db/re/item_db_usable.yml,物品名称
ITEM,21st anniversary gift box,21st周年礼物箱,server/db/re/item_db_usable.yml,物品名称
ITEM,22nd Anniversary Monthly Package I,22nd周年Monthly礼包I,server/db/re/item_db_usable.yml,物品名称
ITEM,22nd Anniversary Monthly Package II,22nd周年Monthly礼包II,server/db/re/item_db_usable.yml,物品名称
ITEM,22nd Anniversary Monthly Package III,22nd周年Monthly礼包III,server/db/re/item_db_usable.yml,物品名称
ITEM,22nd Anniversary Monthly Package IV,22nd周年Monthly礼包IV,server/db/re/item_db_usable.yml,物品名称
ITEM,2carat Diamond,2 克拉钻石,server/db/re/item_db_etc.yml,物品名称
ITEM,2Lv Instrument,2Lv乐器,server/db/re/item_db_equip.yml,物品名称
ITEM,2Lv One-handed Macee,2Lv一体-手Macee,server/db/re/item_db_equip.yml,物品名称
ITEM,2Lv Shotgun,2级霰弹枪,server/db/re/item_db_equip.yml,武器名称
ITEM,2nd Anniversary Apollo Armor,2nd周年Apollo铠甲,server/db/re/item_db_equip.yml,物品名称
ITEM,2nd Anniversary Jupiter Armor,2nd周年Jupiter铠甲,server/db/re/item_db_equip.yml,物品名称
ITEM,2nd Anniversary Keres Armor,2nd周年Keres铠甲,server/db/re/item_db_equip.yml,物品名称
ITEM,2nd Anniversary Mars Armor,2nd周年Mars铠甲,server/db/re/item_db_equip.yml,物品名称
ITEM,300 Points Costume Box,300 点时装箱,server/db/re/item_db_usable.yml,物品名称
ITEM,3carat Diamond,3 克拉钻石,server/db/re/item_db_etc.yml,物品名称
ITEM,3Lv Instrument,3Lv乐器,server/db/re/item_db_equip.yml,物品名称
ITEM,3Lv One-handed Macee,3Lv一体-手Macee,server/db/re/item_db_equip.yml,物品名称
ITEM,3Lv Shotgun,3级霰弹枪,server/db/re/item_db_equip.yml,武器名称
ITEM,3rd Expansion Stone III (Drapping) Box,3rd Expansion石III (Drapping)箱,server/db/re/item_db_usable.yml,物品名称
ITEM,3rd Quiz Entry,第3题答卷,server/db/re/item_db_etc.yml,物品名称
ITEM,3rd/Expanded Stone (Garment) Box,三转·扩展之石（披风）箱,server/db/re/item_db_usable.yml,物品名称
ITEM,4Lv Grenade Launcher,4Lv榴弹发射器,server/db/re/item_db_equip.yml,物品名称
ITEM,4Lv Instrument,4Lv乐器,server/db/re/item_db_equip.yml,物品名称
ITEM,4Lv One-handed Macee,4Lv一体-手Macee,server/db/re/item_db_equip.yml,物品名称
ITEM,4Lv Shotgun,4级霰弹枪,server/db/re/item_db_equip.yml,武器名称
ITEM,4th Job Guide,四转职业转职指南地图,server/db/re/item_db_etc.yml,物品名称
ITEM,4th Quiz Entry,第4题答卷,server/db/re/item_db_etc.yml,物品名称
ITEM,5Lv Grenade Launcher,5Lv榴弹发射器,server/db/re/item_db_equip.yml,物品名称
ITEM,5th Quiz Entry,第5题答卷,server/db/re/item_db_etc.yml,物品名称
ITEM,6.13 Ticket,6.13门票,server/db/re/item_db_etc.yml,物品名称
ITEM,6.18 Ticket,6.18门票,server/db/re/item_db_etc.yml,物品名称
ITEM,6.22 Ticket,6.22门票,server/db/re/item_db_etc.yml,物品名称
ITEM,7th Anni Hat B,7th Anni帽B,server/db/re/item_db_equip.yml,物品名称
ITEM,? Box,？箱,server/db/re/item_db_usable.yml,物品名称
ITEM,[1 Day] Consignment Merchant Envelope Lv1,售货兼职（新手）1 日雇用证明信封,server/db/re/item_db_usable.yml,物品名称
ITEM,[1 Day] Consignment Merchant Envelope Lv2,售货兼职（普通）1 日雇用证明信封,server/db/re/item_db_usable.yml,物品名称
ITEM,[1 Day] Consignment Merchant Envelope Lv3,售货兼职（达人）1 日雇用证明信封,server/db/re/item_db_usable.yml,物品名称
ITEM,[1 Day] Personal Shopper Envelope Lv1,收购兼职（新手）1 日雇用证明信封,server/db/re/item_db_usable.yml,物品名称
ITEM,[1 Day] Personal Shopper Envelope Lv2,收购兼职（普通）1 日雇用证明信封,server/db/re/item_db_usable.yml,物品名称
ITEM,[1 Day] Personal Shopper Envelope Lv3,收购兼职（达人）1 日雇用证明信封,server/db/re/item_db_usable.yml,物品名称
ITEM,[24H] Battle Manual,战斗教範24小时,server/db/re/item_db_usable.yml,物品名称
ITEM,[24H] Bubble Gum,泡泡糖24小时,server/db/re/item_db_usable.yml,物品名称
ITEM,[24H] Life Insurance,保险证书24小时,server/db/re/item_db_usable.yml,物品名称
ITEM,[2Day] Premium Subscription Box,高级服务2日箱,server/db/re/item_db_usable.yml,物品名称
ITEM,[3 Day] Consignment Merchant Envelope Lv1,售货兼职（新手）3 日雇用证明信封,server/db/re/item_db_usable.yml,物品名称
ITEM,[3 Day] Consignment Merchant Envelope Lv3,售货兼职（达人）3 日雇用证明信封,server/db/re/item_db_usable.yml,物品名称
ITEM,[3 Day] Personal Shopper Envelope Lv1,收购兼职（新手）3 日雇用证明信封,server/db/re/item_db_usable.yml,物品名称
ITEM,[3 Day] Personal Shopper Envelope Lv3,收购兼职（达人）3 日雇用证明信封,server/db/re/item_db_usable.yml,物品名称
ITEM,[5th] Angel Spirit A Ticket,[5th]天使精灵券,server/db/re/item_db_etc.yml,物品名称
ITEM,[5th] Angel Spirit B Ticket,[5th]天使精灵B券,server/db/re/item_db_etc.yml,物品名称
ITEM,[5th] Angel Spirit C Ticket,[5th]天使精灵C券,server/db/re/item_db_etc.yml,物品名称
ITEM,[5th] Gem Pick Shop Special Ticket,[5th]Gem Pick Shop特殊券,server/db/re/item_db_etc.yml,物品名称
ITEM,[5th] Gem Pick Shop Ticket,[5th]Gem Pick Shop券,server/db/re/item_db_etc.yml,物品名称
ITEM,[5th] Gem Pick Ticket,[5th]Gem Pick券,server/db/re/item_db_etc.yml,物品名称
ITEM,[Achievement] 10 boxes of bubble gum,泡泡口香糖之[Achievement]10 boxes,server/db/re/item_db_usable.yml,物品名称
ITEM,[Achievement] Bubble Gum,[Achievement]泡泡口香糖,server/db/re/item_db_usable.yml,物品名称
ITEM,[Event] Alphoccio's Memory,[活动]Alphoccio的记忆,server/db/re/item_db_etc.yml,物品名称
ITEM,[Event] Baldur's Blessing,[活动]Baldur的祝福,server/db/re/item_db_usable.yml,物品名称
ITEM,[Event] Blue Potion Box,[非卖品]蓝色药水 10 个箱,server/db/re/item_db_usable.yml,物品名称
ITEM,[Event] Cecil's Memory,[活动]Cecil的记忆,server/db/re/item_db_etc.yml,物品名称
ITEM,[Event] Celia's Memory,[活动]Celia的记忆,server/db/re/item_db_etc.yml,物品名称
ITEM,[Event] Chen's Memory,[活动]Chen的记忆,server/db/re/item_db_etc.yml,物品名称
ITEM,[Event] Chicken Egg,[活动]鸡肉蛋,server/db/re/item_db_etc.yml,物品名称
ITEM,[Event] EP18 Enchant Selection Accessory Slot 3,[活动]EP18附魔自选饰品Slot 3,server/db/re/item_db_etc.yml,物品名称
ITEM,[Event] EP18 Enchant Selection Armor Slot 3,[活动]EP18附魔自选铠甲Slot 3,server/db/re/item_db_etc.yml,物品名称
ITEM,[Event] Eremes's Memory,[活动]Eremes的记忆,server/db/re/item_db_etc.yml,物品名称
ITEM,[Event] Farmhouse Coin,[活动]Farmhouse硬币,server/db/re/item_db_etc.yml,物品名称
ITEM,[Event] Flamel's Memory,[活动]Flamel的记忆,server/db/re/item_db_etc.yml,物品名称
ITEM,[Event] High Enchant Ticket,[活动]高级附魔券,server/db/re/item_db_etc.yml,物品名称
ITEM,[Event] Howard's Memory,[活动]Howard的记忆,server/db/re/item_db_etc.yml,物品名称
ITEM,[Event] Kathryne's Memory,[活动]Kathryne的记忆,server/db/re/item_db_etc.yml,物品名称
ITEM,[Event] Margaretha's Memory,[活动]Margaretha的记忆,server/db/re/item_db_etc.yml,物品名称
ITEM,[Event] Mimir's Spring Water,[活动]Mimir的Spring水,server/db/re/item_db_usable.yml,物品名称
ITEM,[Event] Mysterious Water,[非卖品]神妙生命水,server/db/re/item_db_usable.yml,物品名称
ITEM,[Event] Power Drink,[活动]力量Drink,server/db/re/item_db_usable.yml,物品名称
ITEM,[Event] Prayer Wish Ticket,[活动]Prayer Wish券,server/db/re/item_db_etc.yml,物品名称
ITEM,[Event] Purified Amethyst Fragment,[活动]纯化Amethyst碎片,server/db/re/item_db_etc.yml,物品名称
ITEM,[Event] Randel's Memory,[活动]Randel的记忆,server/db/re/item_db_etc.yml,物品名称
ITEM,[Event] Red Booster,[非卖品]红色增幅剂,server/db/re/item_db_usable.yml,物品名称
ITEM,[Event] Seyren's Memory,[活动]Seyren的记忆,server/db/re/item_db_etc.yml,物品名称
ITEM,[Event] Special Toolbox Coupon,[活动]特殊Toolbox兑换券,server/db/re/item_db_etc.yml,物品名称
ITEM,[Event] Transformation Pack,[非卖品]变身文书套装,server/db/re/item_db_usable.yml,物品名称
ITEM,[Event] Trentini's Memory,[活动]Trentini的记忆,server/db/re/item_db_etc.yml,物品名称
ITEM,[Event] Unlimited Drink,[活动]Unlimited Drink,server/db/re/item_db_usable.yml,物品名称
ITEM,[Event]Life Potion 20 Box,[非卖品]三明水全套 20 套箱,server/db/re/item_db_usable.yml,物品名称
ITEM,[Gift] Neuralizer,[非卖品]闪光棒,server/db/re/item_db_usable.yml,物品名称
ITEM,[Gift] Potion Box,[非卖品]药水箱,server/db/re/item_db_usable.yml,物品名称
ITEM,[Gift] Unlimited Fly Wing 3 Day Box,[非卖品]无限苍蝇翅膀 7 日箱,server/db/re/item_db_usable.yml,物品名称
ITEM,[Limited] Lapine's Thump Box,[限定]拉斐内啪嗒箱,server/db/re/item_db_usable.yml,物品名称
ITEM,[Limited] Silvervine Package I (Stone Box 32),[限定]Silvervine礼包I (石箱32),server/db/re/item_db_usable.yml,物品名称
ITEM,[Limited] Silvervine Package II (Stone Box 32),[限定]Silvervine礼包II (石箱32),server/db/re/item_db_usable.yml,物品名称
ITEM,[Limited] Silvervine Package III (Stone Box 32),[限定]Silvervine礼包III (石箱32),server/db/re/item_db_usable.yml,物品名称
ITEM,[NFS] Costume Little Abyss Dragon,[NFS][时装]小深渊龙,server/db/re/item_db_equip.yml,物品名称
ITEM,[NFS] Crow Tengu Mask,[NFS]Crow Tengu面具,server/db/re/item_db_equip.yml,物品名称
ITEM,[NFS] Little Abyss Dragon,[NFS]小深渊龙,server/db/re/item_db_equip.yml,物品名称
ITEM,[NFS] Mob Scarf,[NFS]魔物围巾,server/db/re/item_db_equip.yml,物品名称
ITEM,[NFS] Panda Bear Balloon,[NFS]熊猫熊气球,server/db/re/item_db_equip.yml,物品名称
ITEM,"[NFS] Ring of Unknown Hero (Shadow Chaser)""  # Name too long","未知英雄(影子追踪者)"" # Name too长之[NFS]戒指",server/db/re/item_db_equip.yml,物品名称
ITEM,[NFS] Sunglasses,[NFS]太阳镜,server/db/re/item_db_equip.yml,物品名称
ITEM,[NFS] Tengu Scroll,[NFS]Tengu卷轴,server/db/re/item_db_equip.yml,物品名称
ITEM,[Non-sale] Clothes dyeing Coupon Box,[Non-促销]Clothes dyeing兑换券箱,server/db/re/item_db_usable.yml,物品名称
ITEM,[Not For Sale] Advanced Combat Manual,[非卖品]高级战斗教範,server/db/re/item_db_usable.yml,物品名称
ITEM,[Not For Sale] AGI Biscuit Stick,[不可售]敏捷棒棒糖,server/db/re/item_db_usable.yml,物品名称
ITEM,[Not for Sale] All-in-One Buff Potion,[不可出售]All-in-一体增益药水,server/db/re/item_db_usable.yml,物品名称
ITEM,[Not for Sale] All-in-One Healing Potion,[不可出售]All-in-一体Healing药水,server/db/re/item_db_usable.yml,物品名称
ITEM,[Not For Sale] Almighty,[非卖品]万能药,server/db/re/item_db_usable.yml,物品名称
ITEM,[Not For Sale] Almighty Box (10),[非卖品]万能药 10 个箱,server/db/re/item_db_usable.yml,物品名称
ITEM,[Not For Sale] Angel Of Happiness,幸福之[不可出售]天使,server/db/re/item_db_equip.yml,物品名称
ITEM,[Not For Sale] Armaia Belt,[不可出售]Armaia腰带,server/db/re/item_db_equip.yml,物品名称
ITEM,[Not For Sale] Awakening Potion,[非卖品] 觉醒药水,server/db/re/item_db_usable.yml,物品名称
ITEM,[Not For Sale] Berserk Potion,[非卖品] 狂暴药水,server/db/re/item_db_usable.yml,物品名称
ITEM,[Not for Sale] Black Eagle Ring,[不可出售]黑色鹰戒指,server/db/re/item_db_equip.yml,物品名称
ITEM,[Not For Sale] Black Mithril Guard,[不可出售]黑色Mithril守卫,server/db/re/item_db_equip.yml,物品名称
ITEM,[Not For Sale] Box of 20 White Potion,[不可售]白色药水 20 个箱,server/db/re/item_db_usable.yml,物品名称
ITEM,[Not For Sale] Brilliant Protection Box (20),[非卖品]闪耀防御卷轴 20 个箱,server/db/re/item_db_usable.yml,物品名称
ITEM,[Not For Sale] Buff Scroll Box,[非卖品]增益卷轴箱,server/db/re/item_db_usable.yml,物品名称
ITEM,[Not For Sale] Candy Bag Backpack (Physical),[不可出售]Candy袋背包(物理),server/db/re/item_db_equip.yml,物品名称
ITEM,[Not For Sale] Character Slot Expansion Card,[不可出售]Character Slot Expansion卡片,server/db/re/item_db_usable.yml,物品名称
ITEM,[Not For Sale] Chemical Glove,[不可出售] 化学手套,server/db/re/item_db_equip.yml,装备名称
ITEM,[Not For Sale] Concentration Potion,[非卖品] 集中药水,server/db/re/item_db_usable.yml,物品名称
ITEM,[Not For Sale] Cursed Mad Bunny,[不可出售]Cursed Mad兔子,server/db/re/item_db_equip.yml,物品名称
ITEM,[Not For Sale] DEX Biscuit Stick,[不可售]才智棒棒糖,server/db/re/item_db_usable.yml,物品名称
ITEM,[Not For Sale] Diabolus Wing,[非卖品] 恶魔之翼,server/db/re/item_db_equip.yml,物品名称
ITEM,[Not For Sale] Diadem Of Bruenhild,Bruenhild之[不可出售]冠冕,server/db/re/item_db_equip.yml,物品名称
ITEM,[Not For Sale] Eye of the Storm,风暴之[不可出售]眼睛,server/db/re/item_db_equip.yml,物品名称
ITEM,[Not For Sale] Fairy's Necklace,[不可出售]妖精的项链,server/db/re/item_db_equip.yml,物品名称
ITEM,[Not For Sale] Fancy Phantom Mask,[不可出售]Fancy Phantom面具,server/db/re/item_db_equip.yml,物品名称
ITEM,[Not For Sale] Floating Ball,[不可出售]漂浮球,server/db/re/item_db_equip.yml,物品名称
ITEM,[Not For Sale] Force Booster,[不可出售]力量增幅器,server/db/re/item_db_usable.yml,物品名称
ITEM,[Not For Sale] Giant Protection,[不可出售]巨大Protection,server/db/re/item_db_equip.yml,物品名称
ITEM,[Not For Sale] Glass of Illusion,[非卖品]幻影酒杯,server/db/re/item_db_usable.yml,物品名称
ITEM,[Not for Sale] Hanmac Food Collaboration Box I,[不可出售]Hanmac食物Collaboration箱I,server/db/re/item_db_usable.yml,物品名称
ITEM,[Not for Sale] Hanmac Food Collaboration Box II,[不可出售]Hanmac食物Collaboration箱II,server/db/re/item_db_usable.yml,物品名称
ITEM,[Not For Sale] Imperial Glory,[不可出售]帝国荣耀,server/db/re/item_db_equip.yml,物品名称
ITEM,[Not For Sale] Imperial Glove,[不可出售]帝国手套,server/db/re/item_db_equip.yml,物品名称
ITEM,[Not For Sale] Improved Powered Wing,[不可出售]Improved动力翅膀,server/db/re/item_db_equip.yml,物品名称
ITEM,[Not For Sale] Inception Ring,[不可出售]Inception戒指,server/db/re/item_db_equip.yml,物品名称
ITEM,[Not For Sale] Infinity Drink,[非卖品]无限饮料,server/db/re/item_db_usable.yml,物品名称
ITEM,[Not For Sale] INT Biscuit Stick,[不可售]知识棒棒糖,server/db/re/item_db_usable.yml,物品名称
ITEM,[Not For Sale] JOB Battle Manual,[不可出售]JOB战斗手册,server/db/re/item_db_usable.yml,物品名称
ITEM,[Not For Sale] Khalitzburg Knight Blue Helm,[不可出售]Khalitzburg骑士蓝色头盔,server/db/re/item_db_equip.yml,物品名称
ITEM,[Not for Sale] King Of Elemental Ring,元素戒指之[不可出售]国王,server/db/re/item_db_equip.yml,物品名称
ITEM,[Not For Sale] Kiri no Tsuyu,[不可出售]Kiri no Tsuyu,server/db/re/item_db_equip.yml,物品名称
ITEM,[Not For Sale] Korean Rice Cake,[非卖品]松糕,server/db/re/item_db_usable.yml,物品名称
ITEM,[Not For Sale] LUK Biscuit Stick,[不可售]幸运棒棒糖,server/db/re/item_db_usable.yml,物品名称
ITEM,[Not For Sale] Menblatt Wing Manteau,[不可出售]Menblatt翅膀斗篷,server/db/re/item_db_equip.yml,物品名称
ITEM,[Not for Sale] Military Boots TH,[不可出售]Military靴TH,server/db/re/item_db_equip.yml,物品名称
ITEM,[Not For Sale] Mortal Cape,[不可出售]Mortal披风,server/db/re/item_db_equip.yml,物品名称
ITEM,[Not For Sale] Narcissus Bow,[不可出售]Narcissus弓,server/db/re/item_db_equip.yml,物品名称
ITEM,[Not For Sale] Power Booster,[非卖品]力量增幅剂,server/db/re/item_db_usable.yml,物品名称
ITEM,[Not For Sale] Power Booster Box (10),[非卖品]力量助推器 10 个箱,server/db/re/item_db_usable.yml,物品名称
ITEM,[Not For Sale] Premium Buff Box,[非卖品]高级增益箱,server/db/re/item_db_usable.yml,物品名称
ITEM,[Not For Sale] Record of Acolyte 2,Acolyte 2之[不可出售]记录,server/db/re/item_db_equip.yml,物品名称
ITEM,[Not For Sale] Record of Archer 2,弓箭手2之[不可出售]记录,server/db/re/item_db_equip.yml,物品名称
ITEM,[Not for Sale] Record of Mage,法师之[不可出售]记录,server/db/re/item_db_equip.yml,物品名称
ITEM,[Not For Sale] Ring of Unknown Hero (Ninja),[不可出售] 未知英雄戒指（忍者）,server/db/re/item_db_equip.yml,装备名称
ITEM,[Not For Sale] Ring of Unknown Hero (Sorcerer),未知英雄(Sorcerer)之[不可出售]戒指,server/db/re/item_db_equip.yml,物品名称
ITEM,[Not For Sale] Ring of Unknown Hero (Warlock),未知英雄(术士)之[不可出售]戒指,server/db/re/item_db_equip.yml,物品名称
ITEM,[Not For Sale] Shadow Ring,[不可出售]影子戒指,server/db/re/item_db_equip.yml,物品名称
ITEM,[Not For Sale] Shadow Staff,[不可出售]影子法杖,server/db/re/item_db_equip.yml,物品名称
ITEM,[Not For Sale] Shield of Angel,天使之[不可出售]盾牌,server/db/re/item_db_equip.yml,物品名称
ITEM,[Not For Sale] Shining Defense Scroll,[不可售]闪耀防御卷轴,server/db/re/item_db_usable.yml,物品名称
ITEM,[Not For Sale] Small Mana Potion,[非卖品]小型魔力水,server/db/re/item_db_usable.yml,物品名称
ITEM,[Not For Sale] Speed Booster,[不可出售]速度增幅器,server/db/re/item_db_usable.yml,物品名称
ITEM,[Not For Sale] STR Biscuit Stick,[不可售]力量棒棒糖,server/db/re/item_db_usable.yml,物品名称
ITEM,[Not For Sale] Themis Balance,[不可出售]Themis Balance,server/db/re/item_db_equip.yml,物品名称
ITEM,[Not For Sale] Third Eye God,[不可出售]Third眼睛神,server/db/re/item_db_equip.yml,物品名称
ITEM,[Not for Sale] Time Jewel Earring,[不可出售]时间宝石耳环,server/db/re/item_db_equip.yml,物品名称
ITEM,[Not For Sale] Toy Screw,[不可出售]玩具Screw,server/db/re/item_db_equip.yml,物品名称
ITEM,[Not For Sale] Ultimate Cook,[不可出售]Ultimate Cook,server/db/re/item_db_usable.yml,物品名称
ITEM,[Not For Sale] VIT Biscuit Stick,[不可售]体力棒棒糖,server/db/re/item_db_usable.yml,物品名称
ITEM,[Not For Sale] Wanderer's Sakkat,[不可出售]浪姬的Sakkat,server/db/re/item_db_equip.yml,物品名称
ITEM,[Not For Sale] Wing Of Happiness,幸福之[不可出售]翅膀,server/db/re/item_db_equip.yml,物品名称
ITEM,[Not For Sale] Zodiac Boots (Mage),[不可出售]星座靴(法师),server/db/re/item_db_equip.yml,物品名称
ITEM,[Not For Sale] Zodiac Boots (Swordsman),[不可出售]星座靴(Swordsman),server/db/re/item_db_equip.yml,物品名称
ITEM,[NotForSale] Boarding Halter (30 Days),[非卖品]骑乘缰绳 30 日箱,server/db/re/item_db_usable.yml,物品名称
ITEM,[NotForSale] Cherry Blossom Cake,[不可售]樱花糯米糕,server/db/re/item_db_usable.yml,物品名称
ITEM,[NotForSale] Hanmac Food Collaboration Box I,[NotForSale]Hanmac食物Collaboration箱I,server/db/re/item_db_usable.yml,物品名称
ITEM,[NotForSale] Hanmac Food Collaboration Box II,[NotForSale]Hanmac食物Collaboration箱II,server/db/re/item_db_usable.yml,物品名称
ITEM,[NotForSale] JOB Combat Manual,[NotForSale]JOB Combat手册,server/db/re/item_db_usable.yml,物品名称
ITEM,[NotForSale] Kafra Buff (7 Days),[NotForSale]Kafra增益(7天),server/db/re/item_db_usable.yml,物品名称
ITEM,[NotForSale] Premium Buff Box,[NotForSale]高级增益箱,server/db/re/item_db_usable.yml,物品名称
ITEM,[NotForSale] Special Potion,[NotForSale]特殊药水,server/db/re/item_db_usable.yml,物品名称
ITEM,[Rental] Sealed Mob Scarf,[租赁]封印魔物围巾,server/db/re/item_db_equip.yml,物品名称
ITEM,[Sale] Megaphone,[不可售]扩音器,server/db/re/item_db_usable.yml,物品名称
ITEM,[Scroll] Abrasive,[卷轴]Abrasive,server/db/re/item_db_usable.yml,物品名称
ITEM,[Scroll] Adrenaline Lv.5 Scroll,[卷轴]Adrenaline等级.5卷轴,server/db/re/item_db_usable.yml,物品名称
ITEM,[Scroll] Agi Dish10,[卷轴]敏捷Dish10,server/db/re/item_db_usable.yml,物品名称
ITEM,[Scroll] Blessing Lv.10 Scroll,[卷轴]祝福等级.10卷轴,server/db/re/item_db_usable.yml,物品名称
ITEM,[Scroll] Dex Dish10,[卷轴]灵巧Dish10,server/db/re/item_db_usable.yml,物品名称
ITEM,[Scroll] Ex Def Potion,[卷轴]Ex防御药水,server/db/re/item_db_usable.yml,物品名称
ITEM,[Scroll] Ghostring Scroll,[卷轴]Ghostring卷轴,server/db/re/item_db_usable.yml,物品名称
ITEM,[Scroll] Halloween Candy,[卷轴]Halloween Candy,server/db/re/item_db_usable.yml,物品名称
ITEM,[Scroll] Holy Armor Scroll,[卷轴]神圣铠甲卷轴,server/db/re/item_db_usable.yml,物品名称
ITEM,[Scroll] Increase Agility Lv.10 Scroll,[卷轴]Increase敏捷等级.10卷轴,server/db/re/item_db_usable.yml,物品名称
ITEM,[Scroll] Int Dish10,[卷轴]智力Dish10,server/db/re/item_db_usable.yml,物品名称
ITEM,[Scroll] Kafra Card,[卷轴]Kafra卡片,server/db/re/item_db_usable.yml,物品名称
ITEM,[Scroll] Korean Rice Cake,[卷轴]Korean米饭蛋糕,server/db/re/item_db_usable.yml,物品名称
ITEM,[Scroll] Life Insurance,[卷轴]生命Insurance,server/db/re/item_db_usable.yml,物品名称
ITEM,[Scroll] Luk Dish10,[卷轴]幸运Dish10,server/db/re/item_db_usable.yml,物品名称
ITEM,[Scroll] Medium Life potion,[卷轴]Medium生命药水,server/db/re/item_db_usable.yml,物品名称
ITEM,[Scroll] Mental Potion,[卷轴]精神药水,server/db/re/item_db_usable.yml,物品名称
ITEM,[Scroll] Power Booster,[卷轴]力量增幅器,server/db/re/item_db_usable.yml,物品名称
ITEM,[Scroll] Red Booster,[卷轴]红色增幅器,server/db/re/item_db_usable.yml,物品名称
ITEM,[Scroll] Small Life Potion,[卷轴]小型生命药水,server/db/re/item_db_usable.yml,物品名称
ITEM,[Scroll] Str Dish10,[卷轴]力量Dish10,server/db/re/item_db_usable.yml,物品名称
ITEM,[Scroll] Tyr's Blessing,[卷轴]Tyr的祝福,server/db/re/item_db_usable.yml,物品名称
ITEM,[Scroll] Ultimate Cook,[卷轴]Ultimate Cook,server/db/re/item_db_usable.yml,物品名称
ITEM,[Scroll] Vit Dish10,[卷轴]体质Dish10,server/db/re/item_db_usable.yml,物品名称
ITEM,[Security Campaign Reward Box],[Security Campaign奖励箱],server/db/re/item_db_usable.yml,物品名称
ITEM,[Security Campaign] Kafra Buff(1 Day),[非卖品]卡普拉增益（1 天）,server/db/re/item_db_usable.yml,物品名称
ITEM,[Security Campaign] Special Energy Drink,[Security Campaign]特殊能量Drink,server/db/re/item_db_usable.yml,物品名称
ITEM,A box containing sugar,装有砂糖的箱子,server/db/re/item_db_etc.yml,物品名称
ITEM,A Grade Coin,A 级硬币,server/db/re/item_db_etc.yml,物品名称
ITEM,A Piece Of Cloth Of A Saint,圣者的衣服碎片,server/db/re/item_db_etc.yml,物品名称
ITEM,A-Flee,-闪避,server/db/re/item_db_etc.yml,物品名称
ITEM,A-Hit,-命中,server/db/re/item_db_etc.yml,物品名称
ITEM,A-Mdef,-魔法防御,server/db/re/item_db_etc.yml,物品名称
ITEM,A-Tolerance,-耐性,server/db/re/item_db_etc.yml,物品名称
ITEM,Abbey Candy,修道院Candy,server/db/re/item_db_etc.yml,物品名称
ITEM,Abrasive Box(10),研磨剂 10 个箱,server/db/re/item_db_usable.yml,物品名称
ITEM,Abrasive Box(5),研磨剂 5 个箱,server/db/re/item_db_usable.yml,物品名称
ITEM,Absolve Shadow Thump Box,吸收影子啪嗒箱,server/db/re/item_db_usable.yml,物品名称
ITEM,Absorb Shadow Selection Box,Absorb影子自选箱,server/db/re/item_db_usable.yml,物品名称
ITEM,Absorb Shadow Shield Box,Absorb影子盾牌箱,server/db/re/item_db_usable.yml,物品名称
ITEM,Absorb Shadow Weapon Box,Absorb影子武器箱,server/db/re/item_db_usable.yml,物品名称
ITEM,Abundance,丰饶,server/db/re/item_db_etc.yml,物品名称
ITEM,Abyss Blade,深渊Blade,server/db/re/item_db_equip.yml,物品名称
ITEM,Abyss Chaser Soul (Abyss Dagger),深渊追踪者灵魂(深渊短剑),server/db/re/item_db_etc.yml,物品名称
ITEM,Abyss Chaser Soul (Abyss Flame),深渊追踪者灵魂(深渊火焰),server/db/re/item_db_etc.yml,物品名称
ITEM,Abyss Chaser Soul (Abyss Square),深渊追踪者灵魂(深渊Square),server/db/re/item_db_etc.yml,物品名称
ITEM,Abyss Chaser Soul (Chain Reaction Shot),深渊追踪者灵魂(Chain Reaction射击),server/db/re/item_db_etc.yml,物品名称
ITEM,Abyss Chaser Soul (Deft Stab),深渊追踪者灵魂(Deft Stab),server/db/re/item_db_etc.yml,物品名称
ITEM,Abyss Chaser Soul (Frenzy Shot),深渊追踪者灵魂(Frenzy射击),server/db/re/item_db_etc.yml,物品名称
ITEM,Abyss Chaser Soul (From the Abyss),深渊追踪者灵魂(From深渊),server/db/re/item_db_etc.yml,物品名称
ITEM,Abyss Dagger,深渊短剑,server/db/re/item_db_equip.yml,物品名称
ITEM,Abyss Dress,深渊礼服,server/db/re/item_db_equip.yml,物品名称
ITEM,Abyss King Ring,深渊王戒指,server/db/re/item_db_equip.yml,装备名称
ITEM,Abyss Mirror,深渊镜子,server/db/re/item_db_etc.yml,物品名称
ITEM,Abyss Square Tuning Device,附魔石 311039,server/db/re/item_db_etc.yml,物品名称
ITEM,AC-B44-OS,弓,server/db/re/item_db_equip.yml,物品名称
ITEM,AC-B44-OSAD,AC-B44-OSAD 实验武器,server/db/re/item_db_equip.yml,物品名称
ITEM,Academy Of Badge,学院徽章,server/db/re/item_db_equip.yml,物品名称
ITEM,Accelerator Chip,加速器芯片,server/db/re/item_db_equip.yml,物品名称
ITEM,Accessory Enhancement Ore(High),饰品强化原石（上级）,server/db/re/item_db_etc.yml,物品名称
ITEM,Accessory Enhancement Ore(Intermediate),饰品强化原石（中级）,server/db/re/item_db_etc.yml,物品名称
ITEM,Accessory Enhancement Ore(Lower),饰品强化原石（下级）,server/db/re/item_db_etc.yml,物品名称
ITEM,Accessory Enhancement Ore(Superior),饰品强化原石（最上级）,server/db/re/item_db_etc.yml,物品名称
ITEM,Ace of Clovers in Mouth (Defense),Clovers嘴叼(Defense)之Ace,server/db/re/item_db_equip.yml,物品名称
ITEM,Acol Book Basic,服事基础书,server/db/re/item_db_etc.yml,物品名称
ITEM,Acol Book Misc,服事杂记,server/db/re/item_db_etc.yml,物品名称
ITEM,Acol Book Practice,服事练习书,server/db/re/item_db_etc.yml,物品名称
ITEM,Acolyte Shadow Earring,服事耳环影子,server/db/re/item_db_equip.yml,物品名称
ITEM,Acolyte Shadow Pendant,服事坠饰影子,server/db/re/item_db_equip.yml,物品名称
ITEM,Acolyte Soul,祭司之魂,server/db/re/item_db_etc.yml,物品名称
ITEM,Acorn Chocolate Ball,橡子巧克力球,server/db/re/item_db_usable.yml,物品名称
ITEM,Adamantine Infinite Lv1,Adamantine无限Lv1,server/db/re/item_db_etc.yml,物品名称
ITEM,Adamantine Infinite Lv2,Adamantine无限Lv2,server/db/re/item_db_etc.yml,物品名称
ITEM,Adamantine Infinite Lv3,Adamantine无限Lv3,server/db/re/item_db_etc.yml,物品名称
ITEM,Adamantine Infinite Lv4,Adamantine无限Lv4,server/db/re/item_db_etc.yml,物品名称
ITEM,Adamantine Infinite Lv5,Adamantine无限Lv5,server/db/re/item_db_etc.yml,物品名称
ITEM,Admiral's Sword,提督之剑,server/db/re/item_db_etc.yml,物品名称
ITEM,Admission for Duel,决斗入场券,server/db/re/item_db_etc.yml,物品名称
ITEM,Adora Shadow Earring,阿多拉耳环影子,server/db/re/item_db_equip.yml,物品名称
ITEM,Adora Shadow Pendant,阿多拉坠饰影子,server/db/re/item_db_equip.yml,物品名称
ITEM,Adora Shadow Weapon,阿多拉武器影子,server/db/re/item_db_equip.yml,物品名称
ITEM,Adrenaline Rush Scroll 10 Box,速度激发卷轴10箱,server/db/re/item_db_usable.yml,物品名称
ITEM,Adrenaline Rush Scroll 30 Box,速度激发卷轴 30 箱,server/db/re/item_db_usable.yml,物品名称
ITEM,Adrenaline Rush Scroll 50 Box,速度激发卷轴 50 箱,server/db/re/item_db_usable.yml,物品名称
ITEM,Adulter Fides Aiming Bow,阿杜特尔·菲德斯瞄准弓,server/db/re/item_db_equip.yml,物品名称
ITEM,Adulter Fides Axe,阿杜尔特尔·菲德斯之斧,server/db/re/item_db_equip.yml,物品名称
ITEM,Adulter Fides Ballista,阿杜特尔·菲德斯弩炮,server/db/re/item_db_equip.yml,物品名称
ITEM,Adulter Fides Cross-Shaped Huuma Shuriken,阿杜特尔·菲德斯十字风魔手里剑,server/db/re/item_db_equip.yml,物品名称
ITEM,Adulter Fides Crossbow,阿杜特尔·菲德斯十字弓,server/db/re/item_db_equip.yml,物品名称
ITEM,Adulter Fides Revolver,阿杜特尔·菲德斯左轮,server/db/re/item_db_equip.yml,物品名称
ITEM,Adulter Fides Shotgun,阿杜特尔·菲德斯散弹枪,server/db/re/item_db_equip.yml,物品名称
ITEM,Advanced Angel's Reincarnation,改良天使降临,server/db/re/item_db_equip.yml,物品名称
ITEM,Advanced Arm Guard,高级臂铠,server/db/re/item_db_equip.yml,物品名称
ITEM,Advanced Elemental Arts Guide,高级精灵术指南,server/db/re/item_db_etc.yml,物品名称
ITEM,Advanced Paradise Gloves,乐园团高级手套,server/db/re/item_db_equip.yml,物品名称
ITEM,Advanced Paradise Hat,时装头饰 400140,server/db/re/item_db_equip.yml,物品名称
ITEM,Advanced Paradise Luxury Cap,时装头饰 400139,server/db/re/item_db_equip.yml,物品名称
ITEM,Advanced Paradise Magic Ring,乐园团高级魔法戒指,server/db/re/item_db_equip.yml,物品名称
ITEM,Advanced Paradise Necklace,乐园团高级项链,server/db/re/item_db_equip.yml,物品名称
ITEM,Advanced Paradise Shadow Armor,高级乐园团铠甲影子装备,server/db/re/item_db_equip.yml,物品名称
ITEM,Advanced Paradise Shadow Earring,高级乐园团耳环影子装备,server/db/re/item_db_equip.yml,物品名称
ITEM,Advanced Paradise Shadow Pendant,高级乐园团垂饰影子装备,server/db/re/item_db_equip.yml,物品名称
ITEM,Advanced Paradise Shadow Shield,高级乐园团盾牌影子装备,server/db/re/item_db_equip.yml,物品名称
ITEM,Advanced Paradise Shadow Shoes,高级乐园团鞋子影子装备,server/db/re/item_db_equip.yml,物品名称
ITEM,Advanced Paradise Shoes,乐园团高级鞋,server/db/re/item_db_equip.yml,物品名称
ITEM,Advanced Purification Ritual,高级净化Ritual,server/db/re/item_db_usable.yml,物品名称
ITEM,Advanced Refining Certificate Envelope,高级精炼保证券信封,server/db/re/item_db_usable.yml,物品名称
ITEM,Advanced Shadow Shield,进阶盾牌影子,server/db/re/item_db_equip.yml,物品名称
ITEM,Advanced Shadow Shoes,进阶鞋子影子,server/db/re/item_db_equip.yml,物品名称
ITEM,Adventure Card A,冒险卡 A,server/db/re/item_db_etc.yml,物品名称
ITEM,Adventurer Box (1),冒险家支援箱（1）,server/db/re/item_db_usable.yml,物品名称
ITEM,Adventurer Box (15),冒险家支援箱（15）,server/db/re/item_db_usable.yml,物品名称
ITEM,Adventurer Box (30),冒险家支援箱（30）,server/db/re/item_db_usable.yml,物品名称
ITEM,Adventurer Box (45),冒险家支援箱（45）,server/db/re/item_db_usable.yml,物品名称
ITEM,Adventurer Box (60),冒险家支援箱（60）,server/db/re/item_db_usable.yml,物品名称
ITEM,Adventurer Box (75),冒险家支援箱（75）,server/db/re/item_db_usable.yml,物品名称
ITEM,Adventurer Box (90),冒险家支援箱（90）,server/db/re/item_db_usable.yml,物品名称
ITEM,Adventurer Pack,冒险家礼包,server/db/re/item_db_usable.yml,物品名称
ITEM,Adventurer Pack Box,宠物蛋卷轴箱,server/db/re/item_db_usable.yml,物品名称
ITEM,Adventurer Returns Support Box,华丽奖励箱,server/db/re/item_db_usable.yml,物品名称
ITEM,Adventurer's Backpack,冒险者背包,server/db/re/item_db_equip.yml,装备名称
ITEM,Adventurer's Bag,冒险者的袋,server/db/re/item_db_etc.yml,物品名称
ITEM,Aegir Cloak,埃吉尔披风,server/db/re/item_db_equip.yml,物品名称
ITEM,Aegir's Magical Power Box,装有埃吉尔魔力的箱子,server/db/re/item_db_usable.yml,物品名称
ITEM,Aegir's Power Box,装有埃吉尔之力的箱子,server/db/re/item_db_usable.yml,物品名称
ITEM,Aegirnian Box,埃吉尔尼安箱,server/db/re/item_db_usable.yml,物品名称
ITEM,Aeon Staff,铁杖,server/db/re/item_db_equip.yml,物品名称
ITEM,Afro Box,非洲发型箱,server/db/re/item_db_usable.yml,物品名称
ITEM,Agate,玛瑙,server/db/re/item_db_etc.yml,物品名称
ITEM,Agav Card,阿加夫卡片,server/db/re/item_db_etc.yml,物品名称
ITEM,Agenda Robe,议程长袍,server/db/re/item_db_equip.yml,物品名称
ITEM,Agi + 1,敏捷+ 1,server/db/re/item_db_etc.yml,物品名称
ITEM,Agi + 2,敏捷+ 2,server/db/re/item_db_etc.yml,物品名称
ITEM,Agi + 3,敏捷+ 3,server/db/re/item_db_etc.yml,物品名称
ITEM,AGI Blessing,敏捷祝福,server/db/re/item_db_etc.yml,物品名称
ITEM,Agi Glove,AGI 手套,server/db/re/item_db_equip.yml,物品名称
ITEM,AGI+1,敏捷+1,server/db/re/item_db_etc.yml,物品名称
ITEM,AGI+10,敏捷+10,server/db/re/item_db_etc.yml,物品名称
ITEM,AGI+2,敏捷+2,server/db/re/item_db_etc.yml,物品名称
ITEM,AGI+3,敏捷+3,server/db/re/item_db_etc.yml,物品名称
ITEM,AGI+3 LUK-3,敏捷+3幸运-3,server/db/re/item_db_etc.yml,物品名称
ITEM,AGI+3 STR-3,敏捷+3力量-3,server/db/re/item_db_etc.yml,物品名称
ITEM,AGI+4,敏捷+4,server/db/re/item_db_etc.yml,物品名称
ITEM,AGI+5,敏捷+5,server/db/re/item_db_etc.yml,物品名称
ITEM,AGI+6,敏捷+6,server/db/re/item_db_etc.yml,物品名称
ITEM,AGI+7,敏捷+7,server/db/re/item_db_etc.yml,物品名称
ITEM,AGI+8,敏捷+8,server/db/re/item_db_etc.yml,物品名称
ITEM,AGI+9,敏捷+9,server/db/re/item_db_etc.yml,物品名称
ITEM,Agile Meteorite Powder,敏捷陨石粉末,server/db/re/item_db_etc.yml,物品名称
ITEM,Agility of Varmundt Lv1,Varmundt Lv1之敏捷,server/db/re/item_db_etc.yml,物品名称
ITEM,Agility of Varmundt Lv2,Varmundt Lv2之敏捷,server/db/re/item_db_etc.yml,物品名称
ITEM,Agility of Varmundt Lv3,Varmundt Lv3之敏捷,server/db/re/item_db_etc.yml,物品名称
ITEM,Agility of Varmundt Lv4,Varmundt Lv4之敏捷,server/db/re/item_db_etc.yml,物品名称
ITEM,Agility of Varmundt Lv5,Varmundt Lv5之敏捷,server/db/re/item_db_etc.yml,物品名称
ITEM,Agnes Card,阿格尼斯卡片,server/db/re/item_db_etc.yml,物品名称
ITEM,Agnes Lugenburg Card,阿格尼斯·勒根布尔格卡片,server/db/re/item_db_etc.yml,物品名称
ITEM,Air Boss,空气之王,server/db/re/item_db_equip.yml,物品名称
ITEM,Air Cleaner Box,空气净化器箱子,server/db/re/item_db_etc.yml,物品名称
ITEM,Airplane Hat,Airplane帽,server/db/re/item_db_equip.yml,物品名称
ITEM,Alarm Mask,警报面具,server/db/re/item_db_equip.yml,物品名称
ITEM,Albatross's Armor,Albatross的铠甲,server/db/re/item_db_equip.yml,物品名称
ITEM,Alca Bringer,阿尔卡破坏者,server/db/re/item_db_equip.yml,物品名称
ITEM,Alchemist Card Box,炼金术士卡片箱,server/db/re/item_db_usable.yml,物品名称
ITEM,Alchemist Selection Box,Alchemist自选箱,server/db/re/item_db_usable.yml,物品名称
ITEM,Alchemist Shadow Shoes,炼金术士鞋子影子,server/db/re/item_db_equip.yml,物品名称
ITEM,Alchemy Glove,炼金术手套,server/db/re/item_db_equip.yml,物品名称
ITEM,Alice Egg,爱丽丝的蛋,server/db/re/item_db_equip.yml,物品名称
ITEM,Alice Summoning 10 Box),魔物爱丽丝召唤书箱 10,server/db/re/item_db_usable.yml,物品名称
ITEM,Alice Summoning 5 Box,爱丽丝召唤5箱,server/db/re/item_db_usable.yml,物品名称
ITEM,Alice's Apron,爱丽丝的围裙,server/db/re/item_db_etc.yml,物品名称
ITEM,Alicel Card,伊莉赛尔卡片,server/db/re/item_db_etc.yml,物品名称
ITEM,Aliot Card,伊利欧特卡片,server/db/re/item_db_etc.yml,物品名称
ITEM,Aliza Card,伊莉莎卡片,server/db/re/item_db_etc.yml,物品名称
ITEM,All In One Ring,全能戒指,server/db/re/item_db_equip.yml,物品名称
ITEM,All Race Shadow Shield,全种族盾牌影子,server/db/re/item_db_equip.yml,物品名称
ITEM,All Race Shadow Shoes,全种族鞋子影子,server/db/re/item_db_equip.yml,物品名称
ITEM,All Shadow Cube,全影子魔方,server/db/re/item_db_usable.yml,物品名称
ITEM,Almighty Box,全能料理箱,server/db/re/item_db_usable.yml,物品名称
ITEM,Almighty package,全能礼包,server/db/re/item_db_usable.yml,物品名称
ITEM,Almighty package 10set,全能礼包 10 套,server/db/re/item_db_usable.yml,物品名称
ITEM,Almighty Shadow Earring,全能耳环影子,server/db/re/item_db_equip.yml,物品名称
ITEM,Almighty Shadow Earring Box,Almighty影子耳环箱,server/db/re/item_db_usable.yml,物品名称
ITEM,Almighty Shadow Pendant,全能坠饰影子,server/db/re/item_db_equip.yml,物品名称
ITEM,Almighty Shadow Pendant Box,Almighty影子吊坠箱,server/db/re/item_db_usable.yml,物品名称
ITEM,Almighty Shadow Selection Box,Almighty影子自选箱,server/db/re/item_db_usable.yml,物品名称
ITEM,Aloe Leaflet,芦荟叶片,server/db/re/item_db_usable.yml,物品名称
ITEM,Am Mut Egg,阿木图蛋,server/db/re/item_db_equip.yml,宠物蛋名称
ITEM,Amatsu Completed Photo Album,天津町完成相册,server/db/re/item_db_etc.yml,物品名称
ITEM,Amatsu_Butterfly_Wing,阿马茨返乡翅膀,server/db/re/item_db_usable.yml,物品名称
ITEM,Amdarais's Phantom Card,安达拉艾斯幻影卡片,server/db/re/item_db_etc.yml,物品名称
ITEM,Ameretat,阿梅雷塔特,server/db/re/item_db_equip.yml,物品名称
ITEM,Amesha Spenta,阿梅沙斯彭塔,server/db/re/item_db_equip.yml,物品名称
ITEM,Amethyst,紫水晶,server/db/re/item_db_etc.yml,物品名称
ITEM,Amethyst Fragment,紫水晶碎片,server/db/re/item_db_etc.yml,物品名称
ITEM,Amethyst Ring,Amethyst戒指,server/db/re/item_db_equip.yml,物品名称
ITEM,Amora Lucky Egg,Amora幸运蛋,server/db/re/item_db_usable.yml,物品名称
ITEM,Amplification Blueprint (Crowsword),增幅Blueprint (Crowsword),server/db/re/item_db_usable.yml,物品名称
ITEM,Amplification Blueprint (Safety Saver),增幅Blueprint (安全Saver),server/db/re/item_db_usable.yml,物品名称
ITEM,Amplification Schematic (Blocking Spear),增幅Schematic (Blocking Spear),server/db/re/item_db_usable.yml,物品名称
ITEM,Amplification Schematic (Gem Detector Mk47),增幅Schematic (Gem Detector Mk47),server/db/re/item_db_usable.yml,物品名称
ITEM,Amplification Schematic (Metal Detector MK47),增幅Schematic (金属Detector MK47),server/db/re/item_db_usable.yml,物品名称
ITEM,Amplification Schematic (Safety Foxtail),增幅Schematic (安全狐尾),server/db/re/item_db_usable.yml,物品名称
ITEM,Ancient Civil Man,古代文明Man,server/db/re/item_db_equip.yml,物品名称
ITEM,Ancient Hero Boots 9 Refine Permission,古代英雄长靴9精炼券,server/db/re/item_db_usable.yml,物品名称
ITEM,Ancient Hero Boots Modification Cube,古代英雄长靴改造魔方,server/db/re/item_db_usable.yml,物品名称
ITEM,Ancient Hero Weapon 9 Refine Permission,古代英雄武器9精炼券,server/db/re/item_db_usable.yml,物品名称
ITEM,Ancient Hero's Modification Coupon I,古代英雄的改造兑换券I,server/db/re/item_db_etc.yml,物品名称
ITEM,Ancient Hero's Modification Coupon II,古代英雄的改造兑换券II,server/db/re/item_db_etc.yml,物品名称
ITEM,Ancient Hero's Modification Coupon III,古代英雄的改造兑换券III,server/db/re/item_db_etc.yml,物品名称
ITEM,Ancient Hero's Release Cube,古代英雄开放魔方,server/db/re/item_db_usable.yml,物品名称
ITEM,Ancient Languages Scroll,古代语言卷轴,server/db/re/item_db_usable.yml,物品名称
ITEM,Ancient Megalith Card,远古巨石怪卡片,server/db/re/item_db_etc.yml,物品名称
ITEM,Ancient Megalith Cloak,古代Megalith斗篷,server/db/re/item_db_equip.yml,物品名称
ITEM,Ancient Mummy Egg,古代木乃伊蛋,server/db/re/item_db_equip.yml,宠物蛋名称
ITEM,Ancient Shield Of Aeon,永恒远古盾牌,server/db/re/item_db_equip.yml,物品名称
ITEM,Ancient Stalactic Golem Card,远古钟乳石巨人卡片,server/db/re/item_db_etc.yml,物品名称
ITEM,Ancient Stone Shooter Card,远古石炮卡片,server/db/re/item_db_etc.yml,物品名称
ITEM,Ancient Tao Gunka Card,远古塔奥群卡卡片,server/db/re/item_db_etc.yml,物品名称
ITEM,Ancient Tree Wooden Box,古树枝箱,server/db/re/item_db_usable.yml,物品名称
ITEM,Ancient Tri Joint Card,远古三关节卡片,server/db/re/item_db_etc.yml,物品名称
ITEM,Ancient Wootan Defender Card,远古乌坦防御者卡片,server/db/re/item_db_etc.yml,物品名称
ITEM,Ancient Wootan Fighter Card,远古乌坦战士卡片,server/db/re/item_db_etc.yml,物品名称
ITEM,Ancient Wootan Shooter Card,远古乌坦射手卡片,server/db/re/item_db_etc.yml,物品名称
ITEM,Andfreimnir's Manteau,Andfreimnir的斗篷,server/db/re/item_db_equip.yml,物品名称
ITEM,Andre Shadow Armor,黑暗防护铠甲影子,server/db/re/item_db_equip.yml,物品名称
ITEM,Andre Shadow Shoes,黑暗防护战靴影子,server/db/re/item_db_equip.yml,物品名称
ITEM,Andvari's Ring,安德瓦利的戒指,server/db/re/item_db_etc.yml,物品名称
ITEM,Angel Blessing,天使祝福,server/db/re/item_db_equip.yml,物品名称
ITEM,Angel Egg,天使蛋,server/db/re/item_db_equip.yml,物品名称
ITEM,Angel Of Blessing,天使祝福,server/db/re/item_db_usable.yml,物品名称
ITEM,Angel of Blessing Box,天使祝福箱,server/db/re/item_db_usable.yml,物品名称
ITEM,Angel Of Happiness,幸福之天使,server/db/re/item_db_equip.yml,物品名称
ITEM,Angel Poring Boots Stone Box,天使波利靴石箱,server/db/re/item_db_usable.yml,物品名称
ITEM,Angel Poring Earrings,天使波利Earrings,server/db/re/item_db_equip.yml,物品名称
ITEM,Angel Poring Ring,天使波利戒指,server/db/re/item_db_equip.yml,物品名称
ITEM,Angel School Cap,天使学校帽,server/db/re/item_db_equip.yml,物品名称
ITEM,Angel Spirit Box,天使之灵盒,server/db/re/item_db_usable.yml,物品名称
ITEM,Angel Wing,天使之翼,server/db/re/item_db_equip.yml,物品名称
ITEM,Angel's Kiss,天使之吻,server/db/re/item_db_equip.yml,装备名称
ITEM,Angel's Song,天使的Song,server/db/re/item_db_usable.yml,物品名称
ITEM,Angeling Egg,天使波利蛋,server/db/re/item_db_equip.yml,宠物蛋名称
ITEM,Angeling Potion Box,天使之环药水箱,server/db/re/item_db_usable.yml,物品名称
ITEM,Angeling Woolly Hat,天使波利羊毛帽,server/db/re/item_db_equip.yml,物品名称
ITEM,Angled Glasses,怒目眼镜,server/db/re/item_db_equip.yml,物品名称
ITEM,Angry Mouth,愤怒之口,server/db/re/item_db_equip.yml,物品名称
ITEM,Angry Mouth Box,愤怒之口盒,server/db/re/item_db_usable.yml,物品名称
ITEM,Angry Solo Hat,愤怒独奏帽,server/db/re/item_db_equip.yml,物品名称
ITEM,Animal Poop,动物粪便,server/db/re/item_db_etc.yml,物品名称
ITEM,Annoyed Mask,烦躁面具,server/db/re/item_db_equip.yml,物品名称
ITEM,Antique Cello,古董大提琴,server/db/re/item_db_equip.yml,物品名称
ITEM,Antlers,鹿角,server/db/re/item_db_equip.yml,物品名称
ITEM,Anubis Hat Box,阿努比斯头盔箱,server/db/re/item_db_usable.yml,物品名称
ITEM,Anubis Helm J,Anubis头盔J,server/db/re/item_db_equip.yml,物品名称
ITEM,Appetite Booster,Appetite增幅器,server/db/re/item_db_etc.yml,物品名称
ITEM,Apple,苹果,server/db/re/item_db_usable.yml,物品名称
ITEM,Apple Bomb Guidebook,苹果炸弹制作书,server/db/re/item_db_etc.yml,物品名称
ITEM,Apple Carrot Salad,萨根沙拉,server/db/re/item_db_usable.yml,物品名称
ITEM,Apple Juice,苹果汁,server/db/re/item_db_usable.yml,物品名称
ITEM,Apple of Archer,弓箭手苹果,server/db/re/item_db_equip.yml,物品名称
ITEM,Apple with a bite,苹果with bite,server/db/re/item_db_etc.yml,物品名称
ITEM,April Event Reward Box,4 月活动奖励箱,server/db/re/item_db_usable.yml,物品名称
ITEM,Aqua Orb,水之宝珠,server/db/re/item_db_equip.yml,物品名称
ITEM,Aqua Shoes,水之鞋,server/db/re/item_db_equip.yml,物品名称
ITEM,Aquamarine,海蓝宝石,server/db/re/item_db_etc.yml,物品名称
ITEM,Aquarius Crown Box,宝瓶宫王冠箱,server/db/re/item_db_usable.yml,物品名称
ITEM,Aquarius Diadem Box,宝瓶宫披肩箱,server/db/re/item_db_usable.yml,物品名称
ITEM,Aquarius Scroll,水瓶座卷轴,server/db/re/item_db_usable.yml,物品名称
ITEM,Aquarius Shoes,水瓶座鞋,server/db/re/item_db_equip.yml,物品名称
ITEM,Aquarius Stone,水瓶座石,server/db/re/item_db_etc.yml,物品名称
ITEM,Arbitrator Shawl,仲裁者披肩,server/db/re/item_db_equip.yml,物品名称
ITEM,Arbitrium Tuning Device,附魔石 311050,server/db/re/item_db_etc.yml,物品名称
ITEM,Arcbishop Battle Armor,Arcbishop战斗铠甲,server/db/re/item_db_equip.yml,物品名称
ITEM,Arch Bishop Advanced Paradise Shadow Weapon,大主教高级乐园团武器影子装备,server/db/re/item_db_equip.yml,物品名称
ITEM,Arch Bishop Magaleta (MVP) Card,大主教Magaleta (MVP)卡片,server/db/re/item_db_etc.yml,物品名称
ITEM,Arch Bishop Magaleta Card,大主教玛嘉雷特卡片,server/db/re/item_db_etc.yml,物品名称
ITEM,Arch Bishop Shadow Cube,大主教影子魔方,server/db/re/item_db_usable.yml,物品名称
ITEM,Arch Bishop Shadow Weapon,大主教影子武器,server/db/re/item_db_equip.yml,影子装备名称
ITEM,Arch Mage Soul (Mystery Illusion),大法师灵魂(神秘幻象),server/db/re/item_db_etc.yml,物品名称
ITEM,Arch Mage Soul (Soul Vulcan Strike),大法师灵魂(灵魂Vulcan Strike),server/db/re/item_db_etc.yml,物品名称
ITEM,Archangel Wing,Archangel翅膀,server/db/re/item_db_equip.yml,物品名称
ITEM,Archbishop Shadow Cube,大主教影子魔方,server/db/re/item_db_usable.yml,物品名称
ITEM,Archbishop Stone (Garment),大主教石（披肩）,server/db/re/item_db_etc.yml,物品名称
ITEM,Archbishop Stone II (Garment),大主教石II（披肩）,server/db/re/item_db_etc.yml,物品名称
ITEM,Archbishop's Booster Shadow Weapon,大主教强化武器影子装备,server/db/re/item_db_equip.yml,物品名称
ITEM,Archer Book Basic,弓箭手基础书,server/db/re/item_db_etc.yml,物品名称
ITEM,Archer Book Misc,弓箭手杂记,server/db/re/item_db_etc.yml,物品名称
ITEM,Archer Book Practice,弓箭手练习书,server/db/re/item_db_etc.yml,物品名称
ITEM,Archer Shadow Pendant,弓箭手坠饰影子,server/db/re/item_db_equip.yml,物品名称
ITEM,Archer Soul,弓箭手之魂,server/db/re/item_db_etc.yml,物品名称
ITEM,Archmage Stone II (Garment),大法师石 II（披肩）,server/db/re/item_db_etc.yml,物品名称
ITEM,Argiope Card,阿尔吉奥普卡片,server/db/re/item_db_etc.yml,物品名称
ITEM,Argiope Transportin,阿尔吉欧普捕捉箱,server/db/re/item_db_usable.yml,物品名称
ITEM,Aries Crown Box,白羊座王冠盒,server/db/re/item_db_usable.yml,物品名称
ITEM,Aries Diadem Box,白羊座王冠盒,server/db/re/item_db_usable.yml,物品名称
ITEM,Aries Mail,白羊座铠甲,server/db/re/item_db_equip.yml,物品名称
ITEM,Aries Ring,白羊座戒指,server/db/re/item_db_equip.yml,物品名称
ITEM,Aries Scroll,白羊座卷轴,server/db/re/item_db_usable.yml,物品名称
ITEM,Arm Guard,臂铠,server/db/re/item_db_equip.yml,物品名称
ITEM,Arm Shadow Pendant,手臂坠饰影子,server/db/re/item_db_equip.yml,物品名称
ITEM,Arm Shadow Weapon,手臂武器影子,server/db/re/item_db_equip.yml,物品名称
ITEM,Armaia Belt,Armaia腰带,server/db/re/item_db_equip.yml,物品名称
ITEM,Armor Charm,铠甲护符,server/db/re/item_db_equip.yml,物品名称
ITEM,Armor Enhancement Ore(Intermediate),防具强化原石（中级）,server/db/re/item_db_etc.yml,物品名称
ITEM,Armor Enhancement Ore(Lower),防具强化原石（下级）,server/db/re/item_db_etc.yml,物品名称
ITEM,Armor Enhancement Ore(Superior),防具强化原石（最上级）,server/db/re/item_db_etc.yml,物品名称
ITEM,Armor Modification Box (Lower),铠甲改造箱(下段),server/db/re/item_db_usable.yml,物品名称
ITEM,Armor Modification Box (Middle),铠甲改造箱(中段),server/db/re/item_db_usable.yml,物品名称
ITEM,Armor Scroll,防具卷轴,server/db/re/item_db_usable.yml,物品名称
ITEM,Armor-Piercing Cartridge,弹药筒·穿甲弹,server/db/re/item_db_usable.yml,物品名称
ITEM,Arrow,箭,server/db/re/item_db_etc.yml,物品名称
ITEM,Arrow of Counter Evil,反邪恶之箭,server/db/re/item_db_etc.yml,物品名称
ITEM,Arrow of Love,爱之箭,server/db/re/item_db_equip.yml,物品名称
ITEM,Arrow of Shadow,暗影箭,server/db/re/item_db_etc.yml,物品名称
ITEM,Arrow of Wind,风之箭,server/db/re/item_db_etc.yml,物品名称
ITEM,Arrow Storm Tuning Device,附魔石 311044,server/db/re/item_db_etc.yml,物品名称
ITEM,Article Sealed Storm Scroll,封印的风暴骑士卷轴,server/db/re/item_db_usable.yml,物品名称
ITEM,Arunafeltz Desert Sandwich,阿鲁纳佩尔兹沙漠三明治,server/db/re/item_db_usable.yml,物品名称
ITEM,As Card,阿斯卡片,server/db/re/item_db_etc.yml,物品名称
ITEM,Asara Fairy Hat,阿萨拉仙女帽,server/db/re/item_db_equip.yml,物品名称
ITEM,Ascending Dragon Soup,升龙汤,server/db/re/item_db_usable.yml,物品名称
ITEM,Ashhopper Card,灰烬跳跃者卡片,server/db/re/item_db_etc.yml,物品名称
ITEM,Ashring Card,灰烬环卡片,server/db/re/item_db_etc.yml,物品名称
ITEM,Ashy Forest 3 Set Reward,Ashy Forest 3套装奖励,server/db/re/item_db_usable.yml,物品名称
ITEM,Ashy Forest Activation Reward,Ashy Forest激活奖励,server/db/re/item_db_usable.yml,物品名称
ITEM,Ashy Forest Completion Reward,Ashy Forest完成奖励,server/db/re/item_db_usable.yml,物品名称
ITEM,ASPD Intensifying Potion Box,ASPD强化药水箱,server/db/re/item_db_usable.yml,物品名称
ITEM,ASPD Stone (Upper),ASPD石（上段）,server/db/re/item_db_etc.yml,物品名称
ITEM,Aspersio Scroll 30 Box,神圣之光卷轴 30 箱,server/db/re/item_db_usable.yml,物品名称
ITEM,Aspersio Scroll 50 Box,神圣之光卷轴 50 箱,server/db/re/item_db_usable.yml,物品名称
ITEM,Assassin Cross Stone (Bottom),十字刺客石（下）,server/db/re/item_db_etc.yml,物品名称
ITEM,Assassin Cross Stone (Garment),十字刺客石（披肩）,server/db/re/item_db_etc.yml,物品名称
ITEM,Assassin Cross Stone (Middle),十字刺客石（中）,server/db/re/item_db_etc.yml,物品名称
ITEM,Assassin Cross Stone (Upper),十字刺客石（上段）,server/db/re/item_db_etc.yml,物品名称
ITEM,Assassin Mask,刺客面具,server/db/re/item_db_equip.yml,物品名称
ITEM,Assassin Shadow Shoes,刺客鞋子影子,server/db/re/item_db_equip.yml,物品名称
ITEM,Assassin's Despair,刺客的Despair,server/db/re/item_db_equip.yml,物品名称
ITEM,Assassin's Shoes,刺客的鞋,server/db/re/item_db_equip.yml,物品名称
ITEM,Assorted Cooking Box [Trail],杂烩料理箱[体验版],server/db/re/item_db_usable.yml,物品名称
ITEM,Assorted Fried Chicken,炸鸡拼盘,server/db/re/item_db_usable.yml,物品名称
ITEM,Assumptio Scroll 30 Box,圣母之祈福卷轴 30 箱,server/db/re/item_db_usable.yml,物品名称
ITEM,Assumptio Scroll 50 Box,圣母之祈福卷轴 50 箱,server/db/re/item_db_usable.yml,物品名称
ITEM,Asteria's Ring-LT,Asteria的戒指-LT,server/db/re/item_db_equip.yml,物品名称
ITEM,Astro Circle,星象圆环,server/db/re/item_db_equip.yml,物品名称
ITEM,Astrologer Triangle Hat,Astrologer Triangle帽,server/db/re/item_db_equip.yml,物品名称
ITEM,ATK + 1%,ATK + 1%（上段）,server/db/re/item_db_etc.yml,物品名称
ITEM,ATK + 4%,物理攻击+ 4%,server/db/re/item_db_etc.yml,物品名称
ITEM,ATK + 5%,物理攻击+ 5%,server/db/re/item_db_etc.yml,物品名称
ITEM,ATK + 6%,物理攻击+ 6%,server/db/re/item_db_etc.yml,物品名称
ITEM,ATK + 7%,物理攻击+ 7%,server/db/re/item_db_etc.yml,物品名称
ITEM,ATK III,物理攻击III,server/db/re/item_db_etc.yml,物品名称
ITEM,ATK IV,物理攻击IV,server/db/re/item_db_etc.yml,物品名称
ITEM,ATK V,物理攻击V,server/db/re/item_db_etc.yml,物品名称
ITEM,ATK+2%,物理攻击+2%,server/db/re/item_db_etc.yml,物品名称
ITEM,ATK+3%,物理攻击+3%,server/db/re/item_db_etc.yml,物品名称
ITEM,Attack Delay 4,攻击后延迟 4 级,server/db/re/item_db_etc.yml,物品名称
ITEM,Attack Shadow Armor,攻击铠甲影子,server/db/re/item_db_equip.yml,物品名称
ITEM,Attendance 10day Box,签到 10 天箱,server/db/re/item_db_usable.yml,物品名称
ITEM,Attendance 15day Box,签到 15 天箱,server/db/re/item_db_usable.yml,物品名称
ITEM,Attendance 20day Box,签到 20 天箱,server/db/re/item_db_usable.yml,物品名称
ITEM,Attendance 25day Box,签到 25 天箱,server/db/re/item_db_usable.yml,物品名称
ITEM,Attendance 3day Box,签到 3 天箱,server/db/re/item_db_usable.yml,物品名称
ITEM,Attendance 7day Box,签到 7 天箱,server/db/re/item_db_usable.yml,物品名称
ITEM,Attendance Card,签到卡,server/db/re/item_db_etc.yml,物品名称
ITEM,August Gift Box,八月礼物盒,server/db/re/item_db_usable.yml,物品名称
ITEM,Author's Memo,作者备忘录,server/db/re/item_db_etc.yml,物品名称
ITEM,Auto Parts - Cannons,Auto零件-火炮,server/db/re/item_db_equip.yml,物品名称
ITEM,Automatic (bound) upgrade package,自动(bound) upgrade礼包,server/db/re/item_db_usable.yml,物品名称
ITEM,Automatic Armor A-type (Bound),自动铠甲-类型(Bound),server/db/re/item_db_equip.yml,物品名称
ITEM,Automatic Armor Activation Reward,自动铠甲激活奖励,server/db/re/item_db_usable.yml,物品名称
ITEM,Automatic Armor B-type (Bound),自动铠甲B-类型(Bound),server/db/re/item_db_equip.yml,物品名称
ITEM,Automatic Armor Completion Reward,自动铠甲完成奖励,server/db/re/item_db_usable.yml,物品名称
ITEM,Automatic Armor Type A,自动装甲 A 型,server/db/re/item_db_equip.yml,物品名称
ITEM,Automatic Armor Type B,自动装甲 B 型,server/db/re/item_db_equip.yml,物品名称
ITEM,Automatic Battle Chip L,自动战斗芯片L,server/db/re/item_db_equip.yml,物品名称
ITEM,Automatic Battle Chip R,自动战斗芯片R,server/db/re/item_db_equip.yml,物品名称
ITEM,Automatic Booster L,自动增幅器L,server/db/re/item_db_equip.yml,物品名称
ITEM,Automatic Booster R,自动增幅器R,server/db/re/item_db_equip.yml,物品名称
ITEM,Automatic Modification Orb(AGI),自动改造球（AGI）,server/db/re/item_db_etc.yml,物品名称
ITEM,Automatic Modification Orb(Defense),自动改造球（防御）,server/db/re/item_db_etc.yml,物品名称
ITEM,Automatic Modification Orb(DEX),自动改造球（DEX）,server/db/re/item_db_etc.yml,物品名称
ITEM,Automatic Modification Orb(INT),自动改造球（INT）,server/db/re/item_db_etc.yml,物品名称
ITEM,Automatic Modification Orb(LUK),自动改造球（LUK）,server/db/re/item_db_etc.yml,物品名称
ITEM,Automatic Modification Orb(Magic Defense),自动改造球（魔法防御）,server/db/re/item_db_etc.yml,物品名称
ITEM,Automatic Modification Orb(STR),自动改造球（STR）,server/db/re/item_db_etc.yml,物品名称
ITEM,Automatic Modification Orb(VIT),自动改造球（VIT）,server/db/re/item_db_etc.yml,物品名称
ITEM,Automatic Module(Acid Explosion),自动模块（酸液爆炸）,server/db/re/item_db_etc.yml,物品名称
ITEM,Automatic Module(Aimed Storm),自动模块（瞄准风暴）,server/db/re/item_db_etc.yml,物品名称
ITEM,Automatic Module(Angle Shot),自动模块（角度射击）,server/db/re/item_db_etc.yml,物品名称
ITEM,Automatic Module(Berserk Slash),自动模块（狂暴斩）,server/db/re/item_db_etc.yml,物品名称
ITEM,Automatic Module(Boost Cannon),自动模块（推进加农炮）,server/db/re/item_db_etc.yml,物品名称
ITEM,Automatic Module(Breeze Shooting),自动模块（疾风射击）,server/db/re/item_db_etc.yml,物品名称
ITEM,Automatic Module(Cannon Tornado),自动模块（加农旋风）,server/db/re/item_db_etc.yml,物品名称
ITEM,Automatic Module(Cluster),自动模块（集束）,server/db/re/item_db_etc.yml,物品名称
ITEM,Automatic Module(Cold Flare),自动模块（寒冷耀斑）,server/db/re/item_db_etc.yml,物品名称
ITEM,Automatic Module(Comet Vortex),自动模块（陨石漩涡）,server/db/re/item_db_etc.yml,物品名称
ITEM,Automatic Module(Crazy Mandragora),自动模块（疯狂曼陀罗）,server/db/re/item_db_etc.yml,物品名称
ITEM,Automatic Module(Crimson Strain),自动模块（赤焰侵袭）,server/db/re/item_db_etc.yml,物品名称
ITEM,Automatic Module(Cross Slash),自动模块（十字斩）,server/db/re/item_db_etc.yml,物品名称
ITEM,Automatic Module(Curse Explosion),自动模块（诅咒爆炸）,server/db/re/item_db_etc.yml,物品名称
ITEM,Automatic Module(Cutter Slasher),自动模块（切割斩杀）,server/db/re/item_db_etc.yml,物品名称
ITEM,Automatic Module(Des Hammer Dance),自动模块（死亡锤舞）,server/db/re/item_db_etc.yml,物品名称
ITEM,Automatic Module(Diamond Grave),自动模块（钻石坟墓）,server/db/re/item_db_etc.yml,物品名称
ITEM,Automatic Module(Double Bolt),自动模块（双重箭）,server/db/re/item_db_etc.yml,物品名称
ITEM,Automatic Module(Duple Lica),自动模块（双重圣光）,server/db/re/item_db_etc.yml,物品名称
ITEM,Automatic Module(Espa),自动模块（艾斯帕）,server/db/re/item_db_etc.yml,物品名称
ITEM,Automatic Module(Eswhoo),自动模块（艾斯呼）,server/db/re/item_db_etc.yml,物品名称
ITEM,Automatic Module(Exploding Flake Wind),自动模块（炎落风）,server/db/re/item_db_etc.yml,物品名称
ITEM,Automatic Module(Fatal Raid),自动模块（致命突袭）,server/db/re/item_db_etc.yml,物品名称
ITEM,Automatic Module(Fire Howling Tail),自动模块（火焰嚎叫尾）,server/db/re/item_db_etc.yml,物品名称
ITEM,Automatic Module(Flame Ice Wind),自动模块（火冰风）,server/db/re/item_db_etc.yml,物品名称
ITEM,Automatic Module(Flash Falling),自动模块（闪光坠落）,server/db/re/item_db_etc.yml,物品名称
ITEM,Automatic Module(Genesis Pressure),自动模块（创世压力）,server/db/re/item_db_etc.yml,物品名称
ITEM,Automatic Module(Holy Judex),自动模块（圣光审判）,server/db/re/item_db_etc.yml,物品名称
ITEM,Automatic Module(Jack Lightning),自动模块（杰克雷电）,server/db/re/item_db_etc.yml,物品名称
ITEM,Automatic Module(Magnusmus),自动模块（驱魔圣光）,server/db/re/item_db_etc.yml,物品名称
ITEM,Automatic Module(Metal Echo),自动模块（金属回响）,server/db/re/item_db_etc.yml,物品名称
ITEM,Automatic Module(Moon Kick),自动模块（月角）,server/db/re/item_db_etc.yml,物品名称
ITEM,Automatic Module(Prominence Burst),自动模块（红焰爆发）,server/db/re/item_db_etc.yml,物品名称
ITEM,Automatic Module(Raging Combo),自动模块（猛龙崩击）,server/db/re/item_db_etc.yml,物品名称
ITEM,Automatic Module(Rampage Arrow),自动模块（爆气神弹）,server/db/re/item_db_etc.yml,物品名称
ITEM,Automatic Module(Reverberation),自动模块（振动回响）,server/db/re/item_db_etc.yml,物品名称
ITEM,Automatic Module(Shadow Spell),自动模块（暗影法术）,server/db/re/item_db_etc.yml,物品名称
ITEM,Automatic Module(Sonic Impact),自动模块（音速冲击）,server/db/re/item_db_etc.yml,物品名称
ITEM,Automatic Module(Storm Buster Trip),自动模块（风暴毁灭之旅）,server/db/re/item_db_etc.yml,物品名称
ITEM,Automatic Module(Tiger Empire),自动模块（虎炮崩坠）,server/db/re/item_db_etc.yml,物品名称
ITEM,Automatic Module(Tornado Swing),自动模块（旋风挥击）,server/db/re/item_db_etc.yml,物品名称
ITEM,Automatic Module(Vulcan Severe),自动模块（火神箭雨）,server/db/re/item_db_etc.yml,物品名称
ITEM,Automatic Module(Warm Wave),自动模块（温暖波动）,server/db/re/item_db_etc.yml,物品名称
ITEM,Automatic Reinforcement Cube,自动强化魔方,server/db/re/item_db_usable.yml,物品名称
ITEM,Autumn Leaves,秋叶,server/db/re/item_db_equip.yml,物品名称
ITEM,Autumn Taste,秋日风味,server/db/re/item_db_equip.yml,物品名称
ITEM,Avant Research Data,艾凡特的研究资料,server/db/re/item_db_etc.yml,物品名称
ITEM,Avareco,阿瓦雷科,server/db/re/item_db_equip.yml,物品名称
ITEM,Avaritia Metal,阿瓦里提亚金属,server/db/re/item_db_equip.yml,物品名称
ITEM,Avenger,复仇者,server/db/re/item_db_equip.yml,物品名称
ITEM,Avoidance Cape,Avoidance披风,server/db/re/item_db_equip.yml,物品名称
ITEM,Awakened Ancient Heros Weapon Box,开放的古代英雄武器箱,server/db/re/item_db_usable.yml,物品名称
ITEM,Awakened Eden Group Boots I,觉醒乐园团长靴 I,server/db/re/item_db_equip.yml,物品名称
ITEM,Awakened Eden Group Boots II,觉醒乐园团长靴 II,server/db/re/item_db_equip.yml,物品名称
ITEM,Awakened Eden Group Boots III,觉醒乐园团长靴 III,server/db/re/item_db_equip.yml,物品名称
ITEM,Awakened Eden Group Boots IV,觉醒乐园团长靴 IV,server/db/re/item_db_equip.yml,物品名称
ITEM,Awakened Eden Group Boots V,觉醒乐园团长靴 V,server/db/re/item_db_equip.yml,物品名称
ITEM,Awakened Eden Group Necklace of Agility I,敏捷乐园团项链Ⅰ,server/db/re/item_db_equip.yml,物品名称
ITEM,Awakened Eden Group Necklace of Agility II,敏捷乐园团项链Ⅱ,server/db/re/item_db_equip.yml,物品名称
ITEM,Awakened Eden Group Necklace of Agility III,敏捷乐园团项链Ⅲ,server/db/re/item_db_equip.yml,物品名称
ITEM,Awakened Eden Group Necklace of Agility IV,敏捷乐园团项链Ⅳ,server/db/re/item_db_equip.yml,物品名称
ITEM,Awakened Eden Group Necklace of Agility V,敏捷乐园团项链Ⅴ,server/db/re/item_db_equip.yml,物品名称
ITEM,Awakened Eden Group Necklace of Magic V,魔法乐园团项链Ⅴ,server/db/re/item_db_equip.yml,物品名称
ITEM,Awakened Eden Group Necklace of Strength I,力量乐园团项链 I,server/db/re/item_db_equip.yml,物品名称
ITEM,Awakened Eden Group Necklace of Strength II,力量乐园团项链 II,server/db/re/item_db_equip.yml,物品名称
ITEM,Awakened Eden Group Necklace of Strength III,力量乐园团项链 III,server/db/re/item_db_equip.yml,物品名称
ITEM,Awakened Eden Group Necklace of Strength IV,力量乐园团项链 IV,server/db/re/item_db_equip.yml,物品名称
ITEM,Awakened Eden Group Necklace of Strength V,力量乐园团项链 V,server/db/re/item_db_equip.yml,物品名称
ITEM,Awakened Eden Group Ring of Agility I,敏捷乐园团戒指Ⅰ,server/db/re/item_db_equip.yml,物品名称
ITEM,Awakened Eden Group Ring of Agility II,敏捷乐园团戒指Ⅱ,server/db/re/item_db_equip.yml,物品名称
ITEM,Awakened Eden Group Ring of Agility III,敏捷乐园团戒指Ⅲ,server/db/re/item_db_equip.yml,物品名称
ITEM,Awakened Eden Group Ring of Agility IV,敏捷乐园团戒指Ⅳ,server/db/re/item_db_equip.yml,物品名称
ITEM,Awakened Eden Group Ring of Agility V,敏捷乐园团戒指Ⅴ,server/db/re/item_db_equip.yml,物品名称
ITEM,Awakened Eden Group Ring of Magic V,魔法乐园团戒指Ⅴ,server/db/re/item_db_equip.yml,物品名称
ITEM,Awakened Eden Group Ring of Strength I,力量乐园团戒指 I,server/db/re/item_db_equip.yml,物品名称
ITEM,Awakened Eden Group Ring of Strength II,力量乐园团戒指 II,server/db/re/item_db_equip.yml,物品名称
ITEM,Awakened Eden Group Ring of Strength III,力量乐园团戒指 III,server/db/re/item_db_equip.yml,物品名称
ITEM,Awakened Eden Group Ring of Strength IV,力量乐园团戒指 IV,server/db/re/item_db_equip.yml,物品名称
ITEM,Awakened Eden Group Ring of Strength V,力量乐园团戒指 V,server/db/re/item_db_equip.yml,物品名称
ITEM,Awakened Eden Group Uniform I,觉醒乐园团制服Ⅰ,server/db/re/item_db_equip.yml,物品名称
ITEM,Awakened Eden Group Uniform II,觉醒乐园团制服Ⅱ,server/db/re/item_db_equip.yml,物品名称
ITEM,Awakened Eden Group Uniform III,觉醒乐园团制服Ⅲ,server/db/re/item_db_equip.yml,物品名称
ITEM,Awakened Eden Group Uniform IV,觉醒乐园团制服Ⅳ,server/db/re/item_db_equip.yml,物品名称
ITEM,Awakened Eden Group Uniform V,觉醒乐园团制服Ⅴ,server/db/re/item_db_equip.yml,物品名称
ITEM,Awakened Glacier Armor,Awakened冰川铠甲,server/db/re/item_db_equip.yml,物品名称
ITEM,Awakened Glacier Helm,Awakened冰川头盔,server/db/re/item_db_equip.yml,物品名称
ITEM,Awakened Glacier Manteau,Awakened冰川斗篷,server/db/re/item_db_equip.yml,物品名称
ITEM,Awakening Magic Curse Cloak,Awakening魔法诅咒斗篷,server/db/re/item_db_equip.yml,物品名称
ITEM,Awfully Bitter Bracer,苦涩护腕,server/db/re/item_db_usable.yml,物品名称
ITEM,Ayothaya Completed Photo Album,阿育王朝完成相册,server/db/re/item_db_etc.yml,物品名称
ITEM,Ayothaya King's Hat,阿瑜陀耶王冠,server/db/re/item_db_equip.yml,物品名称
ITEM,Azure Dimensional Essence,Azure次元精华,server/db/re/item_db_etc.yml,物品名称
ITEM,Azure Dragon Armor,Azure龙铠甲,server/db/re/item_db_equip.yml,物品名称
ITEM,Azure Illusion Stone,天青幻影石,server/db/re/item_db_etc.yml,物品名称
ITEM,B Grade Coin,B 级硬币,server/db/re/item_db_etc.yml,物品名称
ITEM,Baby Desert Wolf Egg,小沙漠之狼的蛋,server/db/re/item_db_equip.yml,物品名称
ITEM,Baby Dragon Hat,小龙帽,server/db/re/item_db_equip.yml,物品名称
ITEM,Bacsojin Egg,白素贞蛋,server/db/re/item_db_equip.yml,宠物蛋名称
ITEM,Bad Canned Food,劣质罐头,server/db/re/item_db_etc.yml,物品名称
ITEM,Bad Canned Food Sack,劣质罐头袋,server/db/re/item_db_etc.yml,物品名称
ITEM,Badge Of Manny,Manny之徽章,server/db/re/item_db_equip.yml,物品名称
ITEM,Badge Of Order Grace,骑士团荣誉徽章,server/db/re/item_db_equip.yml,物品名称
ITEM,Bakonawa Doll,布科诺瓦玩偶,server/db/re/item_db_etc.yml,物品名称
ITEM,Ballista,弩炮,server/db/re/item_db_equip.yml,物品名称
ITEM,Banana,香蕉,server/db/re/item_db_usable.yml,物品名称
ITEM,Banana Bomb Guidebook,香蕉炸弹制作书,server/db/re/item_db_etc.yml,物品名称
ITEM,Banana Juice,香蕉汁,server/db/re/item_db_usable.yml,物品名称
ITEM,Bandana Merah Putih,印度尼西亚发带,server/db/re/item_db_equip.yml,物品名称
ITEM,Bangungot Doll,崩雄戈特玩偶,server/db/re/item_db_etc.yml,物品名称
ITEM,Banshee Master Kiss,Banshee大师Kiss,server/db/re/item_db_equip.yml,物品名称
ITEM,Bapho Jr. Card,小巴风特卡片,server/db/re/item_db_etc.yml,物品名称
ITEM,Bapho Jr. Egg,巴风特幼崽的蛋,server/db/re/item_db_equip.yml,物品名称
ITEM,Baphomet Horns Box,巴风特角箱,server/db/re/item_db_usable.yml,物品名称
ITEM,Barbed Wire Whip Remodeling Cube,荆棘铁丝鞭改造魔方,server/db/re/item_db_usable.yml,物品名称
ITEM,Barbeque Box,烧烤箱,server/db/re/item_db_usable.yml,物品名称
ITEM,Bard Dancer Card Box,诗人舞娘卡片箱,server/db/re/item_db_usable.yml,物品名称
ITEM,Baseball Cap,棒球帽,server/db/re/item_db_equip.yml,物品名称
ITEM,Basic Adventure,基础冒险,server/db/re/item_db_etc.yml,物品名称
ITEM,Basilac Clam,罗勒拉克,server/db/re/item_db_etc.yml,物品名称
ITEM,Bastard Sword,阔剑,server/db/re/item_db_equip.yml,物品名称
ITEM,Bathory Card,巴风特卡片,server/db/re/item_db_etc.yml,物品名称
ITEM,Battered Kettle,破旧水壶,server/db/re/item_db_etc.yml,物品名称
ITEM,Battle Fork,战斗三叉戟,server/db/re/item_db_equip.yml,物品名称
ITEM,Battle Hook,战斗钩,server/db/re/item_db_equip.yml,物品名称
ITEM,Battle Manual Limit Box,战斗教範限定版箱,server/db/re/item_db_usable.yml,物品名称
ITEM,Battle Manual Package Box (A),战斗教范礼包箱A,server/db/re/item_db_usable.yml,物品名称
ITEM,Battle Manual Package Box (B),战斗教范礼包箱B,server/db/re/item_db_usable.yml,物品名称
ITEM,Battle Processor Accelerator,战斗处理器加速装置,server/db/re/item_db_usable.yml,物品名称
ITEM,Battle Scroll,战斗卷轴,server/db/re/item_db_usable.yml,物品名称
ITEM,Battle Surcoat,战斗外套,server/db/re/item_db_equip.yml,物品名称
ITEM,Battlefield Textbook,战场教本,server/db/re/item_db_equip.yml,物品名称
ITEM,Bazett's Order,巴杰特的秘密笔记,server/db/re/item_db_etc.yml,物品名称
ITEM,Bear Rope,熊皮果冻,server/db/re/item_db_usable.yml,物品名称
ITEM,Bear's Power,熊之力,server/db/re/item_db_etc.yml,物品名称
ITEM,Bearer's Shadow Shoes II,承载者鞋子影子 II,server/db/re/item_db_equip.yml,物品名称
ITEM,BearerShadow Mix,承载者影子啪嗒箱,server/db/re/item_db_usable.yml,物品名称
ITEM,Beast Summoning Seal Book,黄金 PC 房第一名箱,server/db/re/item_db_usable.yml,物品名称
ITEM,Beautiful Badges Box,华丽徽章箱,server/db/re/item_db_usable.yml,物品名称
ITEM,Beautiful Flower,漂亮的花,server/db/re/item_db_etc.yml,物品名称
ITEM,Beelzebub Wing,Beelzebub翅膀,server/db/re/item_db_usable.yml,物品名称
ITEM,Beelzebub Wing Box,Beelzebub翅膀箱,server/db/re/item_db_usable.yml,物品名称
ITEM,Beer Hat,啤酒帽,server/db/re/item_db_equip.yml,物品名称
ITEM,Beginner Archbishop's Bible,初心者大主教圣经,server/db/re/item_db_equip.yml,物品名称
ITEM,Beginner Support Box (100),初心者支援箱（100）,server/db/re/item_db_usable.yml,物品名称
ITEM,Beginner's Armor Box,初心者防具箱,server/db/re/item_db_usable.yml,物品名称
ITEM,Beginner's Equipment Exchange Voucher,新手装备兑换券,server/db/re/item_db_etc.yml,物品名称
ITEM,Beginner's Field Manual,初学者野外手册,server/db/re/item_db_etc.yml,物品名称
ITEM,Beginner's Safe to 7 Weapon Certificate,新手武器+7精炼券,server/db/re/item_db_etc.yml,物品名称
ITEM,Beginner's Shadow Box,初心者专用影子箱,server/db/re/item_db_usable.yml,物品名称
ITEM,Beholder Badge,Beholder徽章,server/db/re/item_db_etc.yml,物品名称
ITEM,Beholder Ring,观察者戒指,server/db/re/item_db_equip.yml,物品名称
ITEM,Belcarf,贝尔卡普,server/db/re/item_db_equip.yml,物品名称
ITEM,Bell Ribbon Box,铃铛缎带箱,server/db/re/item_db_usable.yml,物品名称
ITEM,Bennit Doll Hat,Bennit 玩偶帽,server/db/re/item_db_equip.yml,物品名称
ITEM,Beret Boss Hat,贝雷帽Boss帽,server/db/re/item_db_equip.yml,物品名称
ITEM,Berry Soda,莓果汽水,server/db/re/item_db_usable.yml,物品名称
ITEM,Beryl Spring,春之绿宝石,server/db/re/item_db_etc.yml,物品名称
ITEM,Beteleuse Soul,毕宿五之魂,server/db/re/item_db_etc.yml,物品名称
ITEM,Bi Hwang Scroll,Bi Hwang卷轴,server/db/re/item_db_usable.yml,物品名称
ITEM,Bible of Promise(2nd Vol.),约定之圣典第二卷,server/db/re/item_db_equip.yml,物品名称
ITEM,Bijofnil Feather,比佐普尼尔的翅膀,server/db/re/item_db_etc.yml,物品名称
ITEM,Bijou Card,比茹卡片,server/db/re/item_db_etc.yml,物品名称
ITEM,Bio Lab Material Box,生体研究所资料箱,server/db/re/item_db_usable.yml,物品名称
ITEM,Bio Reactor Box,生体反应物箱,server/db/re/item_db_usable.yml,物品名称
ITEM,Biolo Soul (Acidified Zone),Biolo灵魂(Acidified Zone),server/db/re/item_db_etc.yml,物品名称
ITEM,Biolo Soul (Explosive Powder),Biolo灵魂(Explosive粉末),server/db/re/item_db_etc.yml,物品名称
ITEM,Biolo Soul (Mayhemic Thorns),Biolo灵魂(Mayhemic Thorns),server/db/re/item_db_etc.yml,物品名称
ITEM,Biolo Stone II (Garment),生化学者石 II（披肩）,server/db/re/item_db_etc.yml,物品名称
ITEM,Biological Lab Helmet +11 Refinement Cube,生体研究所头盔 +11 精炼魔方,server/db/re/item_db_usable.yml,物品名称
ITEM,Biotite,黑云母,server/db/re/item_db_etc.yml,物品名称
ITEM,Bird Nest,鸟巢,server/db/re/item_db_equip.yml,物品名称
ITEM,Bird Nest Hat,鸟巢帽,server/db/re/item_db_equip.yml,物品名称
ITEM,Biretta,贝雷帽,server/db/re/item_db_equip.yml,物品名称
ITEM,Birthday IdRO10th Scroll,Birthday IdRO10th卷轴,server/db/re/item_db_usable.yml,物品名称
ITEM,Biscuit Stick (2),饼干棒（2）,server/db/re/item_db_usable.yml,物品名称
ITEM,Bishop's Blessing (Attack Speed),主教的祝福(攻击速度),server/db/re/item_db_etc.yml,物品名称
ITEM,Bishop's Blessing (Variable Casting),主教的祝福(Variable施法),server/db/re/item_db_etc.yml,物品名称
ITEM,Biting Rideword,叼着的骑士头盔,server/db/re/item_db_equip.yml,物品名称
ITEM,Black Acidus Card,黑色艾斯戴斯卡片,server/db/re/item_db_etc.yml,物品名称
ITEM,Black Cat Ears,黑猫耳朵,server/db/re/item_db_equip.yml,物品名称
ITEM,Black Cat Ears Beret,黑色猫耳朵贝雷帽,server/db/re/item_db_equip.yml,物品名称
ITEM,Black Cat Hat,黑猫帽,server/db/re/item_db_equip.yml,物品名称
ITEM,Black Circle,黑色圆环,server/db/re/item_db_equip.yml,物品名称
ITEM,Black Devil Mask,黑恶魔面具,server/db/re/item_db_equip.yml,物品名称
ITEM,Black Diamond 3 ea Box,黑色钻石3 ea箱,server/db/re/item_db_usable.yml,物品名称
ITEM,Black Eagle Ring,黑色鹰戒指,server/db/re/item_db_equip.yml,物品名称
ITEM,Black Feather Hat,黑色羽毛帽,server/db/re/item_db_equip.yml,物品名称
ITEM,Black Frame Glasses,黑框眼镜,server/db/re/item_db_equip.yml,物品名称
ITEM,Black Fur,黑色毛发,server/db/re/item_db_etc.yml,物品名称
ITEM,Black Gemstone,黑色宝石,server/db/re/item_db_etc.yml,物品名称
ITEM,Black Glasses,黑色眼镜,server/db/re/item_db_equip.yml,物品名称
ITEM,Black Ladle,黑勺,server/db/re/item_db_etc.yml,物品名称
ITEM,Black Mithril Guard,黑色Mithril守卫,server/db/re/item_db_equip.yml,物品名称
ITEM,Black Musang Hat,帽子,server/db/re/item_db_equip.yml,物品名称
ITEM,Black Reagent,黑色试剂,server/db/re/item_db_etc.yml,物品名称
ITEM,Black Shiba Inu Bundle A,黑色Shiba Inu组合包,server/db/re/item_db_usable.yml,物品名称
ITEM,Black Tea Kochakaden Hat,红茶花传帽,server/db/re/item_db_equip.yml,物品名称
ITEM,Black Wing Manteau,黑翼斗篷,server/db/re/item_db_equip.yml,物品名称
ITEM,Blacksmith Shadow Shoes,铁匠鞋子影子,server/db/re/item_db_equip.yml,物品名称
ITEM,Blade Katar,刀刃拳刃,server/db/re/item_db_equip.yml,物品名称
ITEM,Blade Katar Modification Cube,刀刃卡塔尔改造魔方,server/db/re/item_db_usable.yml,物品名称
ITEM,Blade Lost in Darkness,黑暗中遗失的刀刃,server/db/re/item_db_etc.yml,物品名称
ITEM,Blazing Sun,烈日,server/db/re/item_db_equip.yml,物品名称
ITEM,Blessed Bible,祝圣圣经,server/db/re/item_db_equip.yml,物品名称
ITEM,Blessed Etel Dust,祝福埃特尔粉末,server/db/re/item_db_etc.yml,物品名称
ITEM,Blessed Knife Remodeling Cube,祝圣小刀Remodeling魔方,server/db/re/item_db_usable.yml,物品名称
ITEM,Blessing Of Water,水之祝福,server/db/re/item_db_usable.yml,物品名称
ITEM,Blessing Scroll 10 Box,祝福卷轴10箱,server/db/re/item_db_usable.yml,物品名称
ITEM,Blessing Scroll 30 Box,祝福卷轴 30 箱,server/db/re/item_db_usable.yml,物品名称
ITEM,Blessing Scroll 50 Box,祝福卷轴 50 箱,server/db/re/item_db_usable.yml,物品名称
ITEM,Blind Sphere Pack,致盲球包,server/db/re/item_db_usable.yml,物品名称
ITEM,Blitz Shadow Armor,闪电铠甲影子,server/db/re/item_db_equip.yml,物品名称
ITEM,Blitz Shadow Earring,闪电耳环影子,server/db/re/item_db_equip.yml,物品名称
ITEM,Blitz Shadow Pendant,闪电坠饰影子,server/db/re/item_db_equip.yml,物品名称
ITEM,Blitz Shadow Weapon,闪电武器影子,server/db/re/item_db_equip.yml,物品名称
ITEM,Blood Angel Hair Band,血天使发带,server/db/re/item_db_equip.yml,物品名称
ITEM,Blood Cartridge,血色弹药筒,server/db/re/item_db_usable.yml,物品名称
ITEM,Bloodied Shackle Ball,血染镣铐球,server/db/re/item_db_equip.yml,物品名称
ITEM,Bloodshot Eyes,Bloodshot眼睛,server/db/re/item_db_etc.yml,物品名称
ITEM,Bloody Cartridge,弹药筒·血,server/db/re/item_db_usable.yml,物品名称
ITEM,Bloody Edge,血腥刀刃,server/db/re/item_db_etc.yml,物品名称
ITEM,Bloody Love Letter,染血情书,server/db/re/item_db_etc.yml,物品名称
ITEM,Bloody Ring,血腥戒指,server/db/re/item_db_equip.yml,物品名称
ITEM,Bloody Ring Box,血腥戒指箱,server/db/re/item_db_usable.yml,物品名称
ITEM,Bloody Ring Box2,血腥戒指箱Ⅱ,server/db/re/item_db_usable.yml,物品名称
ITEM,Bloody Roar,血腥咆哮,server/db/re/item_db_equip.yml,物品名称
ITEM,Bloody Rune,血腥符文,server/db/re/item_db_etc.yml,物品名称
ITEM,Bloody Scroll,血色卷轴,server/db/re/item_db_usable.yml,物品名称
ITEM,Bloody Sword,Bloody剑,server/db/re/item_db_etc.yml,物品名称
ITEM,Blue A(2) Card,蓝色A(2)卡片,server/db/re/item_db_etc.yml,物品名称
ITEM,Blue Ashura,蓝色Ashura,server/db/re/item_db_equip.yml,物品名称
ITEM,Blue Aura Effect,蓝色光环效果,server/db/re/item_db_etc.yml,物品名称
ITEM,Blue Bunny Hairband,蓝色兔子发带,server/db/re/item_db_equip.yml,物品名称
ITEM,Blue Butterfly Footprints (Garment),蓝色蝴蝶Footprints (披肩),server/db/re/item_db_etc.yml,物品名称
ITEM,Blue Cat Ears,蓝色猫耳朵,server/db/re/item_db_equip.yml,物品名称
ITEM,Blue Dagger,蓝色短剑,server/db/re/item_db_equip.yml,物品名称
ITEM,Blue Dragon Armor,蓝色龙铠甲,server/db/re/item_db_equip.yml,物品名称
ITEM,Blue Fish,蓝色鱼帽,server/db/re/item_db_equip.yml,物品名称
ITEM,Blue Flame Cane,蓝焰法杖,server/db/re/item_db_equip.yml,物品名称
ITEM,Blue Fragment Box,蓝色碎片箱,server/db/re/item_db_usable.yml,物品名称
ITEM,Blue G Card,蓝色G卡片,server/db/re/item_db_etc.yml,物品名称
ITEM,Blue Gemstone,蓝色宝石,server/db/re/item_db_etc.yml,物品名称
ITEM,Blue Gemstone Box,蓝色宝石箱,server/db/re/item_db_usable.yml,物品名称
ITEM,Blue Herb Activator,蓝色药草活化剂,server/db/re/item_db_usable.yml,物品名称
ITEM,Blue Jenoss's Family Ring,蓝色杰诺斯家族戒指,server/db/re/item_db_etc.yml,物品名称
ITEM,Blue Knife,蓝色小刀,server/db/re/item_db_equip.yml,物品名称
ITEM,Blue Mage Hat,蓝色法师帽,server/db/re/item_db_equip.yml,物品名称
ITEM,Blue Night Cap,蓝色睡帽,server/db/re/item_db_equip.yml,物品名称
ITEM,Blue Pencil In Mouth,蓝色铅笔嘴叼,server/db/re/item_db_equip.yml,物品名称
ITEM,Blue Poring Bubble,蓝色波利泡泡,server/db/re/item_db_equip.yml,物品名称
ITEM,Blue R(2) Card,蓝色R(2)卡片,server/db/re/item_db_etc.yml,物品名称
ITEM,Blue Scroll,蓝色卷轴,server/db/re/item_db_usable.yml,物品名称
ITEM,Blue Syrup,蓝色糖浆,server/db/re/item_db_usable.yml,物品名称
ITEM,BlueCard Enjoy,BlueCard欢乐,server/db/re/item_db_etc.yml,物品名称
ITEM,BlueCard Fall,BlueCard秋季,server/db/re/item_db_etc.yml,物品名称
ITEM,BlueCard Happy,BlueCard快乐,server/db/re/item_db_etc.yml,物品名称
ITEM,BlueCard Light,BlueCard光,server/db/re/item_db_etc.yml,物品名称
ITEM,BlueCard Mid,BlueCard中段,server/db/re/item_db_etc.yml,物品名称
ITEM,Blunt weapon level 5,Blunt武器等级5,server/db/re/item_db_equip.yml,物品名称
ITEM,Blush,腮红,server/db/re/item_db_equip.yml,物品名称
ITEM,BM75,BM75 战斗手册,server/db/re/item_db_usable.yml,物品名称
ITEM,Boitata Scroll,Boitata卷轴,server/db/re/item_db_usable.yml,物品名称
ITEM,Bomb Wick,灯芯,server/db/re/item_db_equip.yml,物品名称
ITEM,Bondage Necklace,束缚项链,server/db/re/item_db_equip.yml,物品名称
ITEM,Bone Acidus Card,骨艾斯戴斯卡片,server/db/re/item_db_etc.yml,物品名称
ITEM,Bone Detardeurus Card,骨迪塔勒泰乌勒斯卡片,server/db/re/item_db_etc.yml,物品名称
ITEM,Bone Ferus Card,骨菲雷卡片,server/db/re/item_db_etc.yml,物品名称
ITEM,Bone Head,骨头头饰,server/db/re/item_db_equip.yml,物品名称
ITEM,Boned Shadow Pendant,重击坠饰影子,server/db/re/item_db_equip.yml,物品名称
ITEM,Bongun Egg,本冈的蛋,server/db/re/item_db_equip.yml,物品名称
ITEM,Book About True Life,真实人生之书,server/db/re/item_db_etc.yml,物品名称
ITEM,Book File Hat,书页帽,server/db/re/item_db_equip.yml,物品名称
ITEM,Book of Evil,邪恶之书,server/db/re/item_db_equip.yml,物品名称
ITEM,Book Of Prayer,祈祷之书,server/db/re/item_db_equip.yml,物品名称
ITEM,Book Reading Tracker,书Reading Tracker,server/db/re/item_db_etc.yml,物品名称
ITEM,Boomerang Shadow Earring,回旋耳环影子,server/db/re/item_db_equip.yml,物品名称
ITEM,Boomerang Shadow Pendant,回旋坠饰影子,server/db/re/item_db_equip.yml,物品名称
ITEM,Boomerang Shadow Weapon,回旋武器影子,server/db/re/item_db_equip.yml,物品名称
ITEM,Boost Armor Box,增幅铠甲箱,server/db/re/item_db_usable.yml,物品名称
ITEM,Boosted Adventurer's Pauldrons,Boosted冒险者的Pauldrons,server/db/re/item_db_equip.yml,物品名称
ITEM,Booster Advanced Combat Manual,增幅器高级Combat手册,server/db/re/item_db_usable.yml,物品名称
ITEM,Booster Adventurer's Premium Magic Shoes,增幅器冒险者的高级魔法鞋,server/db/re/item_db_equip.yml,物品名称
ITEM,Booster Book,强化教本,server/db/re/item_db_equip.yml,物品名称
ITEM,Booster Combat Manual,增幅器Combat手册,server/db/re/item_db_usable.yml,物品名称
ITEM,Booster Costume Backpack Box,增幅器[时装]背包箱,server/db/re/item_db_usable.yml,物品名称
ITEM,Booster Costume Helmet Box,增幅器[时装]头盔箱,server/db/re/item_db_usable.yml,物品名称
ITEM,Booster Gatling,强化加特林机枪,server/db/re/item_db_equip.yml,武器名称
ITEM,Booster Gift Box,增幅器礼物箱,server/db/re/item_db_usable.yml,物品名称
ITEM,Booster Katar,增幅拳刃,server/db/re/item_db_equip.yml,物品名称
ITEM,Booster Modification Stone(Magical),增强剂改造石（魔法）,server/db/re/item_db_usable.yml,物品名称
ITEM,Booster Modification Stone(Physical),增强剂改造石（物理）,server/db/re/item_db_usable.yml,物品名称
ITEM,Booster Pack (80),增幅器礼包(80),server/db/re/item_db_usable.yml,物品名称
ITEM,Booster Pack(10),增幅器礼包(10),server/db/re/item_db_usable.yml,物品名称
ITEM,Booster Pack(110),增幅器礼包(110),server/db/re/item_db_usable.yml,物品名称
ITEM,Booster Pack(140),增幅器礼包(140),server/db/re/item_db_usable.yml,物品名称
ITEM,Booster Pack(170),增幅器礼包(170),server/db/re/item_db_usable.yml,物品名称
ITEM,Booster Pack(190),新手礼包（190）,server/db/re/item_db_usable.yml,物品名称
ITEM,Booster Pack(20),增幅器礼包(20),server/db/re/item_db_usable.yml,物品名称
ITEM,Booster Pack(200),新手礼包（200）,server/db/re/item_db_usable.yml,物品名称
ITEM,Booster Pack(215),增强剂礼包（215）,server/db/re/item_db_usable.yml,物品名称
ITEM,Booster Pack(230),增强剂礼包（230）,server/db/re/item_db_usable.yml,物品名称
ITEM,Booster Pack(40),增幅器礼包(40),server/db/re/item_db_usable.yml,物品名称
ITEM,Booster Pack(50),增幅器礼包(50),server/db/re/item_db_usable.yml,物品名称
ITEM,Booster Pack(70),增幅器礼包(70),server/db/re/item_db_usable.yml,物品名称
ITEM,Booster Shadow Armor,增幅铠甲影子,server/db/re/item_db_equip.yml,物品名称
ITEM,Booster Shadow Earring,增幅耳环影子,server/db/re/item_db_equip.yml,物品名称
ITEM,Booster Shadow Pendant,增幅坠饰影子,server/db/re/item_db_equip.yml,物品名称
ITEM,Booster Shadow Shield,增幅盾牌影子,server/db/re/item_db_equip.yml,物品名称
ITEM,Booster Shadow Shoes,增幅鞋子影子,server/db/re/item_db_equip.yml,物品名称
ITEM,Boosting Glacier Instrument,增幅冰川乐器,server/db/re/item_db_equip.yml,物品名称
ITEM,Boosting Glacier Launcher,增幅冰川发射器,server/db/re/item_db_equip.yml,物品名称
ITEM,Boosting Glacier Shotgun,强化冰川霰弹枪,server/db/re/item_db_equip.yml,武器名称
ITEM,Boosting Glacier Whip,增幅冰川Whip,server/db/re/item_db_equip.yml,物品名称
ITEM,Boosting Ice & Snow Instrument,增幅冰&雪乐器,server/db/re/item_db_equip.yml,物品名称
ITEM,Boosting Ice & Snow Shotgun,强化冰雪霰弹枪,server/db/re/item_db_equip.yml,武器名称
ITEM,Boosting Ice & Snow Whip,增幅冰&雪Whip,server/db/re/item_db_equip.yml,物品名称
ITEM,Bouquet,花束,server/db/re/item_db_etc.yml,物品名称
ITEM,Bow Thimble,弓手指套,server/db/re/item_db_equip.yml,物品名称
ITEM,Bowman Scroll 1,弓佣兵召唤书 1 级,server/db/re/item_db_usable.yml,物品名称
ITEM,Bowman Scroll 10,弓箭手卷轴10,server/db/re/item_db_usable.yml,物品名称
ITEM,Bowman Scroll 2,弓箭手卷轴2,server/db/re/item_db_usable.yml,物品名称
ITEM,Bowman Scroll 3,弓箭手卷轴3,server/db/re/item_db_usable.yml,物品名称
ITEM,Bowman Scroll 4,弓箭手卷轴4,server/db/re/item_db_usable.yml,物品名称
ITEM,Bowman Scroll 5,弓箭手卷轴5,server/db/re/item_db_usable.yml,物品名称
ITEM,Bowman Scroll 6,弓箭手卷轴6,server/db/re/item_db_usable.yml,物品名称
ITEM,Bowman Scroll 7,弓箭手卷轴7,server/db/re/item_db_usable.yml,物品名称
ITEM,Bowman Scroll 8,弓箭手卷轴8,server/db/re/item_db_usable.yml,物品名称
ITEM,Bowman Scroll 9,弓箭手卷轴9,server/db/re/item_db_usable.yml,物品名称
ITEM,Box of 5 Soul Runes,5灵魂Runes之箱,server/db/re/item_db_usable.yml,物品名称
ITEM,Box of Opportunity,机会之箱,server/db/re/item_db_usable.yml,物品名称
ITEM,Boys White Hat,Boys白色帽,server/db/re/item_db_equip.yml,物品名称
ITEM,BR Independence Scroll,BR Independence卷轴,server/db/re/item_db_usable.yml,物品名称
ITEM,Bradium Fragments,布拉迪姆碎片,server/db/re/item_db_etc.yml,物品名称
ITEM,Brain Powder,Brain粉末,server/db/re/item_db_usable.yml,物品名称
ITEM,Brand Shadow Armor,品牌铠甲影子,server/db/re/item_db_equip.yml,物品名称
ITEM,Brand Shadow Shield,品牌盾牌影子,server/db/re/item_db_equip.yml,物品名称
ITEM,Brand Shadow Shoes,品牌鞋子影子,server/db/re/item_db_equip.yml,物品名称
ITEM,Brave Battle Lariat,勇敢战斗套索,server/db/re/item_db_equip.yml,物品名称
ITEM,Bravery Badge,勇气徽章,server/db/re/item_db_etc.yml,物品名称
ITEM,Brazil National Flag Hat,巴西国旗帽,server/db/re/item_db_equip.yml,物品名称
ITEM,Brazilian Flag,巴西国旗,server/db/re/item_db_etc.yml,物品名称
ITEM,Breeze Armor (Shadow),微风铠甲（影子）,server/db/re/item_db_equip.yml,影子装备名称
ITEM,Brigan,布里甘,server/db/re/item_db_etc.yml,物品名称
ITEM,Bright Eye,Bright眼睛,server/db/re/item_db_etc.yml,物品名称
ITEM,Bright Fire Lights,明亮的火光,server/db/re/item_db_etc.yml,物品名称
ITEM,Brilliant Soda,清爽碳酸水,server/db/re/item_db_usable.yml,物品名称
ITEM,Brilliant Turquoise Magic Stone,Brilliant绿松石魔法石,server/db/re/item_db_etc.yml,物品名称
ITEM,BRO Package Box,BRO 套装箱,server/db/re/item_db_usable.yml,物品名称
ITEM,Broken Apple Juice,坏掉的苹果汁,server/db/re/item_db_etc.yml,物品名称
ITEM,Broken Arrow,折断的箭,server/db/re/item_db_etc.yml,物品名称
ITEM,Broken Banana Juice,坏掉的香蕉汁,server/db/re/item_db_etc.yml,物品名称
ITEM,Broken Beta Guards Card,故障警卫型贝塔卡片,server/db/re/item_db_etc.yml,物品名称
ITEM,Broken Carrot Juice,坏掉的胡萝卜汁,server/db/re/item_db_etc.yml,物品名称
ITEM,Broken Gardener Beta Card,故障园丁贝塔卡片,server/db/re/item_db_etc.yml,物品名称
ITEM,Broken Grape Juice,坏掉的葡萄汁,server/db/re/item_db_etc.yml,物品名称
ITEM,Broken Omega Cleaner Card,故障清扫机器人Ω卡片,server/db/re/item_db_etc.yml,物品名称
ITEM,Broken Shell,破碎的贝壳,server/db/re/item_db_etc.yml,物品名称
ITEM,Broken Thermometer,损坏的温度计,server/db/re/item_db_etc.yml,物品名称
ITEM,Broken Turtle Shell,破损龟壳,server/db/re/item_db_etc.yml,物品名称
ITEM,bronze Treasure Box,bronze宝藏箱,server/db/re/item_db_usable.yml,物品名称
ITEM,Brooch,胸针,server/db/re/item_db_equip.yml,物品名称
ITEM,Brooch Box,胸针盒,server/db/re/item_db_usable.yml,物品名称
ITEM,Brown Jenoss's Family Ring,棕色杰诺斯家族戒指,server/db/re/item_db_etc.yml,物品名称
ITEM,Brown Mage Hat,棕色法师帽,server/db/re/item_db_equip.yml,物品名称
ITEM,Brown Paperbag Hat,棕色纸袋帽,server/db/re/item_db_equip.yml,物品名称
ITEM,Brynhild,布伦希尔德,server/db/re/item_db_equip.yml,物品名称
ITEM,Brynhild Armor Piece,布伦希尔德铠甲碎片,server/db/re/item_db_etc.yml,物品名称
ITEM,Bubblegum,泡泡糖,server/db/re/item_db_equip.yml,物品名称
ITEM,Buckler,小圆盾,server/db/re/item_db_equip.yml,物品名称
ITEM,Buffalo Bandit Mane,索切丹的鬃毛,server/db/re/item_db_etc.yml,物品名称
ITEM,Bulb Band,灯泡发带,server/db/re/item_db_equip.yml,物品名称
ITEM,Bullet,子弹,server/db/re/item_db_etc.yml,物品名称
ITEM,Bullock Helm,公牛头盔,server/db/re/item_db_equip.yml,物品名称
ITEM,Bunny Top Hat Box,兔耳帽箱,server/db/re/item_db_usable.yml,物品名称
ITEM,Burning Bow,燃烧之弓,server/db/re/item_db_equip.yml,物品名称
ITEM,Burning Fang Activation Reward,燃烧Fang激活奖励,server/db/re/item_db_usable.yml,物品名称
ITEM,Burning Fang Card,燃烧獠牙卡片,server/db/re/item_db_etc.yml,物品名称
ITEM,Burning Fang Completion Reward,燃烧Fang完成奖励,server/db/re/item_db_usable.yml,物品名称
ITEM,Burning Knuckle-OSAD,燃烧拳套-OSAD,server/db/re/item_db_equip.yml,物品名称
ITEM,Burnt Tree,烧焦的树,server/db/re/item_db_etc.yml,物品名称
ITEM,Butterfly Sticker,蝴蝶Sticker,server/db/re/item_db_etc.yml,物品名称
ITEM,Butterfly Wing Box,蝴蝶翅膀箱,server/db/re/item_db_usable.yml,物品名称
ITEM,Butterfly Wing Ears,时装·蝴蝶翅耳,server/db/re/item_db_equip.yml,物品名称
ITEM,Buwaya Doll,布沃耶玩偶,server/db/re/item_db_etc.yml,物品名称
ITEM,Buzzy Ball Board,维吉波尔德,server/db/re/item_db_equip.yml,物品名称
ITEM,Buzzy Ball Gum,维吉波尔德口香糖,server/db/re/item_db_equip.yml,物品名称
ITEM,C Grade Coin,C 级硬币,server/db/re/item_db_etc.yml,物品名称
ITEM,C.RATE Lv1,暴击率 等级 1,server/db/re/item_db_etc.yml,物品名称
ITEM,C.RATE Lv2,暴击率 等级 2,server/db/re/item_db_etc.yml,物品名称
ITEM,C_ Taurus Crown,C_ Taurus王冠,server/db/re/item_db_equip.yml,物品名称
ITEM,Cacao Bean,可可豆,server/db/re/item_db_etc.yml,物品名称
ITEM,Calmaring Card,Calmaring卡片,server/db/re/item_db_etc.yml,物品名称
ITEM,Calming White Fox,Calming白色狐狸,server/db/re/item_db_equip.yml,物品名称
ITEM,Camp Fire Hat,篝火帽,server/db/re/item_db_equip.yml,物品名称
ITEM,Can Hat,Can帽,server/db/re/item_db_equip.yml,物品名称
ITEM,Candle,蜡烛,server/db/re/item_db_equip.yml,物品名称
ITEM,Candy,糖果,server/db/re/item_db_usable.yml,物品名称
ITEM,Candy Bundles,Candy组合包,server/db/re/item_db_etc.yml,物品名称
ITEM,Candy Cane,拐杖糖,server/db/re/item_db_usable.yml,物品名称
ITEM,Candy Hat,Candy帽,server/db/re/item_db_equip.yml,物品名称
ITEM,Candy Pouch Box,糖果包包箱,server/db/re/item_db_usable.yml,物品名称
ITEM,Candy-Gram Lucky Box,1 小时礼包 Vol. 3,server/db/re/item_db_usable.yml,物品名称
ITEM,Candy-Gram Lucky Crate,1 小时礼包 Vol. 4,server/db/re/item_db_usable.yml,物品名称
ITEM,Cannon Rapier-OS,加农刺剑-OS,server/db/re/item_db_equip.yml,物品名称
ITEM,Cap,便帽,server/db/re/item_db_equip.yml,物品名称
ITEM,Capri Scroll,Capri卷轴,server/db/re/item_db_usable.yml,物品名称
ITEM,Capricorn Crown,Capricorn王冠,server/db/re/item_db_equip.yml,物品名称
ITEM,Capricorn Diadem,Capricorn冠冕,server/db/re/item_db_equip.yml,物品名称
ITEM,Capricorn Stone,摩羯座石,server/db/re/item_db_etc.yml,物品名称
ITEM,Capsule Dolls,人偶胶囊,server/db/re/item_db_etc.yml,物品名称
ITEM,Captain's Hat,船长帽,server/db/re/item_db_equip.yml,物品名称
ITEM,Capture Rope,捕获用绳子,server/db/re/item_db_usable.yml,物品名称
ITEM,Captured Rabbit,捕获的月兔,server/db/re/item_db_etc.yml,物品名称
ITEM,Captured Savage,捕获的野猪,server/db/re/item_db_etc.yml,物品名称
ITEM,Cardinal Light,Cardinal光,server/db/re/item_db_equip.yml,物品名称
ITEM,Cardinal Soul (Arbitrium),Cardinal灵魂(Arbitrium),server/db/re/item_db_etc.yml,物品名称
ITEM,Cardinal Soul (Divinus Flos),Cardinal灵魂(Divinus Flos),server/db/re/item_db_etc.yml,物品名称
ITEM,Cardinal Soul (Framen),Cardinal灵魂(Framen),server/db/re/item_db_etc.yml,物品名称
ITEM,Cardinal Soul (Petitio),Cardinal灵魂(Petitio),server/db/re/item_db_etc.yml,物品名称
ITEM,Cardinal Stone (Garment),Cardinal石(披肩),server/db/re/item_db_etc.yml,物品名称
ITEM,Cardo,卡尔多,server/db/re/item_db_equip.yml,物品名称
ITEM,Carmen Miranda's Hat,卡门·米兰达的帽子,server/db/re/item_db_equip.yml,物品名称
ITEM,Carnation Hairband,Carnation发带,server/db/re/item_db_equip.yml,物品名称
ITEM,Carrot,胡萝卜,server/db/re/item_db_usable.yml,物品名称
ITEM,Carrot Juice,胡萝卜汁,server/db/re/item_db_usable.yml,物品名称
ITEM,Carrot Whip,胡萝卜鞭,server/db/re/item_db_equip.yml,物品名称
ITEM,Cart Parts,手推车零件,server/db/re/item_db_etc.yml,物品名称
ITEM,Cartridge,弹药筒,server/db/re/item_db_usable.yml,物品名称
ITEM,Cast-Iron Caldron,铁锅,server/db/re/item_db_etc.yml,物品名称
ITEM,Caster Shadow Armor,施法者铠甲影子,server/db/re/item_db_equip.yml,物品名称
ITEM,Caster Shadow Earrings,施法者耳环影子,server/db/re/item_db_equip.yml,物品名称
ITEM,Caster Shadow Shield,施法者盾牌影子,server/db/re/item_db_equip.yml,物品名称
ITEM,Caster Shadow Shoes,施法者鞋子影子,server/db/re/item_db_equip.yml,物品名称
ITEM,Caster Shadow Weapon,施法者武器影子,server/db/re/item_db_equip.yml,物品名称
ITEM,Casting Soul,施法灵魂,server/db/re/item_db_etc.yml,物品名称
ITEM,Casting Stone (Garment),咏唱石（披风）,server/db/re/item_db_etc.yml,物品名称
ITEM,Casual Pope Mercenary Scroll,休闲教皇佣兵卷轴,server/db/re/item_db_usable.yml,物品名称
ITEM,Casual Stew,随意火锅,server/db/re/item_db_usable.yml,物品名称
ITEM,Cat Ear Beret,发带,server/db/re/item_db_equip.yml,物品名称
ITEM,Cat Food,猫食物,server/db/re/item_db_equip.yml,物品名称
ITEM,Cat Hand Ticket 1 Day Box,猫手券1 Day箱,server/db/re/item_db_usable.yml,物品名称
ITEM,Cat o Nine Tail Egg,猫九尾蛋,server/db/re/item_db_equip.yml,宠物蛋名称
ITEM,Catnip Shadow Cube,猫薄荷影子魔方,server/db/re/item_db_usable.yml,物品名称
ITEM,Cauda Daemonica,恶魔之尾,server/db/re/item_db_equip.yml,物品名称
ITEM,Cave Calmaring Card,Cave Calmaring卡片,server/db/re/item_db_etc.yml,物品名称
ITEM,Cave Flower Card,Cave花卡片,server/db/re/item_db_etc.yml,物品名称
ITEM,Celestial Axe Box,圣天斧箱,server/db/re/item_db_usable.yml,物品名称
ITEM,Celestial Stone II (Garment),天空石 II（披肩）,server/db/re/item_db_etc.yml,物品名称
ITEM,Celine's Ribbon,塞琳娜的丝带,server/db/re/item_db_equip.yml,物品名称
ITEM,Censor Bar,审查棒,server/db/re/item_db_equip.yml,物品名称
ITEM,Centering Shadow Earring,定心影子耳环,server/db/re/item_db_equip.yml,影子装备名称
ITEM,Centering Shadow Pendant,定心影子吊坠,server/db/re/item_db_equip.yml,影子装备名称
ITEM,Centipede Transportin,蜈蚣捕捉箱,server/db/re/item_db_usable.yml,物品名称
ITEM,Chain Jack Booster Staff,连锁闪电强化法杖,server/db/re/item_db_equip.yml,物品名称
ITEM,Chain Press Shadow Weapon,连锁压力武器影子,server/db/re/item_db_equip.yml,物品名称
ITEM,Chain Shadow Earring,锁链影子耳环,server/db/re/item_db_equip.yml,物品名称
ITEM,Chain Shadow Pendant,锁链影子坠饰,server/db/re/item_db_equip.yml,物品名称
ITEM,Chain Shadow Weapon,锁链影子武器,server/db/re/item_db_equip.yml,物品名称
ITEM,Chairman Rekenber Card,Chairman Rekenber卡片,server/db/re/item_db_etc.yml,物品名称
ITEM,Chambered RWC 2012 Pendant,RWC 纪念吊坠,server/db/re/item_db_equip.yml,物品名称
ITEM,Chambered RWC 2012 Ring,RWC纪念戒指,server/db/re/item_db_equip.yml,物品名称
ITEM,Chameleon Armor,变色龙铠甲,server/db/re/item_db_equip.yml,物品名称
ITEM,Champion Shoes (Shadow),冠军之鞋（影子）,server/db/re/item_db_equip.yml,影子装备名称
ITEM,Champion Stone (Lower),冠军石（下）,server/db/re/item_db_etc.yml,物品名称
ITEM,Champion Stone (Middle),冠军石（中）,server/db/re/item_db_etc.yml,物品名称
ITEM,Champion Stone (Upper),冠军石（上）,server/db/re/item_db_etc.yml,物品名称
ITEM,Champion Wreath,冠军月桂冠,server/db/re/item_db_equip.yml,物品名称
ITEM,Changed Hydra Ball,变异海葵球,server/db/re/item_db_etc.yml,物品名称
ITEM,Chao,查奥,server/db/re/item_db_equip.yml,宠物名称
ITEM,Chaos 2 Sets Reward,混沌2套装奖励,server/db/re/item_db_usable.yml,物品名称
ITEM,Chaos 4 Sets Reward,混沌4套装奖励,server/db/re/item_db_usable.yml,物品名称
ITEM,Chaos 5 Sets Reward,混沌5套装奖励,server/db/re/item_db_usable.yml,物品名称
ITEM,Chaos Activation Reward,混沌激活奖励,server/db/re/item_db_usable.yml,物品名称
ITEM,Chaos Completion Reward,混沌完成奖励,server/db/re/item_db_usable.yml,物品名称
ITEM,Chaos Emerald Package,混沌翡翠礼包,server/db/re/item_db_usable.yml,物品名称
ITEM,Chaotic Manteau,Chaotic斗篷,server/db/re/item_db_equip.yml,物品名称
ITEM,Charlies Beard,时装·修剪整齐的胡须,server/db/re/item_db_equip.yml,物品名称
ITEM,Charlies Hat,时装·圆帽,server/db/re/item_db_equip.yml,物品名称
ITEM,Charm of Anywhere,Anywhere之护符,server/db/re/item_db_equip.yml,物品名称
ITEM,Charm of Mystic Frozen,Mystic冰冻之护符,server/db/re/item_db_equip.yml,物品名称
ITEM,Cheer Scarf10,饰品,server/db/re/item_db_equip.yml,物品名称
ITEM,Cheer Scarf6,饰品,server/db/re/item_db_equip.yml,物品名称
ITEM,Cheer Scarf8,饰品,server/db/re/item_db_equip.yml,物品名称
ITEM,Cheer Up Package,加油礼包,server/db/re/item_db_usable.yml,物品名称
ITEM,Cheer Up Package (10),加油礼包 10 套,server/db/re/item_db_usable.yml,物品名称
ITEM,Cheer Up Package V,加油礼包 V,server/db/re/item_db_usable.yml,物品名称
ITEM,Cheer Up Package V (10),加油礼包 V 10 套,server/db/re/item_db_usable.yml,物品名称
ITEM,Cheering Scarf Box,加油围巾盒,server/db/re/item_db_usable.yml,物品名称
ITEM,Cheesy Snack In Mouth,Cheesy Snack嘴叼,server/db/re/item_db_equip.yml,物品名称
ITEM,Chemical Badge,Chemical徽章,server/db/re/item_db_etc.yml,物品名称
ITEM,Chemical Resistant Glove,Chemical Resistant手套,server/db/re/item_db_equip.yml,物品名称
ITEM,Chemical Ring,化学戒指,server/db/re/item_db_equip.yml,物品名称
ITEM,Chemical Ring Box2,化学戒指箱Ⅱ,server/db/re/item_db_usable.yml,物品名称
ITEM,Chepet Scroll,Chepet卷轴,server/db/re/item_db_usable.yml,物品名称
ITEM,Cherry Blossom Fan,樱花扇,server/db/re/item_db_equip.yml,物品名称
ITEM,Chic Peony,别致牡丹,server/db/re/item_db_equip.yml,物品名称
ITEM,Chicken Bill,时装·鸡嘴,server/db/re/item_db_equip.yml,物品名称
ITEM,Chicken Crest,时装·鸡冠,server/db/re/item_db_equip.yml,物品名称
ITEM,Chicken Hat Box,咯咯帽箱,server/db/re/item_db_usable.yml,物品名称
ITEM,Children's Potion,儿童药水,server/db/re/item_db_usable.yml,物品名称
ITEM,Chile Shrimp Gratin,智利虾焗烤,server/db/re/item_db_usable.yml,物品名称
ITEM,China,中国,server/db/re/item_db_etc.yml,物品名称
ITEM,Chinese Fireworks,中国烟花,server/db/re/item_db_usable.yml,物品名称
ITEM,Chinese New Year Envelope,中国新年红包,server/db/re/item_db_usable.yml,物品名称
ITEM,Chinese Pastel,中国糕点,server/db/re/item_db_usable.yml,物品名称
ITEM,Chivalry Shoes,Chivalry鞋,server/db/re/item_db_equip.yml,物品名称
ITEM,Choco Donut In Mouth,口含巧克力甜甜圈,server/db/re/item_db_equip.yml,物品名称
ITEM,Choco Egg,巧克力蛋,server/db/re/item_db_equip.yml,宠物蛋名称
ITEM,Chocolate Pie,巧克力派,server/db/re/item_db_usable.yml,物品名称
ITEM,Chocolate Strawberry Recipe,草莓巧克力配方,server/db/re/item_db_etc.yml,物品名称
ITEM,Chocolate Tart Recipe,巧克力挞配方,server/db/re/item_db_etc.yml,物品名称
ITEM,Chonchon Doll,苍蝇娃娃,server/db/re/item_db_etc.yml,物品名称
ITEM,Chonchon Egg,波利的蛋,server/db/re/item_db_equip.yml,物品名称
ITEM,Chonchon Exchange Ticket Box,苍蝇交换券箱,server/db/re/item_db_usable.yml,物品名称
ITEM,Chrismas Gift Box,圣诞礼物箱,server/db/re/item_db_usable.yml,物品名称
ITEM,Christmas Costume Selection Package,Christmas[时装]自选礼包,server/db/re/item_db_usable.yml,物品名称
ITEM,Christmas Goblin's Egg,圣诞哥布灵的蛋,server/db/re/item_db_equip.yml,物品名称
ITEM,Christmas Music Box,生动乐谱,server/db/re/item_db_usable.yml,物品名称
ITEM,Christmas Musicbox,圣诞音乐盒,server/db/re/item_db_equip.yml,装备名称
ITEM,Christmas Scroll,圣诞卷轴,server/db/re/item_db_usable.yml,物品名称
ITEM,Christmas Snow Rabbit Egg,雪兔之蛋,server/db/re/item_db_equip.yml,物品名称
ITEM,Chrome Metal Plate,Chrome金属Plate,server/db/re/item_db_equip.yml,物品名称
ITEM,Chrome Two-Handed Sword,铬金属双手剑,server/db/re/item_db_equip.yml,物品名称
ITEM,Chromium Staff,Chromium法杖,server/db/re/item_db_equip.yml,物品名称
ITEM,Chubby Earthworm Amulet,肥胖蚯蚓护身符,server/db/re/item_db_equip.yml,物品名称
ITEM,Chung Hairband,青岛,server/db/re/item_db_equip.yml,物品名称
ITEM,Chung Hairband Box,Chung发带箱,server/db/re/item_db_usable.yml,物品名称
ITEM,Chung Jah,青瓷,server/db/re/item_db_etc.yml,物品名称
ITEM,Cigarette,香烟,server/db/re/item_db_equip.yml,物品名称
ITEM,Circulation of Life,生命之Circulation,server/db/re/item_db_etc.yml,物品名称
ITEM,Circulation of Life: Autumn,生命:秋日之Circulation,server/db/re/item_db_equip.yml,物品名称
ITEM,Circulation of Life: Winter,生命:冬季之Circulation,server/db/re/item_db_equip.yml,物品名称
ITEM,Citrin,黄水晶,server/db/re/item_db_etc.yml,物品名称
ITEM,Civil Servant Egg,猫妖之蛋,server/db/re/item_db_equip.yml,物品名称
ITEM,Civil Support 2-Set Reward,文明Support 2-套装奖励,server/db/re/item_db_usable.yml,物品名称
ITEM,Civil Support 4-Set Reward,文明Support 4-套装奖励,server/db/re/item_db_usable.yml,物品名称
ITEM,Civil Support Activation Reward,文明Support激活奖励,server/db/re/item_db_usable.yml,物品名称
ITEM,Civil Support Completion Reward,文明Support完成奖励,server/db/re/item_db_usable.yml,物品名称
ITEM,Clamorous Badge,Clamorous徽章,server/db/re/item_db_etc.yml,物品名称
ITEM,Clamorous Ring,喧嚣戒指,server/db/re/item_db_equip.yml,物品名称
ITEM,Clamorous Ring Box2,喧嚣戒指箱Ⅱ,server/db/re/item_db_usable.yml,物品名称
ITEM,Class Enchant Stone Box,职业附魔石箱子,server/db/re/item_db_usable.yml,物品名称
ITEM,Class Shadow Box (Armor),职业影子啪嗒箱（铠甲）,server/db/re/item_db_usable.yml,物品名称
ITEM,Class Shadow Box (Earring),职业影子啪嗒箱（耳环）,server/db/re/item_db_usable.yml,物品名称
ITEM,Class Shadow Box (Pendant),职业影子啪嗒箱（吊坠）,server/db/re/item_db_usable.yml,物品名称
ITEM,Class Shadow Box (Shield),职业影子啪嗒箱（盾牌）,server/db/re/item_db_usable.yml,物品名称
ITEM,Class Shadow Box (Shoes),职业影子啪嗒箱（鞋子）,server/db/re/item_db_usable.yml,物品名称
ITEM,Class Shadow Box (Weapon),职业影子啪嗒箱（武器）,server/db/re/item_db_usable.yml,物品名称
ITEM,Classic Underneath Cyclone 2 Week Rental Box,经典下段旋风2周租赁箱,server/db/re/item_db_equip.yml,物品名称
ITEM,Claw of Desert Wolf,沙漠之狼爪,server/db/re/item_db_etc.yml,物品名称
ITEM,Claymore Box,大剑盒,server/db/re/item_db_usable.yml,物品名称
ITEM,Cleansing Blueprint Bundle,净化图纸套装,server/db/re/item_db_usable.yml,物品名称
ITEM,Clear Reagent,透明试剂,server/db/re/item_db_etc.yml,物品名称
ITEM,Clergy Nurse Cap,Clergy Nurse帽,server/db/re/item_db_equip.yml,物品名称
ITEM,Clever Shield Shadow,灵巧影子盾牌,server/db/re/item_db_equip.yml,影子装备名称
ITEM,Clever Weapon Shadow,灵巧影子武器,server/db/re/item_db_equip.yml,影子装备名称
ITEM,Clock Lubricant,时钟Lubricant,server/db/re/item_db_usable.yml,物品名称
ITEM,Clock Witch Costume Package,时钟女巫[时装]礼包,server/db/re/item_db_usable.yml,物品名称
ITEM,Close Helmet,封闭头盔,server/db/re/item_db_equip.yml,物品名称
ITEM,Cloud Costume Selection Box,Cloud[时装]自选箱,server/db/re/item_db_usable.yml,物品名称
ITEM,Cloud Hermit Card,云鹤船卡片,server/db/re/item_db_etc.yml,物品名称
ITEM,Clown Gypsy Stone (Bottom),宫廷舞娘石（下段）,server/db/re/item_db_etc.yml,物品名称
ITEM,Clown Gypsy Stone (Middle),小丑/吉普赛石（中）,server/db/re/item_db_etc.yml,物品名称
ITEM,Clown Gypsy Stone (Upper),小丑/吉普赛石（上）,server/db/re/item_db_etc.yml,物品名称
ITEM,Club,木棒,server/db/re/item_db_equip.yml,物品名称
ITEM,Cluster of Nightmares,梦魇块,server/db/re/item_db_etc.yml,物品名称
ITEM,Coat of Monarch Penguin,君主企鹅之Coat,server/db/re/item_db_etc.yml,物品名称
ITEM,Coconut Fruit Bomb Guidebook,椰子炸弹制作书,server/db/re/item_db_etc.yml,物品名称
ITEM,Coif,修女帽,server/db/re/item_db_equip.yml,物品名称
ITEM,Cold Bolt Shadow Armor,冰箭铠甲影子,server/db/re/item_db_equip.yml,物品名称
ITEM,Cold Moonlight,冷月光,server/db/re/item_db_etc.yml,物品名称
ITEM,Collected Sample,收集样本,server/db/re/item_db_etc.yml,物品名称
ITEM,Collection Of Scrolls Attack Speed Transformation,攻速变身卷轴包,server/db/re/item_db_usable.yml,物品名称
ITEM,Collection Of Scrolls Magical Transformation,魔力变身卷轴包,server/db/re/item_db_usable.yml,物品名称
ITEM,Collection Of Scrolls Shooting Transformation,射击变身卷轴包,server/db/re/item_db_usable.yml,物品名称
ITEM,Colorful Flower Branches,华丽花枝,server/db/re/item_db_usable.yml,物品名称
ITEM,Combination Kit,组合套件,server/db/re/item_db_usable.yml,物品名称
ITEM,Commander's Advanced Answers,指挥官的高级Answers,server/db/re/item_db_usable.yml,物品名称
ITEM,Commander's Return,指挥官的归来,server/db/re/item_db_usable.yml,物品名称
ITEM,Comodo Tropical Fruit,科摩多热带水果,server/db/re/item_db_etc.yml,物品名称
ITEM,Complete Machine Parts,完整的机械零件,server/db/re/item_db_etc.yml,物品名称
ITEM,Complete Tablet,完整石板,server/db/re/item_db_etc.yml,物品名称
ITEM,Complex Fruit Juice,Complex水果Juice,server/db/re/item_db_etc.yml,物品名称
ITEM,ComposerShadow Mix,组合影子啪嗒箱,server/db/re/item_db_usable.yml,物品名称
ITEM,Comprehensive Set Of Potions,药水综合套装,server/db/re/item_db_usable.yml,物品名称
ITEM,CON Assistance,专注辅助,server/db/re/item_db_etc.yml,物品名称
ITEM,CON Enforcement (Magical),专注执行(魔法),server/db/re/item_db_etc.yml,物品名称
ITEM,CON Enforcement (Physical),专注执行(物理),server/db/re/item_db_etc.yml,物品名称
ITEM,CON Lv1,专注Lv1,server/db/re/item_db_etc.yml,物品名称
ITEM,CON Lv2,专注Lv2,server/db/re/item_db_etc.yml,物品名称
ITEM,CON Reduction Potion,CON减少药水,server/db/re/item_db_usable.yml,物品名称
ITEM,CON+3,专注+3,server/db/re/item_db_etc.yml,物品名称
ITEM,Concentrated Blue Potion,浓缩蓝色糖浆药水,server/db/re/item_db_usable.yml,物品名称
ITEM,Concentrated Gold Potion,浓缩黄金糖浆药水,server/db/re/item_db_usable.yml,物品名称
ITEM,Concentrated Red Potion,浓缩红色糖浆药水,server/db/re/item_db_usable.yml,物品名称
ITEM,Concentration I,专注I,server/db/re/item_db_etc.yml,物品名称
ITEM,Concentration II,专注II,server/db/re/item_db_etc.yml,物品名称
ITEM,Concentration III,专注III,server/db/re/item_db_etc.yml,物品名称
ITEM,Concentration Signet of Star,星之敏捷印记,server/db/re/item_db_equip.yml,物品名称
ITEM,Condensed Magical Rune Stone,Condensed魔法符文石,server/db/re/item_db_etc.yml,物品名称
ITEM,Condensed Sakrai's Regret,凝聚的萨克莱遗憾,server/db/re/item_db_usable.yml,物品名称
ITEM,Condensed Sakrai's Wrath,凝聚的萨克莱愤怒,server/db/re/item_db_usable.yml,物品名称
ITEM,Confession Courage Crown,Confession Courage王冠,server/db/re/item_db_equip.yml,物品名称
ITEM,Confession Domineering Crown,Confession Domineering王冠,server/db/re/item_db_equip.yml,物品名称
ITEM,Conflagration Land Tuning Device,附魔石 311041,server/db/re/item_db_etc.yml,物品名称
ITEM,Conflagrative Shadow Earring,Conflagrative影子耳环,server/db/re/item_db_equip.yml,物品名称
ITEM,Conflagrative Shadow Pendant,Conflagrative影子吊坠,server/db/re/item_db_equip.yml,物品名称
ITEM,Conqueror's Boots,征服者长靴,server/db/re/item_db_equip.yml,装备名称
ITEM,Conqueror's Greaves,征服者护胫,server/db/re/item_db_equip.yml,装备名称
ITEM,Consignment Merchant Envelope,售货兼职（普通）3 日雇用证明信封,server/db/re/item_db_usable.yml,物品名称
ITEM,Consultation Robe,会谈长袍,server/db/re/item_db_equip.yml,物品名称
ITEM,Contaminated Card Book,污染的卡册,server/db/re/item_db_usable.yml,物品名称
ITEM,Contaminated Wanderer Egg,污染流浪者蛋,server/db/re/item_db_equip.yml,宠物蛋名称
ITEM,Continental Guard Paper,大陆守护者文件,server/db/re/item_db_etc.yml,物品名称
ITEM,Contingent Cloak,Contingent斗篷,server/db/re/item_db_equip.yml,物品名称
ITEM,Contingent Dress,特遣队礼服,server/db/re/item_db_equip.yml,物品名称
ITEM,Contingent Manteau,Contingent斗篷,server/db/re/item_db_equip.yml,物品名称
ITEM,Contingent Muffler,Contingent围巾,server/db/re/item_db_equip.yml,物品名称
ITEM,Contingent Sandal,特遣队凉鞋,server/db/re/item_db_equip.yml,物品名称
ITEM,Convertible Magical Wing,可转换魔法翼,server/db/re/item_db_equip.yml,物品名称
ITEM,Convertible Physical Wing,可转换物理翼,server/db/re/item_db_equip.yml,物品名称
ITEM,Convertible Wing Box,Convertible翅膀箱,server/db/re/item_db_usable.yml,物品名称
ITEM,Cool Pirate Eyepatch,Cool Pirate眼罩,server/db/re/item_db_equip.yml,物品名称
ITEM,Copo,科波,server/db/re/item_db_equip.yml,宠物名称
ITEM,Coppola,科波拉帽,server/db/re/item_db_equip.yml,物品名称
ITEM,Coral bracelet,Coral手镯,server/db/re/item_db_etc.yml,物品名称
ITEM,Coronet,小王冠,server/db/re/item_db_equip.yml,物品名称
ITEM,Corrupted Poison Rune 10Lv,Corrupted毒符文10Lv,server/db/re/item_db_etc.yml,物品名称
ITEM,Corrupted Poison Rune 8Lv,Corrupted毒符文8Lv,server/db/re/item_db_etc.yml,物品名称
ITEM,Corrupted Poison Rune 9Lv,Corrupted毒符文9Lv,server/db/re/item_db_etc.yml,物品名称
ITEM,Cosmic Connection,宇宙连接,server/db/re/item_db_equip.yml,物品名称
ITEM,Costume 12 Anniversary Crown of Saint,服饰12周年纪念王冠,server/db/re/item_db_equip.yml,物品名称
ITEM,Costume 2018 RTC Memorial Cloak,[时装]2018 RTC Memorial斗篷,server/db/re/item_db_equip.yml,物品名称
ITEM,Costume 2020RTC Naughty Ghost,2020 RTC 淘气幽灵（时装）,server/db/re/item_db_equip.yml,服装名称
ITEM,Costume 2021RTC Gaming Headset,[时装]2021RTC游戏耳麦,server/db/re/item_db_equip.yml,物品名称
ITEM,Costume 2021RTC Supporting Wings,[时装]2021RTC Supporting翅膀,server/db/re/item_db_equip.yml,物品名称
ITEM,Costume 24 Bolt,[时装]24 Bolt,server/db/re/item_db_equip.yml,物品名称
ITEM,Costume 711 Headphone,[时装]711耳机,server/db/re/item_db_equip.yml,物品名称
ITEM,Costume Abysmal Knight Helm,[时装]Abysmal骑士头盔,server/db/re/item_db_equip.yml,物品名称
ITEM,Costume Academic Cap (Red),[时装]Academic帽(红色),server/db/re/item_db_equip.yml,物品名称
ITEM,Costume Adventure Bag,服装冒险喵背包,server/db/re/item_db_equip.yml,物品名称
ITEM,Costume Adventurer's Hat,服装冒险家帽,server/db/re/item_db_equip.yml,物品名称
ITEM,Costume Aerial,服饰天线,server/db/re/item_db_equip.yml,物品名称
ITEM,Costume Afro Hair Wig,[时装]Afro头发假发,server/db/re/item_db_equip.yml,物品名称
ITEM,Costume Afterlife Guide Cap,[时装]Afterlife Guide帽,server/db/re/item_db_equip.yml,物品名称
ITEM,Costume Ahat Doll,[时装]Ahat玩偶,server/db/re/item_db_equip.yml,物品名称
ITEM,Costume Airy Twin Tails (White),[时装]Airy双子Tails (白色),server/db/re/item_db_equip.yml,物品名称
ITEM,Costume Airy Two Side Up (Blonde),时装头饰 31856,server/db/re/item_db_equip.yml,物品名称
ITEM,Costume Airy Two Side Up (Silver),时装头饰 31857,server/db/re/item_db_equip.yml,物品名称
ITEM,Costume Alchemist Mask,炼金术士面具服装,server/db/re/item_db_equip.yml,服装名称
ITEM,Costume Alice Doll,时装·艾莉丝娃娃,server/db/re/item_db_equip.yml,物品名称
ITEM,Costume Alice Wig (Peach),时装头饰 31407,server/db/re/item_db_equip.yml,物品名称
ITEM,Costume Alice's Broom,[时装]Alice的Broom,server/db/re/item_db_equip.yml,物品名称
ITEM,Costume AliceFriesinger Hat 69,[时装]AliceFriesinger帽69,server/db/re/item_db_equip.yml,物品名称
ITEM,Costume Alive Ten Gallon Hat Of Flame,服饰活焰腾格伦帽,server/db/re/item_db_equip.yml,物品名称
ITEM,Costume Ally of the Demons,Demons之[时装]Ally,server/db/re/item_db_equip.yml,物品名称
ITEM,Costume Alpaca Hood,[时装]Alpaca兜帽,server/db/re/item_db_equip.yml,物品名称
ITEM,Costume Alphonse Helm,[时装]Alphonse头盔,server/db/re/item_db_equip.yml,物品名称
ITEM,Costume Always Watching,注视着你（时装）,server/db/re/item_db_equip.yml,物品名称
ITEM,Costume Amistr Bag,[时装]Amistr袋,server/db/re/item_db_equip.yml,物品名称
ITEM,Costume Analyze Eye,分析之眼（时装）,server/db/re/item_db_equip.yml,物品名称
ITEM,Costume Ancient Civil Man Hat,[时装]古代文明Man帽,server/db/re/item_db_equip.yml,物品名称
ITEM,Costume Ancient Dragon Crown,[时装]古代龙王冠,server/db/re/item_db_equip.yml,物品名称
ITEM,Costume Ancient Gold Deco,[时装]古代黄金Deco,server/db/re/item_db_equip.yml,物品名称
ITEM,Costume Angel Mini Silk Hat,[时装]天使迷你丝绸帽,server/db/re/item_db_equip.yml,物品名称
ITEM,Costume Angel of Happiness,幸福之[时装]天使,server/db/re/item_db_equip.yml,物品名称
ITEM,Costume Angel Stair,服饰天使阶梯,server/db/re/item_db_equip.yml,物品名称
ITEM,Costume Angel Wing,时装·天使发带,server/db/re/item_db_equip.yml,物品名称
ITEM,Costume Angel Wing Ears,天使翼耳服装,server/db/re/item_db_equip.yml,物品名称
ITEM,Costume Angel's Ribboned Wings,天使缎带之翼（时装）,server/db/re/item_db_equip.yml,物品名称
ITEM,Costume Angeling Balloon,[时装]Angeling气球,server/db/re/item_db_equip.yml,物品名称
ITEM,Costume Angeling Bread Hat,时装天使波利面包帽,server/db/re/item_db_equip.yml,物品名称
ITEM,Costume Angeling Hairband,[时装]Angeling发带,server/db/re/item_db_equip.yml,物品名称
ITEM,Costume Angeling Pin,天使波利胸针服装,server/db/re/item_db_equip.yml,物品名称
ITEM,Costume Angry Bear Bag,愤怒熊包服装,server/db/re/item_db_equip.yml,服装名称
ITEM,Costume Anniversary Popcorn Bucket,[时装]周年Popcorn Bucket,server/db/re/item_db_equip.yml,物品名称
ITEM,Costume Aqua Ten Gallon Hat,[时装]Aqua Ten Gallon帽,server/db/re/item_db_equip.yml,物品名称
ITEM,Costume Archangel Wing,时装大天使之翼,server/db/re/item_db_equip.yml,物品名称
ITEM,Costume Archangeling Bread Hat,[时装]Archangeling面包帽,server/db/re/item_db_equip.yml,物品名称
ITEM,Costume Artist's Hat,[时装]Artist的帽,server/db/re/item_db_equip.yml,物品名称
ITEM,Costume Asia Masters 1st Dragon,[时装]Asia Masters 1st龙,server/db/re/item_db_equip.yml,物品名称
ITEM,Costume Asia Masters 2nd Dragon,[时装]Asia Masters 2nd龙,server/db/re/item_db_equip.yml,物品名称
ITEM,Costume Asia Masters Gold Wreath,[时装]Asia Masters黄金花环,server/db/re/item_db_equip.yml,物品名称
ITEM,Costume Assassin Mask,刺客面具（时装）,server/db/re/item_db_equip.yml,物品名称
ITEM,Costume Astro Circle,时装饰品 31433,server/db/re/item_db_equip.yml,物品名称
ITEM,Costume Aura of Night,夜晚之[时装]Aura,server/db/re/item_db_equip.yml,物品名称
ITEM,Costume Aura of Sanctity,Sanctity之[时装]Aura,server/db/re/item_db_equip.yml,物品名称
ITEM,Costume Aura of the Sea Glow,Sea Glow之[时装]Aura,server/db/re/item_db_equip.yml,物品名称
ITEM,Costume Aura of Tornado,时装饰品 31803,server/db/re/item_db_equip.yml,物品名称
ITEM,Costume Aurelie Hair,[时装]Aurelie头发,server/db/re/item_db_equip.yml,物品名称
ITEM,Costume Aurora Parade Hat,[时装]Aurora Parade帽,server/db/re/item_db_equip.yml,物品名称
ITEM,Costume Autumn Fullmoon,[时装]秋日Fullmoon,server/db/re/item_db_equip.yml,物品名称
ITEM,Costume Autumn Headband,时装头饰 31606,server/db/re/item_db_equip.yml,物品名称
ITEM,Costume Autumn Taste,时装饰品 31580,server/db/re/item_db_equip.yml,物品名称
ITEM,Costume Avenger,时装复仇者,server/db/re/item_db_equip.yml,物品名称
ITEM,Costume Baby Pacifier,服饰奶嘴,server/db/re/item_db_equip.yml,物品名称
ITEM,Costume Baby Panda,时装道具 31798,server/db/re/item_db_equip.yml,物品名称
ITEM,Costume Baby Penguin,时装道具 31437,server/db/re/item_db_equip.yml,物品名称
ITEM,Costume Baby Shark Head,[时装]幼小鲨鱼头部,server/db/re/item_db_equip.yml,物品名称
ITEM,Costume Baldr Wing,巴德尔之翼服装,server/db/re/item_db_equip.yml,服装名称
ITEM,Costume Balloon Hat,气球帽（时装）,server/db/re/item_db_equip.yml,物品名称
ITEM,Costume Balloon Release,[时装]气球释放,server/db/re/item_db_equip.yml,物品名称
ITEM,Costume Bamboo Leaf Hat,[时装]竹筒叶子帽,server/db/re/item_db_equip.yml,物品名称
ITEM,Costume Banana Flavour,[时装]Banana Flavour,server/db/re/item_db_equip.yml,物品名称
ITEM,Costume Baphomet Balloon,[时装]Baphomet气球,server/db/re/item_db_equip.yml,物品名称
ITEM,Costume Baron's Evil Eye,[时装]Baron的邪恶眼睛,server/db/re/item_db_equip.yml,物品名称
ITEM,Costume Barrel Helmet,[时装]枪管头盔,server/db/re/item_db_equip.yml,物品名称
ITEM,Costume Baryon Headphone,[时装]Baryon耳机,server/db/re/item_db_equip.yml,物品名称
ITEM,Costume Beachball,时装头饰 400020,server/db/re/item_db_equip.yml,物品名称
ITEM,Costume Beanie,服饰毛帽,server/db/re/item_db_equip.yml,物品名称
ITEM,Costume Bear Backpack,熊背包服装,server/db/re/item_db_equip.yml,服装名称
ITEM,Costume Bear Candy Cart,[时装]熊Candy Cart,server/db/re/item_db_equip.yml,物品名称
ITEM,Costume Bear Head,[时装]熊头部,server/db/re/item_db_equip.yml,物品名称
ITEM,Costume Beautiful Phantom Mask,[时装]Beautiful Phantom面具,server/db/re/item_db_equip.yml,物品名称
ITEM,Costume Beelzebub Crown,贝尔泽布布王冠（时装）,server/db/re/item_db_equip.yml,物品名称
ITEM,Costume Beer Server,啤酒侍者（时装）,server/db/re/item_db_equip.yml,物品名称
ITEM,Costume Beginner Black Moon Cat,时装初学者黑月猫,server/db/re/item_db_equip.yml,物品名称
ITEM,Costume Beginner Cap,[时装]Beginner帽,server/db/re/item_db_equip.yml,物品名称
ITEM,Costume Beginner Squirrel Ear Hat,时装初学者松鼠耳帽,server/db/re/item_db_equip.yml,物品名称
ITEM,Costume Bell Ribbon,时装·铃铛蝴蝶结,server/db/re/item_db_equip.yml,物品名称
ITEM,Costume Big Black Cat,大黑猫服装,server/db/re/item_db_equip.yml,服装名称
ITEM,Costume Big Ribbon Manteau,大蝴蝶结披风服装,server/db/re/item_db_equip.yml,服装名称
ITEM,Costume Big Ribbon Rabbit,[时装]大型缎带兔子,server/db/re/item_db_equip.yml,物品名称
ITEM,Costume Big Tiger Hat,[时装]大型老虎帽,server/db/re/item_db_equip.yml,物品名称
ITEM,Costume Big White Cat,[时装]大型白色猫,server/db/re/item_db_equip.yml,物品名称
ITEM,Costume Bijou Hat,比茹帽（时装）,server/db/re/item_db_equip.yml,物品名称
ITEM,Costume Binoculars,时装·望远镜,server/db/re/item_db_equip.yml,物品名称
ITEM,Costume Bird Nest Hat,[时装]Bird Nest帽,server/db/re/item_db_equip.yml,物品名称
ITEM,Costume Biretta,服饰主教帽,server/db/re/item_db_equip.yml,物品名称
ITEM,Costume Black Afro Wig,[时装]黑色Afro假发,server/db/re/item_db_equip.yml,物品名称
ITEM,Costume Black Angel Mini Silk Hat,[时装]黑色天使迷你丝绸帽,server/db/re/item_db_equip.yml,物品名称
ITEM,Costume Black Bear Backpack,[时装]黑色熊背包,server/db/re/item_db_equip.yml,物品名称
ITEM,Costume Black Bunny Band,[时装]黑色兔子发带,server/db/re/item_db_equip.yml,物品名称
ITEM,Costume Black Cat,黑猫（时装）,server/db/re/item_db_equip.yml,物品名称
ITEM,Costume Black Cat Bag,黑猫背包（时装）,server/db/re/item_db_equip.yml,物品名称
ITEM,Costume Black Cat Ears,[时装]黑色猫耳朵,server/db/re/item_db_equip.yml,物品名称
ITEM,Costume Black Cat Hat,[时装]黑色猫帽,server/db/re/item_db_equip.yml,物品名称
ITEM,Costume Black Cat Hood,黑猫兜帽（时装）,server/db/re/item_db_equip.yml,物品名称
ITEM,Costume Black Death King's Hat,[时装]黑色死亡国王的帽,server/db/re/item_db_equip.yml,物品名称
ITEM,Costume Black Glasses,时装·黑色粗框眼镜,server/db/re/item_db_equip.yml,物品名称
ITEM,Costume Black Rabbit Bonnet,黑兔软帽（时装）,server/db/re/item_db_equip.yml,物品名称
ITEM,Costume Black Rabbit Hat,[时装]黑色兔子帽,server/db/re/item_db_equip.yml,物品名称
ITEM,Costume Black Rabbit Headband,服饰黑兔发带,server/db/re/item_db_equip.yml,物品名称
ITEM,Costume Black Shiba Inu,[时装]黑色Shiba Inu,server/db/re/item_db_equip.yml,物品名称
ITEM,Costume Black Shiba Inu Hat,黑色柴犬帽（时装）,server/db/re/item_db_equip.yml,物品名称
ITEM,Costume Black Witch Hat with Ears,时装头饰 31607,server/db/re/item_db_equip.yml,物品名称
ITEM,Costume Blank Eyes,服装空白眼,server/db/re/item_db_equip.yml,物品名称
ITEM,Costume Blessings Of Soul,灵魂祝福（时装）,server/db/re/item_db_equip.yml,物品名称
ITEM,Costume Blind Glasses,[时装]致盲眼镜,server/db/re/item_db_equip.yml,物品名称
ITEM,Costume Blind Hood (Low),[时装]致盲兜帽(Low),server/db/re/item_db_equip.yml,物品名称
ITEM,Costume Blinking A Dragon,[时装]Blinking龙,server/db/re/item_db_equip.yml,物品名称
ITEM,Costume Blinking Blue Eyes,时装饰品 31847,server/db/re/item_db_equip.yml,物品名称
ITEM,Costume Blinking Small Eyes,时装：眨眼小眼睛,server/db/re/item_db_equip.yml,物品名称
ITEM,Costume Blood Sucker,[时装]血Sucker,server/db/re/item_db_equip.yml,物品名称
ITEM,Costume Bloody Murder's Knife,[时装]Bloody Murder的小刀,server/db/re/item_db_equip.yml,物品名称
ITEM,Costume Blue Brain Hat,服饰蓝色大脑帽,server/db/re/item_db_equip.yml,物品名称
ITEM,Costume Blue Frog Hat,[时装]蓝色Frog帽,server/db/re/item_db_equip.yml,物品名称
ITEM,Costume Blue Headdress,[时装]蓝色Headdress,server/db/re/item_db_equip.yml,物品名称
ITEM,Costume Blue Mouton Life,毛角发带（蓝）（时装）,server/db/re/item_db_equip.yml,物品名称
ITEM,Costume Blue Pajamas,服饰蓝色睡衣帽,server/db/re/item_db_equip.yml,物品名称
ITEM,Costume Blue Poring Bubble,[时装]蓝色波利泡泡,server/db/re/item_db_equip.yml,物品名称
ITEM,Costume Blue Rear Ribbon,蓝色后缎带服装,server/db/re/item_db_equip.yml,服装名称
ITEM,Costume Blue Ribbon,时装：蓝色缎带,server/db/re/item_db_equip.yml,物品名称
ITEM,Costume Blush,腮红（时装）,server/db/re/item_db_equip.yml,物品名称
ITEM,Costume Boitata Hat,服装·布瓦塔塔帽,server/db/re/item_db_equip.yml,物品名称
ITEM,Costume Bongun Hat (Upper),[时装]Bongun帽(上段),server/db/re/item_db_equip.yml,物品名称
ITEM,Costume Book of Soyga,Soyga之[时装]书,server/db/re/item_db_equip.yml,物品名称
ITEM,Costume Bow on Back,背后之弓服装,server/db/re/item_db_equip.yml,服装名称
ITEM,Costume Boyfriend Recruitment Hat,[时装]Boyfriend Recruitment帽,server/db/re/item_db_equip.yml,物品名称
ITEM,Costume Boys Cap,[时装]Boys帽,server/db/re/item_db_equip.yml,物品名称
ITEM,Costume Bragi Wing Ears,[时装]Bragi翅膀耳朵,server/db/re/item_db_equip.yml,物品名称
ITEM,Costume Braid Headband (Black),[时装]辫子头带(黑色),server/db/re/item_db_equip.yml,物品名称
ITEM,Costume Braid Headband (Blue),[时装]辫子头带(蓝色),server/db/re/item_db_equip.yml,物品名称
ITEM,Costume Braid Headband (Brown),[时装]辫子头带(棕色),server/db/re/item_db_equip.yml,物品名称
ITEM,Costume Braid Headband (Green),[时装]辫子头带(绿色),server/db/re/item_db_equip.yml,物品名称
ITEM,Costume Braid Headband (Purple),[时装]辫子头带(紫色),server/db/re/item_db_equip.yml,物品名称
ITEM,Costume Braid Headband (Red),[时装]辫子头带(红色),server/db/re/item_db_equip.yml,物品名称
ITEM,Costume Braid Headband (White),[时装]辫子头带(白色),server/db/re/item_db_equip.yml,物品名称
ITEM,Costume Braid Headband (Yellow),[时装]辫子头带(黄色),server/db/re/item_db_equip.yml,物品名称
ITEM,Costume Brazil Twin Ribbon,[时装]Brazil双子缎带,server/db/re/item_db_equip.yml,物品名称
ITEM,Costume Bread Bag,[时装]面包袋,server/db/re/item_db_equip.yml,物品名称
ITEM,Costume Bride's Corolla,[时装]Bride的Corolla,server/db/re/item_db_equip.yml,物品名称
ITEM,Costume Brilliant Blue Angel Wings,灿烂蓝色天使之翼（时装）,server/db/re/item_db_equip.yml,物品名称
ITEM,Costume Broom of Witch,女巫扫帚服装,server/db/re/item_db_equip.yml,服装名称
ITEM,Costume Brown Beanie,[时装]棕色Beanie,server/db/re/item_db_equip.yml,物品名称
ITEM,Costume Brown Stole,棕色披肩（时装）,server/db/re/item_db_equip.yml,物品名称
ITEM,Costume Bubbly Arc Angeling Hairband,泡泡弧天使发带服装,server/db/re/item_db_equip.yml,服装名称
ITEM,Costume Bunny Ear Eggs,[时装]兔子耳朵Eggs,server/db/re/item_db_equip.yml,物品名称
ITEM,Costume Bunny Top Hat,服饰兔耳帽,server/db/re/item_db_equip.yml,物品名称
ITEM,Costume Burst Flame,[时装]Burst火焰,server/db/re/item_db_equip.yml,物品名称
ITEM,Costume Buterfly Hairpin,蝴蝶发簪服装,server/db/re/item_db_equip.yml,物品名称
ITEM,Costume Butterfly Barrettes,[时装]蝴蝶Barrettes,server/db/re/item_db_equip.yml,物品名称
ITEM,Costume Butterfly Charm,时装饰品 31618,server/db/re/item_db_equip.yml,物品名称
ITEM,Costume Cactus Flower Corsage,时装仙人掌花胸针,server/db/re/item_db_equip.yml,物品名称
ITEM,Costume Cactus Hat,[时装]Cactus帽,server/db/re/item_db_equip.yml,物品名称
ITEM,Costume Cake Hat,服饰蛋糕帽,server/db/re/item_db_equip.yml,物品名称
ITEM,Costume Campus Festival,[时装]Campus庆典,server/db/re/item_db_equip.yml,物品名称
ITEM,Costume Cancer Diadem,[时装]Cancer冠冕,server/db/re/item_db_equip.yml,物品名称
ITEM,Costume Candy Pouch Bag,[时装]Candy Pouch袋,server/db/re/item_db_equip.yml,物品名称
ITEM,Costume Cap,[时装]帽,server/db/re/item_db_equip.yml,物品名称
ITEM,Costume Captain Hat,[时装]Captain帽,server/db/re/item_db_equip.yml,物品名称
ITEM,Costume Card Board Box (Lower),[时装]卡片Board箱(下段),server/db/re/item_db_equip.yml,物品名称
ITEM,Costume Carnival Circlet,[时装]Carnival头环,server/db/re/item_db_equip.yml,物品名称
ITEM,Costume Carnival Hat,[时装]Carnival帽,server/db/re/item_db_equip.yml,物品名称
ITEM,Costume Carrot in Mouth,[时装]Carrot嘴叼,server/db/re/item_db_equip.yml,物品名称
ITEM,Costume Cat Ears Hat,猫耳帽（时装）,server/db/re/item_db_equip.yml,物品名称
ITEM,Costume Cat Ears Long,[时装]猫耳朵长,server/db/re/item_db_equip.yml,物品名称
ITEM,Costume Cat Ears Punkish,时装头饰 31382,server/db/re/item_db_equip.yml,物品名称
ITEM,Costume Cat Ears Shortcut,[时装]猫耳朵Shortcut,server/db/re/item_db_equip.yml,物品名称
ITEM,Costume Cat Footprints,[时装]猫Footprints,server/db/re/item_db_equip.yml,物品名称
ITEM,Costume Cat Paw Decorated Knit Hat (Green),[时装]猫Paw Decorated Knit帽(绿色),server/db/re/item_db_equip.yml,物品名称
ITEM,Costume CD in Mouth,[时装]CD嘴叼,server/db/re/item_db_equip.yml,物品名称
ITEM,Costume Centimental Flower,感伤之花（时装）,server/db/re/item_db_equip.yml,物品名称
ITEM,Costume Ceremonial Hat,[时装]Ceremonial帽,server/db/re/item_db_equip.yml,物品名称
ITEM,Costume Chaos Emerald,[时装]混沌Emerald,server/db/re/item_db_equip.yml,物品名称
ITEM,Costume Charcoal Stove,[时装]Charcoal Stove,server/db/re/item_db_equip.yml,物品名称
ITEM,Costume Charleston Antenna,查尔斯顿天线（时装）,server/db/re/item_db_equip.yml,物品名称
ITEM,Costume Charm of Flame Heart,火焰心之[时装]护符,server/db/re/item_db_equip.yml,物品名称
ITEM,Costume Charm of Mystic Frozen,Mystic冰冻之[时装]护符,server/db/re/item_db_equip.yml,物品名称
ITEM,Costume Charm of Rough Wind,Rough风之[时装]护符,server/db/re/item_db_equip.yml,物品名称
ITEM,Costume Cheering Whistle,[时装]Cheering Whistle,server/db/re/item_db_equip.yml,物品名称
ITEM,Costume Cheshire's Cat Ears,[时装]Cheshire的猫耳朵,server/db/re/item_db_equip.yml,物品名称
ITEM,Costume Chewy Low Twin,[时装]Chewy Low双子,server/db/re/item_db_equip.yml,物品名称
ITEM,Costume Chick Chic,[时装]Chick别致,server/db/re/item_db_equip.yml,物品名称
ITEM,Costume Chignon (Black),[时装]Chignon (黑色),server/db/re/item_db_equip.yml,物品名称
ITEM,Costume Chignon (Blonde),[时装]Chignon (金发),server/db/re/item_db_equip.yml,物品名称
ITEM,Costume Chignon (Blue),[时装]Chignon (蓝色),server/db/re/item_db_equip.yml,物品名称
ITEM,Costume Chignon (Brown),[时装]Chignon (棕色),server/db/re/item_db_equip.yml,物品名称
ITEM,Costume Chignon (Green),[时装]Chignon (绿色),server/db/re/item_db_equip.yml,物品名称
ITEM,Costume Chignon (Purple),[时装]Chignon (紫色),server/db/re/item_db_equip.yml,物品名称
ITEM,Costume Chignon (Red),[时装]Chignon (红色),server/db/re/item_db_equip.yml,物品名称
ITEM,Costume Chignon (White),[时装]Chignon (白色),server/db/re/item_db_equip.yml,物品名称
ITEM,Costume Choco Chip Cookies,[时装]巧克力芯片Cookies,server/db/re/item_db_equip.yml,物品名称
ITEM,Costume Choco Stick In Mouth,[时装]巧克力棍嘴叼,server/db/re/item_db_equip.yml,物品名称
ITEM,Costume Chocolate Bomb,[时装]Chocolate Bomb,server/db/re/item_db_equip.yml,物品名称
ITEM,Costume Chocolate Mini Hat,巧克力迷你帽（时装）,server/db/re/item_db_equip.yml,物品名称
ITEM,Costume Chocolate Mushroom Wig,时装头饰 31855,server/db/re/item_db_equip.yml,物品名称
ITEM,Costume Choppy Bear Hat,[时装]Choppy熊帽,server/db/re/item_db_equip.yml,物品名称
ITEM,Costume Christmas Guardian Tree,[时装]Christmas守护者Tree,server/db/re/item_db_equip.yml,物品名称
ITEM,Costume Chungee's Soul,[时装]Chungee的灵魂,server/db/re/item_db_equip.yml,物品名称
ITEM,Costume Cigarette,服饰香烟,server/db/re/item_db_equip.yml,物品名称
ITEM,Costume Cinnamon Backpack,[时装]Cinnamon背包,server/db/re/item_db_equip.yml,物品名称
ITEM,Costume Cinnamoroll,[时装]Cinnamoroll,server/db/re/item_db_equip.yml,物品名称
ITEM,Costume Cinnamoroll in the Sky,[时装]Cinnamoroll in天空,server/db/re/item_db_equip.yml,物品名称
ITEM,Costume Classic Hat,[时装]经典帽,server/db/re/item_db_equip.yml,物品名称
ITEM,Costume Classical Balloon Hat,[时装]Classical气球帽,server/db/re/item_db_equip.yml,物品名称
ITEM,Costume Classical Ribbon,[时装]Classical缎带,server/db/re/item_db_equip.yml,物品名称
ITEM,Costume Cloak of Einherjar,Einherjar之[时装]斗篷,server/db/re/item_db_equip.yml,物品名称
ITEM,Costume Clock Tower Manager,[时装]时钟Tower Manager,server/db/re/item_db_equip.yml,物品名称
ITEM,Costume Clock Winding Key,[时装]时钟Winding钥匙,server/db/re/item_db_equip.yml,物品名称
ITEM,Costume Close Helmet,[时装]Close头盔,server/db/re/item_db_equip.yml,物品名称
ITEM,Costume Clover Hairpin,[时装]四叶草发夹,server/db/re/item_db_equip.yml,物品名称
ITEM,Costume Coif,[时装]Coif,server/db/re/item_db_equip.yml,物品名称
ITEM,Costume Coiledup Snake,服饰盘蛇帽1,server/db/re/item_db_equip.yml,物品名称
ITEM,Costume Coiledup Snake Hat,服饰盘蛇帽2,server/db/re/item_db_equip.yml,物品名称
ITEM,Costume Con of Singapura,Singapura之[时装]专注,server/db/re/item_db_equip.yml,物品名称
ITEM,Costume Construction Helmet,[时装]Construction头盔,server/db/re/item_db_equip.yml,物品名称
ITEM,Costume Cookie Hat,[时装]饼干帽,server/db/re/item_db_equip.yml,物品名称
ITEM,Costume Cookie Party,[时装]饼干Party,server/db/re/item_db_equip.yml,物品名称
ITEM,Costume Coppola,[时装]Coppola,server/db/re/item_db_equip.yml,物品名称
ITEM,Costume Coronet,时装·小冠冕,server/db/re/item_db_equip.yml,物品名称
ITEM,Costume Cosmic Connection,[时装]宇宙连接,server/db/re/item_db_equip.yml,物品名称
ITEM,Costume Cosmic Connection (Garment),[时装]宇宙连接(披肩),server/db/re/item_db_equip.yml,物品名称
ITEM,Costume Cowlick (Black),乱翘发（黑色）服装,server/db/re/item_db_equip.yml,服装名称
ITEM,Costume Cowlick (Blue),乱翘发（蓝色）服装,server/db/re/item_db_equip.yml,服装名称
ITEM,Costume Cowlick (Brown),乱翘发（棕色）服装,server/db/re/item_db_equip.yml,服装名称
ITEM,Costume Cowlick (Green),乱翘发（绿色）服装,server/db/re/item_db_equip.yml,服装名称
ITEM,Costume Cowlick (Purple),乱翘发（紫色）服装,server/db/re/item_db_equip.yml,服装名称
ITEM,Costume Cowlick (Red),乱翘发（红色）服装,server/db/re/item_db_equip.yml,服装名称
ITEM,Costume Cowlick (White),乱翘发（白色）服装,server/db/re/item_db_equip.yml,服装名称
ITEM,Costume Cowlick (Yellow),乱翘发（黄色）服装,server/db/re/item_db_equip.yml,服装名称
ITEM,Costume Crayfish Hat,服饰大虾帽,server/db/re/item_db_equip.yml,物品名称
ITEM,Costume Creative Convention Cap,[时装]创意大会帽,server/db/re/item_db_equip.yml,物品名称
ITEM,Costume Creative Convention Chapeau,[时装]创意大会Chapeau,server/db/re/item_db_equip.yml,物品名称
ITEM,Costume Crimson Booster,深红增幅器（时装）,server/db/re/item_db_equip.yml,物品名称
ITEM,Costume Crimson Valkyrie Circlet,[时装]Crimson女武神头环,server/db/re/item_db_equip.yml,物品名称
ITEM,Costume Crimson Wings,深红之翼（时装）,server/db/re/item_db_equip.yml,物品名称
ITEM,Costume Cross Band,[时装]十字发带,server/db/re/item_db_equip.yml,物品名称
ITEM,Costume Crow on Shoulder,时装头饰 31380,server/db/re/item_db_equip.yml,物品名称
ITEM,Costume Crown of Faithful Faith,时装头饰 31850,server/db/re/item_db_equip.yml,物品名称
ITEM,Costume Crown of Might,Might之[时装]王冠,server/db/re/item_db_equip.yml,物品名称
ITEM,Costume Crowned Cinnamon Backpack,[时装]Crowned Cinnamon背包,server/db/re/item_db_equip.yml,物品名称
ITEM,Costume Crushed Snow Man,[时装]Crushed雪Man,server/db/re/item_db_equip.yml,物品名称
ITEM,Costume Cube Mask,[时装]魔方面具,server/db/re/item_db_equip.yml,物品名称
ITEM,Costume Cupid Wing Skyblue,[时装]Cupid翅膀Skyblue,server/db/re/item_db_equip.yml,物品名称
ITEM,Costume Cupid's Pink Wings,丘比特粉色翅膀（时装）,server/db/re/item_db_equip.yml,物品名称
ITEM,Costume Curly Hair (Blonde),[时装]Curly头发(金发),server/db/re/item_db_equip.yml,物品名称
ITEM,Costume Cute Parrot,[时装]Cute Parrot,server/db/re/item_db_equip.yml,物品名称
ITEM,Costume Cyber Income,时装头饰 31574,server/db/re/item_db_equip.yml,物品名称
ITEM,Costume Cyber Peacock,[时装]Cyber Peacock,server/db/re/item_db_equip.yml,物品名称
ITEM,Costume Dancing Colorful Octopus,[时装]Dancing Colorful Octopus,server/db/re/item_db_equip.yml,物品名称
ITEM,Costume Dancing Fallen Sakura,飘落的樱花（时装）,server/db/re/item_db_equip.yml,物品名称
ITEM,Costume Dark Age,[时装]黑暗Age,server/db/re/item_db_equip.yml,物品名称
ITEM,Costume Dark Bacilium,[时装]黑暗Bacilium,server/db/re/item_db_equip.yml,物品名称
ITEM,Costume Dark Bacilium (Upper),[时装]黑暗Bacilium (上段),server/db/re/item_db_equip.yml,物品名称
ITEM,Costume Darkness Helm,时装·黑暗头盔,server/db/re/item_db_equip.yml,物品名称
ITEM,Costume Decoration of Music,服饰音乐装饰,server/db/re/item_db_equip.yml,物品名称
ITEM,Costume Deep Angel Hairband,[时装]深邃天使发带,server/db/re/item_db_equip.yml,物品名称
ITEM,Costume Demi Freyja Hair,[时装]Demi Freyja头发,server/db/re/item_db_equip.yml,物品名称
ITEM,Costume Demi-Freya's Twinkling Eyes,[时装]Demi-Freya的Twinkling眼睛,server/db/re/item_db_equip.yml,物品名称
ITEM,Costume Demo Mask,[时装]Demo面具,server/db/re/item_db_equip.yml,物品名称
ITEM,Costume Demons Familiar,[时装]Demons使魔,server/db/re/item_db_equip.yml,物品名称
ITEM,Costume Denim Ignis Cap,[时装]Denim Ignis帽,server/db/re/item_db_equip.yml,物品名称
ITEM,Costume Deprote Doll Hat,[时装]Deprote玩偶帽,server/db/re/item_db_equip.yml,物品名称
ITEM,Costume Desecrate Fides Aureola,[时装]Desecrate Fides Aureola,server/db/re/item_db_equip.yml,物品名称
ITEM,Costume Desert Prince,[时装]Desert Prince,server/db/re/item_db_equip.yml,物品名称
ITEM,Costume Designer's Brush,[时装]Designer的Brush,server/db/re/item_db_equip.yml,物品名称
ITEM,Costume Devil's Tongue,[时装]恶魔的Tongue,server/db/re/item_db_equip.yml,物品名称
ITEM,Costume Devilring Hat,[时装]Devilring帽,server/db/re/item_db_equip.yml,物品名称
ITEM,Costume Deviruchi Balloon,服装小恶魔气球,server/db/re/item_db_equip.yml,物品名称
ITEM,Costume Deviruchi Cap,小恶魔帽（时装）,server/db/re/item_db_equip.yml,物品名称
ITEM,Costume Diabolic Lapel,[时装]Diabolic Lapel,server/db/re/item_db_equip.yml,物品名称
ITEM,Costume Diadem,冕旒（时装）,server/db/re/item_db_equip.yml,物品名称
ITEM,Costume Diadem of Brunhild,Brunhild之[时装]冠冕,server/db/re/item_db_equip.yml,物品名称
ITEM,Costume Digital Space,数字空间（时装）,server/db/re/item_db_equip.yml,物品名称
ITEM,Costume Dip Schmidt Helm,[时装]Dip Schmidt头盔,server/db/re/item_db_equip.yml,物品名称
ITEM,Costume Disposable 3D Glasses,一次性 3D 眼镜服装,server/db/re/item_db_equip.yml,服装名称
ITEM,Costume Disposable Popcorn Hat,一次性爆米花帽服装,server/db/re/item_db_equip.yml,服装名称
ITEM,Costume DJ Headset,时装头饰 31840,server/db/re/item_db_equip.yml,物品名称
ITEM,Costume Dog Ear Cap,[时装]狗耳朵帽,server/db/re/item_db_equip.yml,物品名称
ITEM,Costume Dog Officer,汪汪军官（时装）,server/db/re/item_db_equip.yml,物品名称
ITEM,Costume Dokebi,[时装]Dokebi,server/db/re/item_db_equip.yml,物品名称
ITEM,Costume Dokebi Hat,小鬼帽服装,server/db/re/item_db_equip.yml,物品名称
ITEM,Costume Dokebi's Wig,服饰非洲发型假发,server/db/re/item_db_equip.yml,物品名称
ITEM,Costume Dokkebi Mask,[时装]Dokkebi面具,server/db/re/item_db_equip.yml,物品名称
ITEM,Costume Dr. Eggman Mask,[时装]Dr. Eggman面具,server/db/re/item_db_equip.yml,物品名称
ITEM,Costume Dragon Cintamani Hat,时装：龙如意宝珠帽,server/db/re/item_db_equip.yml,物品名称
ITEM,Costume Dragon Claw Helm,[时装]龙利爪头盔,server/db/re/item_db_equip.yml,物品名称
ITEM,Costume Dragon Helm,时装·龙骑士头盔,server/db/re/item_db_equip.yml,物品名称
ITEM,Costume Drooping Alicel,[时装]垂耳Alicel,server/db/re/item_db_equip.yml,物品名称
ITEM,Costume Drooping Boto,[时装]垂耳Boto,server/db/re/item_db_equip.yml,物品名称
ITEM,Costume Drooping Chuni Penguin,[时装]垂耳Chuni企鹅,server/db/re/item_db_equip.yml,物品名称
ITEM,Costume Drooping Domovoi,[时装]垂耳Domovoi,server/db/re/item_db_equip.yml,物品名称
ITEM,Costume Drooping Eddga,垂耳虎王服装,server/db/re/item_db_equip.yml,服装名称
ITEM,Costume Drooping Gray Kitty,[时装]垂耳Gray Kitty,server/db/re/item_db_equip.yml,物品名称
ITEM,Costume Drooping Heinrich,时装头饰 31633,server/db/re/item_db_equip.yml,物品名称
ITEM,Costume Drooping Oscar,时装头饰 31632,server/db/re/item_db_equip.yml,物品名称
ITEM,Costume Drooping Panda,[时装]垂耳熊猫,server/db/re/item_db_equip.yml,物品名称
ITEM,Costume Drooping Roxie,[时装]垂耳Roxie,server/db/re/item_db_equip.yml,物品名称
ITEM,Costume Drooping Schmidt,时装头饰 31631,server/db/re/item_db_equip.yml,物品名称
ITEM,Costume Drooping Sorin Doll Hat,[时装]垂耳Sorin玩偶帽,server/db/re/item_db_equip.yml,物品名称
ITEM,Costume Drooping W Doll,[时装]垂耳W玩偶,server/db/re/item_db_equip.yml,物品名称
ITEM,Costume Drooping White Cat,垂坠白猫（时装）,server/db/re/item_db_equip.yml,物品名称
ITEM,Costume Drooping Zhen,[时装]垂耳Zhen,server/db/re/item_db_equip.yml,物品名称
ITEM,Costume Dropping Elly,时装头饰 400128,server/db/re/item_db_equip.yml,物品名称
ITEM,Costume Drops Muffler,时装饰品 31585,server/db/re/item_db_equip.yml,物品名称
ITEM,Costume Drops' Headgear,[时装]滴的Headgear,server/db/re/item_db_equip.yml,物品名称
ITEM,Costume Dullahan Mask,时装头饰 31819,server/db/re/item_db_equip.yml,物品名称
ITEM,Costume Dumbling Wave,时装丸子波浪发,server/db/re/item_db_equip.yml,物品名称
ITEM,Costume Durumagi,时装饰品 31827,server/db/re/item_db_equip.yml,物品名称
ITEM,Costume Eagle Eyes,[时装]鹰眼睛,server/db/re/item_db_equip.yml,物品名称
ITEM,Costume Eclipse Muffler,[时装]Eclipse围巾,server/db/re/item_db_equip.yml,物品名称
ITEM,Costume Egg Crispinette,蛋酥帽（时装）,server/db/re/item_db_equip.yml,物品名称
ITEM,Costume Eleanor Wig,艾莲娜假发服装,server/db/re/item_db_equip.yml,服装名称
ITEM,Costume Eleanor Wig (Yellow),时装饰品 31405,server/db/re/item_db_equip.yml,物品名称
ITEM,Costume Electric Two Sides Up Hair,时装头饰 31575,server/db/re/item_db_equip.yml,物品名称
ITEM,Costume Elephant Fairy,[时装]Elephant妖精,server/db/re/item_db_equip.yml,物品名称
ITEM,Costume Elephant Hat,[时装]Elephant帽,server/db/re/item_db_equip.yml,物品名称
ITEM,Costume Elf Ears,精灵耳服装,server/db/re/item_db_equip.yml,物品名称
ITEM,Costume Emergency Communication,[时装]Emergency Communication,server/db/re/item_db_equip.yml,物品名称
ITEM,Costume Empty Can Hat,[时装]Empty Can帽,server/db/re/item_db_equip.yml,物品名称
ITEM,Costume Enchant Stone Box,服装附魔石箱,server/db/re/item_db_usable.yml,物品名称
ITEM,Costume Enchant Stone Box 13,服装附魔石箱 13,server/db/re/item_db_usable.yml,物品名称
ITEM,Costume Enchant Stone Box 2,服装附魔石箱2,server/db/re/item_db_usable.yml,物品名称
ITEM,Costume Enchant Stone Box 21,服装附魔石箱21,server/db/re/item_db_usable.yml,物品名称
ITEM,Costume Enchant Stone Box 23,服装附魔石箱 23,server/db/re/item_db_usable.yml,物品名称
ITEM,Costume Enchant Stone Box 29,[时装]附魔石箱29,server/db/re/item_db_usable.yml,物品名称
ITEM,Costume Enchant Stone Box 3,服装附魔石箱3,server/db/re/item_db_usable.yml,物品名称
ITEM,Costume Enchant Stone Box 32,[时装]附魔石箱32,server/db/re/item_db_usable.yml,物品名称
ITEM,Costume Enchant Stone Box 39,[时装]附魔石箱39,server/db/re/item_db_usable.yml,物品名称
ITEM,Costume Enchant Stone Box 40,[时装]附魔石箱40,server/db/re/item_db_usable.yml,物品名称
ITEM,Costume Enchant Stone Box 8,服装附魔石箱子8,server/db/re/item_db_usable.yml,物品名称
ITEM,Costume Enchant Stone Box38,[时装]附魔石Box38,server/db/re/item_db_usable.yml,物品名称
ITEM,Costume Evil Bone Hat,[时装]邪恶Bone帽,server/db/re/item_db_equip.yml,物品名称
ITEM,Costume Evil Druid Cross,邪恶德鲁伊十字架服装,server/db/re/item_db_equip.yml,服装名称
ITEM,Costume Evil Eyes of False God,伪造神之[时装]邪恶眼睛,server/db/re/item_db_equip.yml,物品名称
ITEM,Costume Evil Eyes of False God (Garment),伪造神(披肩)之[时装]邪恶眼睛,server/db/re/item_db_equip.yml,物品名称
ITEM,Costume Evil Mask,[时装]邪恶面具,server/db/re/item_db_equip.yml,物品名称
ITEM,Costume Evolved Drooping Bunny,服饰垂耳兔,server/db/re/item_db_equip.yml,物品名称
ITEM,Costume Evolved Evil Wing,时装·恶魔发带,server/db/re/item_db_equip.yml,物品名称
ITEM,Costume Evolved Whisper Mask,服饰进化幽灵面具,server/db/re/item_db_equip.yml,物品名称
ITEM,Costume Explosion Gum,[时装]爆炸口香糖,server/db/re/item_db_equip.yml,物品名称
ITEM,Costume Eyes Mask,[时装]眼睛面具,server/db/re/item_db_equip.yml,物品名称
ITEM,Costume Eyes of War,War之[时装]眼睛,server/db/re/item_db_equip.yml,物品名称
ITEM,Costume Face Crusher,脸部粉碎者（时装）,server/db/re/item_db_equip.yml,物品名称
ITEM,Costume Fairy of Eden,Eden之[时装]妖精,server/db/re/item_db_equip.yml,物品名称
ITEM,Costume Falconer Flute,[时装]Falconer Flute,server/db/re/item_db_equip.yml,物品名称
ITEM,Costume Fallen Angel Lost,服装堕天使之翼,server/db/re/item_db_equip.yml,物品名称
ITEM,Costume Fallen Angel Wing,时装堕落天使之翼,server/db/re/item_db_equip.yml,物品名称
ITEM,Costume Fallen Bishop Evil Spirit,[时装]堕落主教邪恶精灵,server/db/re/item_db_equip.yml,物品名称
ITEM,Costume Fallen Leaves Falling (Red),[时装]堕落Leaves Falling (红色),server/db/re/item_db_equip.yml,物品名称
ITEM,Costume Falling Red Foliage,[时装]Falling红色Foliage,server/db/re/item_db_equip.yml,物品名称
ITEM,Costume False Ears,时装头饰 31384,server/db/re/item_db_equip.yml,物品名称
ITEM,Costume Family Hat,[时装]Family帽,server/db/re/item_db_equip.yml,物品名称
ITEM,Costume Feather Bonnet,服饰羽毛帽,server/db/re/item_db_equip.yml,物品名称
ITEM,Costume Feather Fedora,[时装]羽毛Fedora,server/db/re/item_db_equip.yml,物品名称
ITEM,Costume Feather Stola,时装羽毛斯托拉,server/db/re/item_db_equip.yml,物品名称
ITEM,Costume Festival Box,服装节庆箱,server/db/re/item_db_usable.yml,物品名称
ITEM,Costume Fierce Tiger Headgear,[时装]猛烈老虎Headgear,server/db/re/item_db_equip.yml,物品名称
ITEM,Costume Filir Wings,服饰菲丽尔之翼,server/db/re/item_db_equip.yml,物品名称
ITEM,Costume Fin Helm,时装·鳃状头盔,server/db/re/item_db_equip.yml,物品名称
ITEM,Costume Fire and Lightning Witch Necklace,[时装]火与Lightning女巫项链,server/db/re/item_db_equip.yml,物品名称
ITEM,Costume First Love Cheek,初恋脸颊服装,server/db/re/item_db_equip.yml,服装名称
ITEM,Costume Fish Head,服饰鱼头帽,server/db/re/item_db_equip.yml,物品名称
ITEM,Costume Fish In Mouth,[时装]鱼嘴叼,server/db/re/item_db_equip.yml,物品名称
ITEM,Costume Fish Marche,[时装]鱼Marche,server/db/re/item_db_equip.yml,物品名称
ITEM,Costume Fishbone Hair,[时装]Fishbone头发,server/db/re/item_db_equip.yml,物品名称
ITEM,Costume Flaming Burst Wave(Garment),[时装]Flaming Burst波动(披肩),server/db/re/item_db_equip.yml,物品名称
ITEM,Costume Floating Gioia,[时装]漂浮Gioia,server/db/re/item_db_equip.yml,物品名称
ITEM,Costume Floating Ice,时装饰品 31432,server/db/re/item_db_equip.yml,物品名称
ITEM,Costume Floating Sage Stone,[时装]漂浮Sage石,server/db/re/item_db_equip.yml,物品名称
ITEM,Costume Floating Shield,时装饰品 31851,server/db/re/item_db_equip.yml,物品名称
ITEM,Costume Floral Hat,[时装]Floral帽,server/db/re/item_db_equip.yml,物品名称
ITEM,Costume Floral Waltz,花之华尔兹（时装）,server/db/re/item_db_equip.yml,物品名称
ITEM,Costume Flower Lily,服饰莲花帽,server/db/re/item_db_equip.yml,物品名称
ITEM,Costume Flower Summer Hat,花朵夏日帽（时装）,server/db/re/item_db_equip.yml,物品名称
ITEM,Costume Flower Wing,[时装]花翅膀,server/db/re/item_db_equip.yml,物品名称
ITEM,Costume Flowerpot Mask,服饰花盆面具,server/db/re/item_db_equip.yml,物品名称
ITEM,Costume Flowing Long (Blonde),时装道具 31635,server/db/re/item_db_equip.yml,物品名称
ITEM,Costume Flowing Long (Silver),时装道具 31636,server/db/re/item_db_equip.yml,物品名称
ITEM,Costume Fluffy Angel Cape,时装饰品 31438,server/db/re/item_db_equip.yml,物品名称
ITEM,Costume Fluffy Heart Earmuffs,时装头饰 31439,server/db/re/item_db_equip.yml,物品名称
ITEM,Costume Fluffy Semi-Long Hair(Cherry Blossom),时装蓬松半长发（樱花）,server/db/re/item_db_equip.yml,物品名称
ITEM,Costume Fluffy Semi-Long Hair(Jet Black),时装蓬松半长发（乌黑）,server/db/re/item_db_equip.yml,物品名称
ITEM,Costume Fluffy Semi-Long Hair(Light Blue),时装蓬松半长发（水蓝）,server/db/re/item_db_equip.yml,物品名称
ITEM,Costume Fluffy Semi-Long Hair(Light Purple),时装蓬松半长发（浅紫色）,server/db/re/item_db_equip.yml,物品名称
ITEM,Costume Fluffy Semi-Long Hair(Orange),时装蓬松半长发（橙色）,server/db/re/item_db_equip.yml,物品名称
ITEM,Costume Fluffy Semi-Long Hair(Turquoise),时装蓬松半长发（青绿色）,server/db/re/item_db_equip.yml,物品名称
ITEM,Costume Fluffy Semi-Long Hair(White),时装蓬松半长发（白色）,server/db/re/item_db_equip.yml,物品名称
ITEM,Costume Fluffy Semi-Long Hair(Yellow),时装蓬松半长发（黄色）,server/db/re/item_db_equip.yml,物品名称
ITEM,Costume Fluttering Haze,[时装]Fluttering Haze,server/db/re/item_db_equip.yml,物品名称
ITEM,Costume Flying Angel,服饰飞翔天使,server/db/re/item_db_equip.yml,物品名称
ITEM,Costume Forest Guide,时装头饰 31598,server/db/re/item_db_equip.yml,物品名称
ITEM,Costume Forgotten Angel Wing,[时装]Forgotten天使翅膀,server/db/re/item_db_equip.yml,物品名称
ITEM,Costume Fox Bamboo Hat,[时装]狐狸竹筒帽,server/db/re/item_db_equip.yml,物品名称
ITEM,Costume Fox Ears Drop Ribbon,[时装]狐狸耳朵滴缎带,server/db/re/item_db_equip.yml,物品名称
ITEM,Costume Fox Tail,狐狸尾巴服装,server/db/re/item_db_equip.yml,服装名称
ITEM,Costume Friend Mochiring Hat,[时装]Friend Mochiring帽,server/db/re/item_db_equip.yml,物品名称
ITEM,Costume Frog Cap,青蛙帽（时装）,server/db/re/item_db_equip.yml,物品名称
ITEM,Costume Frog King Hat,青蛙王帽服装,server/db/re/item_db_equip.yml,物品名称
ITEM,Costume Full Bloom Cherry Tree,盛放的樱花（时装）,server/db/re/item_db_equip.yml,物品名称
ITEM,Costume Full Blossom Sakura Hairpin Blue,[时装]完整花朵樱花发夹蓝色,server/db/re/item_db_equip.yml,物品名称
ITEM,Costume Funeral Hat,服饰葬礼帽,server/db/re/item_db_equip.yml,物品名称
ITEM,Costume Furious Wave,狂怒波浪服装,server/db/re/item_db_equip.yml,服装名称
ITEM,Costume Garden of Eden,时装头饰 31388,server/db/re/item_db_equip.yml,物品名称
ITEM,Costume Garden of Heaven,天堂之[时装]Garden,server/db/re/item_db_equip.yml,物品名称
ITEM,Costume Gelato Hat,意式冰淇淋帽服装,server/db/re/item_db_equip.yml,服装名称
ITEM,Costume General Daehyon Falchion,[时装]General Daehyon Falchion,server/db/re/item_db_equip.yml,物品名称
ITEM,Costume Gentle Marlin Balloon,[时装]Gentle Marlin气球,server/db/re/item_db_equip.yml,物品名称
ITEM,Costume Gerhard Von Devi Bag,[时装]Gerhard Von Devi袋,server/db/re/item_db_equip.yml,物品名称
ITEM,Costume Ghost Bandana,[时装]幽灵头巾,server/db/re/item_db_equip.yml,物品名称
ITEM,Costume Ghost Bat(Lower),[时装]幽灵Bat(下段),server/db/re/item_db_equip.yml,物品名称
ITEM,Costume Ghost Effect,[时装]幽灵效果,server/db/re/item_db_equip.yml,物品名称
ITEM,Costume Giant Angeling,[时装]巨大Angeling,server/db/re/item_db_equip.yml,物品名称
ITEM,Costume Giant Cat Bag,巨大喵喵背包（时装）,server/db/re/item_db_equip.yml,物品名称
ITEM,Costume Giant Ribbon Bell,背面缎带铃铛（时装）,server/db/re/item_db_equip.yml,物品名称
ITEM,Costume Giant Shark,服装巨鲨,server/db/re/item_db_equip.yml,物品名称
ITEM,Costume Giant White Rabbit,服装巨大白兔,server/db/re/item_db_equip.yml,物品名称
ITEM,Costume Girlfriend Recruitment Hat,[时装]Girlfriend Recruitment帽,server/db/re/item_db_equip.yml,物品名称
ITEM,Costume Glast Heim Spectator,[时装]Glast Heim观测者,server/db/re/item_db_equip.yml,物品名称
ITEM,Costume Glory Symbol,[时装]荣耀Symbol,server/db/re/item_db_equip.yml,物品名称
ITEM,Costume Glowing White Blush,发光白色腮红服装,server/db/re/item_db_equip.yml,服装名称
ITEM,Costume Goat Helmet,[时装]山羊头盔,server/db/re/item_db_equip.yml,物品名称
ITEM,Costume Goblin Leader Mask,时装·哥布林首领面具,server/db/re/item_db_equip.yml,物品名称
ITEM,Costume God's Helm,[时装]神的头盔,server/db/re/item_db_equip.yml,物品名称
ITEM,Costume Gold Baphomet Horns,时装头饰 31589,server/db/re/item_db_equip.yml,物品名称
ITEM,Costume Gold Energy,[时装]黄金能量,server/db/re/item_db_equip.yml,物品名称
ITEM,Costume Gold Helm of Vanagandr,Vanagandr之[时装]黄金头盔,server/db/re/item_db_equip.yml,物品名称
ITEM,Costume Gold Tiara,[时装]黄金Tiara,server/db/re/item_db_equip.yml,物品名称
ITEM,Costume Golden Angel Wing,黄金天使之翼服装,server/db/re/item_db_equip.yml,服装名称
ITEM,Costume Golden Baseball Cap,[时装]金色Baseball帽,server/db/re/item_db_equip.yml,物品名称
ITEM,Costume Golden Butterfly Wings,金色蝴蝶翅膀（时装）,server/db/re/item_db_equip.yml,物品名称
ITEM,Costume Golden Fish Hat,[时装]金色鱼帽,server/db/re/item_db_equip.yml,物品名称
ITEM,Costume Golden Poring Hat,黄金波利帽服装,server/db/re/item_db_equip.yml,服装名称
ITEM,Costume Golden Savage Hat,[时装]金色Savage帽,server/db/re/item_db_equip.yml,物品名称
ITEM,Costume Golden Shower,[时装]金色Shower,server/db/re/item_db_equip.yml,物品名称
ITEM,Costume Goodbye Five Eagle Brothers,[时装]Goodbye Five鹰Brothers,server/db/re/item_db_equip.yml,物品名称
ITEM,Costume Gorgon Coronet,[时装]Gorgon Coronet,server/db/re/item_db_equip.yml,物品名称
ITEM,Costume Gothic Headdress,[时装]哥特Headdress,server/db/re/item_db_equip.yml,物品名称
ITEM,Costume Gothic Heart Wing,[时装]哥特心翅膀,server/db/re/item_db_equip.yml,物品名称
ITEM,Costume Gothic Pumpkin Head,时装头饰 31385,server/db/re/item_db_equip.yml,物品名称
ITEM,Costume Grand Peco Hairband,[时装]Grand Peco发带,server/db/re/item_db_equip.yml,物品名称
ITEM,Costume Gravekeeper Blinker,[时装]Gravekeeper Blinker,server/db/re/item_db_equip.yml,物品名称
ITEM,Costume Great Devil Wings,时装大恶魔之翼,server/db/re/item_db_equip.yml,物品名称
ITEM,Costume Green Apple Flavour,[时装]绿色苹果Flavour,server/db/re/item_db_equip.yml,物品名称
ITEM,Costume Green Energy,[时装]绿色能量,server/db/re/item_db_equip.yml,物品名称
ITEM,Costume Green Feeler,时装·绿色触角,server/db/re/item_db_equip.yml,物品名称
ITEM,Costume Green Onion in Mouth,[时装]绿色洋葱嘴叼,server/db/re/item_db_equip.yml,物品名称
ITEM,Costume Grimoire of Red Blood,红色血之[时装]Grimoire,server/db/re/item_db_equip.yml,物品名称
ITEM,Costume Gryphon Hairband,[时装]狮鹫发带,server/db/re/item_db_equip.yml,物品名称
ITEM,Costume Gryphon Hat,时装·狮鹫帽,server/db/re/item_db_equip.yml,物品名称
ITEM,Costume Gryphon Wing Ears,[时装]狮鹫翅膀耳朵,server/db/re/item_db_equip.yml,物品名称
ITEM,Costume Guard's Hat,时装头饰 31845,server/db/re/item_db_equip.yml,物品名称
ITEM,Costume Guardian Helm,[时装]守护者头盔,server/db/re/item_db_equip.yml,物品名称
ITEM,Costume Guardian of Abyss (Middle),深渊(中段)之[时装]守护者,server/db/re/item_db_equip.yml,物品名称
ITEM,Costume Guillotine Cross Low Pony,[时装]断头台十字Low Pony,server/db/re/item_db_equip.yml,物品名称
ITEM,Costume Guillotine Cross Short (Red),[时装]断头台十字Short (红色),server/db/re/item_db_equip.yml,物品名称
ITEM,Costume Guillotine Cross Short (White),[时装]断头台十字Short (白色),server/db/re/item_db_equip.yml,物品名称
ITEM,Costume Gumming,[时装]Gumming,server/db/re/item_db_equip.yml,物品名称
ITEM,Costume Hagu Hagu Marin,[时装]Hagu Hagu Marin,server/db/re/item_db_equip.yml,物品名称
ITEM,Costume Hagu Hagu Poring,[时装]Hagu Hagu波利,server/db/re/item_db_equip.yml,物品名称
ITEM,Costume Hahoe Mask,河回面具（时装）,server/db/re/item_db_equip.yml,物品名称
ITEM,Costume Hair Band,服饰发带,server/db/re/item_db_equip.yml,物品名称
ITEM,Costume Hair in a Bun(Black),黑色发髻发型服装,server/db/re/item_db_equip.yml,服装名称
ITEM,Costume Hair in a Bun(Blue),蓝色发髻发型服装,server/db/re/item_db_equip.yml,服装名称
ITEM,Costume Hair in a Bun(Brown),棕色发髻发型服装,server/db/re/item_db_equip.yml,服装名称
ITEM,Costume Hair in a Bun(Green),绿色发髻发型服装,server/db/re/item_db_equip.yml,服装名称
ITEM,Costume Hair in a Bun(Purple),紫色发髻发型服装,server/db/re/item_db_equip.yml,服装名称
ITEM,Costume Hair in a Bun(Red),红色发髻发型服装,server/db/re/item_db_equip.yml,服装名称
ITEM,Costume Hair in a Bun(White),白色发髻发型服装,server/db/re/item_db_equip.yml,服装名称
ITEM,Costume Hair in a Bun(Yellow),黄色发髻发型服装,server/db/re/item_db_equip.yml,服装名称
ITEM,Costume Hairband Of Reginleif,时装·雷金莱芙之翼,server/db/re/item_db_equip.yml,物品名称
ITEM,Costume Halloween Candy Pouch,[时装]Halloween Candy Pouch,server/db/re/item_db_equip.yml,物品名称
ITEM,Costume Halloween Hat,服饰万圣节帽,server/db/re/item_db_equip.yml,物品名称
ITEM,Costume Halloween Poring Bag,南瓜波利背包（时装）,server/db/re/item_db_equip.yml,物品名称
ITEM,Costume Hanging Black Lunatic Ears,[时装]Hanging黑色Lunatic耳朵,server/db/re/item_db_equip.yml,物品名称
ITEM,Costume Hanwha X RO Poring Tube,[时装]Hanwha X RO波利Tube,server/db/re/item_db_equip.yml,物品名称
ITEM,Costume Happiness Wings,时装幸福之翼,server/db/re/item_db_equip.yml,物品名称
ITEM,Costume Happy Balloon,[时装]快乐气球,server/db/re/item_db_equip.yml,物品名称
ITEM,Costume Happy Carnival Balloon,[时装]快乐Carnival气球,server/db/re/item_db_equip.yml,物品名称
ITEM,Costume Happy Cat,服装快乐猫,server/db/re/item_db_equip.yml,物品名称
ITEM,Costume Happy Longtail Cat,[时装]快乐Longtail猫,server/db/re/item_db_equip.yml,物品名称
ITEM,Costume Happy Lunatic Hanging Ear,[时装]快乐Lunatic Hanging耳朵,server/db/re/item_db_equip.yml,物品名称
ITEM,Costume Happy Peace Proof,幸福和平证明服装,server/db/re/item_db_equip.yml,物品名称
ITEM,Costume Happy Summer Ribbon,[时装]快乐夏季缎带,server/db/re/item_db_equip.yml,物品名称
ITEM,Costume Happy Summer Wig,[时装]快乐夏季假发,server/db/re/item_db_equip.yml,物品名称
ITEM,Costume Harvest Festival Hat,丰收祭纪念帽（时装）,server/db/re/item_db_equip.yml,物品名称
ITEM,Costume Hat of the Sun God,时装太阳神帽,server/db/re/item_db_equip.yml,物品名称
ITEM,Costume Hat of the Sun God (Upper),太阳神(上段)之[时装]帽,server/db/re/item_db_equip.yml,物品名称
ITEM,Costume Heart Angel,[时装]心天使,server/db/re/item_db_equip.yml,物品名称
ITEM,Costume Heart Chiffon Rabbit,[时装]心Chiffon兔子,server/db/re/item_db_equip.yml,物品名称
ITEM,Costume Heart Chocolate in Mouth,[时装]心Chocolate嘴叼,server/db/re/item_db_equip.yml,物品名称
ITEM,Costume Heart Hairpin,服饰爱心发夹,server/db/re/item_db_equip.yml,物品名称
ITEM,Costume Heart of Cat,时装头饰 31624,server/db/re/item_db_equip.yml,物品名称
ITEM,Costume Heart Wing Backpack,爱心翅膀背包服装,server/db/re/item_db_equip.yml,服装名称
ITEM,Costume Heaven Cage,天堂鸟笼（时装）,server/db/re/item_db_equip.yml,物品名称
ITEM,Costume Heavenly Order,[时装]Heavenly Order,server/db/re/item_db_equip.yml,物品名称
ITEM,Costume Heavy Infantry Silver Helmet,[时装]Heavy Infantry银色头盔,server/db/re/item_db_equip.yml,物品名称
ITEM,Costume Helm,时装·头盔,server/db/re/item_db_equip.yml,物品名称
ITEM,Costume Helm of Angel,天使头盔（时装）,server/db/re/item_db_equip.yml,物品名称
ITEM,Costume Hilarious Bandit Hat,[时装]Hilarious Bandit帽,server/db/re/item_db_equip.yml,物品名称
ITEM,Costume Hill Wind Mask,希尔风面具（时装）,server/db/re/item_db_equip.yml,物品名称
ITEM,Costume Himelmez's Wig (Black),时装头饰 31880,server/db/re/item_db_equip.yml,物品名称
ITEM,Costume Himelmez's Wig (Blue Green),时装头饰 31879,server/db/re/item_db_equip.yml,物品名称
ITEM,Costume Himelmez's Wig (Blue),时装头饰 31874,server/db/re/item_db_equip.yml,物品名称
ITEM,Costume Himelmez's Wig (Brown),时装头饰 31881,server/db/re/item_db_equip.yml,物品名称
ITEM,Costume Himelmez's Wig (Light Purple),时装头饰 31877,server/db/re/item_db_equip.yml,物品名称
ITEM,Costume Himelmez's Wig (Pink),时装头饰 31878,server/db/re/item_db_equip.yml,物品名称
ITEM,Costume Himelmez's Wig (White),时装头饰 31876,server/db/re/item_db_equip.yml,物品名称
ITEM,Costume Himelmez's Wig (Yellow),时装头饰 31875,server/db/re/item_db_equip.yml,物品名称
ITEM,Costume Holy Mom Love,神圣母爱服装,server/db/re/item_db_equip.yml,物品名称
ITEM,Costume Home Cherry Blossom,家园樱花服装,server/db/re/item_db_equip.yml,物品名称
ITEM,Costume Honey Pancake,[时装]Honey Pancake,server/db/re/item_db_equip.yml,物品名称
ITEM,Costume Honeybee Hat,蜜蜂帽服装,server/db/re/item_db_equip.yml,物品名称
ITEM,Costume Honorable Knight Cloak,[时装]Honorable骑士斗篷,server/db/re/item_db_equip.yml,物品名称
ITEM,Costume Hooked Straw Hat,[时装]Hooked Straw帽,server/db/re/item_db_equip.yml,物品名称
ITEM,Costume Hopping Twin Pigtail,[时装]Hopping双子双马尾,server/db/re/item_db_equip.yml,物品名称
ITEM,Costume Horse King J,[时装]Horse国王J,server/db/re/item_db_equip.yml,物品名称
ITEM,Costume Hot Blood Headband,[时装]Hot血头带,server/db/re/item_db_equip.yml,物品名称
ITEM,Costume Hunting Cap Of Gust,服饰疾风猎帽,server/db/re/item_db_equip.yml,物品名称
ITEM,Costume I LOVE GAMES,[时装]I爱GAMES,server/db/re/item_db_equip.yml,物品名称
ITEM,Costume Idun Feather Ears,[时装]Idun羽毛耳朵,server/db/re/item_db_equip.yml,物品名称
ITEM,Costume Illusion Crystal,幻影水晶服装,server/db/re/item_db_equip.yml,服装名称
ITEM,Costume Imperial Glory,时装帝国荣耀,server/db/re/item_db_equip.yml,物品名称
ITEM,Costume Incubus Horn,服饰梦魇之角,server/db/re/item_db_equip.yml,物品名称
ITEM,Costume Indian Feather Headband,印第安羽毛发带（时装）,server/db/re/item_db_equip.yml,物品名称
ITEM,Costume Inner Color Long,[时装]Inner Color长,server/db/re/item_db_equip.yml,物品名称
ITEM,Costume Intake(Black),[时装]Intake(黑色),server/db/re/item_db_equip.yml,物品名称
ITEM,Costume Intake(Blue),[时装]Intake(蓝色),server/db/re/item_db_equip.yml,物品名称
ITEM,Costume Intake(Green),[时装]Intake(绿色),server/db/re/item_db_equip.yml,物品名称
ITEM,Costume Intake(Orange),[时装]Intake(橙色),server/db/re/item_db_equip.yml,物品名称
ITEM,Costume Intake(Purple),[时装]Intake(紫色),server/db/re/item_db_equip.yml,物品名称
ITEM,Costume Intake(Red),[时装]Intake(红色),server/db/re/item_db_equip.yml,物品名称
ITEM,Costume Intake(White),[时装]Intake(白色),server/db/re/item_db_equip.yml,物品名称
ITEM,Costume Intake(Yellow),[时装]Intake(黄色),server/db/re/item_db_equip.yml,物品名称
ITEM,Costume Interdimensional Rift,[时装]异次元裂隙,server/db/re/item_db_equip.yml,物品名称
ITEM,Costume Invisible Manteau,[时装]Invisible斗篷,server/db/re/item_db_equip.yml,物品名称
ITEM,Costume Irene Hairstyle (Cacao),艾琳发型（可可色）服装,server/db/re/item_db_equip.yml,服装名称
ITEM,Costume Irene Hairstyle (Cream),艾琳发型（奶油色）服装,server/db/re/item_db_equip.yml,服装名称
ITEM,Costume Irene Hairstyle (Lime),艾琳发型（青柠色）服装,server/db/re/item_db_equip.yml,服装名称
ITEM,Costume Irene Hairstyle (Navy),艾琳发型（藏青色）服装,server/db/re/item_db_equip.yml,服装名称
ITEM,Costume Irene Hairstyle (Rose),艾琳发型（玫瑰色）服装,server/db/re/item_db_equip.yml,服装名称
ITEM,Costume Iron Cain,时装·铁面具,server/db/re/item_db_equip.yml,物品名称
ITEM,Costume Irwin Cold Hat,[时装]Irwin Cold帽,server/db/re/item_db_equip.yml,物品名称
ITEM,Costume Jack A Dandy,时装·头戴眼镜,server/db/re/item_db_equip.yml,物品名称
ITEM,Costume Jaguar Mask,美洲豹面具服装,server/db/re/item_db_equip.yml,服装名称
ITEM,Costume Jakk,贾克服装,server/db/re/item_db_equip.yml,物品名称
ITEM,Costume Japanese Umbrella,[时装]Japanese Umbrella,server/db/re/item_db_equip.yml,物品名称
ITEM,Costume Jeje Cap,[时装]Jeje帽,server/db/re/item_db_equip.yml,物品名称
ITEM,Costume Joker Jester,服饰小丑帽,server/db/re/item_db_equip.yml,物品名称
ITEM,Costume Jolly Roger Hat,[时装]Jolly Roger帽,server/db/re/item_db_equip.yml,物品名称
ITEM,Costume Jormungandr Head,[时装]Jormungandr头部,server/db/re/item_db_equip.yml,物品名称
ITEM,Costume Joystick Hat,[时装]Joystick帽,server/db/re/item_db_equip.yml,物品名称
ITEM,Costume Juan Hat,[时装]Juan帽,server/db/re/item_db_equip.yml,物品名称
ITEM,Costume Jumping Poring,[时装]Jumping波利,server/db/re/item_db_equip.yml,物品名称
ITEM,Costume Kardui Ears,[时装]Kardui耳朵,server/db/re/item_db_equip.yml,物品名称
ITEM,Costume Katarina von Blood 60,[时装]Katarina von血60,server/db/re/item_db_equip.yml,物品名称
ITEM,Costume Kettle Hat,[时装]水壶帽,server/db/re/item_db_equip.yml,物品名称
ITEM,Costume Kindergarten Hat,幼儿园学生帽（时装）,server/db/re/item_db_equip.yml,物品名称
ITEM,Costume King Berry,王莓服装,server/db/re/item_db_equip.yml,物品名称
ITEM,Costume King of Spirit Circle,精灵圆环之[时装]国王,server/db/re/item_db_equip.yml,物品名称
ITEM,Costume King Schmidt's Cape,[时装]国王Schmidt的披风,server/db/re/item_db_equip.yml,物品名称
ITEM,Costume Kishu Dog,时装道具 31600,server/db/re/item_db_equip.yml,物品名称
ITEM,Costume Knit Cap Of Water,服饰巨型水之针织帽,server/db/re/item_db_equip.yml,物品名称
ITEM,Costume Knit Rabbit Ears,针织兔耳服装,server/db/re/item_db_equip.yml,物品名称
ITEM,Costume Koneko Hat,[时装]Koneko帽,server/db/re/item_db_equip.yml,物品名称
ITEM,Costume Kotatsu,[时装]暖桌,server/db/re/item_db_equip.yml,物品名称
ITEM,Costume Kumamon Bald Person,[时装]Kumamon Bald Person,server/db/re/item_db_equip.yml,物品名称
ITEM,Costume Lady Poring Balloon,[时装]Lady波利气球,server/db/re/item_db_equip.yml,物品名称
ITEM,Costume Lady Tanee,[时装]Lady Tanee,server/db/re/item_db_equip.yml,物品名称
ITEM,Costume Lady Tanee Doll,[时装]Lady Tanee玩偶,server/db/re/item_db_equip.yml,物品名称
ITEM,Costume Large Orc Hero Helmet,大型兽人英雄头盔（时装）,server/db/re/item_db_equip.yml,物品名称
ITEM,Costume Large Ribbon Muffler (White),[时装]Large缎带围巾(白色),server/db/re/item_db_equip.yml,物品名称
ITEM,Costume Laser of Eagle,鹰之激光（时装）,server/db/re/item_db_equip.yml,物品名称
ITEM,Costume Laurel,月桂冠服装,server/db/re/item_db_equip.yml,物品名称
ITEM,Costume Lazy Smokie,服饰慵懒浣熊,server/db/re/item_db_equip.yml,物品名称
ITEM,Costume Leaf Cat Hat,叶猫帽服装,server/db/re/item_db_equip.yml,物品名称
ITEM,Costume Leaf Umbrella,叶子伞服装,server/db/re/item_db_equip.yml,服装名称
ITEM,Costume Leo Diadem,[时装]Leo冠冕,server/db/re/item_db_equip.yml,物品名称
ITEM,Costume Let It Snow,时装头饰 31390,server/db/re/item_db_equip.yml,物品名称
ITEM,Costume Let's go Five Eagle Brothers,[时装]Let的go Five鹰Brothers,server/db/re/item_db_equip.yml,物品名称
ITEM,Costume Light Blue Energy,[时装]光蓝色能量,server/db/re/item_db_equip.yml,物品名称
ITEM,Costume Light Bulb Band,[时装]光Bulb发带,server/db/re/item_db_equip.yml,物品名称
ITEM,Costume Light Bulb Hairband,[时装]光Bulb发带,server/db/re/item_db_equip.yml,物品名称
ITEM,Costume Lightly Braided Low Twin (White),时装轻编低双马尾（白色）,server/db/re/item_db_equip.yml,物品名称
ITEM,Costume Lion Crown,[时装]Lion王冠,server/db/re/item_db_equip.yml,物品名称
ITEM,Costume Little Angel Doll,时装·小天使娃娃,server/db/re/item_db_equip.yml,物品名称
ITEM,Costume Little Aquarium,小型水族馆（时装）,server/db/re/item_db_equip.yml,物品名称
ITEM,Costume Little Devil Wings,小恶魔之翼（时装）,server/db/re/item_db_equip.yml,物品名称
ITEM,Costume Little Devil's Horn,[时装]小恶魔的角,server/db/re/item_db_equip.yml,物品名称
ITEM,Costume Little Feather Hat,[时装]小羽毛帽,server/db/re/item_db_equip.yml,物品名称
ITEM,Costume Long Twin (Black),[时装]长双子(黑色),server/db/re/item_db_equip.yml,物品名称
ITEM,Costume Long Twin (Blue),[时装]长双子(蓝色),server/db/re/item_db_equip.yml,物品名称
ITEM,Costume Long Twin (Brown),[时装]长双子(棕色),server/db/re/item_db_equip.yml,物品名称
ITEM,Costume Long Twin (Green),[时装]长双子(绿色),server/db/re/item_db_equip.yml,物品名称
ITEM,Costume Long Twin (Red),[时装]长双子(红色),server/db/re/item_db_equip.yml,物品名称
ITEM,Costume Long Twin (White),[时装]长双子(白色),server/db/re/item_db_equip.yml,物品名称
ITEM,Costume Long Twin (Yellow),[时装]长双子(黄色),server/db/re/item_db_equip.yml,物品名称
ITEM,Costume Long Wave (Light Brown),[时装]长波动(光棕色),server/db/re/item_db_equip.yml,物品名称
ITEM,Costume Long Wave(Blonde),时装长波浪（金发）,server/db/re/item_db_equip.yml,物品名称
ITEM,Costume Long Wave(Silver),时装长波浪（银发）,server/db/re/item_db_equip.yml,物品名称
ITEM,Costume Loose Braided Waves (Bronze),[时装]Loose编发Waves (Bronze),server/db/re/item_db_equip.yml,物品名称
ITEM,Costume Loose Braided Waves (Royal Bronze),[时装]Loose编发Waves (皇家Bronze),server/db/re/item_db_equip.yml,物品名称
ITEM,Costume Loose Braided Waves (Royal Silver),[时装]Loose编发Waves (皇家银色),server/db/re/item_db_equip.yml,物品名称
ITEM,Costume Loose Braided Waves (Silver),[时装]Loose编发Waves (银色),server/db/re/item_db_equip.yml,物品名称
ITEM,Costume Lord of Death Helmet (Middle),死亡头盔(中段)之[时装]Lord,server/db/re/item_db_equip.yml,物品名称
ITEM,Costume Lost Time,失落时光（时装）,server/db/re/item_db_equip.yml,物品名称
ITEM,Costume Lots Braided Hair,[时装]Lots编发头发,server/db/re/item_db_equip.yml,物品名称
ITEM,Costume Love Cheeks,爱脸红（时装）,server/db/re/item_db_equip.yml,物品名称
ITEM,Costume Love Guard,爱之守护（时装）,server/db/re/item_db_equip.yml,物品名称
ITEM,Costume Love Love Balloon,[时装]爱爱气球,server/db/re/item_db_equip.yml,物品名称
ITEM,Costume Love Rabbit Hood,服饰爱心兔兜帽,server/db/re/item_db_equip.yml,物品名称
ITEM,Costume Lovely Ribbon Hair,时装饰品 31846,server/db/re/item_db_equip.yml,物品名称
ITEM,Costume Low Pony (Black),时装低马尾（黑）,server/db/re/item_db_equip.yml,物品名称
ITEM,Costume Low Pony (Blue),时装低马尾（蓝）,server/db/re/item_db_equip.yml,物品名称
ITEM,Costume Low Pony (Brown),时装低马尾（棕）,server/db/re/item_db_equip.yml,物品名称
ITEM,Costume Low Pony (Green),时装低马尾（绿）,server/db/re/item_db_equip.yml,物品名称
ITEM,Costume Low Pony (Purple),时装低马尾（紫）,server/db/re/item_db_equip.yml,物品名称
ITEM,Costume Low Pony (Red),时装低马尾（红）,server/db/re/item_db_equip.yml,物品名称
ITEM,Costume Low Pony (White),时装低马尾（白）,server/db/re/item_db_equip.yml,物品名称
ITEM,Costume Low Pony (Yellow),时装低马尾（黄）,server/db/re/item_db_equip.yml,物品名称
ITEM,Costume Lucky Clover,[时装]幸运四叶草,server/db/re/item_db_equip.yml,物品名称
ITEM,Costume Lude Mask,[时装]Lude面具,server/db/re/item_db_equip.yml,物品名称
ITEM,Costume Lunatic Family Balloon,[时装]Lunatic Family气球,server/db/re/item_db_equip.yml,物品名称
ITEM,Costume Lunatic on Shoulder,肩上的疯兔服装,server/db/re/item_db_equip.yml,物品名称
ITEM,Costume Mackerel Pike,叼在嘴里的金鱼（时装）,server/db/re/item_db_equip.yml,物品名称
ITEM,Costume Mad Hatter's Hat,[时装]Mad Hatter的帽,server/db/re/item_db_equip.yml,物品名称
ITEM,Costume Magaleta Hair,[时装]Magaleta头发,server/db/re/item_db_equip.yml,物品名称
ITEM,Costume Magestic Goat,威严山羊（时装）,server/db/re/item_db_equip.yml,物品名称
ITEM,Costume Magic Circle Rainbow,彩虹魔法阵（时装）,server/db/re/item_db_equip.yml,物品名称
ITEM,Costume Magic Helm,时装头饰 31884,server/db/re/item_db_equip.yml,物品名称
ITEM,Costume Magic Successor,时装道具 31620,server/db/re/item_db_equip.yml,物品名称
ITEM,Costume Magical Booster,魔法增幅器（时装）,server/db/re/item_db_equip.yml,物品名称
ITEM,Costume Magician Hat,[时装]魔术师帽,server/db/re/item_db_equip.yml,物品名称
ITEM,Costume Magician Knit Hat,[时装]魔术师Knit帽,server/db/re/item_db_equip.yml,物品名称
ITEM,Costume Magician's Night Cap,[时装]魔术师的夜晚帽,server/db/re/item_db_equip.yml,物品名称
ITEM,Costume Magicstone of Grace,Grace之[时装]Magicstone,server/db/re/item_db_equip.yml,物品名称
ITEM,Costume Mainspring Screw,[时装]Mainspring Screw,server/db/re/item_db_equip.yml,物品名称
ITEM,Costume Man's Medal(Gold),金色男人的勋章（时装）,server/db/re/item_db_equip.yml,物品名称
ITEM,Costume Man's Pride,男人的勋章（时装）,server/db/re/item_db_equip.yml,物品名称
ITEM,Costume Mandragora Cap,[时装]Mandragora帽,server/db/re/item_db_equip.yml,物品名称
ITEM,Costume Maneater Flower HP,[时装]Maneater花生命值,server/db/re/item_db_equip.yml,物品名称
ITEM,Costume Many Flowers Love,[时装]繁星Flowers爱,server/db/re/item_db_equip.yml,物品名称
ITEM,Costume Marcher Hat,时装·神圣行军帽,server/db/re/item_db_equip.yml,物品名称
ITEM,Costume Marin Hat,玛琳帽服装,server/db/re/item_db_equip.yml,服装名称
ITEM,Costume Marine Cap,[时装]Marine帽,server/db/re/item_db_equip.yml,物品名称
ITEM,Costume Mask of Ifrit,Ifrit之[时装]面具,server/db/re/item_db_equip.yml,物品名称
ITEM,Costume Masquerade,[时装]Masquerade,server/db/re/item_db_equip.yml,物品名称
ITEM,Costume Master,[时装]大师,server/db/re/item_db_equip.yml,物品名称
ITEM,Costume Mecha Cat Ears,时装头饰 31573,server/db/re/item_db_equip.yml,物品名称
ITEM,Costume Mechanic Outside Hanebob (Jet Black),[时装]机匠Outside Hanebob (Jet黑色),server/db/re/item_db_equip.yml,物品名称
ITEM,Costume Mechanic Outside Hanebob (Light Blue),[时装]机匠Outside Hanebob (光蓝色),server/db/re/item_db_equip.yml,物品名称
ITEM,Costume Mechanic Outside Hanebob (Light Green),[时装]机匠Outside Hanebob (光绿色),server/db/re/item_db_equip.yml,物品名称
ITEM,Costume Mechanic Outside Hanebob (Light Purple),[时装]机匠Outside Hanebob (光紫色),server/db/re/item_db_equip.yml,物品名称
ITEM,Costume Mechanic Outside Hanebob (Red),[时装]机匠Outside Hanebob (红色),server/db/re/item_db_equip.yml,物品名称
ITEM,Costume Mechanic Outside Hanebob (Sakura),[时装]机匠Outside Hanebob (樱花),server/db/re/item_db_equip.yml,物品名称
ITEM,Costume Mechanic Outside Hanebob (White),[时装]机匠Outside Hanebob (白色),server/db/re/item_db_equip.yml,物品名称
ITEM,Costume Mechanic Outside Hanebob (Yellow),[时装]机匠Outside Hanebob (黄色),server/db/re/item_db_equip.yml,物品名称
ITEM,Costume Mechanic Wing,[时装]机匠翅膀,server/db/re/item_db_equip.yml,物品名称
ITEM,Costume Medium Wave,时装头饰 31599,server/db/re/item_db_equip.yml,物品名称
ITEM,Costume Melon Flavour,[时装]甜瓜Flavour,server/db/re/item_db_equip.yml,物品名称
ITEM,Costume Melon Headphone,[时装]甜瓜耳机,server/db/re/item_db_equip.yml,物品名称
ITEM,Costume Memories of Summer Noodles,夏季Noodles之[时装]Memories,server/db/re/item_db_equip.yml,物品名称
ITEM,Costume Mermaid Wig (Peach),[时装]Mermaid假发(Peach),server/db/re/item_db_equip.yml,物品名称
ITEM,Costume Metal Dragon Hat,[时装]金属龙帽,server/db/re/item_db_equip.yml,物品名称
ITEM,Costume Metal Dragon Helm,[时装]金属龙头盔,server/db/re/item_db_equip.yml,物品名称
ITEM,Costume Midnight Blue Aura,午夜蓝光环服装,server/db/re/item_db_equip.yml,服装名称
ITEM,Costume Midnight Blue Energy,午夜蓝能量服装,server/db/re/item_db_equip.yml,服装名称
ITEM,Costume Mileage Package I (Stone Box 35),[时装]里程礼包I (石箱35),server/db/re/item_db_usable.yml,物品名称
ITEM,Costume Mileage Package II (Stone Box 35),[时装]里程礼包II (石箱35),server/db/re/item_db_usable.yml,物品名称
ITEM,Costume Mileage Package III (Stone Box 35),[时装]里程礼包III (石箱35),server/db/re/item_db_usable.yml,物品名称
ITEM,Costume Mine Helm,[时装]Mine头盔,server/db/re/item_db_equip.yml,物品名称
ITEM,Costume Mini Glasses,服饰迷你眼镜,server/db/re/item_db_equip.yml,物品名称
ITEM,Costume Mini Tentacle,[时装]迷你Tentacle,server/db/re/item_db_equip.yml,物品名称
ITEM,Costume Mintgum In Mouth,[时装]Mintgum嘴叼,server/db/re/item_db_equip.yml,物品名称
ITEM,Costume Miss Rabbit and Little Dog,[时装]Miss兔子与小狗,server/db/re/item_db_equip.yml,物品名称
ITEM,Costume Model Training Hat,服饰姿势矫正帽,server/db/re/item_db_equip.yml,物品名称
ITEM,Costume Mohican Mask,[时装]Mohican面具,server/db/re/item_db_equip.yml,物品名称
ITEM,Costume Money Pig Mask,[时装]Money Pig面具,server/db/re/item_db_equip.yml,物品名称
ITEM,Costume Mono Gothic Bonnet,[时装]Mono哥特Bonnet,server/db/re/item_db_equip.yml,物品名称
ITEM,Costume Monocle,[时装]Monocle,server/db/re/item_db_equip.yml,物品名称
ITEM,Costume Monster Card,魔物卡片服装,server/db/re/item_db_equip.yml,物品名称
ITEM,Costume Monster Cat Mask,[时装]Monster猫面具,server/db/re/item_db_equip.yml,物品名称
ITEM,Costume Moon Rabbit Hat,[时装]月亮兔子帽,server/db/re/item_db_equip.yml,物品名称
ITEM,Costume Morning Poring,[时装]Morning波利,server/db/re/item_db_equip.yml,物品名称
ITEM,Costume Mountain Helmet,[时装]山岳头盔,server/db/re/item_db_equip.yml,物品名称
ITEM,Costume Mr. Smile (Middle),[时装]Mr. Smile (中段),server/db/re/item_db_equip.yml,物品名称
ITEM,Costume Munak Hat (Upper),[时装]Munak帽(上段),server/db/re/item_db_equip.yml,物品名称
ITEM,Costume Mushroom Band,[时装]Mushroom发带,server/db/re/item_db_equip.yml,物品名称
ITEM,Costume Mystery Wing,[时装]神秘翅膀,server/db/re/item_db_equip.yml,物品名称
ITEM,Costume Mythlit Hat,[时装]Mythlit帽,server/db/re/item_db_equip.yml,物品名称
ITEM,Costume National flag hat,[时装]National flag帽,server/db/re/item_db_equip.yml,物品名称
ITEM,Costume Naval Officer Hat,[时装]Naval Officer帽,server/db/re/item_db_equip.yml,物品名称
ITEM,Costume Necromancer Hood (Upper),[时装]Necromancer兜帽(上段),server/db/re/item_db_equip.yml,物品名称
ITEM,Costume Neko Headress,小猫头饰,server/db/re/item_db_equip.yml,物品名称
ITEM,Costume Neko Mimi Kafra,时装·猫耳卡普拉发带,server/db/re/item_db_equip.yml,物品名称
ITEM,Costume Nekomimi,猫耳帽（时装）,server/db/re/item_db_equip.yml,物品名称
ITEM,Costume Nekomimi Cyber Headphone,[时装]Nekomimi Cyber耳机,server/db/re/item_db_equip.yml,物品名称
ITEM,Costume Neon Half Long,[时装]Neon半成品长,server/db/re/item_db_equip.yml,物品名称
ITEM,Costume Nero Mask,[时装]Nero面具,server/db/re/item_db_equip.yml,物品名称
ITEM,Costume Nettie Heart Bubble Gum,内特心形泡泡糖（时装）,server/db/re/item_db_equip.yml,物品名称
ITEM,Costume New Wave Sunglasses,[时装]新波动太阳镜,server/db/re/item_db_equip.yml,物品名称
ITEM,Costume Niflheim Key,[时装]Niflheim钥匙,server/db/re/item_db_equip.yml,物品名称
ITEM,Costume Niflheim Night Sky,[时装]Niflheim夜晚天空,server/db/re/item_db_equip.yml,物品名称
ITEM,Costume Night Sky of Lutie,Lutie之[时装]夜晚天空,server/db/re/item_db_equip.yml,物品名称
ITEM,Costume Nine Tail Fox Hair,[时装]Nine尾巴狐狸头发,server/db/re/item_db_equip.yml,物品名称
ITEM,Costume Nine Tailed Fox Tail,[时装]Nine Tailed狐狸尾巴,server/db/re/item_db_equip.yml,物品名称
ITEM,Costume Nipper Hairpin,钳子发夹服装,server/db/re/item_db_equip.yml,服装名称
ITEM,Costume Noah's Hat,服饰诺亚帽,server/db/re/item_db_equip.yml,物品名称
ITEM,Costume Nose Glasses,[时装]Nose眼镜,server/db/re/item_db_equip.yml,物品名称
ITEM,Costume Novice Rabbit Hood,时装初学者兔子兜帽,server/db/re/item_db_equip.yml,物品名称
ITEM,Costume Novice Red Backpack,初学者红色背包服装,server/db/re/item_db_equip.yml,服装名称
ITEM,Costume Nut Shell,[时装]Nut Shell,server/db/re/item_db_equip.yml,物品名称
ITEM,Costume Nydhog's Rumor,[时装]Nydhog的Rumor,server/db/re/item_db_equip.yml,物品名称
ITEM,Costume Nydhoggur Wig,尼德霍格的假发（时装）,server/db/re/item_db_equip.yml,物品名称
ITEM,Costume Nydhoggur Wig (White),时装饰品 31406,server/db/re/item_db_equip.yml,物品名称
ITEM,Costume Observer,观察者服装,server/db/re/item_db_equip.yml,服装名称
ITEM,Costume Octopus Balloon,[时装]Octopus气球,server/db/re/item_db_equip.yml,物品名称
ITEM,Costume Octopus Hat,[时装]Octopus帽,server/db/re/item_db_equip.yml,物品名称
ITEM,Costume Odango Twintails (Purple),[时装]Odango Twintails (紫色),server/db/re/item_db_equip.yml,物品名称
ITEM,Costume Odin Mask,[时装]Odin面具,server/db/re/item_db_equip.yml,物品名称
ITEM,Costume Odium Thanatos Mask,[时装]Odium Thanatos面具,server/db/re/item_db_equip.yml,物品名称
ITEM,Costume Old King's Crown,[时装]古老国王的王冠,server/db/re/item_db_equip.yml,物品名称
ITEM,Costume Oliver Wolf Hood,[时装]Oliver狼兜帽,server/db/re/item_db_equip.yml,物品名称
ITEM,Costume OnAir BJ Headset,时装头饰 31841,server/db/re/item_db_equip.yml,物品名称
ITEM,Costume One Eyed Jack,时装独眼杰克,server/db/re/item_db_equip.yml,物品名称
ITEM,Costume One Liter Bottle,[时装]一体Liter Bottle,server/db/re/item_db_equip.yml,物品名称
ITEM,Costume One Wing,单翼服装,server/db/re/item_db_equip.yml,服装名称
ITEM,Costume Open Air Headset (Red),[时装]Open Air耳麦(红色),server/db/re/item_db_equip.yml,物品名称
ITEM,Costume Orange Rear Ribbon,[时装]橙色Rear缎带,server/db/re/item_db_equip.yml,物品名称
ITEM,Costume Orc Helm,[时装]Orc头盔,server/db/re/item_db_equip.yml,物品名称
ITEM,Costume Ordinary Black Magician Hat,[时装]Ordinary黑色魔术师帽,server/db/re/item_db_equip.yml,物品名称
ITEM,Costume Oriental Style Wig,[时装]Oriental造型假发,server/db/re/item_db_equip.yml,物品名称
ITEM,Costume Oriental Sword,[时装]Oriental剑,server/db/re/item_db_equip.yml,物品名称
ITEM,Costume Over Protector,过度保护者（时装）,server/db/re/item_db_equip.yml,物品名称
ITEM,Costume Overfit Piamette's Hood,[时装]Overfit Piamette的兜帽,server/db/re/item_db_equip.yml,物品名称
ITEM,Costume Owl Viscount Silk Hat,[时装]Owl Viscount丝绸帽,server/db/re/item_db_equip.yml,物品名称
ITEM,Costume Oyster Parakeet,[时装]牡蛎Parakeet,server/db/re/item_db_equip.yml,物品名称
ITEM,Costume Panda Balloon,[时装]熊猫气球,server/db/re/item_db_equip.yml,物品名称
ITEM,Costume Panda Cap,时装·熊猫帽,server/db/re/item_db_equip.yml,物品名称
ITEM,Costume Peace Pipe,[时装]Peace烟斗,server/db/re/item_db_equip.yml,物品名称
ITEM,Costume Pecopeco Hairband,[时装]Pecopeco发带,server/db/re/item_db_equip.yml,物品名称
ITEM,Costume Penguin Cap,[时装]企鹅帽,server/db/re/item_db_equip.yml,物品名称
ITEM,Costume Persika,Persika 服装,server/db/re/item_db_equip.yml,物品名称
ITEM,Costume Pet Popcorn Box,时装饰品 410069,server/db/re/item_db_equip.yml,物品名称
ITEM,Costume Petal Twin,[时装]Petal双子,server/db/re/item_db_equip.yml,物品名称
ITEM,Costume Petal Twin (No Decoration),[时装]Petal双子(No装饰),server/db/re/item_db_equip.yml,物品名称
ITEM,Costume Phantom Of Opera,Opera之[时装]Phantom,server/db/re/item_db_equip.yml,物品名称
ITEM,Costume Piamette Hood,服饰皮亚梅特头巾,server/db/re/item_db_equip.yml,物品名称
ITEM,Costume Piamette Ribbon,[时装]Piamette缎带,server/db/re/item_db_equip.yml,物品名称
ITEM,Costume Piamette's Red Bow Tie,皮亚梅特的红色领结（时装）,server/db/re/item_db_equip.yml,物品名称
ITEM,Costume Picky Egg Shell,[时装]Picky蛋Shell,server/db/re/item_db_equip.yml,物品名称
ITEM,Costume Pierced Apple,时装头饰 400046,server/db/re/item_db_equip.yml,物品名称
ITEM,Costume Pigeon Hat,鸽子帽（时装）,server/db/re/item_db_equip.yml,物品名称
ITEM,Costume Piggie Bank,[时装]Piggie Bank,server/db/re/item_db_equip.yml,物品名称
ITEM,Costume Piggyback,骑肩（时装）,server/db/re/item_db_equip.yml,物品名称
ITEM,Costume Piglering Bag,[时装]Piglering袋,server/db/re/item_db_equip.yml,物品名称
ITEM,Costume Pigtails Half Up(Black),[时装]Pigtails半成品Up(黑色),server/db/re/item_db_equip.yml,物品名称
ITEM,Costume Pigtails Half Up(Blue),[时装]Pigtails半成品Up(蓝色),server/db/re/item_db_equip.yml,物品名称
ITEM,Costume Pigtails Half Up(Green),[时装]Pigtails半成品Up(绿色),server/db/re/item_db_equip.yml,物品名称
ITEM,Costume Pigtails Half Up(Orange),[时装]Pigtails半成品Up(橙色),server/db/re/item_db_equip.yml,物品名称
ITEM,Costume Pigtails Half Up(Purple),[时装]Pigtails半成品Up(紫色),server/db/re/item_db_equip.yml,物品名称
ITEM,Costume Pigtails Half Up(Red),[时装]Pigtails半成品Up(红色),server/db/re/item_db_equip.yml,物品名称
ITEM,Costume Pigtails Half Up(White),[时装]Pigtails半成品Up(白色),server/db/re/item_db_equip.yml,物品名称
ITEM,Costume Pigtails Half Up(Yellow),[时装]Pigtails半成品Up(黄色),server/db/re/item_db_equip.yml,物品名称
ITEM,Costume Pink Angeling Bubble,[时装]粉色Angeling泡泡,server/db/re/item_db_equip.yml,物品名称
ITEM,Costume Pink Butterfly Wing,粉色蝴蝶翅膀（时装）,server/db/re/item_db_equip.yml,物品名称
ITEM,Costume Pink Clover,[时装]粉色四叶草,server/db/re/item_db_equip.yml,物品名称
ITEM,Costume Pink Cupid Wing,[时装]粉色Cupid翅膀,server/db/re/item_db_equip.yml,物品名称
ITEM,Costume Pink Energy,[时装]粉色能量,server/db/re/item_db_equip.yml,物品名称
ITEM,Costume Pink Pajama Hat,[时装]粉色Pajama帽,server/db/re/item_db_equip.yml,物品名称
ITEM,Costume Pink Ribbon,[时装]粉色缎带,server/db/re/item_db_equip.yml,物品名称
ITEM,Costume Pointy Hat (Red),[时装]Pointy帽(红色),server/db/re/item_db_equip.yml,物品名称
ITEM,Costume Polar Bear Cap,时装·白熊帽,server/db/re/item_db_equip.yml,物品名称
ITEM,Costume Polar Bear Cap J,[时装]Polar熊帽J,server/db/re/item_db_equip.yml,物品名称
ITEM,Costume Ponytail (Black),黑色直马尾（时装）,server/db/re/item_db_equip.yml,物品名称
ITEM,Costume Poo Poo Hat,服饰那个东西,server/db/re/item_db_equip.yml,物品名称
ITEM,Costume Pope Crown,教皇之冠（时装）,server/db/re/item_db_equip.yml,物品名称
ITEM,Costume Pope Ribbon,教皇的缎带（时装）,server/db/re/item_db_equip.yml,物品名称
ITEM,Costume Poporin Bubble Pipe,[时装]Poporin泡泡烟斗,server/db/re/item_db_equip.yml,物品名称
ITEM,Costume Poporing Cap,[时装]Poporing帽,server/db/re/item_db_equip.yml,物品名称
ITEM,Costume Poporing Muffler,时装饰品 31586,server/db/re/item_db_equip.yml,物品名称
ITEM,Costume Popping Poring Aura,迸发波利光环（时装）,server/db/re/item_db_equip.yml,物品名称
ITEM,Costume Poring Bag,波利背包（时装）,server/db/re/item_db_equip.yml,物品名称
ITEM,Costume Poring Cake Hat,[时装]波利蛋糕帽,server/db/re/item_db_equip.yml,物品名称
ITEM,Costume Poring Helmet,[时装]波利头盔,server/db/re/item_db_equip.yml,物品名称
ITEM,Costume Poring Jars Of Clay,波利陶罐服装,server/db/re/item_db_equip.yml,服装名称
ITEM,Costume Poring Letter,波利信件服装,server/db/re/item_db_equip.yml,物品名称
ITEM,Costume Poring Mascot,服饰覆盖波利,server/db/re/item_db_equip.yml,物品名称
ITEM,Costume Poring Soap Pipe,波利肥皂泡烟斗服装,server/db/re/item_db_equip.yml,服装名称
ITEM,Costume Poring Sun Visor,波利太阳帽服装,server/db/re/item_db_equip.yml,服装名称
ITEM,Costume Poring Traffic Light,时装饰品 31404,server/db/re/item_db_equip.yml,物品名称
ITEM,Costume Poster Girl Hat,[时装]Poster Girl帽,server/db/re/item_db_equip.yml,物品名称
ITEM,Costume Powered Income,[时装]动力收益,server/db/re/item_db_equip.yml,物品名称
ITEM,Costume Pretty Rabbit Hood,服饰可爱兔兜帽,server/db/re/item_db_equip.yml,物品名称
ITEM,Costume Pretty White Bear,时装饰品 31799,server/db/re/item_db_equip.yml,物品名称
ITEM,Costume Prince of Rabbit,时装头饰 31815,server/db/re/item_db_equip.yml,物品名称
ITEM,Costume pRO 10th Cap,[时装]pRO 10th帽,server/db/re/item_db_equip.yml,物品名称
ITEM,Costume Professor's Mini Glass,[时装]Professor的迷你Glass,server/db/re/item_db_equip.yml,物品名称
ITEM,Costume Protect Cloth,时装饰品 31625,server/db/re/item_db_equip.yml,物品名称
ITEM,Costume Pterios Fins,[时装]Pterios Fins,server/db/re/item_db_equip.yml,物品名称
ITEM,Costume Pumpkin Hat,南瓜帽服装,server/db/re/item_db_equip.yml,物品名称
ITEM,Costume Pumpkin Head,[时装]Pumpkin头部,server/db/re/item_db_equip.yml,物品名称
ITEM,Costume Pure White Horn,[时装]Pure白色角,server/db/re/item_db_equip.yml,物品名称
ITEM,Costume Pure White Ribbon,[时装]Pure白色缎带,server/db/re/item_db_equip.yml,物品名称
ITEM,Costume Puriku Cap,[时装]Puriku帽,server/db/re/item_db_equip.yml,物品名称
ITEM,Costume Purple Jirant Circlet,[时装]紫色Jirant头环,server/db/re/item_db_equip.yml,物品名称
ITEM,Costume Quati Hat,[时装]Quati帽,server/db/re/item_db_equip.yml,物品名称
ITEM,Costume Queen Scaraba Helmet (Upper),[时装]女王Scaraba头盔(上段),server/db/re/item_db_equip.yml,物品名称
ITEM,Costume Quve Mask,服饰魔方兔面具,server/db/re/item_db_equip.yml,物品名称
ITEM,Costume Rabbit Earplugs,时装·兔耳保暖耳罩,server/db/re/item_db_equip.yml,物品名称
ITEM,Costume Rabbit Magic Hat,[时装]兔子魔法帽,server/db/re/item_db_equip.yml,物品名称
ITEM,Costume Rabbit Two Sides Up,时装饰品 31817,server/db/re/item_db_equip.yml,物品名称
ITEM,Costume Raccoon Hat,狸猫帽（时装）,server/db/re/item_db_equip.yml,物品名称
ITEM,Costume Ragdoll,[时装]Ragdoll,server/db/re/item_db_equip.yml,物品名称
ITEM,Costume Ragdoll Face Bag,[时装]Ragdoll脸袋,server/db/re/item_db_equip.yml,物品名称
ITEM,Costume Ragnarok Rush Goat,[时装]Ragnarok冲锋山羊,server/db/re/item_db_equip.yml,物品名称
ITEM,Costume Rainbow Carapace,[时装]彩虹Carapace,server/db/re/item_db_equip.yml,物品名称
ITEM,Costume Rainbow Feather Deco,时装·五彩羽饰,server/db/re/item_db_equip.yml,物品名称
ITEM,Costume Rainbow Poring Hat,[时装]彩虹波利帽,server/db/re/item_db_equip.yml,物品名称
ITEM,Costume Rainbow Veil,彩虹面纱服装,server/db/re/item_db_equip.yml,物品名称
ITEM,Costume Randgris Hair,[时装]Randgris头发,server/db/re/item_db_equip.yml,物品名称
ITEM,Costume Ranger Half-Up (Jet Black),[时装]游侠半成品-Up (Jet黑色),server/db/re/item_db_equip.yml,物品名称
ITEM,Costume Ranger Half-Up (Light Blue),[时装]游侠半成品-Up (光蓝色),server/db/re/item_db_equip.yml,物品名称
ITEM,Costume Ranger Half-Up (Light Green),[时装]游侠半成品-Up (光绿色),server/db/re/item_db_equip.yml,物品名称
ITEM,Costume Ranger Half-Up (Light Purple),[时装]游侠半成品-Up (光紫色),server/db/re/item_db_equip.yml,物品名称
ITEM,Costume Ranger Half-Up (Red),[时装]游侠半成品-Up (红色),server/db/re/item_db_equip.yml,物品名称
ITEM,Costume Ranger Half-Up (Sakura),[时装]游侠半成品-Up (樱花),server/db/re/item_db_equip.yml,物品名称
ITEM,Costume Ranger Half-Up (White),[时装]游侠半成品-Up (白色),server/db/re/item_db_equip.yml,物品名称
ITEM,Costume Ranger Half-Up (Yellow),[时装]游侠半成品-Up (黄色),server/db/re/item_db_equip.yml,物品名称
ITEM,Costume Raphael's Wings,拉斐尔之翼服装,server/db/re/item_db_equip.yml,服装名称
ITEM,Costume Rebirth Crown,[时装]Rebirth王冠,server/db/re/item_db_equip.yml,物品名称
ITEM,Costume Red Afro Wig,时装·红色非洲卷发,server/db/re/item_db_equip.yml,物品名称
ITEM,Costume Red Bandana,[时装]红色头巾,server/db/re/item_db_equip.yml,物品名称
ITEM,Costume Red Bonnet,时装·红色软帽,server/db/re/item_db_equip.yml,物品名称
ITEM,Costume Red Cat Ear Witch Hat,[时装]红色猫耳朵女巫帽,server/db/re/item_db_equip.yml,物品名称
ITEM,Costume Red Cat Ears Cape,[时装]红色猫耳朵披风,server/db/re/item_db_equip.yml,物品名称
ITEM,Costume Red Dress Hat,时装·红色礼服帽,server/db/re/item_db_equip.yml,物品名称
ITEM,Costume Red Energy,红色能量服装,server/db/re/item_db_equip.yml,服装名称
ITEM,Costume Red Head Dress,[时装]红色头部礼服,server/db/re/item_db_equip.yml,物品名称
ITEM,Costume Red Horse Mask,红马面具服装,server/db/re/item_db_equip.yml,服装名称
ITEM,Costume Red Pencil in Mouth,[时装]红色铅笔嘴叼,server/db/re/item_db_equip.yml,物品名称
ITEM,Costume Red Pirate Hat,[时装]红色Pirate帽,server/db/re/item_db_equip.yml,物品名称
ITEM,Costume Red Ribbon,服装红缎带,server/db/re/item_db_equip.yml,物品名称
ITEM,Costume Red Ridding Hood,[时装]红色Ridding兜帽,server/db/re/item_db_equip.yml,物品名称
ITEM,Costume Red Sun Baseball Cap,[时装]红色太阳Baseball帽,server/db/re/item_db_equip.yml,物品名称
ITEM,Costume Refined Drooping Cat,精炼垂耳猫服装,server/db/re/item_db_equip.yml,物品名称
ITEM,Costume Reginleif Hairband,[时装]Reginleif发带,server/db/re/item_db_equip.yml,物品名称
ITEM,Costume Released Ground,[时装]Released Ground,server/db/re/item_db_equip.yml,物品名称
ITEM,Costume Remover Hat,[时装]Remover帽,server/db/re/item_db_equip.yml,物品名称
ITEM,Costume Research Team Hat,[时装]Research Team帽,server/db/re/item_db_equip.yml,物品名称
ITEM,Costume Rgan Disguise Tool,[时装]Rgan Disguise Tool,server/db/re/item_db_equip.yml,物品名称
ITEM,Costume Ribbon,[时装]缎带,server/db/re/item_db_equip.yml,物品名称
ITEM,Costume Ribbon Black,[时装]缎带黑色,server/db/re/item_db_equip.yml,物品名称
ITEM,Costume Ribbon of Bride,Bride之[时装]缎带,server/db/re/item_db_equip.yml,物品名称
ITEM,Costume Rice Bale (Middle),[时装]米饭Bale (中段),server/db/re/item_db_equip.yml,物品名称
ITEM,Costume Rice Ball Hat,[时装]米饭球帽,server/db/re/item_db_equip.yml,物品名称
ITEM,Costume Ring (Hit),[时装]戒指(命中),server/db/re/item_db_equip.yml,物品名称
ITEM,Costume Rinko's Helmet,凛子头盔服装,server/db/re/item_db_equip.yml,服装名称
ITEM,Costume Roast Memory,失落的记忆（时装）,server/db/re/item_db_equip.yml,物品名称
ITEM,Costume Robotic Watcher,时装机器人观察者,server/db/re/item_db_equip.yml,物品名称
ITEM,Costume Rocking Short,[时装]Rocking Short,server/db/re/item_db_equip.yml,物品名称
ITEM,Costume Roll Twin (Purple),[时装]Roll双子(紫色),server/db/re/item_db_equip.yml,物品名称
ITEM,Costume Roll Twin(Blue),蓝色卷曲双马尾服装,server/db/re/item_db_equip.yml,服装名称
ITEM,Costume Romantic Gent,[时装]Romantic Gent,server/db/re/item_db_equip.yml,物品名称
ITEM,Costume Romantic Rose,浪漫玫瑰（时装）,server/db/re/item_db_equip.yml,物品名称
ITEM,Costume ROS Korea 1st Place Hat,[时装]ROS Korea 1st Place帽,server/db/re/item_db_equip.yml,物品名称
ITEM,Costume ROS Korea 2nd Place Hat,[时装]ROS Korea 2nd Place帽,server/db/re/item_db_equip.yml,物品名称
ITEM,Costume Rose Corsage,时装·玫瑰胸花,server/db/re/item_db_equip.yml,物品名称
ITEM,Costume Rose Crispinette,服装·玫瑰克里斯皮内特,server/db/re/item_db_equip.yml,物品名称
ITEM,Costume Rose Gothic Bonnet,时装头饰 31848,server/db/re/item_db_equip.yml,物品名称
ITEM,Costume Rose Gothic Ribbon,[时装]Rose哥特缎带,server/db/re/item_db_equip.yml,物品名称
ITEM,Costume Rose wave (Blonde Pink),[时装]Rose波动(金发粉色),server/db/re/item_db_equip.yml,物品名称
ITEM,Costume Rose wave (Blonde),[时装]Rose波动(金发),server/db/re/item_db_equip.yml,物品名称
ITEM,Costume Rotating Gears,时装旋转齿轮,server/db/re/item_db_equip.yml,物品名称
ITEM,Costume Royal Mantle,[时装]皇家Mantle,server/db/re/item_db_equip.yml,物品名称
ITEM,Costume Royal Rabbit Crown,[时装]皇家兔子王冠,server/db/re/item_db_equip.yml,物品名称
ITEM,Costume RPC 1ST Wreath,[时装]RPC 1ST花环,server/db/re/item_db_equip.yml,物品名称
ITEM,Costume RPC 2ND Wreath,[时装]RPC 2ND花环,server/db/re/item_db_equip.yml,物品名称
ITEM,Costume RPC 3RD Wreath,[时装]RPC 3RD花环,server/db/re/item_db_equip.yml,物品名称
ITEM,Costume RTC Second Best (Red),[时装]RTC Second Best (红色),server/db/re/item_db_equip.yml,物品名称
ITEM,Costume Rudolph Hairband,[时装]Rudolph发带,server/db/re/item_db_equip.yml,物品名称
ITEM,Costume Rudolph Santa Hat,时装·鲁道夫圣诞帽,server/db/re/item_db_equip.yml,物品名称
ITEM,Costume Runaway Accelerator,时装头饰 31849,server/db/re/item_db_equip.yml,物品名称
ITEM,Costume Runaway Scarf,时装饰品 31844,server/db/re/item_db_equip.yml,物品名称
ITEM,Costume Rune Helm,符文头盔（时装）,server/db/re/item_db_equip.yml,物品名称
ITEM,Costume Rune Knot Headband,符文结发带（时装）,server/db/re/item_db_equip.yml,物品名称
ITEM,Costume Rune-Midgarts Glory,时装头饰 31602,server/db/re/item_db_equip.yml,物品名称
ITEM,Costume RWC Shouting Mouth,时装·高喊RWC的嘴,server/db/re/item_db_equip.yml,物品名称
ITEM,Costume RWC2012 Crown of Victory,Victory之[时装]RWC2012王冠,server/db/re/item_db_equip.yml,物品名称
ITEM,Costume Sacred Religious Decoration,[时装]Sacred Religious装饰,server/db/re/item_db_equip.yml,物品名称
ITEM,Costume Sacred Torch Coronet,[时装]Sacred Torch Coronet,server/db/re/item_db_equip.yml,物品名称
ITEM,Costume Sailor Cap,[时装]Sailor帽,server/db/re/item_db_equip.yml,物品名称
ITEM,Costume Sailor Collar,[时装]Sailor Collar,server/db/re/item_db_equip.yml,物品名称
ITEM,Costume Sailor Hat,水手帽服装,server/db/re/item_db_equip.yml,服装名称
ITEM,Costume Sailor's White Lapel,时装水手白色衣领,server/db/re/item_db_equip.yml,物品名称
ITEM,Costume Sake,清酒服装,server/db/re/item_db_equip.yml,物品名称
ITEM,Costume Sakura Coronet,樱花冠服装,server/db/re/item_db_equip.yml,物品名称
ITEM,Costume Sakura Festival Ribbon,[时装]樱花庆典缎带,server/db/re/item_db_equip.yml,物品名称
ITEM,Costume Sakura Hairpin,[时装]樱花发夹,server/db/re/item_db_equip.yml,物品名称
ITEM,Costume Sakura Hat,樱花帽（时装）,server/db/re/item_db_equip.yml,物品名称
ITEM,Costume Sakura Witch Hat,[时装]樱花女巫帽,server/db/re/item_db_equip.yml,物品名称
ITEM,Costume Samba Carnival,服装桑巴嘉年华,server/db/re/item_db_equip.yml,物品名称
ITEM,Costume Santa's Pocket,圣诞老人的口袋服装,server/db/re/item_db_equip.yml,服装名称
ITEM,Costume SantaPoring Cap,时装·圣诞波利帽,server/db/re/item_db_equip.yml,物品名称
ITEM,Costume Satanic Crown,[时装]Satanic王冠,server/db/re/item_db_equip.yml,物品名称
ITEM,Costume Sausage Princess,[时装]Sausage Princess,server/db/re/item_db_equip.yml,物品名称
ITEM,Costume Scarf,[时装]围巾,server/db/re/item_db_equip.yml,物品名称
ITEM,Costume Scarlet Rose,[时装]绯红Rose,server/db/re/item_db_equip.yml,物品名称
ITEM,Costume Scepter,服装权杖,server/db/re/item_db_equip.yml,物品名称
ITEM,Costume Schmitz's Helm,[时装]Schmitz的头盔,server/db/re/item_db_equip.yml,物品名称
ITEM,Costume School Criatura Hat,服饰克里图拉学院帽,server/db/re/item_db_equip.yml,物品名称
ITEM,Costume Scuba Mask,[时装]Scuba面具,server/db/re/item_db_equip.yml,物品名称
ITEM,Costume Seal Hat,[时装]封印帽,server/db/re/item_db_equip.yml,物品名称
ITEM,Costume Secret Bandana,[时装]Secret头巾,server/db/re/item_db_equip.yml,物品名称
ITEM,Costume Secret Zipper,秘密拉链（时装）,server/db/re/item_db_equip.yml,物品名称
ITEM,Costume Seraph Wing Helm,至天使之翼头盔（时装）,server/db/re/item_db_equip.yml,物品名称
ITEM,Costume Seraphim Coronet,时装头饰 31416,server/db/re/item_db_equip.yml,物品名称
ITEM,Costume Seraphim's Feather,[时装]Seraphim的羽毛,server/db/re/item_db_equip.yml,物品名称
ITEM,Costume Seyren Hair,[时装]Seyren头发,server/db/re/item_db_equip.yml,物品名称
ITEM,Costume Shadow Devil,[时装]影子恶魔,server/db/re/item_db_equip.yml,物品名称
ITEM,Costume Shalosh Headdress,[时装]Shalosh Headdress,server/db/re/item_db_equip.yml,物品名称
ITEM,Costume Shaman Hair Ornament,[时装]Shaman头发Ornament,server/db/re/item_db_equip.yml,物品名称
ITEM,Costume Shark Hat,鲨鱼帽服装,server/db/re/item_db_equip.yml,物品名称
ITEM,Costume Shaving Foam,剃须泡沫（时装）,server/db/re/item_db_equip.yml,物品名称
ITEM,Costume Sheep Hat,[时装]Sheep帽,server/db/re/item_db_equip.yml,物品名称
ITEM,Costume Shih Tzu Hair,时装头饰 31797,server/db/re/item_db_equip.yml,物品名称
ITEM,Costume Shining Angel Wings,[时装]闪耀天使翅膀,server/db/re/item_db_equip.yml,物品名称
ITEM,Costume Shining Santa Poring,时装：闪亮圣诞波利,server/db/re/item_db_equip.yml,物品名称
ITEM,Costume Shiny Small Star,闪亮小星星服装,server/db/re/item_db_equip.yml,物品名称
ITEM,Costume Ship Captain Hat,时装·船长帽,server/db/re/item_db_equip.yml,物品名称
ITEM,Costume Showy High Cap,[时装]Showy高级帽,server/db/re/item_db_equip.yml,物品名称
ITEM,Costume Shrine Maiden Hat,[时装]Shrine Maiden帽,server/db/re/item_db_equip.yml,物品名称
ITEM,Costume Side Pigtail (Black),[时装]侧边双马尾(黑色),server/db/re/item_db_equip.yml,物品名称
ITEM,Costume Side Pigtail (Blue),[时装]侧边双马尾(蓝色),server/db/re/item_db_equip.yml,物品名称
ITEM,Costume Side Pigtail (Brown),[时装]侧边双马尾(棕色),server/db/re/item_db_equip.yml,物品名称
ITEM,Costume Side Pigtail (Green),[时装]侧边双马尾(绿色),server/db/re/item_db_equip.yml,物品名称
ITEM,Costume Side Pigtail (Purple),[时装]侧边双马尾(紫色),server/db/re/item_db_equip.yml,物品名称
ITEM,Costume Side Pigtail (Red),[时装]侧边双马尾(红色),server/db/re/item_db_equip.yml,物品名称
ITEM,Costume Side Pigtail (White),[时装]侧边双马尾(白色),server/db/re/item_db_equip.yml,物品名称
ITEM,Costume Side Pigtail (Yellow),[时装]侧边双马尾(黄色),server/db/re/item_db_equip.yml,物品名称
ITEM,Costume Side Pony (Black),[时装]侧边Pony (黑色),server/db/re/item_db_equip.yml,物品名称
ITEM,Costume Side Pony (Blonde),[时装]侧边Pony (金发),server/db/re/item_db_equip.yml,物品名称
ITEM,Costume Side Pony (Blue),[时装]侧边Pony (蓝色),server/db/re/item_db_equip.yml,物品名称
ITEM,Costume Side Pony (Brown),[时装]侧边Pony (棕色),server/db/re/item_db_equip.yml,物品名称
ITEM,Costume Side Pony (Green),[时装]侧边Pony (绿色),server/db/re/item_db_equip.yml,物品名称
ITEM,Costume Side Pony (Purple),[时装]侧边Pony (紫色),server/db/re/item_db_equip.yml,物品名称
ITEM,Costume Side Pony (Red),[时装]侧边Pony (红色),server/db/re/item_db_equip.yml,物品名称
ITEM,Costume Side Pony (White),[时装]侧边Pony (白色),server/db/re/item_db_equip.yml,物品名称
ITEM,Costume Side Roll Pony,[时装]侧边Roll Pony,server/db/re/item_db_equip.yml,物品名称
ITEM,Costume Signon Princess Wave (Black),时装头饰 31862,server/db/re/item_db_equip.yml,物品名称
ITEM,Costume Signon Princess Wave (Blue),时装头饰 31858,server/db/re/item_db_equip.yml,物品名称
ITEM,Costume Signon Princess Wave (Brown),时装头饰 31864,server/db/re/item_db_equip.yml,物品名称
ITEM,Costume Signon Princess Wave (Green),时装头饰 31861,server/db/re/item_db_equip.yml,物品名称
ITEM,Costume Signon Princess Wave (Purple),时装头饰 31865,server/db/re/item_db_equip.yml,物品名称
ITEM,Costume Signon Princess Wave (Red),时装头饰 31859,server/db/re/item_db_equip.yml,物品名称
ITEM,Costume Signon Princess Wave (White),时装头饰 31863,server/db/re/item_db_equip.yml,物品名称
ITEM,Costume Signon Princess Wave (Yellow),时装头饰 31860,server/db/re/item_db_equip.yml,物品名称
ITEM,Costume Silk Hat of Earth,服饰大地丝绸帽,server/db/re/item_db_equip.yml,物品名称
ITEM,Costume Silky Long(Blonde),[时装]Silky长(金发),server/db/re/item_db_equip.yml,物品名称
ITEM,Costume Silky Long(Silver),[时装]Silky长(银色),server/db/re/item_db_equip.yml,物品名称
ITEM,Costume Silver Energy,[时装]银色能量,server/db/re/item_db_equip.yml,物品名称
ITEM,Costume Silver Tiara,[时装]银色Tiara,server/db/re/item_db_equip.yml,物品名称
ITEM,Costume Sinsuncho Hat,时装·神仙草帽,server/db/re/item_db_equip.yml,物品名称
ITEM,Costume Skull cap,[时装]头骨帽,server/db/re/item_db_equip.yml,物品名称
ITEM,Costume Sleep Eclipse Family,沉睡的伊克勒斯一家（时装）,server/db/re/item_db_equip.yml,物品名称
ITEM,Costume Sleeping Cat Hat J,困倦猫咪帽（时装）,server/db/re/item_db_equip.yml,物品名称
ITEM,Costume Smokie Leaf,服饰变身树叶,server/db/re/item_db_equip.yml,物品名称
ITEM,Costume Smokie Muffler,[时装]Smokie围巾,server/db/re/item_db_equip.yml,物品名称
ITEM,Costume Smoky Transform Hat,[时装]Smoky Transform帽,server/db/re/item_db_equip.yml,物品名称
ITEM,Costume Snake Hat,服装蛇帽,server/db/re/item_db_equip.yml,物品名称
ITEM,Costume Snow Bear Hood,时装头饰 31440,server/db/re/item_db_equip.yml,物品名称
ITEM,Costume Snow Cone Hat,服饰红豆刨冰帽,server/db/re/item_db_equip.yml,物品名称
ITEM,Costume Snow Flower,时装头饰 31588,server/db/re/item_db_equip.yml,物品名称
ITEM,Costume Soda In Mouth,嘴里的汽水服装,server/db/re/item_db_equip.yml,服装名称
ITEM,Costume Soft Sheep Hat,柔软羊帽（时装）,server/db/re/item_db_equip.yml,物品名称
ITEM,Costume Soldier Backpack,士兵背包服装,server/db/re/item_db_equip.yml,服装名称
ITEM,Costume Sombrero,宽边帽（时装）,server/db/re/item_db_equip.yml,物品名称
ITEM,Costume Soul Ring,[时装]灵魂戒指,server/db/re/item_db_equip.yml,物品名称
ITEM,Costume Soul Silk,时装灵魂之丝,server/db/re/item_db_equip.yml,物品名称
ITEM,Costume Soulless Wing,时装·无魂之翼,server/db/re/item_db_equip.yml,物品名称
ITEM,Costume Southern Cross,[时装]Southern十字,server/db/re/item_db_equip.yml,物品名称
ITEM,Costume Sparkling Sound,[时装]Sparkling Sound,server/db/re/item_db_equip.yml,物品名称
ITEM,Costume Spider Seduction,[时装]Spider Seduction,server/db/re/item_db_equip.yml,物品名称
ITEM,Costume Spiky Band,时装·尖角头饰,server/db/re/item_db_equip.yml,物品名称
ITEM,Costume Spinning Eyes,[时装]Spinning眼睛,server/db/re/item_db_equip.yml,物品名称
ITEM,Costume Spinning Propeller,[时装]Spinning Propeller,server/db/re/item_db_equip.yml,物品名称
ITEM,Costume Spirit Cat,[时装]精灵猫,server/db/re/item_db_equip.yml,物品名称
ITEM,Costume Spore Hat,时装·蘑菇帽,server/db/re/item_db_equip.yml,物品名称
ITEM,Costume Spotlight,[时装]Spotlight,server/db/re/item_db_equip.yml,物品名称
ITEM,Costume Squirrel Ear Hat,[时装]Squirrel耳朵帽,server/db/re/item_db_equip.yml,物品名称
ITEM,Costume Squirrel Ear Hood (Albino),[时装]Squirrel耳朵兜帽(Albino),server/db/re/item_db_equip.yml,物品名称
ITEM,Costume St Patrick's Hat,服饰三叶草丝绸帽,server/db/re/item_db_equip.yml,物品名称
ITEM,Costume Star Reading Hat,[时装]星Reading帽,server/db/re/item_db_equip.yml,物品名称
ITEM,Costume Stardust,[时装]Stardust,server/db/re/item_db_equip.yml,物品名称
ITEM,Costume Starfish Headband,海星发带服装,server/db/re/item_db_equip.yml,服装名称
ITEM,Costume Stellar Gratia,[时装]星辰Gratia,server/db/re/item_db_equip.yml,物品名称
ITEM,Costume Sting Hat,刺尾虫帽服装,server/db/re/item_db_equip.yml,服装名称
ITEM,Costume Stormy Cloud,[时装]Stormy Cloud,server/db/re/item_db_equip.yml,物品名称
ITEM,Costume Straight Long (Blonde),[时装]直发长(金发),server/db/re/item_db_equip.yml,物品名称
ITEM,Costume Straight Long (Blue),[时装]直发长(蓝色),server/db/re/item_db_equip.yml,物品名称
ITEM,Costume Straight Long (Brown),[时装]直发长(棕色),server/db/re/item_db_equip.yml,物品名称
ITEM,Costume Straight Long (Green),[时装]直发长(绿色),server/db/re/item_db_equip.yml,物品名称
ITEM,Costume Straight Long (Jet Black),[时装]直发长(Jet黑色),server/db/re/item_db_equip.yml,物品名称
ITEM,Costume Straight Long (Light Purple),[时装]直发长(光紫色),server/db/re/item_db_equip.yml,物品名称
ITEM,Costume Straight Long (Purple),[时装]直发长(紫色),server/db/re/item_db_equip.yml,物品名称
ITEM,Costume Straight Long (Red),[时装]直发长(红色),server/db/re/item_db_equip.yml,物品名称
ITEM,Costume Straight Long (White),直发长发（白）（时装）,server/db/re/item_db_equip.yml,物品名称
ITEM,Costume Straight Long (Yellow),直发长发（黄）（时装）,server/db/re/item_db_equip.yml,物品名称
ITEM,Costume Straight Long White,直发长发（白）（时装）,server/db/re/item_db_equip.yml,物品名称
ITEM,Costume Straight Long Yellow,直发长发（黄）（时装）,server/db/re/item_db_equip.yml,物品名称
ITEM,Costume Straight Pony (Black) (Middle),直马尾（黑色）（中）服装,server/db/re/item_db_equip.yml,服装名称
ITEM,Costume Straight Pony (Blue) (Middle),直马尾（蓝色）（中）服装,server/db/re/item_db_equip.yml,服装名称
ITEM,Costume Straight Pony (Crimson) (Middle),直马尾（深红色）（中）服装,server/db/re/item_db_equip.yml,服装名称
ITEM,Costume Straight Pony (Green) (Middle),直马尾（绿色）（中）服装,server/db/re/item_db_equip.yml,服装名称
ITEM,Costume Straight Pony (Purple) (Middle),直马尾（紫色）（中）服装,server/db/re/item_db_equip.yml,服装名称
ITEM,Costume Straight Pony (Red) (Middle),直马尾（红色）（中）服装,server/db/re/item_db_equip.yml,服装名称
ITEM,Costume Straight Pony (White) (Middle),直马尾（白色）（中）服装,server/db/re/item_db_equip.yml,服装名称
ITEM,Costume Straight Pony (Yellow) (Middle),直马尾（黄色）（中）服装,server/db/re/item_db_equip.yml,服装名称
ITEM,Costume Strawberry Hat,[时装]草莓帽,server/db/re/item_db_equip.yml,物品名称
ITEM,Costume Striking Hat,[时装]强袭帽,server/db/re/item_db_equip.yml,物品名称
ITEM,Costume Striking Mikoshi,[时装]强袭Mikoshi,server/db/re/item_db_equip.yml,物品名称
ITEM,Costume Succubus Horn,服饰魅魔之角,server/db/re/item_db_equip.yml,物品名称
ITEM,Costume Sudden Wealth,暴发横财服装,server/db/re/item_db_equip.yml,物品名称
ITEM,Costume Summer Beach,[时装]夏季Beach,server/db/re/item_db_equip.yml,物品名称
ITEM,Costume Sunflower,装饰用向日葵（时装）,server/db/re/item_db_equip.yml,物品名称
ITEM,Costume Sunflower Hairpin,[时装]Sunflower发夹,server/db/re/item_db_equip.yml,物品名称
ITEM,Costume Sunglass Baseball Cap,时装头饰 31805,server/db/re/item_db_equip.yml,物品名称
ITEM,Costume Survivor's Orb,[时装]Survivor的宝珠,server/db/re/item_db_equip.yml,物品名称
ITEM,Costume Suspicious Bread Bag,[时装]Suspicious面包袋,server/db/re/item_db_equip.yml,物品名称
ITEM,Costume Sweet Bonnet,[时装]Sweet Bonnet,server/db/re/item_db_equip.yml,物品名称
ITEM,Costume Sweet Candy,时装·甜蜜糖果,server/db/re/item_db_equip.yml,物品名称
ITEM,Costume Sweet Melon Helmet,甜瓜头盔服装,server/db/re/item_db_equip.yml,服装名称
ITEM,Costume Swirling Flame,服装旋转火焰,server/db/re/item_db_equip.yml,物品名称
ITEM,Costume Tail Hat,[时装]尾巴帽,server/db/re/item_db_equip.yml,物品名称
ITEM,Costume Tare Maid,[时装]Tare Maid,server/db/re/item_db_equip.yml,物品名称
ITEM,Costume Tare Zonda,[时装]Tare Zonda,server/db/re/item_db_equip.yml,物品名称
ITEM,Costume Teardrops,[时装]Teardrops,server/db/re/item_db_equip.yml,物品名称
ITEM,Costume Teddy Bear Hood,泰迪熊头巾（时装）,server/db/re/item_db_equip.yml,物品名称
ITEM,Costume Teddy Bear Mask,时装熊布偶头套,server/db/re/item_db_equip.yml,物品名称
ITEM,Costume Temari Candy Hair,[时装]Temari Candy头发,server/db/re/item_db_equip.yml,物品名称
ITEM,Costume Test Subject Aura,服饰思念光环,server/db/re/item_db_equip.yml,物品名称
ITEM,Costume Thanatos Despero Mask,时装·塔纳托斯绝望面具,server/db/re/item_db_equip.yml,物品名称
ITEM,Costume Thanatos's Maero Mask (Middle),[时装]Thanatos的Maero面具(中段),server/db/re/item_db_equip.yml,物品名称
ITEM,Costume Thief's Hood,[时装]盗贼的兜帽,server/db/re/item_db_equip.yml,物品名称
ITEM,Costume Thornbush Hairband (Blue),[时装]Thornbush发带(蓝色),server/db/re/item_db_equip.yml,物品名称
ITEM,Costume Three Rabbits Ribbon,时装饰品 31816,server/db/re/item_db_equip.yml,物品名称
ITEM,Costume Tiger Face (Middle),[时装]老虎脸(中段),server/db/re/item_db_equip.yml,物品名称
ITEM,Costume Tiger Mask,服装虎面具,server/db/re/item_db_equip.yml,物品名称
ITEM,Costume Tiraya Bonnet,时装提拉雅帽,server/db/re/item_db_equip.yml,物品名称
ITEM,Costume Tomboy Fairy,假小子妖精服装,server/db/re/item_db_equip.yml,物品名称
ITEM,Costume Tongue Mask,[时装]Tongue面具,server/db/re/item_db_equip.yml,物品名称
ITEM,Costume Top Player,[时装]Top玩家,server/db/re/item_db_equip.yml,物品名称
ITEM,Costume Toy Syringe,[时装]玩具Syringe,server/db/re/item_db_equip.yml,物品名称
ITEM,Costume Triangle roof hat,[时装]Triangle roof帽,server/db/re/item_db_equip.yml,物品名称
ITEM,Costume Triple Ice Cream,服装三色冰淇淋,server/db/re/item_db_equip.yml,物品名称
ITEM,Costume Triple Poring Hat,[时装]Triple波利帽,server/db/re/item_db_equip.yml,物品名称
ITEM,Costume Twin Casquette,[时装]双子Casquette,server/db/re/item_db_equip.yml,物品名称
ITEM,Costume Twin Margaret,玛格丽特双马尾服装,server/db/re/item_db_equip.yml,物品名称
ITEM,Costume Twin Pompom By JB,时装·双辫圣诞帽,server/db/re/item_db_equip.yml,物品名称
ITEM,Costume Twin Ponytail (Black),黑色松弛波浪双马尾（时装）,server/db/re/item_db_equip.yml,物品名称
ITEM,Costume Twin Wave Roll Hair,[时装]双子波动Roll头发,server/db/re/item_db_equip.yml,物品名称
ITEM,Costume Twinkle Twin,[时装]Twinkle双子,server/db/re/item_db_equip.yml,物品名称
ITEM,Costume Twinkling Bloody Eye,[时装]Twinkling Bloody眼睛,server/db/re/item_db_equip.yml,物品名称
ITEM,Costume Ulle's Cap,[时装]Ulle的帽,server/db/re/item_db_equip.yml,物品名称
ITEM,Costume Ulysses Wings,尤利西斯之翼服装,server/db/re/item_db_equip.yml,服装名称
ITEM,Costume Umbala Spirit,[时装]Umbala精灵,server/db/re/item_db_equip.yml,物品名称
ITEM,Costume Umbrella Hat,雨伞帽服装,server/db/re/item_db_equip.yml,物品名称
ITEM,Costume Under Rim Glasses Red,红色下缘眼镜（时装）,server/db/re/item_db_equip.yml,物品名称
ITEM,Costume Under Rimmed Glasses (Blue),时装道具 31601,server/db/re/item_db_equip.yml,物品名称
ITEM,Costume Unicorn Horn,雪白之角（时装）,server/db/re/item_db_equip.yml,物品名称
ITEM,Costume Unidentified Flying Poring,[时装]未鉴定飞行波利,server/db/re/item_db_equip.yml,物品名称
ITEM,Costume Urd Wings,[时装]Urd翅膀,server/db/re/item_db_equip.yml,物品名称
ITEM,Costume Vacation Hat,[时装]假日帽,server/db/re/item_db_equip.yml,物品名称
ITEM,Costume Valkyrie Helm,女武神头盔（时装）,server/db/re/item_db_equip.yml,物品名称
ITEM,Costume Valkyrie Spear,[时装]女武神Spear,server/db/re/item_db_equip.yml,物品名称
ITEM,Costume Vampire Hairband,服饰吸血鬼发带,server/db/re/item_db_equip.yml,物品名称
ITEM,Costume Vanargand Helm,服饰巴纳尔甘德头盔,server/db/re/item_db_equip.yml,物品名称
ITEM,Costume Vane Hairpin,[时装]Vane发夹,server/db/re/item_db_equip.yml,物品名称
ITEM,Costume Veil of Sacred Gems,Sacred Gems之[时装]Veil,server/db/re/item_db_equip.yml,物品名称
ITEM,Costume Vengeful Ghost Ears,[时装]Vengeful幽灵耳朵,server/db/re/item_db_equip.yml,物品名称
ITEM,Costume Very Cute Doll Hat,超可爱玩偶帽（时装）,server/db/re/item_db_equip.yml,物品名称
ITEM,Costume Violet Energy,[时装]紫罗兰能量,server/db/re/item_db_equip.yml,物品名称
ITEM,Costume Violet Halo,[时装]紫罗兰Halo,server/db/re/item_db_equip.yml,物品名称
ITEM,Costume Virgo Crown,[时装]Virgo王冠,server/db/re/item_db_equip.yml,物品名称
ITEM,Costume Volume Fhat,[时装]Volume Fhat,server/db/re/item_db_equip.yml,物品名称
ITEM,Costume Volume Low Twin,低双马尾服装,server/db/re/item_db_equip.yml,物品名称
ITEM,Costume Volume Low Twin (White),白色低双马尾服装,server/db/re/item_db_equip.yml,物品名称
ITEM,Costume Wadjet,[时装]Wadjet,server/db/re/item_db_equip.yml,物品名称
ITEM,Costume Wall Hat,[时装]Wall帽,server/db/re/item_db_equip.yml,物品名称
ITEM,Costume Wanderer's Sakkat,时装头饰 31415,server/db/re/item_db_equip.yml,物品名称
ITEM,Costume War Princess Ribbon,斜戴哥特缎带（时装）,server/db/re/item_db_equip.yml,物品名称
ITEM,Costume Water Lily Crown,睡莲王冠服装,server/db/re/item_db_equip.yml,物品名称
ITEM,Costume Weird Beard,[时装]Weird Beard,server/db/re/item_db_equip.yml,物品名称
ITEM,Costume Welding Mask,[时装]Welding面具,server/db/re/item_db_equip.yml,物品名称
ITEM,Costume Well-Chewed Pencil,[时装]充分-Chewed铅笔,server/db/re/item_db_equip.yml,物品名称
ITEM,Costume Whisper Tall Hat,服饰幽灵高帽,server/db/re/item_db_equip.yml,物品名称
ITEM,Costume White Baby demom hat,[时装]白色幼小demom帽,server/db/re/item_db_equip.yml,物品名称
ITEM,Costume White Bird Rose,时装头饰 31389,server/db/re/item_db_equip.yml,物品名称
ITEM,Costume White Cat Ear Wig,[时装]白色猫耳朵假发,server/db/re/item_db_equip.yml,物品名称
ITEM,Costume White Coronet,时装白色科罗内,server/db/re/item_db_equip.yml,物品名称
ITEM,Costume White Drooping Cat,[时装]白色垂耳猫,server/db/re/item_db_equip.yml,物品名称
ITEM,Costume White Feather,[时装]白色羽毛,server/db/re/item_db_equip.yml,物品名称
ITEM,Costume White Fox Ear Ribbon,[时装]白色狐狸耳朵缎带,server/db/re/item_db_equip.yml,物品名称
ITEM,Costume White Fox Hood Twin,[时装]白色狐狸兜帽双子,server/db/re/item_db_equip.yml,物品名称
ITEM,Costume White Helm Of Abyss,深渊之[时装]白色头盔,server/db/re/item_db_equip.yml,物品名称
ITEM,Costume White Lily,白百合服装,server/db/re/item_db_equip.yml,物品名称
ITEM,Costume White Lily Black Ribbon,白百合黑缎带服装,server/db/re/item_db_equip.yml,服装名称
ITEM,Costume White Rabbit Hair,[时装]白色兔子头发,server/db/re/item_db_equip.yml,物品名称
ITEM,Costume White Rabbit Headband,服饰白兔发带,server/db/re/item_db_equip.yml,物品名称
ITEM,Costume White Ribbon Headband,服饰白色发绳,server/db/re/item_db_equip.yml,物品名称
ITEM,Costume White Rose Princess,白玫瑰公主服装,server/db/re/item_db_equip.yml,服装名称
ITEM,Costume White Snake Hat,伊丽莎白,server/db/re/item_db_equip.yml,物品名称
ITEM,Costume White Student Cap,[时装]白色Student帽,server/db/re/item_db_equip.yml,物品名称
ITEM,Costume White Tiger Glasses,[时装]白色老虎眼镜,server/db/re/item_db_equip.yml,物品名称
ITEM,Costume Wild Long Hair,[时装]Wild长头发,server/db/re/item_db_equip.yml,物品名称
ITEM,Costume Wild Rose,[时装]Wild Rose,server/db/re/item_db_equip.yml,物品名称
ITEM,Costume Wind Milestone,时装·风之路标,server/db/re/item_db_equip.yml,物品名称
ITEM,Costume Wing Angels Ears,天使翼耳服装,server/db/re/item_db_equip.yml,物品名称
ITEM,Costume Wing Frame Sunglasses,[时装]翅膀Frame太阳镜,server/db/re/item_db_equip.yml,物品名称
ITEM,Costume Wing Headphone,[时装]翅膀耳机,server/db/re/item_db_equip.yml,物品名称
ITEM,Costume Wings Kafra Hair Band,[时装]翅膀Kafra发带,server/db/re/item_db_equip.yml,物品名称
ITEM,Costume Wings of Gabriel,加百列之翼（时装）,server/db/re/item_db_equip.yml,物品名称
ITEM,Costume Wings of Protector (Lower),守护者之翼（下）服装,server/db/re/item_db_equip.yml,服装名称
ITEM,Costume Wings Of Simulation Juncea,Simulation Juncea之[时装]翅膀,server/db/re/item_db_equip.yml,物品名称
ITEM,Costume Wings Of Victory,时装·胜利之翼,server/db/re/item_db_equip.yml,物品名称
ITEM,Costume Wings of Wind,风之翼（时装）,server/db/re/item_db_equip.yml,物品名称
ITEM,Costume Wish Lamp,[时装]Wish Lamp,server/db/re/item_db_equip.yml,物品名称
ITEM,Costume Wishing Sky Lantern,[时装]Wishing天空Lantern,server/db/re/item_db_equip.yml,物品名称
ITEM,Costume Witch's Cloak,时装饰品 31852,server/db/re/item_db_equip.yml,物品名称
ITEM,Costume Witch's Hat,服饰女巫帽,server/db/re/item_db_equip.yml,物品名称
ITEM,Costume Wizard's Beard,[时装]Wizard的Beard,server/db/re/item_db_equip.yml,物品名称
ITEM,Costume Worg In Mouth,服饰叼嘴沃格,server/db/re/item_db_equip.yml,物品名称
ITEM,Costume Work Cap,[时装]Work帽,server/db/re/item_db_equip.yml,物品名称
ITEM,Costume World-erosive Curse,[时装]世界-erosive诅咒,server/db/re/item_db_equip.yml,物品名称
ITEM,Costume Wrapping Ribbon,包装缎带（时装）,server/db/re/item_db_equip.yml,物品名称
ITEM,Costume Wunderkammer,[时装]Wunderkammer,server/db/re/item_db_equip.yml,物品名称
ITEM,Costume Yellow Afro Wig,[时装]黄色Afro假发,server/db/re/item_db_equip.yml,物品名称
ITEM,Costume Yellow Brain Hat,服饰黄金大脑帽,server/db/re/item_db_equip.yml,物品名称
ITEM,Costume Yellow Green Energy,[时装]黄色绿色能量,server/db/re/item_db_equip.yml,物品名称
ITEM,Costume Yellow Kitty Headphone,[时装]黄色Kitty耳机,server/db/re/item_db_equip.yml,物品名称
ITEM,Costume Yellow Ribbon,[时装]黄色缎带,server/db/re/item_db_equip.yml,物品名称
ITEM,Costume Yellow Ribbonn,[时装]黄色Ribbonn,server/db/re/item_db_equip.yml,物品名称
ITEM,Costume Yellow Scarf,[时装]黄色围巾,server/db/re/item_db_equip.yml,物品名称
ITEM,Costume Yggdrasil Hat,世界树帽服装,server/db/re/item_db_equip.yml,物品名称
ITEM,Costume Zombie Mask,时装头饰 31853,server/db/re/item_db_equip.yml,物品名称
ITEM,Costume: 2018 RTC Memorial Cloak,时装: 2018 RTC Memorial斗篷,server/db/re/item_db_equip.yml,物品名称
ITEM,Costume: Ace of Angel Wing (Sweet),服装：甜蜜天使之翼王牌,server/db/re/item_db_equip.yml,服装名称
ITEM,Costume: Black Bear Backpack,服装：黑熊背包,server/db/re/item_db_equip.yml,服装名称
ITEM,Costume: Blessed Veil,服装：祝福头纱,server/db/re/item_db_equip.yml,服装名称
ITEM,Costume: Cat eye,时装:猫眼睛,server/db/re/item_db_equip.yml,物品名称
ITEM,Costume: Curupira Hat,时装: Curupira帽,server/db/re/item_db_equip.yml,物品名称
ITEM,Costume: Cute Bear Bear Balloon (Brown),时装: Cute熊熊气球(棕色),server/db/re/item_db_equip.yml,物品名称
ITEM,Costume: Electric Guitar Of Phen,Phen之时装: Electric Guitar,server/db/re/item_db_equip.yml,物品名称
ITEM,Costume: Eremes' Scarf (Black),服装：艾勒梅斯围巾（黑色）,server/db/re/item_db_equip.yml,服装名称
ITEM,Costume: Evil Scythe,服装：邪恶镰刀,server/db/re/item_db_equip.yml,服装名称
ITEM,Costume: Eyes Of Darkness,服饰黑暗之眼,server/db/re/item_db_equip.yml,物品名称
ITEM,Costume: Faith of Yggdrasl,Yggdrasl之时装:信仰,server/db/re/item_db_equip.yml,物品名称
ITEM,Costume: Firefly Spirit Light,时装: Firefly精灵光,server/db/re/item_db_equip.yml,物品名称
ITEM,Costume: Heine’s Tablet,时装: Heine’s石板,server/db/re/item_db_equip.yml,物品名称
ITEM,Costume: Heine’s Tablet (Rose),时装: Heine’s石板(Rose),server/db/re/item_db_equip.yml,物品名称
ITEM,Costume: Heine’s Tablet (Silver),时装: Heine’s石板(银色),server/db/re/item_db_equip.yml,物品名称
ITEM,Costume: Ice Wings,服装：冰之翼,server/db/re/item_db_equip.yml,服装名称
ITEM,Costume: Krathong Crown,莲花花环（时装）,server/db/re/item_db_equip.yml,物品名称
ITEM,Costume: Larva (Red),时装:幼虫(红色),server/db/re/item_db_equip.yml,物品名称
ITEM,Costume: Loli Ruri's Crescent,服装：萝莉露莉的新月,server/db/re/item_db_equip.yml,服装名称
ITEM,Costume: Marin's Muffler,时装: Marin的围巾,server/db/re/item_db_equip.yml,物品名称
ITEM,Costume: Mechanical Butterfly,时装机械蝴蝶翅膀,server/db/re/item_db_equip.yml,物品名称
ITEM,Costume: Sakura Wings,服装：樱花之翼,server/db/re/item_db_equip.yml,服装名称
ITEM,Costume: Seppl Hat,时装: Seppl帽,server/db/re/item_db_equip.yml,物品名称
ITEM,Costume: Skoi Rider,时装: Skoi Rider,server/db/re/item_db_equip.yml,物品名称
ITEM,Costume: Wing of Harmony,Harmony之时装:翅膀,server/db/re/item_db_equip.yml,物品名称
ITEM,Cotton Mat,棉垫,server/db/re/item_db_etc.yml,物品名称
ITEM,Coursera,科塞拉塞拉,server/db/re/item_db_etc.yml,物品名称
ITEM,Cracked Diamond,裂纹钻石,server/db/re/item_db_etc.yml,物品名称
ITEM,Crazy Shadow Earring,疯狂耳环影子,server/db/re/item_db_equip.yml,物品名称
ITEM,Crazy Shadow Pendant,疯狂坠饰影子,server/db/re/item_db_equip.yml,物品名称
ITEM,Crazy Shadow Weapon,疯狂武器影子,server/db/re/item_db_equip.yml,物品名称
ITEM,Creator Stone (Lower),创造者石(下),server/db/re/item_db_etc.yml,物品名称
ITEM,Creator Stone (Middle),创造者石（中）,server/db/re/item_db_etc.yml,物品名称
ITEM,Creator Stone (Upper),创造者石(上),server/db/re/item_db_etc.yml,物品名称
ITEM,Creator Stone II (Bottom),创造者石II（下段）,server/db/re/item_db_etc.yml,物品名称
ITEM,Creator Stone II (Garment),基因工程师石II（披肩）,server/db/re/item_db_etc.yml,物品名称
ITEM,Creator Stone II (Middle),炼金术士石II（中）,server/db/re/item_db_etc.yml,物品名称
ITEM,Creator Stone II (Top),创造者石II（上段）,server/db/re/item_db_etc.yml,物品名称
ITEM,Creeper Bow,弓,server/db/re/item_db_equip.yml,物品名称
ITEM,Crest of the Rider,骑士徽章,server/db/re/item_db_equip.yml,物品名称
ITEM,CRI+5,暴击+5,server/db/re/item_db_etc.yml,物品名称
ITEM,CRI+7,暴击+7,server/db/re/item_db_etc.yml,物品名称
ITEM,Crimson Bolt,猩红闪电,server/npc/quests/gunslinger_quests.txt,枪手武器名称
ITEM,Crimson Booster,深红增幅器,server/db/re/item_db_equip.yml,物品名称
ITEM,Crimson Magic Boots-LT,Crimson魔法靴-LT,server/db/re/item_db_equip.yml,物品名称
ITEM,Crimson Necklace,Crimson项链,server/db/re/item_db_equip.yml,物品名称
ITEM,Crimson Shadow Shoes,深红影子鞋,server/db/re/item_db_equip.yml,物品名称
ITEM,Crimson Strain Booster Staff,克里米娜岩石强化法杖,server/db/re/item_db_equip.yml,物品名称
ITEM,Crismons Shoes,赤红鞋,server/db/re/item_db_equip.yml,物品名称
ITEM,Critical Hit Shadow Armor,暴击铠甲影子,server/db/re/item_db_equip.yml,物品名称
ITEM,Critical Hit Weapon Shadow,暴击影子武器,server/db/re/item_db_equip.yml,影子装备名称
ITEM,Critical Rate Stone (Garment),暴击率石（披风）,server/db/re/item_db_etc.yml,物品名称
ITEM,Critical Ring,暴击戒指,server/db/re/item_db_equip.yml,物品名称
ITEM,Critical Soul,暴击灵魂,server/db/re/item_db_etc.yml,物品名称
ITEM,Critical Stone (Bottom),暴击魔法石（下段）,server/db/re/item_db_etc.yml,物品名称
ITEM,Critical Stone (Garment),暴击魔法石（披肩）,server/db/re/item_db_etc.yml,物品名称
ITEM,Critical Stone (Middle),暴击石（中段）,server/db/re/item_db_etc.yml,物品名称
ITEM,Critical Stone (Upper),暴击魔法石（上段）,server/db/re/item_db_etc.yml,物品名称
ITEM,Croce Staff,十字杖,server/db/re/item_db_equip.yml,物品名称
ITEM,Cross Event Box,交叉活动箱,server/db/re/item_db_usable.yml,物品名称
ITEM,Crow Wing,乌鸦翅膀,server/db/re/item_db_etc.yml,物品名称
ITEM,Crown of Ancient Queen,远古女王王冠,server/db/re/item_db_equip.yml,物品名称
ITEM,Crown of Ashes,灰烬之王冠,server/db/re/item_db_equip.yml,物品名称
ITEM,Crown of Good and Evil (Arch Mage),优良与邪恶(大法师)之王冠,server/db/re/item_db_equip.yml,物品名称
ITEM,Crown of Good and Evil (Cardinal),优良与邪恶(Cardinal)之王冠,server/db/re/item_db_equip.yml,物品名称
ITEM,Crown of Good and Evil (Dragon Knight),优良与邪恶(龙骑士)之王冠,server/db/re/item_db_equip.yml,物品名称
ITEM,Crown of Good and Evil (Elemental Master),优良与邪恶(元素大师)之王冠,server/db/re/item_db_equip.yml,物品名称
ITEM,Crown of Good and Evil (Imperial Guard),优良与邪恶(帝国守卫)之王冠,server/db/re/item_db_equip.yml,物品名称
ITEM,Crown of Good and Evil (Inquisitor),优良与邪恶(审判者)之王冠,server/db/re/item_db_equip.yml,物品名称
ITEM,Crown of Good and Evil (Meister),优良与邪恶(Meister)之王冠,server/db/re/item_db_equip.yml,物品名称
ITEM,Crown of Mistress,女主人的王冠,server/db/re/item_db_equip.yml,物品名称
ITEM,Crown Parrots,皇冠鹦鹉,server/db/re/item_db_equip.yml,物品名称
ITEM,Crowned Cinnamon Backpack,Crowned Cinnamon背包,server/db/re/item_db_equip.yml,物品名称
ITEM,CRT Assistance,创造力辅助,server/db/re/item_db_etc.yml,物品名称
ITEM,CRT Enforcement,创造力执行,server/db/re/item_db_etc.yml,物品名称
ITEM,CRT Lv1,创造力Lv1,server/db/re/item_db_etc.yml,物品名称
ITEM,CRT Lv2,创造力Lv2,server/db/re/item_db_etc.yml,物品名称
ITEM,CRT Reduction Potion,CRT减少药水,server/db/re/item_db_usable.yml,物品名称
ITEM,CRT+3,创造力+3,server/db/re/item_db_etc.yml,物品名称
ITEM,Crude Glasses,Crude眼镜,server/db/re/item_db_etc.yml,物品名称
ITEM,Crumple Paper,皱巴巴纸,server/db/re/item_db_etc.yml,物品名称
ITEM,Crumpled Paper,皱巴巴的纸,server/db/re/item_db_usable.yml,物品名称
ITEM,Crusade Rune Enchantment,Crusade符文附魔,server/db/re/item_db_usable.yml,物品名称
ITEM,Crusader Card Box,十字军卡片箱,server/db/re/item_db_usable.yml,物品名称
ITEM,Crusader Shadow Shoes,十字军鞋子影子,server/db/re/item_db_equip.yml,物品名称
ITEM,Cryptura Academy Hat,帽子,server/db/re/item_db_equip.yml,物品名称
ITEM,Crystal Arrow,水晶箭,server/db/re/item_db_etc.yml,物品名称
ITEM,Crystal Fragment,水晶碎片,server/db/re/item_db_etc.yml,物品名称
ITEM,Crystal Impact Tuning Device,附魔石 311038,server/db/re/item_db_etc.yml,物品名称
ITEM,Crystal Key,水晶钥匙,server/db/re/item_db_etc.yml,物品名称
ITEM,Crystal of Darkness,黑暗水晶,server/db/re/item_db_etc.yml,物品名称
ITEM,Crystal of Forgotten Time (Area 1),Forgotten时间(Area 1)之水晶,server/db/re/item_db_usable.yml,物品名称
ITEM,Crystal of Forgotten Time (Area 2),Forgotten时间(Area 2)之水晶,server/db/re/item_db_usable.yml,物品名称
ITEM,Crystal Pumps,水晶高跟鞋,server/db/re/item_db_equip.yml,物品名称
ITEM,Crystalized Teardrop,泪之结晶,server/db/re/item_db_etc.yml,物品名称
ITEM,Cultist's Circlet (Agility),Cultist的头环(敏捷),server/db/re/item_db_equip.yml,物品名称
ITEM,Cultist's Circlet (Dexterity),Cultist的头环(Dexterity),server/db/re/item_db_equip.yml,物品名称
ITEM,Cultist's Circlet (Intelligence),Cultist的头环(智力),server/db/re/item_db_equip.yml,物品名称
ITEM,Cultist's Circlet (Lucky),Cultist的头环(幸运),server/db/re/item_db_equip.yml,物品名称
ITEM,Cultist's Circlet (Strength),Cultist的头环(Strength),server/db/re/item_db_equip.yml,物品名称
ITEM,Cultist's Circlet (Vitality),Cultist的头环(Vitality),server/db/re/item_db_equip.yml,物品名称
ITEM,Cup Of Boza,Boza之Cup,server/db/re/item_db_usable.yml,物品名称
ITEM,Cure Free,治愈自由,server/db/re/item_db_usable.yml,物品名称
ITEM,Curious Snowball,好奇雪球,server/db/re/item_db_usable.yml,物品名称
ITEM,Curse-Spell Boots,诅咒-法术靴,server/db/re/item_db_equip.yml,物品名称
ITEM,Curse-Spell Ring,咒术戒指,server/db/re/item_db_equip.yml,装备名称
ITEM,Cursed Arrow,诅咒箭,server/db/re/item_db_etc.yml,物品名称
ITEM,Cursed Blood,诅咒之血,server/db/re/item_db_usable.yml,物品名称
ITEM,Cursed Diabolical Armor,Cursed Diabolical铠甲,server/db/re/item_db_equip.yml,物品名称
ITEM,Cursed Fragment,怨念碎片,server/db/re/item_db_usable.yml,物品名称
ITEM,Cursed Knight's Shield Box,诅咒骑士盾牌箱,server/db/re/item_db_usable.yml,物品名称
ITEM,Cursed Lucky Clover,被诅咒的幸运四叶草,server/db/re/item_db_equip.yml,装备名称
ITEM,Cursed Magical Stone,可疑魔力之石,server/db/re/item_db_etc.yml,物品名称
ITEM,Cursed Raydric Archer Card,诅咒骑士弓箭手卡片,server/db/re/item_db_etc.yml,物品名称
ITEM,Cursed Raydric Card,诅咒骑士卡片,server/db/re/item_db_etc.yml,物品名称
ITEM,Cursed Ruby,被诅咒的红宝石,server/db/re/item_db_etc.yml,物品名称
ITEM,Cursed Servant Card,诅咒仆从卡片,server/db/re/item_db_etc.yml,物品名称
ITEM,Customization Box,定制箱,server/db/re/item_db_usable.yml,物品名称
ITEM,Customized Plates,定制盘子,server/db/re/item_db_etc.yml,物品名称
ITEM,Cute Ribbon,发绳,server/db/re/item_db_equip.yml,物品名称
ITEM,Cutlus Box,Cutlus箱,server/db/re/item_db_usable.yml,物品名称
ITEM,Cylinder Hairband,Cylinder发带,server/db/re/item_db_equip.yml,物品名称
ITEM,D Grade Coin,D 级硬币,server/db/re/item_db_etc.yml,物品名称
ITEM,Dagger of Hunter,猎人匕首,server/db/re/item_db_equip.yml,物品名称
ITEM,Damascus Box,大马士革剑箱,server/db/re/item_db_usable.yml,物品名称
ITEM,Dame of Sentinel Card,监视者卡片,server/db/re/item_db_etc.yml,物品名称
ITEM,Damp Darkness,潮湿黑暗,server/db/re/item_db_etc.yml,物品名称
ITEM,Dance Shoes,舞鞋,server/db/re/item_db_equip.yml,物品名称
ITEM,Dandelion Ring,蒲公英戒指,server/db/re/item_db_usable.yml,物品名称
ITEM,Dangerous Relic,危险遗物,server/db/re/item_db_etc.yml,物品名称
ITEM,Dark Age,黑暗Age,server/db/re/item_db_equip.yml,物品名称
ITEM,Dark Blinder,黑暗眼罩,server/db/re/item_db_equip.yml,物品名称
ITEM,Dark Coelacanth Card,暗黑腔棘鱼卡片,server/db/re/item_db_etc.yml,物品名称
ITEM,Dark Crystal Fragment,黑暗水晶碎片,server/db/re/item_db_etc.yml,物品名称
ITEM,Dark Illusion Guitar,黑暗幻象Guitar,server/db/re/item_db_equip.yml,物品名称
ITEM,Dark Knight Belt,暗黑骑士腰带,server/db/re/item_db_equip.yml,物品名称
ITEM,Dark Knight Glove,暗黑骑士手套,server/db/re/item_db_equip.yml,物品名称
ITEM,Dark Mitsuwa God Shoes,黑暗Mitsuwa神鞋,server/db/re/item_db_equip.yml,物品名称
ITEM,Dark Piece,黑暗碎片,server/db/re/item_db_etc.yml,物品名称
ITEM,Dark Randgris Helm,黑暗兰格力斯头盔,server/db/re/item_db_equip.yml,物品名称
ITEM,Dark Randgris Helm Box,黑暗兰德格里斯头盔箱,server/db/re/item_db_usable.yml,物品名称
ITEM,Dark Triad,黑暗Triad,server/db/re/item_db_equip.yml,物品名称
ITEM,Darklord Essence Force1,魔神精髓·力量 1,server/db/re/item_db_etc.yml,物品名称
ITEM,Darkred Scale Piece,暗红鳞片,server/db/re/item_db_etc.yml,物品名称
ITEM,Dawn Essence,黎明精华,server/db/re/item_db_etc.yml,物品名称
ITEM,Deadly Noxious Herb,致命毒草,server/db/re/item_db_usable.yml,物品名称
ITEM,Deadly Poison Specimen of the Depths,Depths之Deadly毒Specimen,server/db/re/item_db_etc.yml,物品名称
ITEM,Death's Desire,死亡的Desire,server/db/re/item_db_etc.yml,物品名称
ITEM,Debt Note,借据,server/db/re/item_db_etc.yml,物品名称
ITEM,December Lucky Box,十二月幸运盒,server/db/re/item_db_usable.yml,物品名称
ITEM,Decorative Geographer,装饰地理学家帽,server/db/re/item_db_equip.yml,物品名称
ITEM,Decorative Golden Bell,巨大金铃铛,server/db/re/item_db_equip.yml,物品名称
ITEM,Decorative Mushroom,装饰蘑菇,server/db/re/item_db_equip.yml,物品名称
ITEM,Decussate Badge,Decussate徽章,server/db/re/item_db_etc.yml,物品名称
ITEM,Decussate Ring,十字戒指,server/db/re/item_db_equip.yml,物品名称
ITEM,Decussate Ring Box,驱魔戒指箱,server/db/re/item_db_usable.yml,物品名称
ITEM,Decussate Ring Box2,驱魔戒指箱Ⅱ,server/db/re/item_db_usable.yml,物品名称
ITEM,Dedicated Bandage,斗神绷带,server/db/re/item_db_equip.yml,物品名称
ITEM,Deep Blue Sunglasses,深蓝太阳镜,server/db/re/item_db_equip.yml,物品名称
ITEM,Deep Cleansing Energy,深邃Cleansing能量,server/db/re/item_db_etc.yml,物品名称
ITEM,Deep Cleansing Rune,深邃Cleansing符文,server/db/re/item_db_etc.yml,物品名称
ITEM,Deep Cold Rune,深邃Cold符文,server/db/re/item_db_etc.yml,物品名称
ITEM,Deep Corruption Energy,深邃腐化能量,server/db/re/item_db_etc.yml,物品名称
ITEM,Deep Corruption Rune,深邃腐化符文,server/db/re/item_db_etc.yml,物品名称
ITEM,Deep Earth Crystal,深邃大地水晶,server/db/re/item_db_etc.yml,物品名称
ITEM,Deep Earth Rune,深邃大地符文,server/db/re/item_db_etc.yml,物品名称
ITEM,Deep Earth Sample,深邃大地样品,server/db/re/item_db_etc.yml,物品名称
ITEM,Deep Fire Sample,深邃火样品,server/db/re/item_db_etc.yml,物品名称
ITEM,Deep Flame Crystal,深邃火焰水晶,server/db/re/item_db_etc.yml,物品名称
ITEM,Deep Frost Sample,深邃Frost样品,server/db/re/item_db_etc.yml,物品名称
ITEM,Deep Ice Crystal,深邃冰水晶,server/db/re/item_db_etc.yml,物品名称
ITEM,Deep Poison Crystal,深邃毒水晶,server/db/re/item_db_etc.yml,物品名称
ITEM,Deep Poison Energy,深邃毒能量,server/db/re/item_db_etc.yml,物品名称
ITEM,Deep Purification Crystal,深邃净化水晶,server/db/re/item_db_etc.yml,物品名称
ITEM,Deep Runic Armor Inscription,深邃Runic铠甲Inscription,server/db/re/item_db_usable.yml,物品名称
ITEM,Deep Sea Kraken's Leg,深海克拉肯的触手,server/db/re/item_db_etc.yml,物品名称
ITEM,Deep Soul Crystal,深邃灵魂水晶,server/db/re/item_db_etc.yml,物品名称
ITEM,Deep Soul Energy,深邃灵魂能量,server/db/re/item_db_etc.yml,物品名称
ITEM,Deep Soul Essence,深邃灵魂精华,server/db/re/item_db_etc.yml,物品名称
ITEM,Deep Soul Rune,深邃灵魂符文,server/db/re/item_db_etc.yml,物品名称
ITEM,Deep Storm Crystal,深邃风暴水晶,server/db/re/item_db_etc.yml,物品名称
ITEM,Deep Storm Energy,深邃风暴能量,server/db/re/item_db_etc.yml,物品名称
ITEM,Deep Storm Rune,深邃风暴符文,server/db/re/item_db_etc.yml,物品名称
ITEM,Deep Storm Sample,深邃风暴样品,server/db/re/item_db_etc.yml,物品名称
ITEM,Deep-fried Chicken,炸鸡,server/db/re/item_db_usable.yml,物品名称
ITEM,DEF+12,防御+12,server/db/re/item_db_etc.yml,物品名称
ITEM,DEF+15,防御+15,server/db/re/item_db_etc.yml,物品名称
ITEM,DEF+18,防御+18,server/db/re/item_db_etc.yml,物品名称
ITEM,DEF+20,防御+20,server/db/re/item_db_etc.yml,物品名称
ITEM,DEF+21,防御+21,server/db/re/item_db_etc.yml,物品名称
ITEM,DEF+3,防御+3,server/db/re/item_db_etc.yml,物品名称
ITEM,DEF+6,防御+6,server/db/re/item_db_etc.yml,物品名称
ITEM,DEF+9,防御+9,server/db/re/item_db_etc.yml,物品名称
ITEM,Defender Booster Earrings,防御者增幅耳环,server/db/re/item_db_equip.yml,物品名称
ITEM,Defense Scroll Box,防御卷轴盒,server/db/re/item_db_usable.yml,物品名称
ITEM,Defense Scroll Box (10),防御卷轴盒（10）,server/db/re/item_db_usable.yml,物品名称
ITEM,DelayafterAttack1Lv,攻击后延迟 1 级,server/db/re/item_db_etc.yml,物品名称
ITEM,DelayafterAttack2Lv,攻击后延迟 2 级,server/db/re/item_db_etc.yml,物品名称
ITEM,DelayafterAttack3Lv,攻击后延迟 3 级,server/db/re/item_db_etc.yml,物品名称
ITEM,Delicious Meat,美味的肉,server/db/re/item_db_usable.yml,物品名称
ITEM,Demigod 2 Set Reward,半神2套装奖励,server/db/re/item_db_usable.yml,物品名称
ITEM,Demigod Activation Reward,半神激活奖励,server/db/re/item_db_usable.yml,物品名称
ITEM,Demigod Completion Reward,半神完成奖励,server/db/re/item_db_usable.yml,物品名称
ITEM,Demon Blue Poring Bubble,恶魔蓝色波利泡泡,server/db/re/item_db_equip.yml,物品名称
ITEM,Demon's Familiar,恶魔的使魔,server/db/re/item_db_equip.yml,物品名称
ITEM,Demonic Claw,恶魔利爪,server/db/re/item_db_equip.yml,物品名称
ITEM,Demons Familiar,Demons使魔,server/db/re/item_db_equip.yml,物品名称
ITEM,Dengeki Shot Cartridge,弹药筒·电击弹,server/db/re/item_db_usable.yml,物品名称
ITEM,Depth Corruption Crystal,Depth腐化水晶,server/db/re/item_db_etc.yml,物品名称
ITEM,Depth Corruption Sample,Depth腐化样品,server/db/re/item_db_etc.yml,物品名称
ITEM,Depth Rune Armor Unengraved,Depth符文铠甲Unengraved,server/db/re/item_db_usable.yml,物品名称
ITEM,Depth Soul Sample,Depth灵魂样品,server/db/re/item_db_etc.yml,物品名称
ITEM,Despair Thoughtform Shoes,Despair Thoughtform鞋,server/db/re/item_db_equip.yml,物品名称
ITEM,Despero of Thanatos Card,塔纳托斯的绝望卡片,server/db/re/item_db_etc.yml,物品名称
ITEM,Destroyed Armor,损坏的铠甲,server/db/re/item_db_etc.yml,物品名称
ITEM,Destructive Evil Lv1,灭魔 Lv1,server/db/re/item_db_etc.yml,物品名称
ITEM,Destructive Evil Lv2,灭魔 Lv2,server/db/re/item_db_etc.yml,物品名称
ITEM,Destructive Evil Lv3,灭魔 Lv3,server/db/re/item_db_etc.yml,物品名称
ITEM,Destructive Evil Lv4,灭魔 Lv4,server/db/re/item_db_etc.yml,物品名称
ITEM,Destructive Evil Lv5,灭魔 Lv5,server/db/re/item_db_etc.yml,物品名称
ITEM,Detoxify Stone (Lower),解毒石（下段）,server/db/re/item_db_etc.yml,物品名称
ITEM,Deviace Card,海神卡片,server/db/re/item_db_etc.yml,物品名称
ITEM,Device Creation Guide,装置制造书,server/db/re/item_db_etc.yml,物品名称
ITEM,Devil School Cap,恶魔学校帽,server/db/re/item_db_equip.yml,物品名称
ITEM,Devil's Bible Drive,恶魔的圣经Drive,server/db/re/item_db_equip.yml,物品名称
ITEM,Deviruchi Card,小恶魔卡片,server/db/re/item_db_etc.yml,物品名称
ITEM,Deviruchi Egg,小恶魔的蛋,server/db/re/item_db_equip.yml,物品名称
ITEM,Devouring Tan Card,Devouring Tan卡片,server/db/re/item_db_etc.yml,物品名称
ITEM,Dew Laden Moss,带露水苔藓,server/db/re/item_db_usable.yml,物品名称
ITEM,Dex + 1,灵巧+ 1,server/db/re/item_db_etc.yml,物品名称
ITEM,Dex + 2,灵巧+ 2,server/db/re/item_db_etc.yml,物品名称
ITEM,Dex + 3,灵巧+ 3,server/db/re/item_db_etc.yml,物品名称
ITEM,DEX Blessing,灵巧祝福,server/db/re/item_db_etc.yml,物品名称
ITEM,Dex Glove,DEX 手套,server/db/re/item_db_equip.yml,物品名称
ITEM,DEX Reduction Potion,DEX 减少药水,server/db/re/item_db_usable.yml,物品名称
ITEM,DEX+1,灵巧+1,server/db/re/item_db_etc.yml,物品名称
ITEM,DEX+10,灵巧+10,server/db/re/item_db_etc.yml,物品名称
ITEM,DEX+2,灵巧+2,server/db/re/item_db_etc.yml,物品名称
ITEM,DEX+3,灵巧+3,server/db/re/item_db_etc.yml,物品名称
ITEM,DEX+3 AGI-3,灵巧+3敏捷-3,server/db/re/item_db_etc.yml,物品名称
ITEM,DEX+3 VIT-3,灵巧+3体质-3,server/db/re/item_db_etc.yml,物品名称
ITEM,DEX+4,灵巧+4,server/db/re/item_db_etc.yml,物品名称
ITEM,DEX+5,灵巧+5,server/db/re/item_db_etc.yml,物品名称
ITEM,DEX+6,灵巧+6,server/db/re/item_db_etc.yml,物品名称
ITEM,DEX+7,灵巧+7,server/db/re/item_db_etc.yml,物品名称
ITEM,DEX+8,灵巧+8,server/db/re/item_db_etc.yml,物品名称
ITEM,DEX+9,灵巧+9,server/db/re/item_db_etc.yml,物品名称
ITEM,Dia de Muertos,亡灵节,server/db/re/item_db_equip.yml,物品名称
ITEM,Diabolic Egg,邪恶使者蛋,server/db/re/item_db_equip.yml,宠物蛋名称
ITEM,Diabolic Taming Box,恶魔驯服箱,server/db/re/item_db_usable.yml,物品名称
ITEM,Diabolus Wing,恶魔之翼,server/db/re/item_db_equip.yml,物品名称
ITEM,Diadem,王冠,server/db/re/item_db_equip.yml,物品名称
ITEM,Diadem Of Bruenhild,布伦希尔德冠冕,server/db/re/item_db_equip.yml,物品名称
ITEM,Diamond of Ruin,毁灭之钻,server/db/re/item_db_etc.yml,物品名称
ITEM,Diamond Ring,钻石戒指,server/db/re/item_db_equip.yml,物品名称
ITEM,Diamond Treasure Box,钻石宝藏箱,server/db/re/item_db_usable.yml,物品名称
ITEM,Diary Magic Powder,日记魔法粉,server/db/re/item_db_usable.yml,物品名称
ITEM,Diary Magic Powder Box,日记魔法粉末盒,server/db/re/item_db_usable.yml,物品名称
ITEM,Diary Magic Powder Box (30 days),图画日记魔法粉末箱（30天）,server/db/re/item_db_usable.yml,物品名称
ITEM,Diary Of Great Sage,大贤者日记,server/db/re/item_db_equip.yml,物品名称
ITEM,DID Cape,DID披风,server/db/re/item_db_equip.yml,物品名称
ITEM,Diligent Andre Card,勤劳安德烈卡片,server/db/re/item_db_etc.yml,物品名称
ITEM,Diligent Andre Larva Card,勤劳安德烈幼虫卡片,server/db/re/item_db_etc.yml,物品名称
ITEM,Diligent Deniro Card,勤劳丹尼洛卡片,server/db/re/item_db_etc.yml,物品名称
ITEM,Diligent Piere Card,勤劳皮埃尔卡片,server/db/re/item_db_etc.yml,物品名称
ITEM,Diligent Soldier Andre Card,勤劳士兵安德烈卡片,server/db/re/item_db_etc.yml,物品名称
ITEM,Dim Glaceon Armor Enhancer,Dim Glaceon铠甲Enhancer,server/db/re/item_db_usable.yml,物品名称
ITEM,Dim Glacia Weapon Enhancement,Dim Glacia武器强化,server/db/re/item_db_usable.yml,物品名称
ITEM,Dim Glacier Boots,Dim冰川靴,server/db/re/item_db_equip.yml,物品名称
ITEM,Dim Glacier Extractor,Dim冰川Extractor,server/db/re/item_db_usable.yml,物品名称
ITEM,Dim Glacier Knuckle,Dim冰川拳套,server/db/re/item_db_equip.yml,物品名称
ITEM,Dim Glacier Reinforcement Device,Dim冰川Reinforcement Device,server/db/re/item_db_usable.yml,物品名称
ITEM,Dim Glacier Shoes,Dim冰川鞋,server/db/re/item_db_equip.yml,物品名称
ITEM,Dimension World Magic Shoes,次元世界魔法鞋,server/db/re/item_db_equip.yml,物品名称
ITEM,Dimension World Spell Shoes,次元世界法术鞋,server/db/re/item_db_equip.yml,物品名称
ITEM,Dimensional Crystal Music Box,次元水晶音乐箱,server/db/re/item_db_usable.yml,物品名称
ITEM,Dimensional Enchantment Box,次元附魔箱,server/db/re/item_db_usable.yml,物品名称
ITEM,Dimensional Wanderer's Key,次元浪姬的钥匙,server/db/re/item_db_equip.yml,物品名称
ITEM,Dimensions Biological Sword,Dimensions Biological剑,server/db/re/item_db_equip.yml,物品名称
ITEM,Dimensions Hyper Sword,Dimensions超能剑,server/db/re/item_db_equip.yml,物品名称
ITEM,Dimensions Musical Ribbon,Dimensions音乐缎带,server/db/re/item_db_equip.yml,物品名称
ITEM,Dimensions Musical Rope,Dimensions音乐绳,server/db/re/item_db_equip.yml,物品名称
ITEM,Dinner for Hunter,猎人的盛宴,server/db/re/item_db_usable.yml,物品名称
ITEM,Directive,指令戒指,server/db/re/item_db_equip.yml,物品名称
ITEM,Disguise Summoning 10 Box,伪装者召唤10箱,server/db/re/item_db_usable.yml,物品名称
ITEM,Disguise Summoning 5 Box,伪装者召唤5箱,server/db/re/item_db_usable.yml,物品名称
ITEM,Diva Book,Diva书,server/db/re/item_db_equip.yml,物品名称
ITEM,Diva Lance,Diva长枪,server/db/re/item_db_equip.yml,物品名称
ITEM,Diva Robe,Diva长袍,server/db/re/item_db_equip.yml,物品名称
ITEM,Diva Shoes,Diva鞋,server/db/re/item_db_equip.yml,物品名称
ITEM,Diva Twohand Axe,Diva Twohand斧,server/db/re/item_db_equip.yml,物品名称
ITEM,Divine Cloth,神圣布料,server/db/re/item_db_equip.yml,物品名称
ITEM,Divine Evil Lv1,神魔 Lv1,server/db/re/item_db_etc.yml,物品名称
ITEM,Divine Evil Lv2,神魔 Lv2,server/db/re/item_db_etc.yml,物品名称
ITEM,Divine Evil Lv3,神魔 Lv3,server/db/re/item_db_etc.yml,物品名称
ITEM,Divine Evil Lv4,神魔 Lv4,server/db/re/item_db_etc.yml,物品名称
ITEM,Divine Evil Lv5,神魔 Lv5,server/db/re/item_db_etc.yml,物品名称
ITEM,Divine Light Footprints,Divine光Footprints,server/db/re/item_db_etc.yml,物品名称
ITEM,Divinus Shadow Shoes,Divinus影子鞋,server/db/re/item_db_equip.yml,物品名称
ITEM,Doctor Band,医生发带,server/db/re/item_db_equip.yml,物品名称
ITEM,Doctor Hairband,Doctor发带,server/db/re/item_db_equip.yml,物品名称
ITEM,Document Files,文件夹,server/db/re/item_db_etc.yml,物品名称
ITEM,Dogly Bottle,DOG药瓶,server/db/re/item_db_etc.yml,物品名称
ITEM,Dokebi Egg,妖怪的蛋,server/db/re/item_db_equip.yml,物品名称
ITEM,Dolor Hat,悲伤帽,server/db/re/item_db_equip.yml,物品名称
ITEM,Dolor of Thanatos Card,塔纳托斯的痛苦卡片,server/db/re/item_db_etc.yml,物品名称
ITEM,Donor List Baldur 1,捐赠者清单Baldur 1,server/db/re/item_db_etc.yml,物品名称
ITEM,Donor List Chaos 1,捐赠者清单混沌1,server/db/re/item_db_etc.yml,物品名称
ITEM,Donor List Chaos 2,捐赠者清单混沌2,server/db/re/item_db_etc.yml,物品名称
ITEM,Donor List Chaos 3,捐赠者清单混沌3,server/db/re/item_db_etc.yml,物品名称
ITEM,Donor List Chaos 4,捐赠者清单混沌4,server/db/re/item_db_etc.yml,物品名称
ITEM,Donor List Fenrir 1,捐赠者清单Fenrir 1,server/db/re/item_db_etc.yml,物品名称
ITEM,Donor List Fenrir 2,捐赠者清单Fenrir 2,server/db/re/item_db_etc.yml,物品名称
ITEM,Donor List Fenrir 3,捐赠者清单Fenrir 3,server/db/re/item_db_etc.yml,物品名称
ITEM,Donor List Iris 1,捐赠者清单Iris 1,server/db/re/item_db_etc.yml,物品名称
ITEM,Donor List Iris 2,捐赠者清单Iris 2,server/db/re/item_db_etc.yml,物品名称
ITEM,Donor List Iris 3,捐赠者清单Iris 3,server/db/re/item_db_etc.yml,物品名称
ITEM,Donor List Iris 4,捐赠者清单Iris 4,server/db/re/item_db_etc.yml,物品名称
ITEM,Donor List Loki 1,捐赠者清单Loki 1,server/db/re/item_db_etc.yml,物品名称
ITEM,Donor List Loki 2,捐赠者清单Loki 2,server/db/re/item_db_etc.yml,物品名称
ITEM,Donor List Loki 3,捐赠者清单Loki 3,server/db/re/item_db_etc.yml,物品名称
ITEM,Donor List Loki 4,捐赠者清单Loki 4,server/db/re/item_db_etc.yml,物品名称
ITEM,Donor List Lydia 1,捐赠者清单Lydia 1,server/db/re/item_db_etc.yml,物品名称
ITEM,Donor List Lydia 2,捐赠者清单Lydia 2,server/db/re/item_db_etc.yml,物品名称
ITEM,Donor List Odin 1,捐赠者清单Odin 1,server/db/re/item_db_etc.yml,物品名称
ITEM,Donor List Sakray 1,捐赠者清单Sakray 1,server/db/re/item_db_etc.yml,物品名称
ITEM,Donor List Sarah 1,捐赠者清单Sarah 1,server/db/re/item_db_etc.yml,物品名称
ITEM,Donor List Sarah 2,捐赠者清单Sarah 2,server/db/re/item_db_etc.yml,物品名称
ITEM,Donor List Sarah 3,捐赠者清单Sarah 3,server/db/re/item_db_etc.yml,物品名称
ITEM,Donor List Thor 1,捐赠者清单Thor 1,server/db/re/item_db_etc.yml,物品名称
ITEM,Doppelganger Contract,矿工契约,server/db/re/item_db_usable.yml,物品名称
ITEM,Doram Magical Shadow Armor,Doram 魔法影子铠甲,server/db/re/item_db_equip.yml,物品名称
ITEM,Doram Magical Shadow Shoes,Doram 魔法影子鞋,server/db/re/item_db_equip.yml,物品名称
ITEM,Doram Physical Shadow Armor,Doram 物理影子铠甲,server/db/re/item_db_equip.yml,物品名称
ITEM,Doram Physical Shadow Shoes,Doram 物理影子鞋,server/db/re/item_db_equip.yml,物品名称
ITEM,Doram Physical Shadow Weapon,腕龙物理影子武器,server/db/re/item_db_equip.yml,影子装备名称
ITEM,Dorothy Doll Hat,Dorothy玩偶帽,server/db/re/item_db_equip.yml,物品名称
ITEM,Double Attack Stone (Garment),二连射魔法石（披肩）,server/db/re/item_db_etc.yml,物品名称
ITEM,Double Barrel Cannon,双管枪管火炮,server/db/re/item_db_equip.yml,物品名称
ITEM,DR815 Card,DR815 卡片,server/db/re/item_db_etc.yml,物品名称
ITEM,Draco's Egg,德拉科的蛋,server/db/re/item_db_etc.yml,物品名称
ITEM,Dragon Breath Cocktail,龙息鸡尾酒,server/db/re/item_db_usable.yml,物品名称
ITEM,Dragon Breath Cocktail 30 Box,龙息鸡尾酒 30 箱,server/db/re/item_db_usable.yml,物品名称
ITEM,Dragon Breath Cocktail 50 Box,龙息鸡尾酒 50 箱,server/db/re/item_db_usable.yml,物品名称
ITEM,Dragon Emperor's Wing,龙皇帝的翅膀,server/db/re/item_db_equip.yml,物品名称
ITEM,Dragon Knight Soul (Dragonic Pierce),龙骑士灵魂(Dragonic Pierce),server/db/re/item_db_etc.yml,物品名称
ITEM,Dragon Knight Soul (Hack and Slasher),龙骑士灵魂(Hack与Slasher),server/db/re/item_db_etc.yml,物品名称
ITEM,Dragon Knight Soul (Madness Crusher),龙骑士灵魂(Madness Crusher),server/db/re/item_db_etc.yml,物品名称
ITEM,Dragon Knight Soul (Servant Weapon),龙骑士灵魂(Servant武器),server/db/re/item_db_etc.yml,物品名称
ITEM,Dragon Knight Soul (Storm Slash),龙骑士灵魂(风暴Slash),server/db/re/item_db_etc.yml,物品名称
ITEM,Dragon Knight Stone (Garment),龙骑士石（披肩）,server/db/re/item_db_etc.yml,物品名称
ITEM,Dragon Knight Stone II (Garment),龙骑士石II（披风）,server/db/re/item_db_etc.yml,物品名称
ITEM,Dragon Manteau,龙之斗篷,server/db/re/item_db_equip.yml,物品名称
ITEM,Dragon Mustache Candy,龙Mustache Candy,server/db/re/item_db_etc.yml,物品名称
ITEM,Dragon Ring Box,龙戒指箱,server/db/re/item_db_usable.yml,物品名称
ITEM,Dragon Ring Box2,龙族戒指箱Ⅱ,server/db/re/item_db_usable.yml,物品名称
ITEM,Dragon Scale Lv1,龙鳞 Lv1,server/db/re/item_db_etc.yml,物品名称
ITEM,Dragon Scale Lv2,龙鳞 Lv2,server/db/re/item_db_etc.yml,物品名称
ITEM,Dragon Scale Lv3,龙鳞 Lv3,server/db/re/item_db_etc.yml,物品名称
ITEM,Dragon Scale Lv4,龙鳞 Lv4,server/db/re/item_db_etc.yml,物品名称
ITEM,Dragon Scale Lv5,龙鳞 Lv5,server/db/re/item_db_etc.yml,物品名称
ITEM,Dragon Skull,龙之骷髅,server/db/re/item_db_equip.yml,物品名称
ITEM,Dragon Treasure,龙之宝藏,server/db/re/item_db_usable.yml,物品名称
ITEM,Dragon Wing,龙翼,server/db/re/item_db_equip.yml,物品名称
ITEM,Dragon's Mane,龙鬃,server/db/re/item_db_etc.yml,物品名称
ITEM,Dragonic Slayer Modification Cube,龙族屠戮者改造魔方,server/db/re/item_db_usable.yml,物品名称
ITEM,Dream Blessing 1,梦境祝福1,server/db/re/item_db_etc.yml,物品名称
ITEM,Dream Blessing 2,梦境祝福2,server/db/re/item_db_etc.yml,物品名称
ITEM,Dream Blessing 3,梦境祝福3,server/db/re/item_db_etc.yml,物品名称
ITEM,Dream Blessing 4,梦境祝福4,server/db/re/item_db_etc.yml,物品名称
ITEM,Dream Blessing 5,梦境祝福5,server/db/re/item_db_etc.yml,物品名称
ITEM,Dress Hat,礼服帽,server/db/re/item_db_equip.yml,物品名称
ITEM,Dried Ice Gangu,Dried冰Gangu,server/db/re/item_db_usable.yml,物品名称
ITEM,Dried Squid Box,鱿鱼干箱,server/db/re/item_db_usable.yml,物品名称
ITEM,Driver Band,驾驶员发带,server/db/re/item_db_equip.yml,物品名称
ITEM,Drooping Bunny,下垂兔耳,server/db/re/item_db_equip.yml,物品名称
ITEM,Drooping Cat,耷拉猫,server/db/re/item_db_equip.yml,物品名称
ITEM,Drooping Chuni Penguin,垂耳Chuni企鹅,server/db/re/item_db_equip.yml,物品名称
ITEM,Drooping Elven Ears,垂耳Elven耳朵,server/db/re/item_db_equip.yml,物品名称
ITEM,Drooping Nine Tail,慵懒九尾狐,server/db/re/item_db_equip.yml,物品名称
ITEM,Drooping Thanatos's Dolor,时装头饰 400023,server/db/re/item_db_equip.yml,物品名称
ITEM,Drooping Thanatos's Dolor-LT,垂耳Thanatos的Dolor-LT,server/db/re/item_db_equip.yml,物品名称
ITEM,Drops Egg,波波利的蛋,server/db/re/item_db_equip.yml,物品名称
ITEM,Drops Exchange Ticket Box,滴答交换券箱,server/db/re/item_db_usable.yml,物品名称
ITEM,Drosera Hairpin,Drosera发夹,server/db/re/item_db_equip.yml,物品名称
ITEM,Dry Rafflesia Card,干燥拉弗雷西亚卡片,server/db/re/item_db_etc.yml,物品名称
ITEM,Dry White Stem,干燥洁白的茎,server/db/re/item_db_etc.yml,物品名称
ITEM,Dullahan Egg,杜拉汉之蛋,server/db/re/item_db_equip.yml,物品名称
ITEM,Dumpling Footprint,Dumpling脚印,server/db/re/item_db_etc.yml,物品名称
ITEM,Duneyrr Helm Box,杜内尔头盔箱,server/db/re/item_db_usable.yml,物品名称
ITEM,Dungeon Teleport Scroll 3 Box,地下城移动卷轴 3 箱,server/db/re/item_db_usable.yml,物品名称
ITEM,Dungeon Teleport Scroll Box (10),地下城移动卷轴 10 个箱,server/db/re/item_db_usable.yml,物品名称
ITEM,Dungeon Teleport Scroll Box (5),地下城移动卷轴 5 个箱,server/db/re/item_db_usable.yml,物品名称
ITEM,Duplex Shadow Armor,双倍投掷铠甲影子,server/db/re/item_db_equip.yml,物品名称
ITEM,Duplex Shadow Shield,双倍投掷盾牌影子,server/db/re/item_db_equip.yml,物品名称
ITEM,Duplex Shadow Shoes,双倍投掷鞋子影子,server/db/re/item_db_equip.yml,物品名称
ITEM,Durable Shield Shadow,耐久影子盾牌,server/db/re/item_db_equip.yml,影子装备名称
ITEM,Durable Weapon Shadow,耐久影子武器,server/db/re/item_db_equip.yml,影子装备名称
ITEM,Dusk Glow,暮光,server/db/re/item_db_etc.yml,物品名称
ITEM,Dust Pollutant,灰尘污染物,server/db/re/item_db_etc.yml,物品名称
ITEM,E Apple OE Archer C,E苹果OE弓箭手C,server/db/re/item_db_equip.yml,物品名称
ITEM,E Battle Manual,E战斗手册,server/db/re/item_db_usable.yml,物品名称
ITEM,E Brooch C,E胸针C,server/db/re/item_db_equip.yml,物品名称
ITEM,E Bubble Gum,E泡泡糖,server/db/re/item_db_usable.yml,物品名称
ITEM,E Bunny Band C,E兔子发带C,server/db/re/item_db_equip.yml,物品名称
ITEM,E Centimental Flower C,E Centimental花C,server/db/re/item_db_equip.yml,物品名称
ITEM,E Cloth Dye Coupon,E Cloth染色剂兑换券,server/db/re/item_db_etc.yml,物品名称
ITEM,E Coin Pack50,E 级硬币 50 个礼包,server/db/re/item_db_usable.yml,物品名称
ITEM,E Crescent Helm,E Crescent头盔,server/db/re/item_db_equip.yml,物品名称
ITEM,E Dun Tele Scroll1,E邓恩传送卷轴1,server/db/re/item_db_usable.yml,物品名称
ITEM,E Elven Ears C,E Elven耳朵C,server/db/re/item_db_equip.yml,物品名称
ITEM,E Enriched Elunium,E浓缩Elunium,server/db/re/item_db_etc.yml,物品名称
ITEM,E Enriched Oridecon,E浓缩Oridecon,server/db/re/item_db_etc.yml,物品名称
ITEM,E Fantastic Wig,E Fantastic假发,server/db/re/item_db_equip.yml,物品名称
ITEM,E Giant Fly Wing,E巨大苍蝇翅膀,server/db/re/item_db_usable.yml,物品名称
ITEM,E Grade Coin,E 级硬币,server/db/re/item_db_etc.yml,物品名称
ITEM,E Happy Box,E快乐箱,server/db/re/item_db_etc.yml,物品名称
ITEM,E Insurance,E保险证,server/db/re/item_db_usable.yml,物品名称
ITEM,E Jumping Poring,E Jumping波利,server/db/re/item_db_equip.yml,物品名称
ITEM,E Kafra Card,E卡普拉卡片,server/db/re/item_db_usable.yml,物品名称
ITEM,E Magic Eyes,E魔法眼睛,server/db/re/item_db_equip.yml,物品名称
ITEM,E Max Weight Up Scroll,E Max Weight Up卷轴,server/db/re/item_db_etc.yml,物品名称
ITEM,E Mysterious Dyestuff,E神秘染料,server/db/re/item_db_etc.yml,物品名称
ITEM,E Neuralizer,E遗忘药水,server/db/re/item_db_usable.yml,物品名称
ITEM,E New Style Coupon,E新造型兑换券,server/db/re/item_db_etc.yml,物品名称
ITEM,E Pink Fur Hat,E粉色Fur帽,server/db/re/item_db_equip.yml,物品名称
ITEM,E Puppy Hat,E Puppy帽,server/db/re/item_db_equip.yml,物品名称
ITEM,E Ramen Hat,E Ramen帽,server/db/re/item_db_equip.yml,物品名称
ITEM,E Robo Eye,E Robo眼睛,server/db/re/item_db_equip.yml,物品名称
ITEM,E Tiger Mask,E老虎面具,server/db/re/item_db_equip.yml,物品名称
ITEM,E Yellow Wizardry Hat,E黄色Wizardry帽,server/db/re/item_db_equip.yml,物品名称
ITEM,Ear Muffs,耳罩,server/db/re/item_db_equip.yml,物品名称
ITEM,Ears of Grisly Soul,Grisly灵魂之耳朵,server/db/re/item_db_equip.yml,物品名称
ITEM,Ears Of Ifrit,伊夫利特之耳,server/db/re/item_db_equip.yml,物品名称
ITEM,Earth Amulet,地护符,server/db/re/item_db_etc.yml,物品名称
ITEM,Earth Dragon Sword,大地龙剑,server/db/re/item_db_equip.yml,物品名称
ITEM,Earth Dragon's Coat,大地龙的Coat,server/db/re/item_db_equip.yml,物品名称
ITEM,Earth League Card,大地League卡片,server/db/re/item_db_etc.yml,物品名称
ITEM,Earth Petite Card,土波利卡片,server/db/re/item_db_etc.yml,物品名称
ITEM,Earth Spike Shadow Armor,地刺术铠甲影子,server/db/re/item_db_equip.yml,物品名称
ITEM,Earth Type Scroll,大地类型卷轴,server/db/re/item_db_usable.yml,物品名称
ITEM,Earthworms Alive,活蚯蚓,server/db/re/item_db_etc.yml,物品名称
ITEM,Echio Card,埃奇奥卡片,server/db/re/item_db_etc.yml,物品名称
ITEM,Eclipse Card,月蚀卡片,server/db/re/item_db_etc.yml,物品名称
ITEM,Ecoro Cardslip,埃科罗卡片套,server/db/re/item_db_equip.yml,物品名称
ITEM,Eddga Card,虎王卡片,server/db/re/item_db_etc.yml,物品名称
ITEM,Eden Group Necklace of Recovery I,恢复乐园团项链Ⅰ,server/db/re/item_db_equip.yml,物品名称
ITEM,Eden Group Necklace of Recovery II,恢复乐园团项链Ⅱ,server/db/re/item_db_equip.yml,物品名称
ITEM,Eden Group Necklace of Recovery III,恢复乐园团项链Ⅲ,server/db/re/item_db_equip.yml,物品名称
ITEM,Eden Group Necklace of Recovery IV,恢复乐园团项链Ⅳ,server/db/re/item_db_equip.yml,物品名称
ITEM,Eden Group Ring of Recovery I,恢复乐园团戒指Ⅰ,server/db/re/item_db_equip.yml,物品名称
ITEM,Eden Group Ring of Recovery II,恢复乐园团戒指Ⅱ,server/db/re/item_db_equip.yml,物品名称
ITEM,Eden Group Ring of Recovery III,恢复乐园团戒指Ⅲ,server/db/re/item_db_equip.yml,物品名称
ITEM,Eden Group Ring of Recovery IV,恢复乐园团戒指Ⅳ,server/db/re/item_db_equip.yml,物品名称
ITEM,Eden Group Ring of Recovery V,恢复乐园团戒指Ⅴ,server/db/re/item_db_equip.yml,物品名称
ITEM,Eden Mace III,P.锤III,server/db/re/item_db_equip.yml,物品名称
ITEM,Eden Staff I,P.法杖 I,server/db/re/item_db_equip.yml,物品名称
ITEM,Eden Staff II,P.法杖 II,server/db/re/item_db_equip.yml,物品名称
ITEM,Eden Team Boots IV,军用战靴,server/db/re/item_db_equip.yml,物品名称
ITEM,Edge,利刃,server/db/re/item_db_equip.yml,物品名称
ITEM,Edward Zonda Owner Box,爱德华佐达召唤箱,server/db/re/item_db_usable.yml,物品名称
ITEM,Edward Zonda Service Box,爱德华佐达召唤 EX 箱,server/db/re/item_db_usable.yml,物品名称
ITEM,Efreet Nyandarae Costume Scroll,Efreet Nyandarae[时装]卷轴,server/db/re/item_db_usable.yml,物品名称
ITEM,Efreet Shadow Cube,Efreet影子魔方,server/db/re/item_db_usable.yml,物品名称
ITEM,Efreet Shadow Tick-Tock Box,Efreet影子Tick-Tock箱,server/db/re/item_db_usable.yml,物品名称
ITEM,Egg Of Tiny,Tiny之蛋,server/db/re/item_db_equip.yml,物品名称
ITEM,Egg Tart Hat,蛋挞帽,server/db/re/item_db_equip.yml,物品名称
ITEM,Eggring Egg,蛋波利蛋,server/db/re/item_db_equip.yml,宠物蛋名称
ITEM,Egir Helm,Egir头盔,server/db/re/item_db_equip.yml,物品名称
ITEM,Egnigem Cenia Contract,艾格尼姆·赛妮亚契约,server/db/re/item_db_usable.yml,物品名称
ITEM,Einherjar Armor,Einherjar铠甲,server/db/re/item_db_equip.yml,物品名称
ITEM,Einherjar Manteau,Einherjar斗篷,server/db/re/item_db_equip.yml,物品名称
ITEM,Electric Eel,电鳗,server/db/re/item_db_equip.yml,物品名称
ITEM,Electric Effect (Bottom),Electric效果(Bottom),server/db/re/item_db_etc.yml,物品名称
ITEM,Elegant Flower,清秀的花,server/db/re/item_db_etc.yml,物品名称
ITEM,Elegant Shadow Earring,优雅耳环影子,server/db/re/item_db_equip.yml,物品名称
ITEM,Elegant Shadow Pendant,优雅坠饰影子,server/db/re/item_db_equip.yml,物品名称
ITEM,Elegant Shadow Weapon,优雅武器影子,server/db/re/item_db_equip.yml,物品名称
ITEM,Elemental Booster Earrings,元素增幅耳环,server/db/re/item_db_equip.yml,物品名称
ITEM,Elemental Converter,元素转换器,server/db/re/item_db_usable.yml,物品名称
ITEM,Elemental Origin,元素Origin,server/db/re/item_db_equip.yml,物品名称
ITEM,Elemental Ring,元素戒指,server/db/re/item_db_equip.yml,物品名称
ITEM,Elemental Spirit Guide,元素精灵指南,server/db/re/item_db_etc.yml,物品名称
ITEM,Elite Archer Suit,精英弓箭手服,server/db/re/item_db_equip.yml,物品名称
ITEM,Elite Shooter Suit,精英射手服,server/db/re/item_db_equip.yml,物品名称
ITEM,Elixir Bandages,灵验绷带,server/db/re/item_db_usable.yml,物品名称
ITEM,Elven Ears,精灵耳朵,server/db/re/item_db_equip.yml,物品名称
ITEM,Elysee Zonda Owner Box,艾莉洁佐达召唤箱,server/db/re/item_db_usable.yml,物品名称
ITEM,Elysee Zonda Owner EX Box,艾莉洁佐达召唤 EX 箱,server/db/re/item_db_usable.yml,物品名称
ITEM,Emblem of Monarch Penguin,君主企鹅之Emblem,server/db/re/item_db_etc.yml,物品名称
ITEM,Emerald,绿宝石,server/db/re/item_db_etc.yml,物品名称
ITEM,Empathy Lv1,共鸣 Lv1,server/db/re/item_db_etc.yml,物品名称
ITEM,Empathy Lv2,共鸣 Lv2,server/db/re/item_db_etc.yml,物品名称
ITEM,Empathy Lv3,共鸣 Lv3,server/db/re/item_db_etc.yml,物品名称
ITEM,Empathy Lv4,共鸣 Lv4,server/db/re/item_db_etc.yml,物品名称
ITEM,Empathy Lv5,共鸣 Lv5,server/db/re/item_db_etc.yml,物品名称
ITEM,Emperor Wreath,皇帝花环,server/db/re/item_db_equip.yml,物品名称
ITEM,Emperor's Laurel Crown,皇帝桂冠,server/db/re/item_db_equip.yml,物品名称
ITEM,Empty Bottle,空瓶,server/db/re/item_db_etc.yml,物品名称
ITEM,Enchant Stone Recipe 9m,9 月服装附魔石砰砰箱,server/db/re/item_db_usable.yml,物品名称
ITEM,Enchant Ticket,附魔券,server/db/re/item_db_etc.yml,物品名称
ITEM,Enchanting Shadow Weapon,附魔武器影子,server/db/re/item_db_equip.yml,物品名称
ITEM,Encroachment Activation Reward,Encroachment激活奖励,server/db/re/item_db_usable.yml,物品名称
ITEM,Encroachment Completion Reward,Encroachment完成奖励,server/db/re/item_db_usable.yml,物品名称
ITEM,Encyclopedia,百科全书,server/db/re/item_db_equip.yml,物品名称
ITEM,Endless Greed Scroll,无限贪婪卷轴,server/db/re/item_db_usable.yml,物品名称
ITEM,Endless Greed Scroll Box (1h),无限贪婪卷轴 1 小时箱,server/db/re/item_db_usable.yml,物品名称
ITEM,Endure Ring,忍耐戒指,server/db/re/item_db_equip.yml,物品名称
ITEM,Energetic Pisces Box,Energetic Pisces箱,server/db/re/item_db_usable.yml,物品名称
ITEM,Energetic Pisces Scroll,Energetic Pisces卷轴,server/db/re/item_db_usable.yml,物品名称
ITEM,Energy Crystal Book,能量水晶书,server/db/re/item_db_etc.yml,物品名称
ITEM,Energy Fragment,能量碎片,server/db/re/item_db_etc.yml,物品名称
ITEM,Energy of Elemental,元素之能量,server/db/re/item_db_etc.yml,物品名称
ITEM,Engagement Ring,订婚戒指,server/db/re/item_db_etc.yml,物品名称
ITEM,Engraved Orlean's Glove,铭刻的奥尔良手套,server/db/re/item_db_equip.yml,物品名称
ITEM,Engraved Pinguicula's Corsage,铭刻的针刺花胸针,server/db/re/item_db_equip.yml,物品名称
ITEM,Engraved Plate Armor,华饰铠甲,server/db/re/item_db_equip.yml,物品名称
ITEM,Engraved Waterdrop Brooch,铭刻的水滴胸针,server/db/re/item_db_equip.yml,物品名称
ITEM,Enhanced Corsair,强化海盗船长帽,server/db/re/item_db_equip.yml,物品名称
ITEM,Enhanced Force Shadow Weapon,强化力量武器影子,server/db/re/item_db_equip.yml,物品名称
ITEM,Enhanced Hat of the Sun God,强化太阳神头盔,server/db/re/item_db_equip.yml,物品名称
ITEM,Enhanced Helm of Angel,强化天使头盔,server/db/re/item_db_equip.yml,物品名称
ITEM,Enhanced Metal Book,强化金属书,server/db/re/item_db_equip.yml,物品名称
ITEM,Enhanced Metal Lance,双手矛,server/db/re/item_db_equip.yml,物品名称
ITEM,Enhanced Soul Shadow Weapon,强化精神武器影子,server/db/re/item_db_equip.yml,物品名称
ITEM,Enhanced Time Keeper Boots,强化时间守护者长靴,server/db/re/item_db_equip.yml,物品名称
ITEM,Enhanced Time Keeper Hat,吟游诗人帽,server/db/re/item_db_equip.yml,物品名称
ITEM,Enhanced Time Keeper Robe,强化时间守护者长袍,server/db/re/item_db_equip.yml,物品名称
ITEM,Enhanced Variant Shoes,改良变异长靴,server/db/re/item_db_equip.yml,物品名称
ITEM,Enriched Elunium Box(5),浓缩铝 5 个箱,server/db/re/item_db_usable.yml,物品名称
ITEM,Enriched ore package 10 set,精炼用矿石礼包 10 套,server/db/re/item_db_usable.yml,物品名称
ITEM,Enriched ore package set,精炼用矿石礼包,server/db/re/item_db_usable.yml,物品名称
ITEM,Enriched Ores Box,精炼矿石箱,server/db/re/item_db_usable.yml,物品名称
ITEM,Enriched Oridecon Box(10),浓缩神之金属 10 个箱,server/db/re/item_db_usable.yml,物品名称
ITEM,Enriched Oridecon Box(5),浓缩神之金属 5 个箱,server/db/re/item_db_usable.yml,物品名称
ITEM,Entangled Intermediate Rgan Card,Entangled中级Rgan卡片,server/db/re/item_db_etc.yml,物品名称
ITEM,Entwined Magical Equipment Activation Reward,Entwined魔法装备激活奖励,server/db/re/item_db_usable.yml,物品名称
ITEM,Entwined Magical Equipment Completion Reward,Entwined魔法装备完成奖励,server/db/re/item_db_usable.yml,物品名称
ITEM,Episode 13.1 Key Package,篇章13.1钥匙礼包,server/db/re/item_db_usable.yml,物品名称
ITEM,Episode 17-18 Boss Card Album,篇章17-18 Boss卡片Album,server/db/re/item_db_usable.yml,物品名称
ITEM,Episode 17-18 Card Album,篇章17-18卡片Album,server/db/re/item_db_usable.yml,物品名称
ITEM,Episode 17.2 Gift Box,篇章17.2礼物箱,server/db/re/item_db_usable.yml,物品名称
ITEM,Episode 18 Gift Box,篇章18礼物箱,server/db/re/item_db_usable.yml,物品名称
ITEM,Episode 19 Gift Box,篇章19礼物箱,server/db/re/item_db_usable.yml,物品名称
ITEM,Episode 20 Gift Box,篇章20礼物箱,server/db/re/item_db_usable.yml,物品名称
ITEM,Erron's Hat (OSM),Erron的帽(OSM),server/db/re/item_db_equip.yml,物品名称
ITEM,Erymanthian Skin,Erymanthian皮肤,server/db/re/item_db_equip.yml,物品名称
ITEM,Erzulie Lucky Egg,Erzulie幸运蛋,server/db/re/item_db_usable.yml,物品名称
ITEM,Essence of Deep Cold,深邃Cold之精华,server/db/re/item_db_etc.yml,物品名称
ITEM,Essence of Deep Corruption,深邃腐化之精华,server/db/re/item_db_etc.yml,物品名称
ITEM,Essence of Deep Earth,深邃大地之精华,server/db/re/item_db_etc.yml,物品名称
ITEM,Essence of Deep Fire,深邃火之精华,server/db/re/item_db_etc.yml,物品名称
ITEM,Essence of Deep Purification,深邃净化之精华,server/db/re/item_db_etc.yml,物品名称
ITEM,Essence of Deep Venom,深邃剧毒之精华,server/db/re/item_db_etc.yml,物品名称
ITEM,Essence of the Deep Storm,深邃风暴之精华,server/db/re/item_db_etc.yml,物品名称
ITEM,Etel Bradium,埃特尔布拉迪姆,server/db/re/item_db_etc.yml,物品名称
ITEM,Etel Carnium,埃特尔卡尔尼姆,server/db/re/item_db_etc.yml,物品名称
ITEM,Eternal Cross Shadow Earring,永恒十字影子耳环,server/db/re/item_db_equip.yml,影子装备名称
ITEM,Eternal Cross Shadow Pendant,永恒十字影子吊坠,server/db/re/item_db_equip.yml,影子装备名称
ITEM,Eternal Poring Balloon,Eternal波利气球,server/db/re/item_db_equip.yml,物品名称
ITEM,Evening Bell of Prayer (Abyss Chaser),Prayer (深渊追踪者)之Evening Bell,server/db/re/item_db_equip.yml,物品名称
ITEM,event,活动,server/db/re/item_db_etc.yml,物品名称
ITEM,Event Reward Box,活动奖励箱,server/db/re/item_db_usable.yml,物品名称
ITEM,Event Ticket,活动票,server/db/re/item_db_etc.yml,物品名称
ITEM,Event: Clothes Dye Coupon Box II,活动服装染色券箱 II,server/db/re/item_db_usable.yml,物品名称
ITEM,Evil Eyes of False God,伪造神之邪恶眼睛,server/db/re/item_db_equip.yml,物品名称
ITEM,Evil Incarnation,邪恶化身,server/db/re/item_db_usable.yml,物品名称
ITEM,Evil Nymph Card,妖仙女卡片,server/db/re/item_db_etc.yml,物品名称
ITEM,Evil Slayer Destroyer Hammer,毁灭魔神之锤,server/db/re/item_db_equip.yml,物品名称
ITEM,Evil Slayer Piercer Bow,弓,server/db/re/item_db_equip.yml,物品名称
ITEM,Evil Spirit Bone,恶灵的骨头,server/db/re/item_db_etc.yml,物品名称
ITEM,Evil Spirit Gloves,恶灵丝线手套,server/db/re/item_db_equip.yml,物品名称
ITEM,Evil Vigor (Abyss Chaser),邪恶活力(深渊追踪者),server/db/re/item_db_etc.yml,物品名称
ITEM,Evil Vigor (Elemental Master),邪恶活力(元素大师),server/db/re/item_db_etc.yml,物品名称
ITEM,Evil Vigor (Hyper Novice),邪恶活力(超能初心者),server/db/re/item_db_etc.yml,物品名称
ITEM,Evil Vigor (Meister),邪恶活力(Meister),server/db/re/item_db_etc.yml,物品名称
ITEM,Evil Vigor (Shadow Cross),邪恶活力(影子十字),server/db/re/item_db_etc.yml,物品名称
ITEM,Evil Vigor (Shinkiro & Shiranui),邪恶活力(Shinkiro & Shiranui),server/db/re/item_db_etc.yml,物品名称
ITEM,Evil Vigor (Sky Emperor),邪恶活力(天空皇帝),server/db/re/item_db_etc.yml,物品名称
ITEM,Evil Vigor (Troubadour & Trouvere),邪恶活力(Troubadour & Trouvere),server/db/re/item_db_etc.yml,物品名称
ITEM,Evil Vigor (Windhawk),邪恶活力(Windhawk),server/db/re/item_db_etc.yml,物品名称
ITEM,Evil Wing,邪恶之翼,server/db/re/item_db_equip.yml,物品名称
ITEM,Evil Wing Ears,邪恶羽翼耳饰,server/db/re/item_db_equip.yml,物品名称
ITEM,Evoked Angel School Cap,Evoked天使学校帽,server/db/re/item_db_equip.yml,物品名称
ITEM,Evoked Devil School Cap,Evoked恶魔学校帽,server/db/re/item_db_equip.yml,物品名称
ITEM,Evolved Angel Wing,天使发带,server/db/re/item_db_equip.yml,物品名称
ITEM,Evolved Evil Wing,恶魔发带,server/db/re/item_db_equip.yml,物品名称
ITEM,Excelion Leg,Excelion腿甲,server/db/re/item_db_equip.yml,物品名称
ITEM,Excelion Wing,埃克塞利翁翼,server/db/re/item_db_equip.yml,物品名称
ITEM,EXE Backpack,EXE背包,server/db/re/item_db_equip.yml,物品名称
ITEM,Executioner,行刑者,server/db/re/item_db_equip.yml,物品名称
ITEM,Executioner Box,处刑者箱,server/db/re/item_db_usable.yml,物品名称
ITEM,Executioner Holy Water Shadow Armor,执行者圣水铠甲影子,server/db/re/item_db_equip.yml,物品名称
ITEM,Executioner's Mitten,刽子手手套,server/db/re/item_db_etc.yml,物品名称
ITEM,Exorcising Ring,驱魔戒指,server/db/re/item_db_equip.yml,物品名称
ITEM,Exorcist Corrupted Shadow Armor,驱魔腐化铠甲影子,server/db/re/item_db_equip.yml,物品名称
ITEM,Exotic Temporal Armor-LT,Exotic时光铠甲-LT,server/db/re/item_db_equip.yml,物品名称
ITEM,Exotic Temporal Young Leaf,Exotic时光Young叶子,server/db/re/item_db_equip.yml,物品名称
ITEM,EXP Overclocker,EXP 顾问改造装置,server/db/re/item_db_usable.yml,物品名称
ITEM,EXP+2%,经验值+2%,server/db/re/item_db_etc.yml,物品名称
ITEM,Expedition's Manteau,Expedition的斗篷,server/db/re/item_db_equip.yml,物品名称
ITEM,Expedition's Muffler,Expedition的围巾,server/db/re/item_db_equip.yml,物品名称
ITEM,Experience + 2%,经验值+2%,server/db/re/item_db_etc.yml,物品名称
ITEM,Experience Badge,经验徽章,server/db/re/item_db_etc.yml,物品名称
ITEM,Experience Shadow Pickbox (Weapon),经验影子Pickbox (武器),server/db/re/item_db_usable.yml,物品名称
ITEM,Experience Shadow Selection Box,经验影子自选箱,server/db/re/item_db_usable.yml,物品名称
ITEM,Experience Shadow Shield,经验盾牌影子装备,server/db/re/item_db_equip.yml,物品名称
ITEM,Experience Shadow Thump Box,经验影子啪嗒箱,server/db/re/item_db_usable.yml,物品名称
ITEM,Experience Shield Shadow Box,经验盾牌影子箱,server/db/re/item_db_usable.yml,物品名称
ITEM,Experience Stone (Garment),经验石（披肩）,server/db/re/item_db_etc.yml,物品名称
ITEM,Experience Weapon Shadow Box,经验武器影子箱,server/db/re/item_db_usable.yml,物品名称
ITEM,Experiment Seed,实验用种子,server/db/re/item_db_etc.yml,物品名称
ITEM,Experimental Dong Memory Record,实验地记忆记录,server/db/re/item_db_etc.yml,物品名称
ITEM,Experimental Weapon Box,实验体用武器箱,server/db/re/item_db_usable.yml,物品名称
ITEM,Expert Soul,Expert灵魂,server/db/re/item_db_etc.yml,物品名称
ITEM,Exploit Weaknesses,洞察弱点,server/db/re/item_db_etc.yml,物品名称
ITEM,Explosion Card,爆炸卡片,server/db/re/item_db_etc.yml,物品名称
ITEM,Extra Str,额外力量,server/db/re/item_db_etc.yml,物品名称
ITEM,Extra Superior Immortal Magic Box,额外Superior不朽魔法箱,server/db/re/item_db_usable.yml,物品名称
ITEM,Extravagant Firework Box,华丽烟花箱,server/db/re/item_db_usable.yml,物品名称
ITEM,Extreme Magic,Extreme魔法,server/db/re/item_db_etc.yml,物品名称
ITEM,Eye of Dullahan,杜拉汉之眼,server/db/re/item_db_equip.yml,物品名称
ITEM,Eye of the Storm,风暴之眼睛,server/db/re/item_db_equip.yml,物品名称
ITEM,Eye Stone Ring,眼石戒指,server/db/re/item_db_equip.yml,装备名称
ITEM,F Alice Doll,F Alice玩偶,server/db/re/item_db_equip.yml,物品名称
ITEM,F Blue Drooping Kitty,F蓝色垂耳Kitty,server/db/re/item_db_equip.yml,物品名称
ITEM,F Charming Ribbon,F Charming缎带,server/db/re/item_db_equip.yml,物品名称
ITEM,F Chick Hat,F Chick帽,server/db/re/item_db_equip.yml,物品名称
ITEM,F Clothing Dye Coupon2,F服装染色剂Coupon2,server/db/re/item_db_etc.yml,物品名称
ITEM,F Crescent Helm,F Crescent头盔,server/db/re/item_db_equip.yml,物品名称
ITEM,F Dragon Skull,F龙头骨,server/db/re/item_db_equip.yml,物品名称
ITEM,F Drooping Bunny,F垂耳兔子,server/db/re/item_db_equip.yml,物品名称
ITEM,F Duneyrr Helm Box,杜内尔头盔箱,server/db/re/item_db_usable.yml,物品名称
ITEM,F Enriched Elunium,F浓缩Elunium,server/db/re/item_db_etc.yml,物品名称
ITEM,F Enriched Oridecon,F浓缩Oridecon,server/db/re/item_db_etc.yml,物品名称
ITEM,F Flying Angel,F飞行天使,server/db/re/item_db_equip.yml,物品名称
ITEM,F Happy Box,F快乐箱,server/db/re/item_db_etc.yml,物品名称
ITEM,F Jumping Poring,F Jumping波利,server/db/re/item_db_equip.yml,物品名称
ITEM,F Kettle Hat,F水壶帽,server/db/re/item_db_equip.yml,物品名称
ITEM,F Magic Eyes,F魔法眼睛,server/db/re/item_db_equip.yml,物品名称
ITEM,F Marriage Covenant,F婚姻誓约,server/db/re/item_db_etc.yml,物品名称
ITEM,F Max Weight Up Scroll,F Max Weight Up卷轴,server/db/re/item_db_etc.yml,物品名称
ITEM,F Mini Propeller,F迷你Propeller,server/db/re/item_db_equip.yml,物品名称
ITEM,F Mysterious Dyestuff,F神秘染料,server/db/re/item_db_etc.yml,物品名称
ITEM,F New Style Coupon,F新造型兑换券,server/db/re/item_db_etc.yml,物品名称
ITEM,F Pecopeco Hairband,F Pecopeco发带,server/db/re/item_db_equip.yml,物品名称
ITEM,F Pink Fur Hat,F粉色Fur帽,server/db/re/item_db_equip.yml,物品名称
ITEM,F Puppy Hat,F Puppy帽,server/db/re/item_db_equip.yml,物品名称
ITEM,F Ramen Hat,F Ramen帽,server/db/re/item_db_equip.yml,物品名称
ITEM,F Red Glasses,F红色眼镜,server/db/re/item_db_equip.yml,物品名称
ITEM,F Robo Eye,F Robo眼睛,server/db/re/item_db_equip.yml,物品名称
ITEM,F Sloth Hat Box,树懒帽箱,server/db/re/item_db_usable.yml,物品名称
ITEM,F Token Of Siegfried,Siegfried之F Token,server/db/re/item_db_etc.yml,物品名称
ITEM,F Vacation Hat,F假日帽,server/db/re/item_db_equip.yml,物品名称
ITEM,F Vane Hairpin,F Vane发夹,server/db/re/item_db_equip.yml,物品名称
ITEM,F Vanilmirth Hat,F Vanilmirth帽,server/db/re/item_db_equip.yml,物品名称
ITEM,F Water Lily Crown,F水Lily王冠,server/db/re/item_db_equip.yml,物品名称
ITEM,F White Deviruchi Cap,F白色Deviruchi帽,server/db/re/item_db_equip.yml,物品名称
ITEM,F Yellow Wizardry Hat,F黄色Wizardry帽,server/db/re/item_db_equip.yml,物品名称
ITEM,Faint Magical Rune Stone,Faint魔法符文石,server/db/re/item_db_etc.yml,物品名称
ITEM,Fairy of Eden,Eden之妖精,server/db/re/item_db_equip.yml,物品名称
ITEM,Fairy Tale Book,妖精Tale书,server/db/re/item_db_etc.yml,物品名称
ITEM,Fairy Wing,精灵之翼,server/db/re/item_db_equip.yml,物品名称
ITEM,Fairy's Necklace,妖精的项链,server/db/re/item_db_equip.yml,物品名称
ITEM,Faith of Yggdrasil,世界树之信仰,server/db/re/item_db_equip.yml,物品名称
ITEM,Falcon Feather,Falcon羽毛,server/db/re/item_db_equip.yml,物品名称
ITEM,Falcon Flute,猎鹰笛,server/db/re/item_db_usable.yml,物品名称
ITEM,Falcon Food,猎鹰饲料,server/db/re/item_db_usable.yml,物品名称
ITEM,Falcon Mask,Falcon面具,server/db/re/item_db_equip.yml,物品名称
ITEM,Fallen Angel Armor,堕落天使铠甲,server/db/re/item_db_equip.yml,物品名称
ITEM,Fallen Angel Hairband,堕落天使发带,server/db/re/item_db_equip.yml,物品名称
ITEM,Fallen Angel's Tear,堕落天使的泪,server/db/re/item_db_equip.yml,物品名称
ITEM,Fallen Warrior Manteau,战士之披风,server/db/re/item_db_equip.yml,物品名称
ITEM,Fallen Warrior's Headgear 12 Refine Cube,亡者头盔12精炼魔方,server/db/re/item_db_usable.yml,物品名称
ITEM,Fallen Warrior's Shield,堕落战士的盾牌,server/db/re/item_db_equip.yml,物品名称
ITEM,Fallen Wing Hairpin,堕落翅膀发夹,server/db/re/item_db_equip.yml,物品名称
ITEM,Fallen Wing Hairpin-LT,堕落翅膀发夹-LT,server/db/re/item_db_equip.yml,物品名称
ITEM,False Magician Activation Reward,伪造魔术师激活奖励,server/db/re/item_db_usable.yml,物品名称
ITEM,False Magician Completion Reward,伪造魔术师完成奖励,server/db/re/item_db_usable.yml,物品名称
ITEM,False Shooter Activation Reward,伪造Shooter激活奖励,server/db/re/item_db_usable.yml,物品名称
ITEM,False Shooter Completion Reward,伪造Shooter完成奖励,server/db/re/item_db_usable.yml,物品名称
ITEM,False Warrior Activation Reward,伪造战士激活奖励,server/db/re/item_db_usable.yml,物品名称
ITEM,False Warrior Completion Reward,伪造战士完成奖励,server/db/re/item_db_usable.yml,物品名称
ITEM,Family Hat Box,家庭帽箱,server/db/re/item_db_usable.yml,物品名称
ITEM,Fan Modification Kit EX,Fan改造套件EX,server/db/re/item_db_usable.yml,物品名称
ITEM,Fan Modification Kit EX 10 sets,Fan改造套件EX 10套装,server/db/re/item_db_usable.yml,物品名称
ITEM,Fanatic Cap,Fanatic帽,server/db/re/item_db_etc.yml,物品名称
ITEM,Fanatic Mask,Fanatic面具,server/db/re/item_db_etc.yml,物品名称
ITEM,Fancy Ball Box,华丽舞会礼盒,server/db/re/item_db_usable.yml,物品名称
ITEM,Fang of Hatii,哈提獠牙,server/db/re/item_db_etc.yml,物品名称
ITEM,Fanta Grape Can Hat,芬达葡萄味罐帽,server/db/re/item_db_equip.yml,物品名称
ITEM,Fanta Orange Can Hat,芬达橙味罐帽,server/db/re/item_db_equip.yml,物品名称
ITEM,Fanta Zero Lemon Hat,方塔零柠檬帽,server/db/re/item_db_equip.yml,物品名称
ITEM,Fantastic Aura,奇幻光环,server/db/re/item_db_equip.yml,装备名称
ITEM,Fantastic Pumpkin-Head,奇幻南瓜头,server/db/re/item_db_equip.yml,物品名称
ITEM,Fantasy Book Bookmark,幻想书Bookmark,server/db/re/item_db_etc.yml,物品名称
ITEM,Fantasy Book Completion Card,幻想书完成卡片,server/db/re/item_db_etc.yml,物品名称
ITEM,Fantasy Collection Collection Box,幻想Collection Collection箱,server/db/re/item_db_usable.yml,物品名称
ITEM,Fantasy Series 006,幻想Series 006,server/db/re/item_db_usable.yml,物品名称
ITEM,Fantasy Series 007,幻想Series 007,server/db/re/item_db_usable.yml,物品名称
ITEM,Fantasy Series Greed Scroll Box,幻想Series贪婪卷轴箱,server/db/re/item_db_usable.yml,物品名称
ITEM,Fashion Hip Sack,时尚腰包,server/db/re/item_db_equip.yml,物品名称
ITEM,Fatal4Lv,致命 4 级,server/db/re/item_db_etc.yml,物品名称
ITEM,Fatty Chubby Earthworm,肥胖蚯蚓,server/db/re/item_db_usable.yml,物品名称
ITEM,FChung Hairband Box,FChung发带箱,server/db/re/item_db_usable.yml,物品名称
ITEM,Feather In Mouth,叼在嘴里的羽毛,server/db/re/item_db_equip.yml,物品名称
ITEM,February Sweets,二月甜点,server/db/re/item_db_etc.yml,物品名称
ITEM,Fei-Chai and Morroc Card,Fei-Chai与Morroc卡片,server/db/re/item_db_etc.yml,物品名称
ITEM,Felrock's Hat,菲洛克的帽子,server/db/re/item_db_equip.yml,物品名称
ITEM,Fencer Scroll 1,剑士卷轴1,server/db/re/item_db_usable.yml,物品名称
ITEM,Fencer Scroll 10,剑士卷轴10,server/db/re/item_db_usable.yml,物品名称
ITEM,Fencer Scroll 2,剑士卷轴2,server/db/re/item_db_usable.yml,物品名称
ITEM,Fencer Scroll 3,剑士卷轴3,server/db/re/item_db_usable.yml,物品名称
ITEM,Fencer Scroll 4,剑士卷轴4,server/db/re/item_db_usable.yml,物品名称
ITEM,Fencer Scroll 5,剑士卷轴5,server/db/re/item_db_usable.yml,物品名称
ITEM,Fencer Scroll 6,剑士卷轴6,server/db/re/item_db_usable.yml,物品名称
ITEM,Fencer Scroll 7,剑士卷轴7,server/db/re/item_db_usable.yml,物品名称
ITEM,Fencer Scroll 8,剑士卷轴8,server/db/re/item_db_usable.yml,物品名称
ITEM,Fencer Scroll 9,剑士卷轴9,server/db/re/item_db_usable.yml,物品名称
ITEM,Feral Boots,野性战靴,server/db/re/item_db_equip.yml,物品名称
ITEM,Fermented Grape Juice,发酵葡萄汁,server/db/re/item_db_etc.yml,物品名称
ITEM,Festi Cookie,庆典饼干,server/db/re/item_db_usable.yml,物品名称
ITEM,Festival Cookie,庆典饼干,server/db/re/item_db_usable.yml,物品名称
ITEM,Festival Noodles,宴会面,server/db/re/item_db_usable.yml,物品名称
ITEM,Festival Rainbow Cake,庆典彩虹蛋糕,server/db/re/item_db_usable.yml,物品名称
ITEM,FIce Wing Ear Box,FIce翅膀耳朵箱,server/db/re/item_db_usable.yml,物品名称
ITEM,Fidelity Necklace,Fidelity项链,server/db/re/item_db_equip.yml,物品名称
ITEM,Field Manual 100% Box,野外手册100%箱,server/db/re/item_db_usable.yml,物品名称
ITEM,Field Manual 25% Box,野外手册25%箱,server/db/re/item_db_usable.yml,物品名称
ITEM,Field Manual 5 Box,作战手册5箱,server/db/re/item_db_usable.yml,物品名称
ITEM,Field Manual Box,野外手册箱,server/db/re/item_db_usable.yml,物品名称
ITEM,Field Manual Box A,Field手册箱,server/db/re/item_db_usable.yml,物品名称
ITEM,Fierce Attack Jewel 10Lv,猛烈攻击宝石10Lv,server/db/re/item_db_etc.yml,物品名称
ITEM,Fierce Attack Jewel 1Lv,猛烈攻击宝石1Lv,server/db/re/item_db_etc.yml,物品名称
ITEM,Fierce Attack Jewel 2Lv,猛烈攻击宝石2Lv,server/db/re/item_db_etc.yml,物品名称
ITEM,Fierce Attack Jewel 3Lv,猛烈攻击宝石3Lv,server/db/re/item_db_etc.yml,物品名称
ITEM,Fierce Attack Jewel 4Lv,猛烈攻击宝石4Lv,server/db/re/item_db_etc.yml,物品名称
ITEM,Fierce Attack Jewel 5Lv,猛烈攻击宝石5Lv,server/db/re/item_db_etc.yml,物品名称
ITEM,Fierce Attack Jewel 6Lv,猛烈攻击宝石6Lv,server/db/re/item_db_etc.yml,物品名称
ITEM,Fierce Attack Jewel 7Lv,猛烈攻击宝石7Lv,server/db/re/item_db_etc.yml,物品名称
ITEM,Fierce Attack Jewel 8Lv,猛烈攻击宝石8Lv,server/db/re/item_db_etc.yml,物品名称
ITEM,Fierce Attack Jewel 9Lv,猛烈攻击宝石9Lv,server/db/re/item_db_etc.yml,物品名称
ITEM,Fierce Dragon Fighting,猛烈龙Fighting,server/db/re/item_db_equip.yml,物品名称
ITEM,Fierce Magique Boots,猛烈Magique靴,server/db/re/item_db_equip.yml,物品名称
ITEM,Fierce Physique Boots,猛烈Physique靴,server/db/re/item_db_equip.yml,物品名称
ITEM,Fifth Element,第五Element,server/db/re/item_db_equip.yml,物品名称
ITEM,Fig Leaf,无花果叶,server/db/re/item_db_etc.yml,物品名称
ITEM,Fighting God's Vantage,Fighting神的Vantage,server/db/re/item_db_equip.yml,物品名称
ITEM,Filir Wing Box,菲利尔之翼箱,server/db/re/item_db_usable.yml,物品名称
ITEM,Filir's Wing Ears,Filir的翅膀耳朵,server/db/re/item_db_equip.yml,物品名称
ITEM,Fine Grit,细砂,server/db/re/item_db_etc.yml,物品名称
ITEM,Fine Sand,细沙,server/db/re/item_db_etc.yml,物品名称
ITEM,Fire Amulet,火护符,server/db/re/item_db_etc.yml,物品名称
ITEM,Fire Arrow,火箭,server/db/re/item_db_etc.yml,物品名称
ITEM,Fire Bolt Shadow Armor,火箭术铠甲影子,server/db/re/item_db_equip.yml,物品名称
ITEM,Fire Condor Card,火焰康多尔卡片,server/db/re/item_db_etc.yml,物品名称
ITEM,Fire Deleter Egg,火焰鬼蛋,server/db/re/item_db_equip.yml,宠物蛋名称
ITEM,Fire Frilldora Card,火焰小恶魔卡片,server/db/re/item_db_etc.yml,物品名称
ITEM,Fire Golem Card,火焰石魔卡片,server/db/re/item_db_etc.yml,物品名称
ITEM,Fire League Card,火League卡片,server/db/re/item_db_etc.yml,物品名称
ITEM,Fire Sandman Card,火焰沙人卡片,server/db/re/item_db_etc.yml,物品名称
ITEM,Fire Thunder Great Boots,火雷巨靴,server/db/re/item_db_equip.yml,物品名称
ITEM,Fire Type Scroll,火类型卷轴,server/db/re/item_db_usable.yml,物品名称
ITEM,Fire-grilled Fish,火-grilled鱼,server/db/re/item_db_usable.yml,物品名称
ITEM,Fire-grilled Suspicious Skewers,火-grilled Suspicious Skewers,server/db/re/item_db_usable.yml,物品名称
ITEM,Firebug Card,火焰不死鸟卡片,server/db/re/item_db_etc.yml,物品名称
ITEM,Firewind Kite Card,火风鸢卡片,server/db/re/item_db_etc.yml,物品名称
ITEM,Firewood,柴薪,server/db/re/item_db_etc.yml,物品名称
ITEM,Firm Faith Ring,坚定信仰戒指,server/db/re/item_db_equip.yml,物品名称
ITEM,Firm Hair,坚硬的头发,server/db/re/item_db_etc.yml,物品名称
ITEM,Fischer Ring,渔夫戒指,server/db/re/item_db_equip.yml,物品名称
ITEM,Fish Head Hat Box,鱼头帽箱,server/db/re/item_db_usable.yml,物品名称
ITEM,Fish With Blue Back,蓝背鱼,server/db/re/item_db_etc.yml,物品名称
ITEM,Fisher Badge,Fisher徽章,server/db/re/item_db_etc.yml,物品名称
ITEM,Fisher Ring Box,捕鱼戒指箱,server/db/re/item_db_usable.yml,物品名称
ITEM,Fisher Ring Box2,捕鱼戒指箱Ⅱ,server/db/re/item_db_usable.yml,物品名称
ITEM,Fisher's Muffler,渔夫围巾,server/db/re/item_db_equip.yml,物品名称
ITEM,Fisherman's Hat,渔夫帽,server/db/re/item_db_equip.yml,物品名称
ITEM,Fisherman's Shoes,渔夫之鞋,server/db/re/item_db_equip.yml,物品名称
ITEM,Fishing Insect Net Shadow Armor,捕鱼昆虫网铠甲影子,server/db/re/item_db_equip.yml,物品名称
ITEM,Fishing Rod,钓鱼竿,server/db/re/item_db_equip.yml,物品名称
ITEM,Fist Box,拳套箱,server/db/re/item_db_usable.yml,物品名称
ITEM,Five Elements Seal Array,五行封印阵,server/db/re/item_db_equip.yml,装备名称
ITEM,Flail Goblin Egg,连枷哥布灵的蛋,server/db/re/item_db_equip.yml,物品名称
ITEM,Flail Goblin Taming Box,连枷哥布林驯服箱,server/db/re/item_db_usable.yml,物品名称
ITEM,Flamberge Box,火焰刀箱,server/db/re/item_db_usable.yml,物品名称
ITEM,Flame Rune 5ea Box,火焰符文5ea箱,server/db/re/item_db_usable.yml,物品名称
ITEM,Flame Spirit King's Scroll,火焰精灵国王的卷轴,server/db/re/item_db_usable.yml,物品名称
ITEM,Flapping Angel Wing,飘动天使翅膀,server/db/re/item_db_equip.yml,物品名称
ITEM,Flare Bloom Shadow Earring,Flare Bloom影子耳环,server/db/re/item_db_equip.yml,物品名称
ITEM,Flare Bloom Shadow Pendant,Flare Bloom影子吊坠,server/db/re/item_db_equip.yml,物品名称
ITEM,Flare Sphere Pack,矛弹包·烈焰,server/db/re/item_db_usable.yml,物品名称
ITEM,Flash Arrow,闪光箭,server/db/re/item_db_etc.yml,物品名称
ITEM,Flashlight,手电筒,server/db/re/item_db_etc.yml,物品名称
ITEM,Flashy Accessory,Flashy饰品,server/db/re/item_db_etc.yml,物品名称
ITEM,Flavored Alcohol,调味酒,server/db/re/item_db_etc.yml,物品名称
ITEM,FLEE+12,闪避+12,server/db/re/item_db_etc.yml,物品名称
ITEM,FLEE+6,闪避+6,server/db/re/item_db_etc.yml,物品名称
ITEM,Fleshy Larva,肉质幼虫,server/db/re/item_db_usable.yml,物品名称
ITEM,Flexible Tube,柔软管,server/db/re/item_db_etc.yml,物品名称
ITEM,Flip Hat,帽子,server/db/re/item_db_equip.yml,物品名称
ITEM,Flip Seed,翻转的种子,server/db/re/item_db_usable.yml,物品名称
ITEM,Floating Gioia,漂浮Gioia,server/db/re/item_db_equip.yml,物品名称
ITEM,Flora Cookie,花朵饼干,server/db/re/item_db_usable.yml,物品名称
ITEM,Flow Shield,花盾,server/db/re/item_db_equip.yml,物品名称
ITEM,Flower,花,server/db/re/item_db_etc.yml,物品名称
ITEM,Flower Hairpin,花发夹,server/db/re/item_db_equip.yml,物品名称
ITEM,Flower Hat,花帽,server/db/re/item_db_equip.yml,物品名称
ITEM,Flower Of Alfheim,阿尔夫海姆之花,server/db/re/item_db_etc.yml,物品名称
ITEM,Flower Ring,花戒指,server/db/re/item_db_equip.yml,物品名称
ITEM,Flower Ring of Benediction,祝福之花戒指,server/db/re/item_db_equip.yml,装备名称
ITEM,Flu Mask,流感口罩,server/db/re/item_db_equip.yml,物品名称
ITEM,Fluffy Core,蓬松核心,server/db/re/item_db_etc.yml,物品名称
ITEM,Fluffy Dandelion Shoes,毛茸茸蒲公英之鞋,server/db/re/item_db_equip.yml,物品名称
ITEM,Fluffy Fish Shoes,蓬松鱼鞋,server/db/re/item_db_equip.yml,物品名称
ITEM,Fluffy Lovely Fox,蓬松Lovely狐狸,server/db/re/item_db_equip.yml,物品名称
ITEM,Flush Safety Knuckle,Flush安全拳套,server/db/re/item_db_equip.yml,物品名称
ITEM,Flying Evil Wing Box,撒旦锁链箱,server/db/re/item_db_usable.yml,物品名称
ITEM,Flying Fish Box,飞鱼箱,server/db/re/item_db_usable.yml,物品名称
ITEM,Flying Galapago,飞行Galapago,server/db/re/item_db_equip.yml,物品名称
ITEM,Flying Ljosalfar,飞行Ljosalfar,server/db/re/item_db_equip.yml,物品名称
ITEM,Focus of Varmundt Lv1,Varmundt Lv1之专注,server/db/re/item_db_etc.yml,物品名称
ITEM,Focus of Varmundt Lv2,Varmundt Lv2之专注,server/db/re/item_db_etc.yml,物品名称
ITEM,Focus of Varmundt Lv3,Varmundt Lv3之专注,server/db/re/item_db_etc.yml,物品名称
ITEM,Focus of Varmundt Lv4,Varmundt Lv4之专注,server/db/re/item_db_etc.yml,物品名称
ITEM,Focus of Varmundt Lv5,Varmundt Lv5之专注,server/db/re/item_db_etc.yml,物品名称
ITEM,Focusing Shadow Earring,集中影子耳环,server/db/re/item_db_equip.yml,影子装备名称
ITEM,Food Box Vol 1,食物箱卷一,server/db/re/item_db_usable.yml,物品名称
ITEM,Food Box Vol 2,食物箱卷二,server/db/re/item_db_usable.yml,物品名称
ITEM,Food Box Vol 3,食物箱卷三,server/db/re/item_db_usable.yml,物品名称
ITEM,Foolishness of the Blind,盲者的愚行,server/db/re/item_db_etc.yml,物品名称
ITEM,Fools Day Hat,愚人节帽,server/db/re/item_db_equip.yml,物品名称
ITEM,Fools Day Helmet,愚人头盔,server/db/re/item_db_equip.yml,物品名称
ITEM,Foot Ring,脚环,server/db/re/item_db_equip.yml,物品名称
ITEM,Footprint Effect (Garment),脚印效果(披肩),server/db/re/item_db_etc.yml,物品名称
ITEM,Footsteps of Dimension 3 Sets Reward,次元3套装奖励之Footsteps,server/db/re/item_db_usable.yml,物品名称
ITEM,Footsteps of Dimension Activation Reward,次元激活奖励之Footsteps,server/db/re/item_db_usable.yml,物品名称
ITEM,Footsteps of Dimension Completion Reward,次元完成奖励之Footsteps,server/db/re/item_db_usable.yml,物品名称
ITEM,Forbidden Monster Bread,Forbidden Monster面包,server/db/re/item_db_usable.yml,物品名称
ITEM,Forbidden Secret Art,禁忌秘术书,server/db/re/item_db_etc.yml,物品名称
ITEM,Force and Spirit Shadow SynthesisBox,力量与精神影子配方,server/db/re/item_db_usable.yml,物品名称
ITEM,Force Booster,力量增幅器,server/db/re/item_db_usable.yml,物品名称
ITEM,Force Shadow Earring,力量耳环影子,server/db/re/item_db_equip.yml,物品名称
ITEM,Force Shadow Pendant,力量坠饰影子,server/db/re/item_db_equip.yml,物品名称
ITEM,Force Shadow Weapon,力量武器影子,server/db/re/item_db_equip.yml,物品名称
ITEM,Forearm I,护臂I,server/db/re/item_db_etc.yml,物品名称
ITEM,Forearm II,护臂II,server/db/re/item_db_etc.yml,物品名称
ITEM,Forearm III,护臂III,server/db/re/item_db_etc.yml,物品名称
ITEM,Forearm IV,护臂IV,server/db/re/item_db_etc.yml,物品名称
ITEM,Forearm V,护臂V,server/db/re/item_db_etc.yml,物品名称
ITEM,Forest Shoes,森林鞋,server/db/re/item_db_equip.yml,物品名称
ITEM,Fork spoon,叉子勺子,server/db/re/item_db_etc.yml,物品名称
ITEM,Fortier Masque,Fortier面具,server/db/re/item_db_equip.yml,物品名称
ITEM,Four Bearing God Shadow Armor,Four Bearing神影子铠甲,server/db/re/item_db_equip.yml,物品名称
ITEM,Four Bearing God Shadow Shoes,Four Bearing神影子鞋,server/db/re/item_db_equip.yml,物品名称
ITEM,Four Leaf Clover Bookmark,Four叶子四叶草Bookmark,server/db/re/item_db_etc.yml,物品名称
ITEM,Fox Bead,狐狸宝珠,server/db/re/item_db_etc.yml,物品名称
ITEM,Fox Hat,狐狸帽,server/db/re/item_db_equip.yml,物品名称
ITEM,Foxtail Ring,狐尾戒指,server/db/re/item_db_equip.yml,装备名称
ITEM,Fragment of Darkness,黑暗碎片,server/db/re/item_db_etc.yml,物品名称
ITEM,Fragment of Dreams,梦之碎片,server/db/re/item_db_etc.yml,物品名称
ITEM,Fragment of Purple Ore,紫色矿石碎片,server/db/re/item_db_etc.yml,物品名称
ITEM,Fragment of Varmundt (CON) Lv1,Varmundt (专注) Lv1之碎片,server/db/re/item_db_etc.yml,物品名称
ITEM,Fragment of Varmundt (CON) Lv2,Varmundt (专注) Lv2之碎片,server/db/re/item_db_etc.yml,物品名称
ITEM,Fragment of Varmundt (CON) Lv3,Varmundt (专注) Lv3之碎片,server/db/re/item_db_etc.yml,物品名称
ITEM,Fragment of Varmundt (CON) Lv4,Varmundt (专注) Lv4之碎片,server/db/re/item_db_etc.yml,物品名称
ITEM,Fragment of Varmundt (CON) Lv5,Varmundt (专注) Lv5之碎片,server/db/re/item_db_etc.yml,物品名称
ITEM,Fragment of Varmundt (CRT) Lv1,Varmundt (创造力) Lv1之碎片,server/db/re/item_db_etc.yml,物品名称
ITEM,Fragment of Varmundt (CRT) Lv2,Varmundt (创造力) Lv2之碎片,server/db/re/item_db_etc.yml,物品名称
ITEM,Fragment of Varmundt (CRT) Lv3,Varmundt (创造力) Lv3之碎片,server/db/re/item_db_etc.yml,物品名称
ITEM,Fragment of Varmundt (CRT) Lv4,Varmundt (创造力) Lv4之碎片,server/db/re/item_db_etc.yml,物品名称
ITEM,Fragment of Varmundt (CRT) Lv5,Varmundt (创造力) Lv5之碎片,server/db/re/item_db_etc.yml,物品名称
ITEM,Fragment of Varmundt (POW) Lv1,Varmundt (威力) Lv1之碎片,server/db/re/item_db_etc.yml,物品名称
ITEM,Fragment of Varmundt (POW) Lv2,Varmundt (威力) Lv2之碎片,server/db/re/item_db_etc.yml,物品名称
ITEM,Fragment of Varmundt (POW) Lv3,Varmundt (威力) Lv3之碎片,server/db/re/item_db_etc.yml,物品名称
ITEM,Fragment of Varmundt (POW) Lv4,Varmundt (威力) Lv4之碎片,server/db/re/item_db_etc.yml,物品名称
ITEM,Fragment of Varmundt (POW) Lv5,Varmundt (威力) Lv5之碎片,server/db/re/item_db_etc.yml,物品名称
ITEM,Fragment of Varmundt (SPL) Lv1,Varmundt (法术) Lv1之碎片,server/db/re/item_db_etc.yml,物品名称
ITEM,Fragment of Varmundt (SPL) Lv2,Varmundt (法术) Lv2之碎片,server/db/re/item_db_etc.yml,物品名称
ITEM,Fragment of Varmundt (SPL) Lv3,Varmundt (法术) Lv3之碎片,server/db/re/item_db_etc.yml,物品名称
ITEM,Fragment of Varmundt (SPL) Lv4,Varmundt (法术) Lv4之碎片,server/db/re/item_db_etc.yml,物品名称
ITEM,Fragment of Varmundt (SPL) Lv5,Varmundt (法术) Lv5之碎片,server/db/re/item_db_etc.yml,物品名称
ITEM,Fragment of Varmundt (STA) Lv1,Varmundt (耐力) Lv1之碎片,server/db/re/item_db_etc.yml,物品名称
ITEM,Fragment of Varmundt (STA) Lv2,Varmundt (耐力) Lv2之碎片,server/db/re/item_db_etc.yml,物品名称
ITEM,Fragment of Varmundt (STA) Lv3,Varmundt (耐力) Lv3之碎片,server/db/re/item_db_etc.yml,物品名称
ITEM,Fragment of Varmundt (STA) Lv4,Varmundt (耐力) Lv4之碎片,server/db/re/item_db_etc.yml,物品名称
ITEM,Fragment of Varmundt (STA) Lv5,Varmundt (耐力) Lv5之碎片,server/db/re/item_db_etc.yml,物品名称
ITEM,Fragment of Varmundt (WIS) Lv1,Varmundt (智慧) Lv1之碎片,server/db/re/item_db_etc.yml,物品名称
ITEM,Fragment of Varmundt (WIS) Lv2,Varmundt (智慧) Lv2之碎片,server/db/re/item_db_etc.yml,物品名称
ITEM,Fragment of Varmundt (WIS) Lv3,Varmundt (智慧) Lv3之碎片,server/db/re/item_db_etc.yml,物品名称
ITEM,Fragment of Varmundt (WIS) Lv4,Varmundt (智慧) Lv4之碎片,server/db/re/item_db_etc.yml,物品名称
ITEM,Fragment of Varmundt (WIS) Lv5,Varmundt (智慧) Lv5之碎片,server/db/re/item_db_etc.yml,物品名称
ITEM,Fragments Of Gigan,巨人的碎片,server/db/re/item_db_etc.yml,物品名称
ITEM,Fragments of the Blue Moon,蓝月碎片,server/db/re/item_db_etc.yml,物品名称
ITEM,Framen Tuning Device,附魔石 311049,server/db/re/item_db_etc.yml,物品名称
ITEM,France Holiday Hat,法国节日帽,server/db/re/item_db_equip.yml,物品名称
ITEM,Free Ticket for Flyship,飞空艇免费券,server/db/re/item_db_etc.yml,物品名称
ITEM,Free Ticket for Kafra Storage,卡普拉仓库存储免费券,server/db/re/item_db_etc.yml,物品名称
ITEM,Free Ticket for Kafra Transportation,卡普拉运输免费券,server/db/re/item_db_etc.yml,物品名称
ITEM,Free Ticket for Peco Ride,大嘴鸟骑乘免费券,server/db/re/item_db_etc.yml,物品名称
ITEM,Free Ticket for the Cart Service,手推车服务免费券,server/db/re/item_db_etc.yml,物品名称
ITEM,Freedom Stick Remodeling Cube,Freedom棍Remodeling魔方,server/db/re/item_db_usable.yml,物品名称
ITEM,Freezing Sphere Pack,矛弹包·冰,server/db/re/item_db_usable.yml,物品名称
ITEM,Fresh Grapes,新鲜葡萄,server/db/re/item_db_etc.yml,物品名称
ITEM,Fresh Meat,新鲜肉,server/db/re/item_db_etc.yml,物品名称
ITEM,Fresh Milk,刚挤出的牛奶,server/db/re/item_db_usable.yml,物品名称
ITEM,Fresh Shrimp,新鲜虾子,server/db/re/item_db_etc.yml,物品名称
ITEM,Freshman Magic Powder,新手魔法粉,server/db/re/item_db_usable.yml,物品名称
ITEM,Freshman Powder Box,新生粉末箱,server/db/re/item_db_usable.yml,物品名称
ITEM,Freya Ring R Box,芙蕾雅戒指R箱,server/db/re/item_db_usable.yml,物品名称
ITEM,Freyja Soul Scarf,芙蕾雅灵魂围巾,server/db/re/item_db_equip.yml,物品名称
ITEM,Freyja's Ring,弗蕾雅之戒,server/db/re/item_db_equip.yml,物品名称
ITEM,Fricca's Circlet,弗里卡的头冠,server/db/re/item_db_equip.yml,装备名称
ITEM,Fried Octopus Legs,炭火烤章鱼,server/db/re/item_db_usable.yml,物品名称
ITEM,Friend Hat Box,朋友帽箱,server/db/re/item_db_usable.yml,物品名称
ITEM,Frog King Hat,青蛙王帽,server/db/re/item_db_equip.yml,物品名称
ITEM,From the Abyss Tuning Device,附魔石 311040,server/db/re/item_db_etc.yml,物品名称
ITEM,Frontier Boots,边境靴,server/db/re/item_db_equip.yml,物品名称
ITEM,Frontier Crystal (Death) 1Lv,边境水晶(死亡) 1Lv,server/db/re/item_db_etc.yml,物品名称
ITEM,Frontier Crystal (Death) 2Lv,边境水晶(死亡) 2Lv,server/db/re/item_db_etc.yml,物品名称
ITEM,Frontier Crystal (Death) 3Lv,边境水晶(死亡) 3Lv,server/db/re/item_db_etc.yml,物品名称
ITEM,Frontier Crystal (Death) 4Lv,边境水晶(死亡) 4Lv,server/db/re/item_db_etc.yml,物品名称
ITEM,Frontier Crystal (Death) 5Lv,边境水晶(死亡) 5Lv,server/db/re/item_db_etc.yml,物品名称
ITEM,Frontier Crystal (Earth) 3Lv,边境水晶(大地) 3Lv,server/db/re/item_db_etc.yml,物品名称
ITEM,Frontier Crystal (Earth) 4Lv,边境水晶(大地) 4Lv,server/db/re/item_db_etc.yml,物品名称
ITEM,Frontier Crystal (Earth) 5Lv,边境水晶(大地) 5Lv,server/db/re/item_db_etc.yml,物品名称
ITEM,Frontier Dragon Sword,边境龙剑,server/db/re/item_db_equip.yml,物品名称
ITEM,Frontier Spell (Fighter),边境法术(Fighter),server/db/re/item_db_etc.yml,物品名称
ITEM,Frontier Spell (Hit Attack),边境法术(命中攻击),server/db/re/item_db_etc.yml,物品名称
ITEM,Frontier Spell (Special Agent),边境法术(特殊Agent),server/db/re/item_db_etc.yml,物品名称
ITEM,Frontier Spell (Special Force),边境法术(特殊力量),server/db/re/item_db_etc.yml,物品名称
ITEM,Frosty Cloak,Frosty斗篷,server/db/re/item_db_equip.yml,物品名称
ITEM,Frozen Arrow,冰冻箭,server/db/re/item_db_etc.yml,物品名称
ITEM,Frozen Crimson Tuning Device,附魔石 311037,server/db/re/item_db_etc.yml,物品名称
ITEM,Frozen Curse Shadow Earring,抗诅咒耳环影子,server/db/re/item_db_equip.yml,物品名称
ITEM,Frozen Curse Shadow Pendant,抗诅咒吊坠影子,server/db/re/item_db_equip.yml,物品名称
ITEM,Frozen Horn 3-Set Reward,冰冻角3-套装奖励,server/db/re/item_db_usable.yml,物品名称
ITEM,Frozen Horn 5-Set Reward,冰冻角5-套装奖励,server/db/re/item_db_usable.yml,物品名称
ITEM,Frozen Horn Activation Reward,冰冻角激活奖励,server/db/re/item_db_usable.yml,物品名称
ITEM,Frozen Horn Completion Reward,冰冻角完成奖励,server/db/re/item_db_usable.yml,物品名称
ITEM,Frozen Piece Of Skin,冻结的皮肤碎片,server/db/re/item_db_etc.yml,物品名称
ITEM,Frozen Refine Box,冰冻精炼箱,server/db/re/item_db_usable.yml,物品名称
ITEM,Fruit lunch box,水果便当,server/db/re/item_db_etc.yml,物品名称
ITEM,Fruit of Birth,Birth之水果,server/db/re/item_db_etc.yml,物品名称
ITEM,Fruit of Extinction,Extinction之水果,server/db/re/item_db_etc.yml,物品名称
ITEM,Fruit of Love,爱的果实,server/db/re/item_db_equip.yml,物品名称
ITEM,Fruit Of Mastela 100 Box,玛丝黛拉果实 100 个箱,server/db/re/item_db_usable.yml,物品名称
ITEM,Fruit Parfait,水果芭菲,server/db/re/item_db_usable.yml,物品名称
ITEM,Fruit Pom Spider Card,水果蜘蛛卡片,server/db/re/item_db_etc.yml,物品名称
ITEM,Fruit Sundae,水果Sundae,server/db/re/item_db_etc.yml,物品名称
ITEM,Frus Card,弗鲁斯卡片,server/db/re/item_db_etc.yml,物品名称
ITEM,FTurtle Hat Box,FTurtle帽箱,server/db/re/item_db_usable.yml,物品名称
ITEM,Full Moon,时装·满月,server/db/re/item_db_equip.yml,物品名称
ITEM,Full Spell Shadow Armor,完整法术影子铠甲,server/db/re/item_db_equip.yml,影子装备名称
ITEM,Full Spell Shadow Shoes,完整法术影子鞋,server/db/re/item_db_equip.yml,影子装备名称
ITEM,Furious Crown (Imperial Guard),Furious王冠(帝国守卫),server/db/re/item_db_equip.yml,物品名称
ITEM,Furious Crown (Shadow Cross),Furious王冠(影子十字),server/db/re/item_db_equip.yml,物品名称
ITEM,Furious Energy (Angel),Furious能量(天使),server/db/re/item_db_etc.yml,物品名称
ITEM,Furious Energy (Demon),Furious能量(恶魔),server/db/re/item_db_etc.yml,物品名称
ITEM,Furious Energy (Undead),Furious能量(Undead),server/db/re/item_db_etc.yml,物品名称
ITEM,Furious Foxtail,Furious狐尾,server/db/re/item_db_equip.yml,物品名称
ITEM,Furious Foxtail Model,Furious狐尾Model,server/db/re/item_db_equip.yml,物品名称
ITEM,Furious Metal Whip,Furious金属Whip,server/db/re/item_db_equip.yml,物品名称
ITEM,Furious Rapier,Furious西洋剑,server/db/re/item_db_equip.yml,物品名称
ITEM,G STAR Event Box,G STAR纪念箱,server/db/re/item_db_usable.yml,物品名称
ITEM,Gaebolg Boots,Gaebolg靴,server/db/re/item_db_equip.yml,物品名称
ITEM,Gaebolg Shoes,Gaebolg鞋,server/db/re/item_db_equip.yml,物品名称
ITEM,Gale Storm Tuning Device,附魔石 311043,server/db/re/item_db_etc.yml,物品名称
ITEM,Gangster Scarf Box,流氓围巾盒,server/db/re/item_db_usable.yml,物品名称
ITEM,Garden of Heaven,天堂之Garden,server/db/re/item_db_equip.yml,物品名称
ITEM,Gardener Shoes,园丁之鞋,server/db/re/item_db_equip.yml,装备名称
ITEM,Garnet,石榴石,server/db/re/item_db_etc.yml,物品名称
ITEM,Garuda Hat,帽子,server/db/re/item_db_equip.yml,物品名称
ITEM,Gas Mask,防毒面具,server/db/re/item_db_equip.yml,物品名称
ITEM,Gate Keeper-DD,看门人-DD,server/db/re/item_db_equip.yml,物品名称
ITEM,Gauntlet of Hit,命中护手,server/db/re/item_db_equip.yml,物品名称
ITEM,GC109 Card,GC109 卡片,server/db/re/item_db_etc.yml,物品名称
ITEM,Geffen Arena Championship,吉芬竞技场冠军证,server/db/re/item_db_etc.yml,物品名称
ITEM,Geffen Magic Tournament 12 Refine Cube,吉芬魔法大赛12精炼魔方,server/db/re/item_db_usable.yml,物品名称
ITEM,Geffenia Ice Magic Tool,Geffenia冰魔法Tool,server/db/re/item_db_equip.yml,物品名称
ITEM,Geffenia Tomb of Water,吉芬尼亚古书（水）,server/db/re/item_db_equip.yml,物品名称
ITEM,Gemi Crown Scroll,Gemi王冠卷轴,server/db/re/item_db_usable.yml,物品名称
ITEM,Gemi Crown Scroll Box,Gemi王冠卷轴箱,server/db/re/item_db_usable.yml,物品名称
ITEM,Gemini Mail,双子座铠甲,server/db/re/item_db_equip.yml,物品名称
ITEM,Gemini Ring,双子座戒指,server/db/re/item_db_equip.yml,物品名称
ITEM,Gemini-S58 Eyes,双子座-S58眼睛,server/db/re/item_db_equip.yml,物品名称
ITEM,Gemma Hairband,Gemma发带,server/db/re/item_db_equip.yml,物品名称
ITEM,Gemstone of Time,时间宝石,server/db/re/item_db_usable.yml,物品名称
ITEM,GemstoneShadow Mix,宝石影子啪嗒箱,server/db/re/item_db_usable.yml,物品名称
ITEM,Generic Stone II (Upper),通用石 II（上）,server/db/re/item_db_etc.yml,物品名称
ITEM,Genesis of Life,生命之Genesis,server/db/re/item_db_etc.yml,物品名称
ITEM,Genetic Advanced Paradise Shadow Weapon,基因学者高级乐园团武器影子装备,server/db/re/item_db_equip.yml,物品名称
ITEM,Genetic Flamel Card,基因学者弗拉梅尔卡片,server/db/re/item_db_etc.yml,物品名称
ITEM,Genetic Shadow Cube,基因学者影子立方体,server/db/re/item_db_usable.yml,物品名称
ITEM,Genetic Shadow Weapon,基因学者影子武器,server/db/re/item_db_equip.yml,影子装备名称
ITEM,Genetic Stone (Garment),基因学者石（披肩）,server/db/re/item_db_etc.yml,物品名称
ITEM,Genetic's Booster Shadow Weapon,基因学者增幅武器影子,server/db/re/item_db_equip.yml,物品名称
ITEM,Geneticist Battle Armor,Geneticist战斗铠甲,server/db/re/item_db_equip.yml,物品名称
ITEM,Gentle Breeze Guitar,和风吉他,server/db/re/item_db_equip.yml,物品名称
ITEM,Gentleman's Pipe Box,古董烟斗箱,server/db/re/item_db_usable.yml,物品名称
ITEM,Geoborg Activation Reward,Geoborg激活奖励,server/db/re/item_db_usable.yml,物品名称
ITEM,Geoborg Completion Reward,Geoborg完成奖励,server/db/re/item_db_usable.yml,物品名称
ITEM,GF Recruiter Hat,GF 招募者帽,server/db/re/item_db_equip.yml,物品名称
ITEM,Ghost Bandana,亡者发带,server/db/re/item_db_equip.yml,物品名称
ITEM,Ghost Effect (Middle),幽灵效果（中段）,server/db/re/item_db_etc.yml,物品名称
ITEM,Ghost Ship Captain Card,幽灵Ship Captain卡片,server/db/re/item_db_etc.yml,物品名称
ITEM,Giant Band Aid,创可贴,server/db/re/item_db_equip.yml,物品名称
ITEM,Giant Boots,巨大靴,server/db/re/item_db_equip.yml,物品名称
ITEM,Giant Burito,巨型玉米卷,server/db/re/item_db_usable.yml,物品名称
ITEM,Giant Encyclopedia,巨型百科全书,server/db/re/item_db_equip.yml,物品名称
ITEM,Giant Encyclopedia Box,巨大百科全书箱,server/db/re/item_db_usable.yml,物品名称
ITEM,Giant Fly Wing Box 500,巨大Fly翅膀箱500,server/db/re/item_db_usable.yml,物品名称
ITEM,Giant Hornet Card,巨大黄蜂卡片,server/db/re/item_db_etc.yml,物品名称
ITEM,Giant Octopus Card,大王章鱼卡片,server/db/re/item_db_etc.yml,物品名称
ITEM,Giant Protection,巨大Protection,server/db/re/item_db_equip.yml,物品名称
ITEM,Giant Shield,巨人盾,server/db/re/item_db_equip.yml,物品名称
ITEM,Giant Spider Card,巨大蜘蛛卡片,server/db/re/item_db_etc.yml,物品名称
ITEM,Gift Box,礼物盒,server/db/re/item_db_usable.yml,物品名称
ITEM,Gift Box?,礼物盒？,server/db/re/item_db_usable.yml,物品名称
ITEM,Gift of Panagia,Panagia之Gift,server/db/re/item_db_equip.yml,物品名称
ITEM,Gigantic Shadow Earring,巨型耳环影子,server/db/re/item_db_equip.yml,物品名称
ITEM,Gigantic Shadow Pendant,巨型坠饰影子,server/db/re/item_db_equip.yml,物品名称
ITEM,Gilsang Yeoui,吉祥如意,server/db/re/item_db_etc.yml,物品名称
ITEM,Girl's Bouquet,女孩的花束,server/db/re/item_db_usable.yml,物品名称
ITEM,Girl's Letter,女孩的信,server/db/re/item_db_etc.yml,物品名称
ITEM,Gjallar,盖拉尔,server/db/re/item_db_etc.yml,物品名称
ITEM,Glaceon Armor 9 refine cube,Glaceon铠甲9 refine魔方,server/db/re/item_db_usable.yml,物品名称
ITEM,Glacial Protection Shield,Glacial Protection盾牌,server/db/re/item_db_equip.yml,物品名称
ITEM,Glaciation Shot Cartridge,弹药筒·冰冻弹,server/db/re/item_db_usable.yml,物品名称
ITEM,Glacier Basic Knife,冰川基础小刀,server/db/re/item_db_equip.yml,物品名称
ITEM,Glacier Boots,冰川靴,server/db/re/item_db_equip.yml,物品名称
ITEM,Glacier Flower Spell (Abyss Flame),冰川花法术(深渊火焰),server/db/re/item_db_etc.yml,物品名称
ITEM,Glacier Flower Spell (Chasing Break),冰川花法术(Chasing Break),server/db/re/item_db_etc.yml,物品名称
ITEM,Glacier Flower Spell (Chasing Shot),冰川花法术(Chasing射击),server/db/re/item_db_etc.yml,物品名称
ITEM,Glacier Flower Spell (Cross Slash),冰川花法术(十字Slash),server/db/re/item_db_etc.yml,物品名称
ITEM,Glacier Flower Spell (Divinus Flos),冰川花法术(Divinus Flos),server/db/re/item_db_etc.yml,物品名称
ITEM,Glacier Flower Spell (Dragonic Pierce),冰川花法术(Dragonic Pierce),server/db/re/item_db_etc.yml,物品名称
ITEM,Glacier Flower Spell (Dust Explosion),冰川花法术(Dust爆炸),server/db/re/item_db_etc.yml,物品名称
ITEM,Glacier Flower Spell (Energy Cannonade),冰川花法术(能量Cannonade),server/db/re/item_db_etc.yml,物品名称
ITEM,Glacier Flower Spell (Hit and Sliding),冰川花法术(命中与Sliding),server/db/re/item_db_etc.yml,物品名称
ITEM,Glacier Flower Spell (Imperial Cross),冰川花法术(帝国十字),server/db/re/item_db_etc.yml,物品名称
ITEM,Glacier Flower Spell (Imperial Pressure),冰川花法术(帝国Pressure),server/db/re/item_db_etc.yml,物品名称
ITEM,Glacier Flower Spell (Mystery Powder),冰川花法术(神秘粉末),server/db/re/item_db_etc.yml,物品名称
ITEM,Glacier Flower Spell (Powerful Swing),冰川花法术(Powerful Swing),server/db/re/item_db_etc.yml,物品名称
ITEM,Glacier Flower Spell (Radiant Spear),冰川花法术(Radiant Spear),server/db/re/item_db_etc.yml,物品名称
ITEM,Glacier Flower Spell (Rush Strike),冰川花法术(冲锋Strike),server/db/re/item_db_etc.yml,物品名称
ITEM,Glacier Magic Orb (Abyss Dagger),冰川魔法宝珠(深渊短剑),server/db/re/item_db_etc.yml,物品名称
ITEM,Glacier Magic Orb (Abyss Square),冰川魔法宝珠(深渊Square),server/db/re/item_db_etc.yml,物品名称
ITEM,Glacier Magic Orb (Arbitrium),冰川魔法宝珠(Arbitrium),server/db/re/item_db_etc.yml,物品名称
ITEM,Glacier Magic Orb (Chain Reaction Shot),冰川魔法宝珠(Chain Reaction射击),server/db/re/item_db_etc.yml,物品名称
ITEM,Glacier Magic Orb (Conflagration),冰川魔法宝珠(Conflagration),server/db/re/item_db_etc.yml,物品名称
ITEM,Glacier Magic Orb (Crescive Bolt),冰川魔法宝珠(Crescive Bolt),server/db/re/item_db_etc.yml,物品名称
ITEM,Glacier Magic Orb (Crystal Magic),冰川魔法宝珠(水晶魔法),server/db/re/item_db_etc.yml,物品名称
ITEM,Glacier Magic Orb (Deft Stab),冰川魔法宝珠(Deft Stab),server/db/re/item_db_etc.yml,物品名称
ITEM,Glacier Magic Orb (Diamond Storm),冰川魔法宝珠(钻石风暴),server/db/re/item_db_etc.yml,物品名称
ITEM,Glacier Magic Orb (Explosion Blaster),冰川魔法宝珠(爆炸Blaster),server/db/re/item_db_etc.yml,物品名称
ITEM,Glacier Magic Orb (Extinction),冰川魔法宝珠(Extinction),server/db/re/item_db_etc.yml,物品名称
ITEM,Glacier Magic Orb (Faith),冰川魔法宝珠(信仰),server/db/re/item_db_etc.yml,物品名称
ITEM,Glacier Magic Orb (Flare Magic),冰川魔法宝珠(Flare魔法),server/db/re/item_db_etc.yml,物品名称
ITEM,Glacier Magic Orb (Framen),冰川魔法宝珠(Framen),server/db/re/item_db_etc.yml,物品名称
ITEM,Glacier Magic Orb (Frenzy Shot),冰川魔法宝珠(Frenzy射击),server/db/re/item_db_etc.yml,物品名称
ITEM,Glacier Magic Orb (Gale Storm),冰川魔法宝珠(Gale风暴),server/db/re/item_db_etc.yml,物品名称
ITEM,Glacier Magic Orb (Ground Magic),冰川魔法宝珠(Ground魔法),server/db/re/item_db_etc.yml,物品名称
ITEM,Glacier Magic Orb (Hawk),冰川魔法宝珠(Hawk),server/db/re/item_db_etc.yml,物品名称
ITEM,Glacier Magic Orb (Illusion Soul Magic),冰川魔法宝珠(幻象灵魂魔法),server/db/re/item_db_etc.yml,物品名称
ITEM,Glacier Magic Orb (Impact Crater),冰川魔法宝珠(Impact Crater),server/db/re/item_db_etc.yml,物品名称
ITEM,Glacier Magic Orb (Judgment),冰川魔法宝珠(Judgment),server/db/re/item_db_etc.yml,物品名称
ITEM,Glacier Magic Orb (Lightning Land),冰川魔法宝珠(Lightning Land),server/db/re/item_db_etc.yml,物品名称
ITEM,Glacier Magic Orb (Metalic Fury),冰川魔法宝珠(Metalic Fury),server/db/re/item_db_etc.yml,物品名称
ITEM,Glacier Magic Orb (Petitio),冰川魔法宝珠(Petitio),server/db/re/item_db_etc.yml,物品名称
ITEM,Glacier Magic Orb (Rhythm Shooting),冰川魔法宝珠(Rhythm射击),server/db/re/item_db_etc.yml,物品名称
ITEM,Glacier Magic Orb (Rose Blossom),冰川魔法宝珠(Rose花朵),server/db/re/item_db_etc.yml,物品名称
ITEM,Glacier Magic Orb (Storm Magic),冰川魔法宝珠(风暴魔法),server/db/re/item_db_etc.yml,物品名称
ITEM,Glacier Magic Orb (Terra Drive),冰川魔法宝珠(Terra Drive),server/db/re/item_db_etc.yml,物品名称
ITEM,Glacier Magic Orb (Venom Swamp),冰川魔法宝珠(剧毒Swamp),server/db/re/item_db_etc.yml,物品名称
ITEM,Glacier Rogue Knife,冰川Rogue小刀,server/db/re/item_db_equip.yml,物品名称
ITEM,Glaive,偃月刀,server/db/re/item_db_equip.yml,物品名称
ITEM,Glass of Illusion Box(10),幻影酒杯 10 个箱,server/db/re/item_db_usable.yml,物品名称
ITEM,Glass of Illusion Box(5),幻影酒杯 5 个箱,server/db/re/item_db_usable.yml,物品名称
ITEM,Glasses,眼镜,server/db/re/item_db_equip.yml,物品名称
ITEM,Glast Heim Gift Box,Glast Heim礼物箱,server/db/re/item_db_usable.yml,物品名称
ITEM,Glast Heim Spectator,Glast Heim观测者,server/db/re/item_db_equip.yml,物品名称
ITEM,Glittering Cat Choker,Glittering猫Choker,server/db/re/item_db_equip.yml,物品名称
ITEM,Glittering Paper,闪亮纸张,server/db/re/item_db_etc.yml,物品名称
ITEM,Glittering Snake Shape Rosary,Glittering Snake形态Rosary,server/db/re/item_db_etc.yml,物品名称
ITEM,Gloom Under Night Card,格鲁姆·安德纳特卡片,server/db/re/item_db_etc.yml,物品名称
ITEM,Glorious Apocalypse,荣耀末日,server/db/re/item_db_equip.yml,物品名称
ITEM,Glorious Flamberge,荣耀焰形剑,server/db/re/item_db_equip.yml,物品名称
ITEM,Glorious Gladius,荣耀短剑,server/db/re/item_db_equip.yml,物品名称
ITEM,Glorious Grenade Launcher,荣耀榴弹发射器,server/db/re/item_db_equip.yml,物品名称
ITEM,Glorious Hand,荣耀手,server/db/re/item_db_equip.yml,物品名称
ITEM,Glorious Holy Avenger,荣耀圣剑,server/db/re/item_db_equip.yml,物品名称
ITEM,Glorious Lance,荣耀长枪,server/db/re/item_db_equip.yml,物品名称
ITEM,Glorious Lariat,荣耀套索,server/db/re/item_db_equip.yml,物品名称
ITEM,Glorious Muffler,荣耀围巾,server/db/re/item_db_equip.yml,物品名称
ITEM,Glorious Rapier,荣耀西洋剑,server/db/re/item_db_equip.yml,物品名称
ITEM,Glorious Tablet,荣耀魔法书,server/db/re/item_db_equip.yml,物品名称
ITEM,Glory of the Snake God,Snake神之荣耀,server/db/re/item_db_etc.yml,物品名称
ITEM,Glory Soccer Ball Hat SynthesisBox,荣耀足球帽配方,server/db/re/item_db_usable.yml,物品名称
ITEM,Glove,手套,server/db/re/item_db_equip.yml,物品名称
ITEM,Glove Box,手套箱,server/db/re/item_db_usable.yml,物品名称
ITEM,GM Handwriting,GM的亲笔信,server/db/re/item_db_etc.yml,物品名称
ITEM,Goblin Leader Egg,哥布林首领之蛋,server/db/re/item_db_equip.yml,物品名称
ITEM,Goblin Leader Mask,哥布林首领面具,server/db/re/item_db_equip.yml,物品名称
ITEM,God Anvil,神之砧,server/db/re/item_db_etc.yml,物品名称
ITEM,God Furnace,神之熔炉,server/db/re/item_db_etc.yml,物品名称
ITEM,God Hammer,神之锤,server/db/re/item_db_etc.yml,物品名称
ITEM,God Mineral,神之矿石,server/db/re/item_db_etc.yml,物品名称
ITEM,Goddess Of Blessing,女神祝福,server/db/re/item_db_usable.yml,物品名称
ITEM,Goddess of Blessing Box,女神祝福箱,server/db/re/item_db_usable.yml,物品名称
ITEM,Goddess Tear,女神之泪,server/db/re/item_db_etc.yml,物品名称
ITEM,Goedo Choco,Goedo巧克力,server/db/re/item_db_usable.yml,物品名称
ITEM,Goggles,护目镜,server/db/re/item_db_equip.yml,物品名称
ITEM,Goibne's Armor,戈尔贝纳的铠甲,server/db/re/item_db_equip.yml,物品名称
ITEM,Goibne's Helm,戈尔贝因的头盔,server/db/re/item_db_equip.yml,装备名称
ITEM,Gold Choco Coin,金色巧克力硬币,server/db/re/item_db_etc.yml,物品名称
ITEM,Gold Christmas Ring,圣诞金戒指,server/db/re/item_db_equip.yml,物品名称
ITEM,Gold Coin,金币,server/db/re/item_db_etc.yml,物品名称
ITEM,Gold Ring,金戒指,server/db/re/item_db_equip.yml,物品名称
ITEM,Gold Statue,黄金制天使像,server/db/re/item_db_usable.yml,物品名称
ITEM,Golden Angel Hairband,金色天使发带,server/db/re/item_db_equip.yml,物品名称
ITEM,Golden Angel Wing,黄金天使之翼,server/db/re/item_db_equip.yml,物品名称
ITEM,Golden Armor,黄金铠甲,server/db/re/item_db_equip.yml,物品名称
ITEM,Golden Bandana,黄金头巾,server/db/re/item_db_equip.yml,物品名称
ITEM,Golden Charm Apple,黄金魅力苹果,server/db/re/item_db_etc.yml,物品名称
ITEM,Golden Crown,黄金王冠,server/db/re/item_db_equip.yml,物品名称
ITEM,Golden Diamond 15 ea Box,金色钻石15 ea箱,server/db/re/item_db_usable.yml,物品名称
ITEM,Golden Diamond Box,金色钻石箱,server/db/re/item_db_usable.yml,物品名称
ITEM,Golden Fish In Mouth,叼在嘴里的黄金鱼,server/db/re/item_db_equip.yml,物品名称
ITEM,Golden Gear,黄金齿轮,server/db/re/item_db_equip.yml,物品名称
ITEM,Golden Leaf,黄金叶,server/db/re/item_db_etc.yml,物品名称
ITEM,Golden Roasted Apple,金色烤苹果,server/db/re/item_db_usable.yml,物品名称
ITEM,Golden Rod Orb,黄金雷电宝珠,server/db/re/item_db_equip.yml,物品名称
ITEM,Golden Rod Shoes,黄金之路鞋,server/db/re/item_db_equip.yml,物品名称
ITEM,Golden Savage Hat,黄金野猪帽,server/db/re/item_db_equip.yml,物品名称
ITEM,Golden Thief Bug Card,黄金盗虫卡片,server/db/re/item_db_etc.yml,物品名称
ITEM,Golden Tiara,黄金头冠,server/db/re/item_db_equip.yml,物品名称
ITEM,Golden Treasure Box,黄金宝箱,server/db/re/item_db_usable.yml,物品名称
ITEM,Golden X,黄金伊格赛,server/db/re/item_db_usable.yml,物品名称
ITEM,Golem Egg,石像鬼之蛋,server/db/re/item_db_equip.yml,物品名称
ITEM,Good Vigor (Abyss Chaser),优良活力(深渊追踪者),server/db/re/item_db_etc.yml,物品名称
ITEM,Good Vigor (Elemental Master),优良活力(元素大师),server/db/re/item_db_etc.yml,物品名称
ITEM,Good Vigor (Hyper Novice),优良活力(超能初心者),server/db/re/item_db_etc.yml,物品名称
ITEM,Good Vigor (Meister),优良活力(Meister),server/db/re/item_db_etc.yml,物品名称
ITEM,Good Vigor (Shadow Cross),优良活力(影子十字),server/db/re/item_db_etc.yml,物品名称
ITEM,Good Vigor (Shinkiro & Shiranui),优良活力(Shinkiro & Shiranui),server/db/re/item_db_etc.yml,物品名称
ITEM,Good Vigor (Sky Emperor),优良活力(天空皇帝),server/db/re/item_db_etc.yml,物品名称
ITEM,Good Vigor (Troubadour & Trouvere),优良活力(Troubadour & Trouvere),server/db/re/item_db_etc.yml,物品名称
ITEM,Good Vigor (Windhawk),优良活力(Windhawk),server/db/re/item_db_etc.yml,物品名称
ITEM,Gothic Skull Ribbon,哥特头骨缎带,server/db/re/item_db_equip.yml,物品名称
ITEM,Gourmet Butter Popcorn,高级黄油爆米花,server/db/re/item_db_usable.yml,物品名称
ITEM,Grace Attack Ring,恩典攻击戒指,server/db/re/item_db_equip.yml,物品名称
ITEM,Grace Magic Ring,恩典魔法戒指,server/db/re/item_db_equip.yml,物品名称
ITEM,Grace Magical Modification Permit (Garment),优雅魔法改造许可证（斗篷）,server/db/re/item_db_usable.yml,物品名称
ITEM,Grace Physical Modification Permit (Garment),优雅物理改造许可证（斗篷）,server/db/re/item_db_usable.yml,物品名称
ITEM,Grace Super Novice Robe,恩典超级初学者长袍,server/db/re/item_db_equip.yml,物品名称
ITEM,Grace Super Novice Suit,恩典超级初学者服,server/db/re/item_db_equip.yml,物品名称
ITEM,Grand Circlet,大头冠,server/db/re/item_db_equip.yml,物品名称
ITEM,Grand Peco Hairband,大嘴鸟发带,server/db/re/item_db_equip.yml,物品名称
ITEM,Grand Peco Hairband SynthesisBox,大嘴鸟发带配方,server/db/re/item_db_usable.yml,物品名称
ITEM,Grape Juice,葡萄汁,server/db/re/item_db_usable.yml,物品名称
ITEM,Gravity Safety Device,重力安全装置,server/db/re/item_db_etc.yml,物品名称
ITEM,Gray Helmet,土色头盔,server/db/re/item_db_equip.yml,物品名称
ITEM,Gray Mage Hat,灰色法师帽,server/db/re/item_db_equip.yml,物品名称
ITEM,Gray Wolf +7 Refinement Box,灰狼 +7 精炼箱,server/db/re/item_db_usable.yml,物品名称
ITEM,Gray Wolf +9 Refinement Box,灰狼 +9 精炼箱,server/db/re/item_db_usable.yml,物品名称
ITEM,Gray Wolf Boots,灰狼靴,server/db/re/item_db_equip.yml,物品名称
ITEM,Gray Wolf Shoes,灰狼鞋,server/db/re/item_db_equip.yml,物品名称
ITEM,Great Craftsman Jewel 10Lv,伟大工匠宝石10Lv,server/db/re/item_db_etc.yml,物品名称
ITEM,Great Craftsman Jewel 1Lv,伟大工匠宝石1Lv,server/db/re/item_db_etc.yml,物品名称
ITEM,Great Craftsman Jewel 2Lv,伟大工匠宝石2Lv,server/db/re/item_db_etc.yml,物品名称
ITEM,Great Craftsman Jewel 3Lv,伟大工匠宝石3Lv,server/db/re/item_db_etc.yml,物品名称
ITEM,Great Craftsman Jewel 4Lv,伟大工匠宝石4Lv,server/db/re/item_db_etc.yml,物品名称
ITEM,Great Craftsman Jewel 5Lv,伟大工匠宝石5Lv,server/db/re/item_db_etc.yml,物品名称
ITEM,Great Craftsman Jewel 6Lv,伟大工匠宝石6Lv,server/db/re/item_db_etc.yml,物品名称
ITEM,Great Craftsman Jewel 7Lv,伟大工匠宝石7Lv,server/db/re/item_db_etc.yml,物品名称
ITEM,Great Craftsman Jewel 8Lv,伟大工匠宝石8Lv,server/db/re/item_db_etc.yml,物品名称
ITEM,Great Craftsman Jewel 9Lv,伟大工匠宝石9Lv,server/db/re/item_db_etc.yml,物品名称
ITEM,Great Hero Boots,伟大英雄之靴,server/db/re/item_db_equip.yml,物品名称
ITEM,Greaves,护腿,server/db/re/item_db_equip.yml,物品名称
ITEM,Greed Clip,贪婪发夹,server/db/re/item_db_equip.yml,物品名称
ITEM,Greed Scroll Box 30,贪婪卷轴箱30,server/db/re/item_db_usable.yml,物品名称
ITEM,Greed Stone (Lower),贪婪石（下段）,server/db/re/item_db_etc.yml,物品名称
ITEM,Green Acre Guitar,绿野吉他,server/db/re/item_db_equip.yml,物品名称
ITEM,Green Apple,青苹果,server/db/re/item_db_etc.yml,物品名称
ITEM,Green Apple Box,青苹果箱,server/db/re/item_db_usable.yml,物品名称
ITEM,Green Butterfly Wing 5 Box,绿色蝴蝶翅膀5箱,server/db/re/item_db_usable.yml,物品名称
ITEM,Green Butterfly Wing Box,绿色蝴蝶翅膀箱,server/db/re/item_db_usable.yml,物品名称
ITEM,Green Incense,绿色香,server/db/re/item_db_etc.yml,物品名称
ITEM,Green Jenoss's Family Ring,绿色杰诺斯家族戒指,server/db/re/item_db_etc.yml,物品名称
ITEM,Green Maiden Egg,青怡的蛋,server/db/re/item_db_equip.yml,物品名称
ITEM,Green Petite Egg,绿色小土人的蛋,server/db/re/item_db_equip.yml,物品名称
ITEM,Green Ribbon,绿色缎带,server/db/re/item_db_equip.yml,物品名称
ITEM,Gremlin Egg,格雷姆林蛋,server/db/re/item_db_equip.yml,宠物蛋名称
ITEM,Grey Wilderness 3 Set Reward,Grey Wilderness 3套装奖励,server/db/re/item_db_usable.yml,物品名称
ITEM,Grey Wilderness 6 Set Reward,Grey Wilderness 6套装奖励,server/db/re/item_db_usable.yml,物品名称
ITEM,Grey Wilderness Activation Reward,Grey Wilderness激活奖励,server/db/re/item_db_usable.yml,物品名称
ITEM,Grey Wilderness Completion Reward,Grey Wilderness完成奖励,server/db/re/item_db_usable.yml,物品名称
ITEM,Grey Wolf Card,灰狼卡片,server/db/re/item_db_etc.yml,物品名称
ITEM,Grid Shadow Armor,贪婪铠甲影子,server/db/re/item_db_equip.yml,物品名称
ITEM,Grid Shadow Earring,贪婪耳环影子,server/db/re/item_db_equip.yml,物品名称
ITEM,Grid Shadow Pendant,贪婪吊坠影子,server/db/re/item_db_equip.yml,物品名称
ITEM,Grid Shadow Shield,贪婪盾牌影子,server/db/re/item_db_equip.yml,物品名称
ITEM,Grid Shadow Shoes,贪婪战靴影子,server/db/re/item_db_equip.yml,物品名称
ITEM,Grid Shadow Weapon,贪婪武器影子,server/db/re/item_db_equip.yml,物品名称
ITEM,Grilled Rice Cake,烤年糕,server/db/re/item_db_etc.yml,物品名称
ITEM,Grim Reaper Hat,Grim死神帽,server/db/re/item_db_equip.yml,物品名称
ITEM,Group 3-Set Reward,Group 3-套装奖励,server/db/re/item_db_usable.yml,物品名称
ITEM,Group 5-Set Reward,Group 5-套装奖励,server/db/re/item_db_usable.yml,物品名称
ITEM,Group Activation Reward,Group激活奖励,server/db/re/item_db_usable.yml,物品名称
ITEM,Group Completion Reward,Group完成奖励,server/db/re/item_db_usable.yml,物品名称
ITEM,Grudge Manteau,Grudge斗篷,server/db/re/item_db_equip.yml,物品名称
ITEM,Guano,鸟粪,server/db/re/item_db_etc.yml,物品名称
ITEM,Guardian Angel,守护天使,server/db/re/item_db_usable.yml,物品名称
ITEM,Guardian Barrel,守护者枪管,server/db/re/item_db_equip.yml,装备名称
ITEM,Guardian Helm,守护者头盔,server/db/re/item_db_equip.yml,物品名称
ITEM,Guardian Soul,守护者之魂,server/db/re/item_db_equip.yml,物品名称
ITEM,Guardianship Eternal Love,Guardianship Eternal爱,server/db/re/item_db_equip.yml,物品名称
ITEM,Guillotine Cross Advanced Paradise Shadow Weapon,十字斩首者高级乐园团武器影子装备,server/db/re/item_db_equip.yml,物品名称
ITEM,Guillotine Cross Battle Armor,断头台十字战斗铠甲,server/db/re/item_db_equip.yml,物品名称
ITEM,Guillotine Cross Battle Boots,断头台十字战斗靴,server/db/re/item_db_equip.yml,物品名称
ITEM,Guillotine Cross Eremes (MVP) Card,断头台十字Eremes (MVP)卡片,server/db/re/item_db_etc.yml,物品名称
ITEM,Guillotine Cross Eremes Card,十字刺客艾雷梅斯卡片,server/db/re/item_db_etc.yml,物品名称
ITEM,Guillotine Cross Shadow Cube,十字斩首者影子魔方,server/db/re/item_db_usable.yml,物品名称
ITEM,Guillotine Cross Shadow Weapon,十字斩首者影子武器,server/db/re/item_db_equip.yml,影子装备名称
ITEM,Guillotine Cross Stone II (Lower),斩首十字军石II（下）,server/db/re/item_db_etc.yml,物品名称
ITEM,Guillotine Cross Stone II (Middle),斩首十字军石II（中）,server/db/re/item_db_etc.yml,物品名称
ITEM,Guillotine Cross Stone II (Upper),斩首十字军石II（上）,server/db/re/item_db_etc.yml,物品名称
ITEM,Guillotine Cross' Booster Shadow Weapon,十字斩首者增幅武器影子,server/db/re/item_db_equip.yml,物品名称
ITEM,Guisarme,长柄战斧,server/db/re/item_db_equip.yml,物品名称
ITEM,Guitar Box,吉他箱,server/db/re/item_db_usable.yml,物品名称
ITEM,Gun Book Basic,神枪手基础书,server/db/re/item_db_etc.yml,物品名称
ITEM,Gun Book Misc,神枪手杂记,server/db/re/item_db_etc.yml,物品名称
ITEM,Gun Book Practice,神枪手练习书,server/db/re/item_db_etc.yml,物品名称
ITEM,Gungnir,永恒之枪,server/db/re/item_db_equip.yml,物品名称
ITEM,Gunslinger Manual,枪手入门书,server/db/re/item_db_equip.yml,物品名称
ITEM,Gym Pass Box,健身房会员箱,server/db/re/item_db_usable.yml,物品名称
ITEM,H.PLUS Lv1,H.增幅Lv1,server/db/re/item_db_etc.yml,物品名称
ITEM,H.PLUS Lv2,H.增幅Lv2,server/db/re/item_db_etc.yml,物品名称
ITEM,Ha Soju,夏花酒,server/db/re/item_db_etc.yml,物品名称
ITEM,Halberd,长戟,server/db/re/item_db_equip.yml,物品名称
ITEM,Half Asprika box1,半成品Asprika box1,server/db/re/item_db_usable.yml,物品名称
ITEM,Half BF Dagger2,半成品BF Dagger2,server/db/re/item_db_equip.yml,物品名称
ITEM,Half Brisingamen,布里辛加曼（体验版）,server/db/re/item_db_equip.yml,物品名称
ITEM,Half Brynhild box1,半成品Brynhild box1,server/db/re/item_db_usable.yml,物品名称
ITEM,Half Flower,半朵花,server/db/re/item_db_etc.yml,物品名称
ITEM,Half Megingjard,梅吉因吉欧德（体验版）,server/db/re/item_db_equip.yml,物品名称
ITEM,Hallow Badge,Hallow徽章,server/db/re/item_db_etc.yml,物品名称
ITEM,Hallow Ring,万圣戒指,server/db/re/item_db_equip.yml,物品名称
ITEM,Hallow Ring Box2,哈罗戒指箱Ⅱ,server/db/re/item_db_usable.yml,物品名称
ITEM,Halloween Certificate,灵魂凭证,server/db/re/item_db_etc.yml,物品名称
ITEM,Hallucigenia Baby Card,Hallucigenia幼小卡片,server/db/re/item_db_etc.yml,物品名称
ITEM,Hallucigenia Card,Hallucigenia卡片,server/db/re/item_db_etc.yml,物品名称
ITEM,Halo,灵魂环,server/db/re/item_db_equip.yml,物品名称
ITEM,Hammer Goblin Egg,锤子哥布灵的蛋,server/db/re/item_db_equip.yml,物品名称
ITEM,Hammer Goblin Taming Box,铁锤哥布林驯服箱,server/db/re/item_db_usable.yml,物品名称
ITEM,Handmade Chocolate Recipe,手工巧克力配方,server/db/re/item_db_etc.yml,物品名称
ITEM,Hanmac Double Burger,Hanmac双管汉堡,server/db/re/item_db_usable.yml,物品名称
ITEM,Hanmac Masita Burger,Hanmac Masita汉堡,server/db/re/item_db_usable.yml,物品名称
ITEM,Happiness Lv1,幸福 Lv1,server/db/re/item_db_etc.yml,物品名称
ITEM,Happiness Lv2,幸福 Lv2,server/db/re/item_db_etc.yml,物品名称
ITEM,Happiness Lv3,幸福 Lv3,server/db/re/item_db_etc.yml,物品名称
ITEM,Happiness Lv4,幸福 Lv4,server/db/re/item_db_etc.yml,物品名称
ITEM,Happiness Lv5,幸福 Lv5,server/db/re/item_db_etc.yml,物品名称
ITEM,Hard Bloodstain,凝固的血迹,server/db/re/item_db_etc.yml,物品名称
ITEM,Hard Rice Cake,硬年糕,server/db/re/item_db_equip.yml,物品名称
ITEM,Harrods Plaster Shadow Armor,石化防护铠甲影子,server/db/re/item_db_equip.yml,物品名称
ITEM,Harrods Plaster Shadow Shoes,石化防护战靴影子,server/db/re/item_db_equip.yml,物品名称
ITEM,Harvest Biscuit,丰收祭纪念点心,server/db/re/item_db_usable.yml,物品名称
ITEM,Harvest Festa Hat,Harvest Festa帽,server/db/re/item_db_equip.yml,物品名称
ITEM,Harvest Festival,Harvest庆典,server/db/re/item_db_equip.yml,物品名称
ITEM,Hat,帽子,server/db/re/item_db_equip.yml,物品名称
ITEM,Hat Of Girl,Girl之帽,server/db/re/item_db_equip.yml,物品名称
ITEM,Hattah Black,饰品,server/db/re/item_db_equip.yml,物品名称
ITEM,Hawkeye,鹰眼,server/db/re/item_db_etc.yml,物品名称
ITEM,Hazy Dream Fragment,模糊梦之碎片,server/db/re/item_db_etc.yml,物品名称
ITEM,Hazy Mooncake,模糊月饼,server/db/re/item_db_usable.yml,物品名称
ITEM,Hazy Starlight,朦胧星光,server/db/re/item_db_etc.yml,物品名称
ITEM,HD Bradium Account Limited Package,HD Bradium Account限定礼包,server/db/re/item_db_usable.yml,物品名称
ITEM,HD Bradium Package,高密度布拉迪姆礼包,server/db/re/item_db_usable.yml,物品名称
ITEM,HD Carnium Account Limited Package,HD Carnium Account限定礼包,server/db/re/item_db_usable.yml,物品名称
ITEM,HD Carnium Package,高密度卡尔尼姆礼包,server/db/re/item_db_usable.yml,物品名称
ITEM,HD Elunium 50 Box,高密度铝50箱,server/db/re/item_db_usable.yml,物品名称
ITEM,HD ore package,高浓度精炼用矿石礼包,server/db/re/item_db_usable.yml,物品名称
ITEM,HD Oridecon 50 Box,高密度神之金属50箱,server/db/re/item_db_usable.yml,物品名称
ITEM,HE Etel Bradium,高密度埃特尔布拉迪姆,server/db/re/item_db_etc.yml,物品名称
ITEM,HE Etel Carnium,高密度埃特尔卡尔尼姆,server/db/re/item_db_etc.yml,物品名称
ITEM,Heal Amistr Bag,治愈羊驼包,server/db/re/item_db_equip.yml,物品名称
ITEM,Healing Box,治疗箱,server/db/re/item_db_usable.yml,物品名称
ITEM,Healing Shadow Shield,治疗盾牌影子,server/db/re/item_db_equip.yml,物品名称
ITEM,Healing Shadow Shoes,治疗鞋子影子,server/db/re/item_db_equip.yml,物品名称
ITEM,Health Stone (Lower),体力石（下段）,server/db/re/item_db_etc.yml,物品名称
ITEM,Heart Cookie,心饼干,server/db/re/item_db_etc.yml,物品名称
ITEM,Heart Eye Patch 1,时装·蓝色爱心眼罩,server/db/re/item_db_equip.yml,物品名称
ITEM,Heart Eye Patch 2,时装·粉色爱心眼罩,server/db/re/item_db_equip.yml,物品名称
ITEM,Heart Eyepatch,心眼罩,server/db/re/item_db_equip.yml,物品名称
ITEM,Heart of Girl,少女的心,server/db/re/item_db_usable.yml,物品名称
ITEM,Heart Scroll,温暖心灵卷轴,server/db/re/item_db_usable.yml,物品名称
ITEM,Hearthstone Shot Cartridge,弹药筒·魔石弹,server/db/re/item_db_usable.yml,物品名称
ITEM,Hearthunter AT Card,Hearthunter AT卡片,server/db/re/item_db_etc.yml,物品名称
ITEM,Hearty Lunchbox,丰盛便当,server/db/re/item_db_etc.yml,物品名称
ITEM,Heaven & Earth,天堂&大地,server/db/re/item_db_etc.yml,物品名称
ITEM,Heaven Flower,天堂之花,server/db/re/item_db_etc.yml,物品名称
ITEM,Heaven Scroll,天堂卷轴,server/db/re/item_db_usable.yml,物品名称
ITEM,Heavenly Order,天命,server/db/re/item_db_equip.yml,物品名称
ITEM,Heavy Lifter Box,健身房会员卡 10 个箱,server/db/re/item_db_usable.yml,物品名称
ITEM,Heine's Tablet,Heine的石板,server/db/re/item_db_etc.yml,物品名称
ITEM,Hello Mother Hat,大天使波利帽,server/db/re/item_db_equip.yml,物品名称
ITEM,Helm of Abyss Box,深渊头盔箱,server/db/re/item_db_usable.yml,物品名称
ITEM,Helm of Darkness,黑暗头盔,server/db/re/item_db_equip.yml,物品名称
ITEM,Helm of Faith (Genetic),信仰(Genetic)之头盔,server/db/re/item_db_equip.yml,物品名称
ITEM,Helm of Faith (Guillotine Cross),时装头饰 400216,server/db/re/item_db_equip.yml,物品名称
ITEM,Helm of Faith (Kagerou & Oboro),信仰(Kagerou & Oboro)之头盔,server/db/re/item_db_equip.yml,物品名称
ITEM,Helm of Faith (Mechanic),信仰(机匠)之头盔,server/db/re/item_db_equip.yml,物品名称
ITEM,Helm of Faith (Sorcerer),时装头饰 400218,server/db/re/item_db_equip.yml,物品名称
ITEM,Helm of Faith II (Genetic),信仰II (Genetic)之头盔,server/db/re/item_db_equip.yml,物品名称
ITEM,Helm of Faith II (Guillotine Cross),时装头饰 400217,server/db/re/item_db_equip.yml,物品名称
ITEM,Helm of Faith II (Kagerou & Oboro),信仰II (Kagerou & Oboro)之头盔,server/db/re/item_db_equip.yml,物品名称
ITEM,Helm of Faith II (Mechanic),信仰II (机匠)之头盔,server/db/re/item_db_equip.yml,物品名称
ITEM,Helm of Faith II (Minstrel & Wanderer),信仰II (Minstrel &浪姬)之头盔,server/db/re/item_db_equip.yml,物品名称
ITEM,Helmet of Orc Hero,Orc英雄之头盔,server/db/re/item_db_equip.yml,物品名称
ITEM,Hero Cloth,英雄Cloth,server/db/re/item_db_equip.yml,物品名称
ITEM,Hero's Badge,英雄徽章,server/db/re/item_db_equip.yml,物品名称
ITEM,Hero's Remains,英雄遗物,server/db/re/item_db_etc.yml,物品名称
ITEM,Hero's Shoes,英雄的鞋,server/db/re/item_db_equip.yml,物品名称
ITEM,Hero's Weapon Modification Package I,英雄武器改造包 I,server/db/re/item_db_usable.yml,物品名称
ITEM,Hero's Weapon Modification Package II,英雄武器改造包 II,server/db/re/item_db_usable.yml,物品名称
ITEM,Hero's Weapon Modification Package III,英雄武器改造包 III,server/db/re/item_db_usable.yml,物品名称
ITEM,Hero's Weapon Modifier(Magical),英雄武器改造装置（魔法）,server/db/re/item_db_usable.yml,物品名称
ITEM,Hero's Weapon Modifier(Physical),英雄武器改造装置（物理）,server/db/re/item_db_usable.yml,物品名称
ITEM,Heroic Stone,英雄之石,server/db/re/item_db_etc.yml,物品名称
ITEM,Heroic Token (Abyss Chaser),英雄证明（深渊追猎者）,server/db/re/item_db_equip.yml,物品名称
ITEM,Heroic Token (Arch Mage),英雄证明（大法师）,server/db/re/item_db_equip.yml,物品名称
ITEM,Heroic Token (Biolo),英雄证明（生物学家）,server/db/re/item_db_equip.yml,物品名称
ITEM,Heroic Token (Cardinal),英雄证明（主教）,server/db/re/item_db_equip.yml,物品名称
ITEM,Heroic Token (Dragon Knight),英雄证明（龙骑士）,server/db/re/item_db_equip.yml,物品名称
ITEM,Heroic Token (Imperial Guard),英雄证明（帝国守卫）,server/db/re/item_db_equip.yml,物品名称
ITEM,Heroic Token (Shadow Cross),英雄证明（影子十字）,server/db/re/item_db_equip.yml,物品名称
ITEM,Heroic Token (Windhawk),英雄证明（风鹰）,server/db/re/item_db_equip.yml,物品名称
ITEM,Heroria Blue Herb Jam,Heroria蓝色药草果酱,server/db/re/item_db_usable.yml,物品名称
ITEM,Heroria Purple Herb Jam,Heroria紫色药草果酱,server/db/re/item_db_usable.yml,物品名称
ITEM,Heroria Red Herb Jam,Heroria红色药草果酱,server/db/re/item_db_usable.yml,物品名称
ITEM,Heroria White Herb Jam,Heroria白色药草果酱,server/db/re/item_db_usable.yml,物品名称
ITEM,Heroria Yellow Herb Jam,Heroria黄色药草果酱,server/db/re/item_db_usable.yml,物品名称
ITEM,Heroria's Gift,英雄之地的礼物,server/db/re/item_db_usable.yml,物品名称
ITEM,Herosria Alchemic Mace,Herosria炼金钝器,server/db/re/item_db_equip.yml,物品名称
ITEM,Herosria Apple of Archer,弓箭手之Herosria苹果,server/db/re/item_db_equip.yml,物品名称
ITEM,Herosria Beret,Herosria贝雷帽,server/db/re/item_db_equip.yml,物品名称
ITEM,Herosria Biretta,Herosria法冠,server/db/re/item_db_equip.yml,物品名称
ITEM,Herosria Demonic Book,Herosria恶魔书,server/db/re/item_db_equip.yml,物品名称
ITEM,Herosria Elemental Book,Herosria元素书,server/db/re/item_db_equip.yml,物品名称
ITEM,Herosria Mage Hat,Herosria法师帽,server/db/re/item_db_equip.yml,物品名称
ITEM,Herosria Monk Mace,Herosria武僧钝器,server/db/re/item_db_equip.yml,物品名称
ITEM,Herosria Smith Mace,Herosria铁匠钝器,server/db/re/item_db_equip.yml,物品名称
ITEM,Herosria Sorceric Book,Herosria Sorceric书,server/db/re/item_db_equip.yml,物品名称
ITEM,Herosria Star Book,Herosria星书,server/db/re/item_db_equip.yml,物品名称
ITEM,High density ore package,高密度精炼用矿石礼包,server/db/re/item_db_usable.yml,物品名称
ITEM,High Orc Egg,高级兽人蛋,server/db/re/item_db_equip.yml,宠物蛋名称
ITEM,High Priest Stone (Bottom),高阶牧师石（下）,server/db/re/item_db_etc.yml,物品名称
ITEM,High Priest Stone (Middle),高阶牧师石（中）,server/db/re/item_db_etc.yml,物品名称
ITEM,High Priest Stone (Upper),高阶牧师石（上）,server/db/re/item_db_etc.yml,物品名称
ITEM,High Priest Stone II (Bottom),神官石II（下）,server/db/re/item_db_etc.yml,物品名称
ITEM,High Priest Stone II (Middle),神官石II（中）,server/db/re/item_db_etc.yml,物品名称
ITEM,High Priest Stone II (Top),神官石II（上）,server/db/re/item_db_etc.yml,物品名称
ITEM,High Quality Beef Jerky,高级Quality Beef肉干,server/db/re/item_db_usable.yml,物品名称
ITEM,High Speed,高级速度,server/db/re/item_db_usable.yml,物品名称
ITEM,High Wizard Stone (Lower),超魔导师石(下),server/db/re/item_db_etc.yml,物品名称
ITEM,High Wizard Stone (Middle),高级巫师石（中）,server/db/re/item_db_etc.yml,物品名称
ITEM,High Wizard Stone (Upper),超魔导师石(上),server/db/re/item_db_etc.yml,物品名称
ITEM,High-quality branches,优质树枝,server/db/re/item_db_etc.yml,物品名称
ITEM,Himelmez's Wig Box,希梅尔梅兹假发箱,server/db/re/item_db_usable.yml,物品名称
ITEM,Himmelmez's Phantom Card,希梅尔梅兹幻影卡片,server/db/re/item_db_etc.yml,物品名称
ITEM,Hinalle Leaflet,海涅叶片,server/db/re/item_db_usable.yml,物品名称
ITEM,Hippie Clothes,嬉皮布衣,server/db/re/item_db_equip.yml,物品名称
ITEM,Hippie Feather,嬉皮士羽毛,server/db/re/item_db_equip.yml,物品名称
ITEM,Hippie Rope,嬉皮绳,server/db/re/item_db_equip.yml,物品名称
ITEM,HIT + 1,命中+ 1,server/db/re/item_db_etc.yml,物品名称
ITEM,Hit Physical Stone (Dual),命中物理石（双重）,server/db/re/item_db_etc.yml,物品名称
ITEM,Hit Physical Stone (Garment),命中物理石（披肩）,server/db/re/item_db_etc.yml,物品名称
ITEM,Hit Physical Stone (Lower),命中物理石（下）,server/db/re/item_db_etc.yml,物品名称
ITEM,Hit Physical Stone (Middle),命中物理石（中）,server/db/re/item_db_etc.yml,物品名称
ITEM,Hit Physical Stone (Upper),命中物理石（上）,server/db/re/item_db_etc.yml,物品名称
ITEM,Hockey Mask,曲棍球面具,server/db/re/item_db_equip.yml,物品名称
ITEM,Hockey Mask Box,曲棍球面具盒,server/db/re/item_db_usable.yml,物品名称
ITEM,Hodremlin Egg,霍德雷姆林蛋,server/db/re/item_db_equip.yml,宠物蛋名称
ITEM,Holiday Hat,五周年纪念帽,server/db/re/item_db_equip.yml,物品名称
ITEM,Holier Threads,更神圣的线,server/db/re/item_db_etc.yml,物品名称
ITEM,Hollow Shoes,Hollow鞋,server/db/re/item_db_equip.yml,物品名称
ITEM,Holy Rune Box 5,神圣符文箱5,server/db/re/item_db_usable.yml,物品名称
ITEM,Holy saber,神圣军刀,server/db/re/item_db_equip.yml,物品名称
ITEM,Holy Threads,神圣线,server/db/re/item_db_etc.yml,物品名称
ITEM,Holy Water,圣水,server/db/re/item_db_usable.yml,物品名称
ITEM,Homemade Jerky,自制肉干,server/db/re/item_db_etc.yml,物品名称
ITEM,Honey,蜂蜜,server/db/re/item_db_usable.yml,物品名称
ITEM,Honey Songpyun,蜂蜜松糕,server/db/re/item_db_etc.yml,物品名称
ITEM,Honglyun's Sword,红莲之剑,server/db/re/item_db_equip.yml,物品名称
ITEM,Honor Gold Ring,荣誉金戒指,server/db/re/item_db_equip.yml,物品名称
ITEM,Honor Proof Exchange List,荣誉证明兑换清单,server/db/re/item_db_etc.yml,物品名称
ITEM,Hood,兜帽,server/db/re/item_db_equip.yml,物品名称
ITEM,Horn Of Ancient Box,古代箱之角,server/db/re/item_db_usable.yml,物品名称
ITEM,Horn of Hell Box,地狱之角箱,server/db/re/item_db_usable.yml,物品名称
ITEM,Hot Molar Card,炽热獠牙卡片,server/db/re/item_db_etc.yml,物品名称
ITEM,How To Grow Plant Genes,植物基因培育法,server/db/re/item_db_etc.yml,物品名称
ITEM,HP I,生命值I,server/db/re/item_db_etc.yml,物品名称
ITEM,HP II,生命值II,server/db/re/item_db_etc.yml,物品名称
ITEM,HP III,生命值III,server/db/re/item_db_etc.yml,物品名称
ITEM,HP IV,生命值IV,server/db/re/item_db_etc.yml,物品名称
ITEM,HP V,生命值V,server/db/re/item_db_etc.yml,物品名称
ITEM,HP+100,生命值+100,server/db/re/item_db_etc.yml,物品名称
ITEM,HP+200,生命值+200,server/db/re/item_db_etc.yml,物品名称
ITEM,HP+300,生命值+300,server/db/re/item_db_etc.yml,物品名称
ITEM,HP+400,生命值+400,server/db/re/item_db_etc.yml,物品名称
ITEM,HP+500,生命值+500,server/db/re/item_db_etc.yml,物品名称
ITEM,HR-55-OSAD,HR-55-OSAD 实验武器,server/db/re/item_db_equip.yml,物品名称
ITEM,HR-S55-OS,HR-S55-OS 实验武器,server/db/re/item_db_equip.yml,物品名称
ITEM,Huge Spray Of Flowers,巨型花朵喷雾,server/db/re/item_db_usable.yml,物品名称
ITEM,Huike Choco,Huike巧克力,server/db/re/item_db_usable.yml,物品名称
ITEM,Hunter Bow,猎人之弓,server/db/re/item_db_equip.yml,物品名称
ITEM,Hunter Fly Card,猎蝇卡片,server/db/re/item_db_etc.yml,物品名称
ITEM,Hunter Fly Egg,猎蝇的蛋,server/db/re/item_db_equip.yml,物品名称
ITEM,Hunter Shadow Shoes,猎人鞋子影子,server/db/re/item_db_equip.yml,物品名称
ITEM,Hunter Wolf Card,猎人沙漠狼卡片,server/db/re/item_db_etc.yml,物品名称
ITEM,Hunting Cap of Gust,狂风之狩猎帽,server/db/re/item_db_equip.yml,物品名称
ITEM,Hunting Seal (Archer),狩猎封印(弓箭手),server/db/re/item_db_etc.yml,物品名称
ITEM,Hunting Seal (Assassin),狩猎封印(刺客),server/db/re/item_db_etc.yml,物品名称
ITEM,Hunting Seal (Attack Power),狩猎封印(攻击力量),server/db/re/item_db_etc.yml,物品名称
ITEM,Hunting Seal (Fixed Casting),狩猎封印(Fixed施法),server/db/re/item_db_etc.yml,物品名称
ITEM,Hunting Seal (Magic Power),狩猎封印(魔法力量),server/db/re/item_db_etc.yml,物品名称
ITEM,Hunting Seal (Magical Force),狩猎封印(魔法力量),server/db/re/item_db_etc.yml,物品名称
ITEM,Hunting Seal (Magician),狩猎封印(魔术师),server/db/re/item_db_etc.yml,物品名称
ITEM,Hunting Seal (Physical Force),狩猎封印(物理力量),server/db/re/item_db_etc.yml,物品名称
ITEM,Hunting Seal (Robust),狩猎封印(Robust),server/db/re/item_db_etc.yml,物品名称
ITEM,Hunting Seal (State),狩猎封印(State),server/db/re/item_db_etc.yml,物品名称
ITEM,Hunting Seal (Warrior),狩猎封印(战士),server/db/re/item_db_etc.yml,物品名称
ITEM,Hunting Spear,猎矛,server/db/re/item_db_equip.yml,物品名称
ITEM,Hurt Mind,受伤的心,server/db/re/item_db_equip.yml,物品名称
ITEM,Huuma Giant Wheel Shuriken Box,风魔巨轮手里剑盒,server/db/re/item_db_usable.yml,物品名称
ITEM,Hyegun Egg,魅影蛋,server/db/re/item_db_equip.yml,宠物蛋名称
ITEM,I Love China,I爱China,server/db/re/item_db_equip.yml,物品名称
ITEM,Ice Amulet,冰护符,server/db/re/item_db_etc.yml,物品名称
ITEM,Ice Coast 2-Set Reward,冰Coast 2-套装奖励,server/db/re/item_db_usable.yml,物品名称
ITEM,Ice Coast Activation Reward,冰Coast激活奖励,server/db/re/item_db_usable.yml,物品名称
ITEM,Ice Coast Completion Reward,冰Coast完成奖励,server/db/re/item_db_usable.yml,物品名称
ITEM,Ice Cream,冰淇淋,server/db/re/item_db_usable.yml,物品名称
ITEM,Ice Crystal,冰晶,server/db/re/item_db_etc.yml,物品名称
ITEM,Ice Crystal of Monarch Penguin,君主企鹅之冰水晶,server/db/re/item_db_etc.yml,物品名称
ITEM,Ice Crystal Pendant,冰水晶吊坠,server/db/re/item_db_equip.yml,物品名称
ITEM,Ice Cubic,冰块,server/db/re/item_db_etc.yml,物品名称
ITEM,Ice Magic Orb (Aimed Rush),冰魔法宝珠(Aimed冲锋),server/db/re/item_db_etc.yml,物品名称
ITEM,Ice Magic Orb (Arrow Gale),冰魔法宝珠(Arrow Gale),server/db/re/item_db_etc.yml,物品名称
ITEM,Ice Magic Orb (Breeze Shooting),冰魔法宝珠(Breeze射击),server/db/re/item_db_etc.yml,物品名称
ITEM,Ice Magic Orb (Cannon Empire),冰魔法宝珠(火炮Empire),server/db/re/item_db_etc.yml,物品名称
ITEM,Ice Magic Orb (Flash Fall),冰魔法宝珠(Flash秋季),server/db/re/item_db_etc.yml,物品名称
ITEM,Ice Magic Orb (Hell Arrow),冰魔法宝珠(Hell Arrow),server/db/re/item_db_etc.yml,物品名称
ITEM,Ice Magic Orb (Milliduple),冰魔法宝珠(Milliduple),server/db/re/item_db_etc.yml,物品名称
ITEM,Ice Magic Orb (Moon Kick),冰魔法宝珠(月亮Kick),server/db/re/item_db_etc.yml,物品名称
ITEM,Ice Magic Orb (Prominence Burst),冰魔法宝珠(Prominence Burst),server/db/re/item_db_etc.yml,物品名称
ITEM,Ice Magic Orb (Rainstorm),冰魔法宝珠(Rainstorm),server/db/re/item_db_etc.yml,物品名称
ITEM,Ice Magic Orb (Sound Metal),冰魔法宝珠(Sound金属),server/db/re/item_db_etc.yml,物品名称
ITEM,Ice Magic Orb (Thunder Blast),冰魔法宝珠(Thunder爆破),server/db/re/item_db_etc.yml,物品名称
ITEM,Ice Magic Orb (Vulcan Shooting),冰魔法宝珠(Vulcan射击),server/db/re/item_db_etc.yml,物品名称
ITEM,Ice Piece,冰块,server/db/re/item_db_etc.yml,物品名称
ITEM,Ice Scale,冰鳞,server/db/re/item_db_etc.yml,物品名称
ITEM,Ice Star Candy,冰星Candy,server/db/re/item_db_etc.yml,物品名称
ITEM,Ice Straw Card,冰Straw卡片,server/db/re/item_db_etc.yml,物品名称
ITEM,Ice Wing Ear,冰翅膀耳朵,server/db/re/item_db_equip.yml,物品名称
ITEM,Ice Wing Ear Box,冰翅膀耳朵箱,server/db/re/item_db_usable.yml,物品名称
ITEM,Icecream Hat,冰淇淋帽,server/db/re/item_db_equip.yml,物品名称
ITEM,Idn Heart Scroll,Idn心卷轴,server/db/re/item_db_usable.yml,物品名称
ITEM,IdRO Crown,IdRO王冠,server/db/re/item_db_equip.yml,物品名称
ITEM,IDTest heal,IDTest 治疗,server/db/re/item_db_usable.yml,物品名称
ITEM,IDTest Special,IDTest特殊,server/db/re/item_db_usable.yml,物品名称
ITEM,Ignis Cap,伊格尼斯帽,server/db/re/item_db_equip.yml,物品名称
ITEM,Illusion Book of the Apocalypse,幻象启示录,server/db/re/item_db_equip.yml,物品名称
ITEM,Illusion Cap,幻象帽,server/db/re/item_db_equip.yml,物品名称
ITEM,Illusion Doom Slayer,幻象毁灭者,server/db/re/item_db_equip.yml,物品名称
ITEM,Illusion Goibne Spaulders,幻影戈尔贝因肩甲,server/db/re/item_db_equip.yml,装备名称
ITEM,Illusion Puente Robe,幻象富恩特长袍,server/db/re/item_db_equip.yml,物品名称
ITEM,Illusion Reinforcement Cube,伊露西恩强化魔方,server/db/re/item_db_usable.yml,物品名称
ITEM,Illusion Spectral Spear,长矛,server/db/re/item_db_equip.yml,物品名称
ITEM,Illusion Survivor Manteau,幻影生存披风,server/db/re/item_db_equip.yml,物品名称
ITEM,Illusional Saucer,Illusional飞碟,server/db/re/item_db_equip.yml,物品名称
ITEM,Illusionary Lens,幻影镜片,server/db/re/item_db_equip.yml,物品名称
ITEM,Illusionary Spark,幻影火花,server/db/re/item_db_equip.yml,物品名称
ITEM,Immaterial Arrow,无形箭,server/db/re/item_db_etc.yml,物品名称
ITEM,Immortal Dog Tag,不朽狗牌,server/db/re/item_db_equip.yml,物品名称
ITEM,Immortal Magic Box,不朽魔法箱,server/db/re/item_db_usable.yml,物品名称
ITEM,Immortal Stew,不朽炖菜,server/db/re/item_db_usable.yml,物品名称
ITEM,Immune Boots,Immune靴,server/db/re/item_db_equip.yml,物品名称
ITEM,Immune Shield,免疫盾,server/db/re/item_db_equip.yml,物品名称
ITEM,Imp Egg,小恶魔之蛋,server/db/re/item_db_equip.yml,物品名称
ITEM,Imperial Adora Robe,帝国审判长袍,server/db/re/item_db_equip.yml,物品名称
ITEM,Imperial Cart Cannon Suit,帝国手推车加农炮服,server/db/re/item_db_equip.yml,物品名称
ITEM,Imperial Duple Robe,帝国双重长袍,server/db/re/item_db_equip.yml,物品名称
ITEM,Imperial Glory,帝国荣耀,server/db/re/item_db_equip.yml,物品名称
ITEM,Imperial Glove,帝国手套,server/db/re/item_db_equip.yml,物品名称
ITEM,Imperial Guard Soul (Cross Rain),帝国守卫灵魂(十字Rain),server/db/re/item_db_etc.yml,物品名称
ITEM,Imperial Guard Soul (Imperial Pressure),帝国守卫灵魂(帝国Pressure),server/db/re/item_db_etc.yml,物品名称
ITEM,Imperial Guard Soul (Overslash),帝国守卫灵魂(Overslash),server/db/re/item_db_etc.yml,物品名称
ITEM,Imperial Guard Soul (Shield Shooting),帝国守卫灵魂(盾牌射击),server/db/re/item_db_etc.yml,物品名称
ITEM,Imperial Guard Stone (Garment),帝国卫士石（披肩）,server/db/re/item_db_etc.yml,物品名称
ITEM,Imperial Knuckle Suit,帝国拳套服,server/db/re/item_db_equip.yml,物品名称
ITEM,Imperial Magic Ring,帝国魔法戒指,server/db/re/item_db_equip.yml,物品名称
ITEM,Imperial Magical Modification Permit (Armor),帝国魔法改造许可证（铠甲）,server/db/re/item_db_usable.yml,物品名称
ITEM,Imperial Magical Modification Permit (Garment),帝国魔法改造许可证（斗篷）,server/db/re/item_db_usable.yml,物品名称
ITEM,Imperial Physical Modification Permit (Armor),帝国物理改造许可证（铠甲）,server/db/re/item_db_usable.yml,物品名称
ITEM,Imperial Physical Modification Permit (Garment),帝国物理改造许可证（斗篷）,server/db/re/item_db_usable.yml,物品名称
ITEM,Imperial Reverb Suit,帝国回响服,server/db/re/item_db_equip.yml,物品名称
ITEM,Imperial Ring,帝国戒指,server/db/re/item_db_equip.yml,装备名称
ITEM,Imperial Super Novice Robe,帝国超级初学者长袍,server/db/re/item_db_equip.yml,物品名称
ITEM,Imperial Super Novice Suit,帝国超级初学者服,server/db/re/item_db_equip.yml,物品名称
ITEM,Imperial Tiger Suit,帝国虎炮服,server/db/re/item_db_equip.yml,物品名称
ITEM,Imperial Tornado Armor,帝国龙卷铠甲,server/db/re/item_db_equip.yml,物品名称
ITEM,Imperial Vulcan Armor,帝国火神铠甲,server/db/re/item_db_equip.yml,物品名称
ITEM,Improved Bunny Band,改良兔耳发带,server/db/re/item_db_equip.yml,物品名称
ITEM,Improved Joker Jester,改良小丑帽,server/db/re/item_db_equip.yml,物品名称
ITEM,Improved Kitsune Mask,改良狐面具,server/db/re/item_db_equip.yml,物品名称
ITEM,Improved PC Cafe Golden Box,改良网吧黄金箱,server/db/re/item_db_usable.yml,物品名称
ITEM,Improved PC Cafe Normal Box,改良网吧普通箱,server/db/re/item_db_usable.yml,物品名称
ITEM,Improved PC Cafe Platinum Box,改良网吧白金箱,server/db/re/item_db_usable.yml,物品名称
ITEM,Improved PC Cafe Wooden Box,改良网吧木箱,server/db/re/item_db_usable.yml,物品名称
ITEM,Incandescence Shot Cartridge,弹药筒·灼热弹,server/db/re/item_db_usable.yml,物品名称
ITEM,Inception Ring,Inception戒指,server/db/re/item_db_equip.yml,物品名称
ITEM,Increase Agility Scroll 10 Box,敏捷提升卷轴10箱,server/db/re/item_db_usable.yml,物品名称
ITEM,Incubus Card,梦魇卡片,server/db/re/item_db_etc.yml,物品名称
ITEM,Incubus Egg,梦魇之蛋,server/db/re/item_db_equip.yml,物品名称
ITEM,Independence Certificate,独立证明书,server/db/re/item_db_etc.yml,物品名称
ITEM,Indigo Rear Ribbon,靛蓝后蝴蝶结,server/db/re/item_db_equip.yml,物品名称
ITEM,Indigo Scroll,Indigo卷轴,server/db/re/item_db_usable.yml,物品名称
ITEM,Infiltrator,潜行者,server/db/re/item_db_equip.yml,物品名称
ITEM,Infinite Attack Power Lv1,无限攻击力量Lv1,server/db/re/item_db_etc.yml,物品名称
ITEM,Infinite Attack Power Lv2,无限攻击力量Lv2,server/db/re/item_db_etc.yml,物品名称
ITEM,Infinite Attack Power Lv3,无限攻击力量Lv3,server/db/re/item_db_etc.yml,物品名称
ITEM,Infinite Awakening Potion,无限觉醒药水,server/db/re/item_db_usable.yml,物品名称
ITEM,Infinite Berserk Potion,无限狂暴药水,server/db/re/item_db_usable.yml,物品名称
ITEM,Infinite Cat Hand Ticket,无限猫咪手券,server/db/re/item_db_usable.yml,物品名称
ITEM,Infinite Cat Hand Ticket Box(7 Days),无限喵手券 7 天箱,server/db/re/item_db_usable.yml,物品名称
ITEM,Infinite Cat's Hand Ticket Box (1 day),无限猫掌票 1 日箱,server/db/re/item_db_usable.yml,物品名称
ITEM,Infinite Concentration Potion,无限集中药水,server/db/re/item_db_usable.yml,物品名称
ITEM,Infinite Dexterity Lv1,无限Dexterity Lv1,server/db/re/item_db_etc.yml,物品名称
ITEM,Infinite Dexterity Lv2,无限Dexterity Lv2,server/db/re/item_db_etc.yml,物品名称
ITEM,Infinite Dexterity Lv3,无限Dexterity Lv3,server/db/re/item_db_etc.yml,物品名称
ITEM,Infinite Giant Flywing,无限巨型苍蝇翅膀,server/db/re/item_db_usable.yml,物品名称
ITEM,Infinite Intelligence Lv1,无限智力Lv1,server/db/re/item_db_etc.yml,物品名称
ITEM,Infinite Intelligence Lv2,无限智力Lv2,server/db/re/item_db_etc.yml,物品名称
ITEM,Infinite Intelligence Lv3,无限智力Lv3,server/db/re/item_db_etc.yml,物品名称
ITEM,Infinite Magic Power Lv1,无限魔法力量Lv1,server/db/re/item_db_etc.yml,物品名称
ITEM,Infinite Magic Power Lv2,无限魔法力量Lv2,server/db/re/item_db_etc.yml,物品名称
ITEM,Infinite Magic Power Lv3,无限魔法力量Lv3,server/db/re/item_db_etc.yml,物品名称
ITEM,Infinite Power Lv2,无限力量Lv2,server/db/re/item_db_etc.yml,物品名称
ITEM,Infinite Power Lv3,无限力量Lv3,server/db/re/item_db_etc.yml,物品名称
ITEM,Infinite Sharpshooter Lv1,无限Sharpshooter Lv1,server/db/re/item_db_etc.yml,物品名称
ITEM,Infinite Sharpshooter Lv2,无限Sharpshooter Lv2,server/db/re/item_db_etc.yml,物品名称
ITEM,Infinite Sharpshooter Lv3,无限Sharpshooter Lv3,server/db/re/item_db_etc.yml,物品名称
ITEM,Infinity Blade,无限Blade,server/db/re/item_db_equip.yml,物品名称
ITEM,Infinity Box II,无限箱 II,server/db/re/item_db_usable.yml,物品名称
ITEM,Infinity Box II 10 sets,无限箱 II 10 套,server/db/re/item_db_usable.yml,物品名称
ITEM,Infinity Chip MAX,无限芯片MAX,server/db/re/item_db_equip.yml,物品名称
ITEM,Infinity Chip-EX,无限芯片-EX,server/db/re/item_db_equip.yml,物品名称
ITEM,Infinity Drink 20 Box,无限礼包,server/db/re/item_db_usable.yml,物品名称
ITEM,Infinity Drink 200 Box,无限礼包 10 套,server/db/re/item_db_usable.yml,物品名称
ITEM,Infinity Shadow Combination,无限影子配方,server/db/re/item_db_usable.yml,物品名称
ITEM,Infinity Shadow Earring,无限影子耳环,server/db/re/item_db_equip.yml,物品名称
ITEM,Infinity Shadow Pendant,无限影子坠饰,server/db/re/item_db_equip.yml,物品名称
ITEM,Infinity Shadow Selection Box,无限影子自选箱,server/db/re/item_db_usable.yml,物品名称
ITEM,Infinity Shield Shadow Box,无限盾牌影子箱,server/db/re/item_db_usable.yml,物品名称
ITEM,Infinity Weapon Shadow Box,无限武器影子箱,server/db/re/item_db_usable.yml,物品名称
ITEM,Injured Eyepatch,受伤眼罩,server/db/re/item_db_equip.yml,物品名称
ITEM,Injustice Card,不公卡片,server/db/re/item_db_etc.yml,物品名称
ITEM,Inorganic Pumpkin,无机南瓜,server/db/re/item_db_etc.yml,物品名称
ITEM,Inquisitor Soul (Blazing Flame Blast),审判者灵魂(Blazing火焰爆破),server/db/re/item_db_etc.yml,物品名称
ITEM,Inquisitor Soul (Explosion Blaster),审判者灵魂(爆炸Blaster),server/db/re/item_db_etc.yml,物品名称
ITEM,Inquisitor Soul (Extermination),审判者灵魂(Extermination),server/db/re/item_db_etc.yml,物品名称
ITEM,Inquisitor Soul (Faith),审判者灵魂(信仰),server/db/re/item_db_etc.yml,物品名称
ITEM,Inquisitor Soul (Judgement),审判者灵魂(Judgement),server/db/re/item_db_etc.yml,物品名称
ITEM,Inquisitor Stone II (Garment),审判者石II（披风）,server/db/re/item_db_etc.yml,物品名称
ITEM,Insect Leg,昆虫腿,server/db/re/item_db_etc.yml,物品名称
ITEM,Insecticide Badge,Insecticide徽章,server/db/re/item_db_etc.yml,物品名称
ITEM,Insecticide Ring,杀虫戒指,server/db/re/item_db_equip.yml,物品名称
ITEM,Insecticide Ring Box,杀虫戒指箱,server/db/re/item_db_usable.yml,物品名称
ITEM,Insecticide Ring Box2,杀虫戒指箱Ⅱ,server/db/re/item_db_usable.yml,物品名称
ITEM,Insomnia Shadow Armor,失眠防护铠甲影子,server/db/re/item_db_equip.yml,物品名称
ITEM,Insomnia Shadow Shoes,失眠防护战靴影子,server/db/re/item_db_equip.yml,物品名称
ITEM,Int + 1,智力+ 1,server/db/re/item_db_etc.yml,物品名称
ITEM,Int + 2,智力+ 2,server/db/re/item_db_etc.yml,物品名称
ITEM,Int + 3,智力+ 3,server/db/re/item_db_etc.yml,物品名称
ITEM,INT Blessing,智慧祝福,server/db/re/item_db_etc.yml,物品名称
ITEM,Int Glove,INT 手套,server/db/re/item_db_equip.yml,物品名称
ITEM,INT Reduction Potion,INT 减少药水,server/db/re/item_db_usable.yml,物品名称
ITEM,INT+1,智力+1,server/db/re/item_db_etc.yml,物品名称
ITEM,INT+10,智力+10,server/db/re/item_db_etc.yml,物品名称
ITEM,INT+2,智力+2,server/db/re/item_db_etc.yml,物品名称
ITEM,INT+3,智力+3,server/db/re/item_db_etc.yml,物品名称
ITEM,INT+3 DEX-3,智力+3灵巧-3,server/db/re/item_db_etc.yml,物品名称
ITEM,INT+3 VIT-3,智力+3体质-3,server/db/re/item_db_etc.yml,物品名称
ITEM,INT+4,智力+4,server/db/re/item_db_etc.yml,物品名称
ITEM,INT+5,智力+5,server/db/re/item_db_etc.yml,物品名称
ITEM,INT+6,智力+6,server/db/re/item_db_etc.yml,物品名称
ITEM,INT+7,智力+7,server/db/re/item_db_etc.yml,物品名称
ITEM,INT+8,智力+8,server/db/re/item_db_etc.yml,物品名称
ITEM,INT+9,智力+9,server/db/re/item_db_etc.yml,物品名称
ITEM,Intake Hair Gift Box,Intake头发礼物箱,server/db/re/item_db_usable.yml,物品名称
ITEM,Intelligence I,智力I,server/db/re/item_db_etc.yml,物品名称
ITEM,Intelligence II,智力II,server/db/re/item_db_etc.yml,物品名称
ITEM,Intelligence III,智力III,server/db/re/item_db_etc.yml,物品名称
ITEM,Intelligence IV,智力IV,server/db/re/item_db_etc.yml,物品名称
ITEM,Intelligence Lv1,智力Lv1,server/db/re/item_db_etc.yml,物品名称
ITEM,Intelligence Lv2,智力Lv2,server/db/re/item_db_etc.yml,物品名称
ITEM,Intelligence Lv3,智力Lv3,server/db/re/item_db_etc.yml,物品名称
ITEM,Intelligence Lv4,智力Lv4,server/db/re/item_db_etc.yml,物品名称
ITEM,Intelligence Lv5,智力Lv5,server/db/re/item_db_etc.yml,物品名称
ITEM,Intelligence of Varmundt Lv1,Varmundt Lv1之智力,server/db/re/item_db_etc.yml,物品名称
ITEM,Intelligence of Varmundt Lv2,Varmundt Lv2之智力,server/db/re/item_db_etc.yml,物品名称
ITEM,Intelligence of Varmundt Lv3,Varmundt Lv3之智力,server/db/re/item_db_etc.yml,物品名称
ITEM,Intelligence of Varmundt Lv4,Varmundt Lv4之智力,server/db/re/item_db_etc.yml,物品名称
ITEM,Intelligence of Varmundt Lv5,Varmundt Lv5之智力,server/db/re/item_db_etc.yml,物品名称
ITEM,Intelligence V,智力V,server/db/re/item_db_etc.yml,物品名称
ITEM,Interdimensional Rift,异次元裂隙,server/db/re/item_db_equip.yml,物品名称
ITEM,Intermediate Guild Member's Jamadhar,中级公会成员的Jamadhar,server/db/re/item_db_equip.yml,物品名称
ITEM,Intermediate Rgan Card,中级Rgan卡片,server/db/re/item_db_etc.yml,物品名称
ITEM,Intrepid Giearth Card,勇敢盖亚斯卡片,server/db/re/item_db_etc.yml,物品名称
ITEM,Inverse Scale Glutinous Rice Cake,Inverse鳞片Glutinous米饭蛋糕,server/db/re/item_db_usable.yml,物品名称
ITEM,Inverse Scale Lv1,逆鳞 Lv1,server/db/re/item_db_etc.yml,物品名称
ITEM,Inverse Scale Lv2,逆鳞 Lv2,server/db/re/item_db_etc.yml,物品名称
ITEM,Inverse Scale Lv3,逆鳞 Lv3,server/db/re/item_db_etc.yml,物品名称
ITEM,Inverse Scale Lv4,逆鳞 Lv4,server/db/re/item_db_etc.yml,物品名称
ITEM,Inverse Scale Lv5,逆鳞 Lv5,server/db/re/item_db_etc.yml,物品名称
ITEM,Invincible Crest Hat,Invincible Crest帽,server/db/re/item_db_equip.yml,物品名称
ITEM,Invisible Manteau,隐形斗篷（时装）,server/db/re/item_db_equip.yml,物品名称
ITEM,Invitation Letter,邀请信,server/db/re/item_db_etc.yml,物品名称
ITEM,Invitation Ticket,邀请票,server/db/re/item_db_etc.yml,物品名称
ITEM,Invite for Duel,决斗邀请,server/db/re/item_db_etc.yml,物品名称
ITEM,Iron Cain,铁面具,server/db/re/item_db_equip.yml,物品名称
ITEM,Iron Treasure Box,Iron宝藏箱,server/db/re/item_db_usable.yml,物品名称
ITEM,Is it a star button?!,星星纽扣？！,server/db/re/item_db_etc.yml,物品名称
ITEM,Isgard Crown Smelting Hammer,Isgard王冠Smelting Hammer,server/db/re/item_db_usable.yml,物品名称
ITEM,Isis Card,伊希斯卡片,server/db/re/item_db_etc.yml,物品名称
ITEM,Isis Egg,伊西斯的蛋,server/db/re/item_db_equip.yml,物品名称
ITEM,Ivory Knife,象牙短剑,server/db/re/item_db_equip.yml,物品名称
ITEM,Ivory Lance,象牙长枪,server/db/re/item_db_equip.yml,物品名称
ITEM,J Aspersio 5 Scroll C,神圣卷轴,server/db/re/item_db_usable.yml,物品名称
ITEM,Jack be Dandy,头戴眼镜,server/db/re/item_db_equip.yml,物品名称
ITEM,Jade Ring,Jade戒指,server/db/re/item_db_equip.yml,物品名称
ITEM,Jade Trinket Box,玉佩箱,server/db/re/item_db_usable.yml,物品名称
ITEM,Jae Sinho Undo,载信号云图,server/db/re/item_db_etc.yml,物品名称
ITEM,Jae Sinho Unpo,载信号云布,server/db/re/item_db_etc.yml,物品名称
ITEM,Jamadhar Box,朱达哈盒,server/db/re/item_db_usable.yml,物品名称
ITEM,Jasper Crest,碧玉徽章,server/db/re/item_db_equip.yml,物品名称
ITEM,Je Un Scroll,Je Un卷轴,server/db/re/item_db_usable.yml,物品名称
ITEM,Jeje Cap,杰杰帽,server/db/re/item_db_equip.yml,物品名称
ITEM,Jellopy Essence,Jellopy精华,server/db/re/item_db_etc.yml,物品名称
ITEM,Jessur's Necklace,杰瑟的项链,server/db/re/item_db_etc.yml,物品名称
ITEM,Jet Black Fragment Box,Jet黑色碎片箱,server/db/re/item_db_usable.yml,物品名称
ITEM,Jet Black Illusion Stone,乌黑幻影石,server/db/re/item_db_etc.yml,物品名称
ITEM,Jewel Crown,宝石王冠,server/db/re/item_db_equip.yml,物品名称
ITEM,Jing Guai Card,魑魅魍魉卡片,server/db/re/item_db_etc.yml,物品名称
ITEM,Jiraiya's Pipe,Jiraiya的烟斗,server/db/re/item_db_equip.yml,物品名称
ITEM,JJangu Magic Powder,JJangu魔法粉,server/db/re/item_db_usable.yml,物品名称
ITEM,JOB Battle Manual,JOB战斗手册,server/db/re/item_db_usable.yml,物品名称
ITEM,JOB Battle Manual Box,JOB战斗手册箱,server/db/re/item_db_usable.yml,物品名称
ITEM,JOB Battle Manual Box(10),职业战斗手册箱（10）,server/db/re/item_db_usable.yml,物品名称
ITEM,JOB Battle Manual Box(5),JOB 战斗教范 5 个箱,server/db/re/item_db_usable.yml,物品名称
ITEM,Joker Jester,小丑帽,server/db/re/item_db_equip.yml,物品名称
ITEM,Joker's Card (OSM),Joker的卡片(OSM),server/db/re/item_db_equip.yml,物品名称
ITEM,Joker's Face (OSM),Joker的脸(OSM),server/db/re/item_db_equip.yml,物品名称
ITEM,Jolly Roger,海盗旗,server/db/re/item_db_equip.yml,物品名称
ITEM,Jormungandr Catechism,Jormungandr教典,server/db/re/item_db_etc.yml,物品名称
ITEM,Judex Shadow Armor,朱德克斯铠甲影子,server/db/re/item_db_equip.yml,物品名称
ITEM,Judex Shadow Shield,朱德克斯盾牌影子,server/db/re/item_db_equip.yml,物品名称
ITEM,Judex Shadow Shoes,朱德克斯鞋子影子,server/db/re/item_db_equip.yml,物品名称
ITEM,Juice Mix Package,果汁混合包,server/db/re/item_db_etc.yml,物品名称
ITEM,Juicy Pang Pang Sausage,多汁Pang Pang Sausage,server/db/re/item_db_usable.yml,物品名称
ITEM,July Gift Box,七月礼物盒,server/db/re/item_db_usable.yml,物品名称
ITEM,Jung Bi Scroll,Jung Bi卷轴,server/db/re/item_db_usable.yml,物品名称
ITEM,Jungle Carbine,丛林卡宾枪,server/db/re/item_db_equip.yml,物品名称
ITEM,Jungle Mandragora Card,丛林曼陀罗卡片,server/db/re/item_db_etc.yml,物品名称
ITEM,Jurgen Card,尤尔根卡片,server/db/re/item_db_etc.yml,物品名称
ITEM,Jurgen Wigner Card,尤尔根·维格纳卡片,server/db/re/item_db_etc.yml,物品名称
ITEM,Kafra Ring,卡普拉戒指,server/db/re/item_db_equip.yml,物品名称
ITEM,Kafra Ticket,卡普拉使用券,server/db/re/item_db_etc.yml,物品名称
ITEM,Kafra Uniform,卡普拉制服,server/db/re/item_db_equip.yml,物品名称
ITEM,Kagerou Shadow Shoes,影狼影子鞋,server/db/re/item_db_equip.yml,物品名称
ITEM,Kalasag,卡拉萨克,server/db/re/item_db_equip.yml,物品名称
ITEM,Karada Meguricha Hat,巡茶帽,server/db/re/item_db_equip.yml,物品名称
ITEM,Kardui Bundle A,Kardui组合包,server/db/re/item_db_usable.yml,物品名称
ITEM,Kardui Ear,Kardui耳朵,server/db/re/item_db_equip.yml,物品名称
ITEM,Kardui Robe,Kardui长袍,server/db/re/item_db_equip.yml,物品名称
ITEM,Karlite Staff,Karlite法杖,server/db/re/item_db_equip.yml,物品名称
ITEM,Katar of Piercing Wind,穿风拳刃,server/db/re/item_db_equip.yml,物品名称
ITEM,Katar of Quaking,地震卡塔尔,server/db/re/item_db_equip.yml,物品名称
ITEM,Katar of Raging Blaze,狂焰卡塔尔,server/db/re/item_db_equip.yml,物品名称
ITEM,Katar Shadow Cube,拳刃影子方块,server/db/re/item_db_usable.yml,物品名称
ITEM,Kathryn Card,卡特琳卡片,server/db/re/item_db_etc.yml,物品名称
ITEM,Kaya Toss Card,Kaya Toss卡片,server/db/re/item_db_etc.yml,物品名称
ITEM,Kerchief,围巾,server/db/re/item_db_equip.yml,物品名称
ITEM,Kettle Hat,水壶帽,server/db/re/item_db_equip.yml,物品名称
ITEM,Ketupat,竹筒饭,server/db/re/item_db_usable.yml,物品名称
ITEM,Key of Clock Tower,钟楼钥匙,server/db/re/item_db_etc.yml,物品名称
ITEM,Key of Underground,地下城钥匙,server/db/re/item_db_etc.yml,物品名称
ITEM,Key to the Secret Garden,秘密花园钥匙,server/db/re/item_db_etc.yml,物品名称
ITEM,Khalitzburg Knight Armor,Khalitzburg骑士铠甲,server/db/re/item_db_equip.yml,物品名称
ITEM,Khalitzburg Knight Blue Helm,Khalitzburg骑士蓝色头盔,server/db/re/item_db_equip.yml,物品名称
ITEM,Khalitzburg Knight White Helm,Khalitzburg骑士白色头盔,server/db/re/item_db_equip.yml,物品名称
ITEM,Kid Magic Powder,儿童魔法粉,server/db/re/item_db_usable.yml,物品名称
ITEM,Kiel-D-01 Card,基尔-D-01卡片,server/db/re/item_db_etc.yml,物品名称
ITEM,Kiel-D-01 Egg,Kiel-D-01 蛋,server/db/re/item_db_equip.yml,宠物蛋名称
ITEM,Kind Heart,温柔的心,server/db/re/item_db_equip.yml,物品名称
ITEM,King Dramoh Card,龙蝇王卡片,server/db/re/item_db_etc.yml,物品名称
ITEM,King Of Elemental Ring,元素戒指之国王,server/db/re/item_db_equip.yml,物品名称
ITEM,King's Mark,国王的凭证,server/db/re/item_db_etc.yml,物品名称
ITEM,Kintaro's Bracelet (OSM),Kintaro的手镯(OSM),server/db/re/item_db_equip.yml,物品名称
ITEM,Kiri no Tsuyu-LT,雾之露-LT,server/db/re/item_db_equip.yml,物品名称
ITEM,Kitsune Mask,狐狸面具,server/db/re/item_db_equip.yml,物品名称
ITEM,Knife Goblin Egg,短剑哥布灵的蛋,server/db/re/item_db_equip.yml,物品名称
ITEM,Knife Goblin Taming Box,小刀哥布林驯服箱,server/db/re/item_db_usable.yml,物品名称
ITEM,Knight Shadow Shoes,骑士鞋子影子,server/db/re/item_db_equip.yml,物品名称
ITEM,Knight Supply,骑士团补给品,server/db/re/item_db_etc.yml,物品名称
ITEM,Knight's Badge,骑士的徽章,server/db/re/item_db_etc.yml,物品名称
ITEM,Knit Cap of Water,水之Knit帽,server/db/re/item_db_equip.yml,物品名称
ITEM,Knowledge of Wise Man,智者知识,server/db/re/item_db_etc.yml,物品名称
ITEM,Knuckle Shadow Shield,爆气盾牌影子,server/db/re/item_db_equip.yml,物品名称
ITEM,Knuckle Shadow Shoes,爆气鞋子影子,server/db/re/item_db_equip.yml,物品名称
ITEM,Kofte,土耳其肉丸,server/db/re/item_db_etc.yml,物品名称
ITEM,Kotak Ketupat Warna Warni,彩色粽子礼盒,server/db/re/item_db_usable.yml,物品名称
ITEM,Kraken Card,克拉肯卡片,server/db/re/item_db_etc.yml,物品名称
ITEM,Krathong,水灯,server/db/re/item_db_etc.yml,物品名称
ITEM,Ktullanux Eye,克图拉纳克斯之眼,server/db/re/item_db_etc.yml,物品名称
ITEM,Kukulkan Skull,Kukulkan头骨,server/db/re/item_db_equip.yml,物品名称
ITEM,Kukulkan's Tooth,Kukulkan的牙齿,server/db/re/item_db_equip.yml,物品名称
ITEM,Kung Jin's Headpiece (OSM),Kung Jin的头饰(OSM),server/db/re/item_db_equip.yml,物品名称
ITEM,Kunlun Completed Photo Album,昆仑完成相册,server/db/re/item_db_etc.yml,物品名称
ITEM,Kuroiro-OS,黑色-OS,server/db/re/item_db_equip.yml,物品名称
ITEM,Kuroiro-OSAD,黑色-OSAD,server/db/re/item_db_equip.yml,物品名称
ITEM,Kyrie Stone (Lower),基列石（下段）,server/db/re/item_db_etc.yml,物品名称
ITEM,Laboratory Permit,实验室通行证,server/db/re/item_db_equip.yml,物品名称
ITEM,Labyrinth Baphomet Card,Labyrinth Baphomet卡片,server/db/re/item_db_etc.yml,物品名称
ITEM,Labyrinth Dracula Card,Labyrinth Dracula卡片,server/db/re/item_db_etc.yml,物品名称
ITEM,Lady Solace Card,安慰者卡片,server/db/re/item_db_etc.yml,物品名称
ITEM,Lammir's Scale,Lammir的鳞片,server/db/re/item_db_etc.yml,物品名称
ITEM,Lance Box,长矛盒,server/db/re/item_db_usable.yml,物品名称
ITEM,Lance of Evil,邪恶之长枪,server/db/re/item_db_equip.yml,物品名称
ITEM,Lantern of Hope,希望之灯,server/db/re/item_db_equip.yml,物品名称
ITEM,Laphine Staff,拉斐内法杖,server/db/re/item_db_equip.yml,物品名称
ITEM,Lapine Box (Shadow),Lapine箱(影子),server/db/re/item_db_usable.yml,物品名称
ITEM,Lapine Prayer Shoes,Lapine Prayer鞋,server/db/re/item_db_equip.yml,物品名称
ITEM,Lapine Scroll,拉斐内卷轴,server/db/re/item_db_usable.yml,物品名称
ITEM,Large Hisbiscus,大扶桑花,server/db/re/item_db_equip.yml,物品名称
ITEM,Large Shadow Weapon,大型武器影子,server/db/re/item_db_equip.yml,物品名称
ITEM,Large Stone (Upper),大型石（上段）,server/db/re/item_db_etc.yml,物品名称
ITEM,Last Breath,最后的气息,server/db/re/item_db_etc.yml,物品名称
ITEM,Late Lang Monster Ticket,雷特朗怪物券,server/db/re/item_db_etc.yml,物品名称
ITEM,Latent Release (Abyss Chaser III),潜能释放(深渊追踪者III),server/db/re/item_db_etc.yml,物品名称
ITEM,Latent Release (Abyss Chaser IV),潜能释放(深渊追踪者IV),server/db/re/item_db_etc.yml,物品名称
ITEM,Latent Release (Abyss Chaser V),潜能释放(深渊追踪者V),server/db/re/item_db_etc.yml,物品名称
ITEM,Latent Release (Abyss Chaser VI),潜能释放(深渊追踪者VI),server/db/re/item_db_etc.yml,物品名称
ITEM,Latent Release (Archmage IV),潜能释放(Archmage IV),server/db/re/item_db_etc.yml,物品名称
ITEM,Latent Release (Archmage V),潜能释放(Archmage V),server/db/re/item_db_etc.yml,物品名称
ITEM,Latent Release (Archmage X),潜能释放(Archmage X),server/db/re/item_db_etc.yml,物品名称
ITEM,Latent Release (Biolo IV),潜能释放(Biolo IV),server/db/re/item_db_etc.yml,物品名称
ITEM,Latent Release (Cardinal IV),潜能释放(Cardinal IV),server/db/re/item_db_etc.yml,物品名称
ITEM,Latent Release (Cardinal VI),潜能释放(Cardinal VI),server/db/re/item_db_etc.yml,物品名称
ITEM,Latent Release (Cardinal VII),潜能释放(Cardinal VII),server/db/re/item_db_etc.yml,物品名称
ITEM,Latent Release (Dragon Knight V),潜能释放(龙骑士V),server/db/re/item_db_etc.yml,物品名称
ITEM,Latent Release (Dragon Knight X),潜能释放(龙骑士X),server/db/re/item_db_etc.yml,物品名称
ITEM,Latent Release (Dragon Knight XI),潜能释放(龙骑士XI),server/db/re/item_db_etc.yml,物品名称
ITEM,Latent Release (Elemental Master IV),潜能释放(元素大师IV),server/db/re/item_db_etc.yml,物品名称
ITEM,Latent Release (Elemental Master V),潜能释放(元素大师V),server/db/re/item_db_etc.yml,物品名称
ITEM,Latent Release (Hyper Novice II),潜能释放(超能初心者II),server/db/re/item_db_etc.yml,物品名称
ITEM,Latent Release (Hyper Novice III),潜能释放(超能初心者III),server/db/re/item_db_etc.yml,物品名称
ITEM,Latent Release (Hyper Novice IV),潜能释放(超能初心者IV),server/db/re/item_db_etc.yml,物品名称
ITEM,Latent Release (Imperial Guard IV),潜能释放(帝国守卫IV),server/db/re/item_db_etc.yml,物品名称
ITEM,Latent Release (Imperial Guard V),潜能释放(帝国守卫V),server/db/re/item_db_etc.yml,物品名称
ITEM,Latent Release (Imperial Guard VI),潜能释放(帝国守卫VI),server/db/re/item_db_etc.yml,物品名称
ITEM,Latent Release (Imperial Guard XI),潜能释放(帝国守卫XI),server/db/re/item_db_etc.yml,物品名称
ITEM,Latent Release (Inquisitor III),潜能释放(审判者III),server/db/re/item_db_etc.yml,物品名称
ITEM,Latent Release (Inquisitor IV),潜能释放(审判者IV),server/db/re/item_db_etc.yml,物品名称
ITEM,Latent Release (Meister III),潜能释放(Meister III),server/db/re/item_db_etc.yml,物品名称
ITEM,Latent Release (Meister IV),潜能释放(Meister IV),server/db/re/item_db_etc.yml,物品名称
ITEM,Latent Release (Meister V),潜能释放(Meister V),server/db/re/item_db_etc.yml,物品名称
ITEM,Latent Release (Meister XII),潜能释放(Meister XII),server/db/re/item_db_etc.yml,物品名称
ITEM,Latent Release (Night Watch II),潜能释放(夜晚手表II),server/db/re/item_db_etc.yml,物品名称
ITEM,Latent Release (Night Watch III),潜能释放(夜晚手表III),server/db/re/item_db_etc.yml,物品名称
ITEM,Latent Release (Night Watch IV),潜能释放(夜晚手表IV),server/db/re/item_db_etc.yml,物品名称
ITEM,Latent Release (Night Watch IX),潜能释放(夜晚手表IX),server/db/re/item_db_etc.yml,物品名称
ITEM,Latent Release (Shadow Cross III),潜能释放(影子十字III),server/db/re/item_db_etc.yml,物品名称
ITEM,Latent Release (Shadow Cross IV),潜能释放(影子十字IV),server/db/re/item_db_etc.yml,物品名称
ITEM,Latent Release (Shadow Cross V),潜能释放(影子十字V),server/db/re/item_db_etc.yml,物品名称
ITEM,Latent Release (Shinkiro & Shiranui II),潜能释放(Shinkiro & Shiranui II),server/db/re/item_db_etc.yml,物品名称
ITEM,Latent Release (Shinkiro & Shiranui III),潜能释放(Shinkiro & Shiranui III),server/db/re/item_db_etc.yml,物品名称
ITEM,Latent Release (Shinkiro & Shiranui IV),潜能释放(Shinkiro & Shiranui IV),server/db/re/item_db_etc.yml,物品名称
ITEM,Latent Release (Spirit Handler II),潜能释放(精灵使者II),server/db/re/item_db_etc.yml,物品名称
ITEM,Latent Release (Troubadour & Trouvelle II),潜能释放(Troubadour & Trouvelle II),server/db/re/item_db_etc.yml,物品名称
ITEM,Latent Release (Troubadour & Trouvelle III),潜能释放(Troubadour & Trouvelle III),server/db/re/item_db_etc.yml,物品名称
ITEM,Latent Release (Windhawk III),潜能释放(Windhawk III),server/db/re/item_db_etc.yml,物品名称
ITEM,Latent Release (Windhawk V),潜能释放(Windhawk V),server/db/re/item_db_etc.yml,物品名称
ITEM,Latent Release (Windhawk VI),潜能释放(Windhawk VI),server/db/re/item_db_etc.yml,物品名称
ITEM,Lava Toad Card,熔岩蟾蜍卡片,server/db/re/item_db_etc.yml,物品名称
ITEM,Lava Zone 2 Set Reward,熔岩Zone 2套装奖励,server/db/re/item_db_usable.yml,物品名称
ITEM,Lava Zone Activation Reward,熔岩Zone激活奖励,server/db/re/item_db_usable.yml,物品名称
ITEM,Lava Zone Completion Reward,熔岩Zone完成奖励,server/db/re/item_db_usable.yml,物品名称
ITEM,Lazy Smokie,懒惰狸猫,server/db/re/item_db_equip.yml,物品名称
ITEM,Leaf Cat Egg,叶猫之蛋,server/db/re/item_db_equip.yml,物品名称
ITEM,Leaf Lunatic Egg,叶子疯兔蛋,server/db/re/item_db_equip.yml,宠物蛋名称
ITEM,Leaf Robe,叶子长袍,server/db/re/item_db_equip.yml,物品名称
ITEM,Leather Bag of Infinity,无限皮包,server/db/re/item_db_etc.yml,物品名称
ITEM,Leather Rabbit,兔子皮,server/db/re/item_db_etc.yml,物品名称
ITEM,Leather Water Bottle,Leather水Bottle,server/db/re/item_db_usable.yml,物品名称
ITEM,Leaves Of Grass,进化叶子,server/db/re/item_db_equip.yml,物品名称
ITEM,Legan's Advanced Magic Core,Legan的高级魔法核心,server/db/re/item_db_etc.yml,物品名称
ITEM,Legend of Songkran,宋干节传说,server/db/re/item_db_etc.yml,物品名称
ITEM,Legendary Fur,传奇毛皮,server/db/re/item_db_etc.yml,物品名称
ITEM,Legendary Mane,传说中的鬃毛,server/db/re/item_db_etc.yml,物品名称
ITEM,Legionnaire Hat,士兵帽,server/db/re/item_db_equip.yml,物品名称
ITEM,Leo Crown Box,狮子座王冠盒,server/db/re/item_db_usable.yml,物品名称
ITEM,Leo Diadem Box,狮子座王冠盒,server/db/re/item_db_usable.yml,物品名称
ITEM,Leo Scroll,狮子座卷轴,server/db/re/item_db_usable.yml,物品名称
ITEM,Lesser Guild Member's Flamberge,次级公会成员的Flamberge,server/db/re/item_db_equip.yml,物品名称
ITEM,Lesser Guild Member's Gladius,次级公会成员的Gladius,server/db/re/item_db_equip.yml,物品名称
ITEM,Lesser Guild Member's Manteau,次级公会成员的斗篷,server/db/re/item_db_equip.yml,物品名称
ITEM,Lesser Guild Member's Muffler,次级公会成员的围巾,server/db/re/item_db_equip.yml,物品名称
ITEM,Lesser Rgan Card,次级Rgan卡片,server/db/re/item_db_etc.yml,物品名称
ITEM,Lethal Beast (Physical),致命Beast (物理),server/db/re/item_db_etc.yml,物品名称
ITEM,Lethal Frame (Physical),致命Frame (物理),server/db/re/item_db_etc.yml,物品名称
ITEM,Lethal Insect (Physical),致命Insect (物理),server/db/re/item_db_etc.yml,物品名称
ITEM,Lethal Plant (Physical),致命Plant (物理),server/db/re/item_db_etc.yml,物品名称
ITEM,Lethal Undead (Physical),致命Undead (物理),server/db/re/item_db_etc.yml,物品名称
ITEM,Letter Moon Cake,字母月饼,server/db/re/item_db_etc.yml,物品名称
ITEM,Letter Of Prisoner,囚犯的信,server/db/re/item_db_etc.yml,物品名称
ITEM,Letter With Stamped Seal,盖有印章的信函,server/db/re/item_db_etc.yml,物品名称
ITEM,Levain Manteau,卢班披风,server/db/re/item_db_equip.yml,物品名称
ITEM,Level 110 Bounty,110 级赏赐品,server/db/re/item_db_usable.yml,物品名称
ITEM,Level 130 Bounty,130 级赏赐品,server/db/re/item_db_usable.yml,物品名称
ITEM,Level 150 Bounty,150 级赏赐品,server/db/re/item_db_usable.yml,物品名称
ITEM,Level 2 Clip,等级2发夹,server/db/re/item_db_equip.yml,物品名称
ITEM,Level 2 Hat,等级2帽,server/db/re/item_db_equip.yml,物品名称
ITEM,Level 2 Hood,等级2兜帽,server/db/re/item_db_equip.yml,物品名称
ITEM,Level 5 Instrument,等级5乐器,server/db/re/item_db_equip.yml,物品名称
ITEM,Level 5 shotgun,5级霰弹枪,server/db/re/item_db_equip.yml,武器名称
ITEM,Level 70 Bounty,70 级赏赐品,server/db/re/item_db_usable.yml,物品名称
ITEM,Level 90 Bounty,90 级赏赐品,server/db/re/item_db_usable.yml,物品名称
ITEM,Level Achievement Box,等级达成纪念箱,server/db/re/item_db_usable.yml,物品名称
ITEM,Level Up Box (110),升级箱（110）,server/db/re/item_db_usable.yml,物品名称
ITEM,Lever Action Rifle,杠杆步枪,server/db/re/item_db_equip.yml,物品名称
ITEM,Lian Robe,里安披风,server/db/re/item_db_equip.yml,物品名称
ITEM,Libra Crown Box,天秤宫天空王冠箱,server/db/re/item_db_usable.yml,物品名称
ITEM,Libra Diadem Box,天秤宫天空保管箱,server/db/re/item_db_usable.yml,物品名称
ITEM,Libra Scroll,Libra卷轴,server/db/re/item_db_usable.yml,物品名称
ITEM,Lich Bone Box M,巫妖的骷髅法杖箱,server/db/re/item_db_usable.yml,物品名称
ITEM,Lich Lord Card,亡者领主卡片,server/db/re/item_db_etc.yml,物品名称
ITEM,Life Insurrance Certificate,优秀生命保险证书,server/db/re/item_db_usable.yml,物品名称
ITEM,Life of Winter 10Lv,冬季10Lv之生命,server/db/re/item_db_etc.yml,物品名称
ITEM,Life of Winter 11Lv,冬季11Lv之生命,server/db/re/item_db_etc.yml,物品名称
ITEM,Life of Winter 12Lv,冬季12Lv之生命,server/db/re/item_db_etc.yml,物品名称
ITEM,Life of Winter 13Lv,冬季13Lv之生命,server/db/re/item_db_etc.yml,物品名称
ITEM,Life of Winter 14Lv,冬季14Lv之生命,server/db/re/item_db_etc.yml,物品名称
ITEM,Life of Winter 15Lv,冬季15Lv之生命,server/db/re/item_db_etc.yml,物品名称
ITEM,Life of Winter 16Lv,冬季16Lv之生命,server/db/re/item_db_etc.yml,物品名称
ITEM,Life of Winter 17Lv,冬季17Lv之生命,server/db/re/item_db_etc.yml,物品名称
ITEM,Life of Winter 18Lv,冬季18Lv之生命,server/db/re/item_db_etc.yml,物品名称
ITEM,Life of Winter 19Lv,冬季19Lv之生命,server/db/re/item_db_etc.yml,物品名称
ITEM,Life of Winter 20Lv,冬季20Lv之生命,server/db/re/item_db_etc.yml,物品名称
ITEM,Life of Winter 8Lv,冬季8Lv之生命,server/db/re/item_db_etc.yml,物品名称
ITEM,Life of Winter 9Lv,冬季9Lv之生命,server/db/re/item_db_etc.yml,物品名称
ITEM,Life Potion Sampler 10 Crate,三明水礼包 10 套,server/db/re/item_db_usable.yml,物品名称
ITEM,Life Potion Sampler Crate,三明水礼包,server/db/re/item_db_usable.yml,物品名称
ITEM,Life Ribbon Box,生命缎带箱,server/db/re/item_db_usable.yml,物品名称
ITEM,Life Ribbon Box II,生命缎带箱Ⅱ,server/db/re/item_db_usable.yml,物品名称
ITEM,Life Ribbon Box III,生命缎带箱Ⅲ,server/db/re/item_db_usable.yml,物品名称
ITEM,Light Awakening Potion,轻量觉醒药水,server/db/re/item_db_usable.yml,物品名称
ITEM,Light Berserk Potion,光Berserk药水,server/db/re/item_db_usable.yml,物品名称
ITEM,Light Blade,光刃,server/db/re/item_db_equip.yml,物品名称
ITEM,Light Blue Potion Box,蓝色药水箱,server/db/re/item_db_usable.yml,物品名称
ITEM,Light Concentration Potion,轻量集中药水,server/db/re/item_db_usable.yml,物品名称
ITEM,Light of the World Asprika,世界Asprika之光,server/db/re/item_db_equip.yml,物品名称
ITEM,Light Up Card,点亮卡片,server/db/re/item_db_etc.yml,物品名称
ITEM,Lightning Bolt Shadow Armor,雷击术铠甲影子,server/db/re/item_db_equip.yml,物品名称
ITEM,Lightning Sphere Pack,闪电球包,server/db/re/item_db_usable.yml,物品名称
ITEM,Limacina Card,Limacina卡片,server/db/re/item_db_etc.yml,物品名称
ITEM,Lime Soda,青柠汽水,server/db/re/item_db_usable.yml,物品名称
ITEM,Lime Soda in Mouth,叼在嘴里的青柠汽水,server/db/re/item_db_equip.yml,物品名称
ITEM,Limit Power Booster Package 10 set,限定版力量增强剂礼包 10 套,server/db/re/item_db_usable.yml,物品名称
ITEM,Limited HD Bradium Package,高密度布拉迪姆限定礼包,server/db/re/item_db_usable.yml,物品名称
ITEM,Limited HD Carnium Package,高密度卡尔尼姆限定礼包,server/db/re/item_db_usable.yml,物品名称
ITEM,Limited HD Elunium Package,高浓缩埃尔钮限定礼包,server/db/re/item_db_usable.yml,物品名称
ITEM,Limited HD Oridecon Package,高浓缩奥利德奥孔限定礼包,server/db/re/item_db_usable.yml,物品名称
ITEM,Limited Refinement Ore Package,精炼矿石限定礼包,server/db/re/item_db_usable.yml,物品名称
ITEM,LimitPowerBooster package,限定版力量增强剂礼包,server/db/re/item_db_usable.yml,物品名称
ITEM,Linguistic Book Hat,文字书帽,server/db/re/item_db_equip.yml,物品名称
ITEM,Lion Mask,狮子面具,server/db/re/item_db_equip.yml,物品名称
ITEM,Little Buffet Parachute,小Buffet Parachute,server/db/re/item_db_equip.yml,物品名称
ITEM,Little Isis Egg,小伊西斯蛋,server/db/re/item_db_equip.yml,宠物蛋名称
ITEM,Little Unripe Apple,青苹果,server/db/re/item_db_usable.yml,物品名称
ITEM,Loki's advice (distance physics),Loki的建议(远程物理),server/db/re/item_db_usable.yml,物品名称
ITEM,Loki's Advice Selection Box,Loki的建议自选箱,server/db/re/item_db_usable.yml,物品名称
ITEM,Loki's Black Coin,Loki的黑色硬币,server/db/re/item_db_usable.yml,物品名称
ITEM,Loki's Coin Selection Box,Loki的硬币自选箱,server/db/re/item_db_usable.yml,物品名称
ITEM,Loki's Nail,洛基之爪,server/db/re/item_db_equip.yml,物品名称
ITEM,Loki's Whispers,洛基的低语,server/db/re/item_db_etc.yml,物品名称
ITEM,Loli Ruri Egg,罗莉露莉之蛋,server/db/re/item_db_equip.yml,物品名称
ITEM,Loli Ruri Scroll,Loli Ruri卷轴,server/db/re/item_db_usable.yml,物品名称
ITEM,Long Firewood,耐烧木柴,server/db/re/item_db_etc.yml,物品名称
ITEM,Long Grass,长草,server/db/re/item_db_etc.yml,物品名称
ITEM,Long Horn,长角枪,server/db/re/item_db_equip.yml,物品名称
ITEM,Long Horn Box M,长角箱,server/db/re/item_db_usable.yml,物品名称
ITEM,Long Tongue,长Tongue,server/db/re/item_db_equip.yml,物品名称
ITEM,Longing Heart,思念之心,server/db/re/item_db_etc.yml,物品名称
ITEM,Lord Knight Stone (Lower),领主骑士石(下),server/db/re/item_db_etc.yml,物品名称
ITEM,Lord Knight Stone (Middle),领主骑士石（中）,server/db/re/item_db_etc.yml,物品名称
ITEM,Lord Knight Stone (Upper),领主骑士石(上),server/db/re/item_db_etc.yml,物品名称
ITEM,Lord Knight Stone II (Bottom),骑士领主石II（下段）,server/db/re/item_db_etc.yml,物品名称
ITEM,Lord Knight Stone II (Middle),领主骑士石II（中）,server/db/re/item_db_etc.yml,物品名称
ITEM,Lord Knight Stone II (Top),骑士领主石II（上段）,server/db/re/item_db_etc.yml,物品名称
ITEM,Lord of Glory,荣耀之王,server/db/re/item_db_equip.yml,武器名称
ITEM,Lord of Royals,Royals之Lord,server/db/re/item_db_equip.yml,物品名称
ITEM,Lord of Vermilion Scroll,雷鸣术卷轴,server/db/re/item_db_usable.yml,物品名称
ITEM,Lost Belongings,遗失的随身物品,server/db/re/item_db_etc.yml,物品名称
ITEM,Lotto Ball 39,彩票球39,server/db/re/item_db_etc.yml,物品名称
ITEM,Lotto Ball 40,彩票球40,server/db/re/item_db_etc.yml,物品名称
ITEM,Lotto Ball 41,彩票球41,server/db/re/item_db_etc.yml,物品名称
ITEM,Lotto Ball 42,彩票球42,server/db/re/item_db_etc.yml,物品名称
ITEM,Lotto Ball 43,彩票球43,server/db/re/item_db_etc.yml,物品名称
ITEM,Lotto Ball 44,彩票球44,server/db/re/item_db_etc.yml,物品名称
ITEM,Lotto Ball 45,彩票球45,server/db/re/item_db_etc.yml,物品名称
ITEM,Lotus Flower,莲花,server/db/re/item_db_etc.yml,物品名称
ITEM,Love Angel Magic Powder Box,爱之天使魔法粉箱,server/db/re/item_db_usable.yml,物品名称
ITEM,Love Angel Magic Powder Box (30 days),爱与天使魔法粉末箱（30天）,server/db/re/item_db_usable.yml,物品名称
ITEM,Love Bubble Gum,爱泡泡口香糖,server/db/re/item_db_equip.yml,物品名称
ITEM,Love Chick Hat,爱之小鸡帽,server/db/re/item_db_equip.yml,物品名称
ITEM,Love Dad Cap,父爱帽,server/db/re/item_db_equip.yml,物品名称
ITEM,Love Daddy Box,爱爸爸箱,server/db/re/item_db_usable.yml,物品名称
ITEM,Love Valentine's Hat,爱情情人节帽,server/db/re/item_db_equip.yml,物品名称
ITEM,Lovely Aquarius Box,Lovely水瓶座箱,server/db/re/item_db_usable.yml,物品名称
ITEM,Lovely Aquarius Scroll,Lovely水瓶座卷轴,server/db/re/item_db_usable.yml,物品名称
ITEM,Lowest Rgan Card,Lowest Rgan卡片,server/db/re/item_db_etc.yml,物品名称
ITEM,Loyal Ring1,忠诚Ring1,server/db/re/item_db_equip.yml,物品名称
ITEM,Loyal Ring2,忠诚Ring2,server/db/re/item_db_equip.yml,物品名称
ITEM,Loyal Ring3,忠诚Ring3,server/db/re/item_db_equip.yml,物品名称
ITEM,Lucifer's Lament,路西法的哀叹,server/db/re/item_db_etc.yml,物品名称
ITEM,Luciola Vespa Transportin,露西欧拉黄蜂捕捉箱,server/db/re/item_db_usable.yml,物品名称
ITEM,Lucky Candy,幸运糖果,server/db/re/item_db_etc.yml,物品名称
ITEM,Lucky Cookie,幸运饼干,server/db/re/item_db_etc.yml,物品名称
ITEM,Lucky Day,好运的一天,server/db/re/item_db_etc.yml,物品名称
ITEM,Lucky Egg C4,幸运蛋C4,server/db/re/item_db_usable.yml,物品名称
ITEM,Lucky Egg C6,幸运蛋 VI,server/db/re/item_db_usable.yml,物品名称
ITEM,Lucky Egg C8,幸运蛋 VIII,server/db/re/item_db_usable.yml,物品名称
ITEM,Lucky Egg C9,幸运蛋 IX,server/db/re/item_db_usable.yml,物品名称
ITEM,Lucky Lollipop,[非卖品] 幸运棒棒糖,server/db/re/item_db_etc.yml,物品名称
ITEM,Lucky Meteorite Powder,幸运陨石粉末,server/db/re/item_db_etc.yml,物品名称
ITEM,Lucky Scroll08,鼠年幸运卷轴,server/db/re/item_db_usable.yml,物品名称
ITEM,Lucky Silvervine Cat Fruit Box (10),幸运喵果 10 个箱,server/db/re/item_db_usable.yml,物品名称
ITEM,Lucky Silvervine Cat Fruit Box (100),幸运喵果 100 个箱,server/db/re/item_db_usable.yml,物品名称
ITEM,Lucky Silvervine Fruit Box (10),幸运猫薄荷果实 10 个箱,server/db/re/item_db_usable.yml,物品名称
ITEM,Lucky Silvervine Fruit Box (110),幸运猫薄荷果实 110 个箱,server/db/re/item_db_usable.yml,物品名称
ITEM,Luk + 1,幸运+ 1,server/db/re/item_db_etc.yml,物品名称
ITEM,Luk + 2,幸运+ 2,server/db/re/item_db_etc.yml,物品名称
ITEM,Luk + 3,幸运+ 3,server/db/re/item_db_etc.yml,物品名称
ITEM,LUK Blessing,幸运祝福,server/db/re/item_db_etc.yml,物品名称
ITEM,Luk Glove,LUK 手套,server/db/re/item_db_equip.yml,物品名称
ITEM,LUK Reduction Potion,LUK 减少药水,server/db/re/item_db_usable.yml,物品名称
ITEM,LUK+1,幸运+1,server/db/re/item_db_etc.yml,物品名称
ITEM,LUK+10,幸运+10,server/db/re/item_db_etc.yml,物品名称
ITEM,LUK+2,幸运+2,server/db/re/item_db_etc.yml,物品名称
ITEM,LUK+3,幸运+3,server/db/re/item_db_etc.yml,物品名称
ITEM,LUK+3 INT-3,幸运+3智力-3,server/db/re/item_db_etc.yml,物品名称
ITEM,LUK+3 STR-3,幸运+3力量-3,server/db/re/item_db_etc.yml,物品名称
ITEM,LUK+4,幸运+4,server/db/re/item_db_etc.yml,物品名称
ITEM,LUK+5,幸运+5,server/db/re/item_db_etc.yml,物品名称
ITEM,LUK+6,幸运+6,server/db/re/item_db_etc.yml,物品名称
ITEM,LUK+7,幸运+7,server/db/re/item_db_etc.yml,物品名称
ITEM,LUK+8,幸运+8,server/db/re/item_db_etc.yml,物品名称
ITEM,LUK+9,幸运+9,server/db/re/item_db_etc.yml,物品名称
ITEM,Luke and Alberta Card,Luke与Alberta卡片,server/db/re/item_db_etc.yml,物品名称
ITEM,Luna Bow,月神之弓,server/db/re/item_db_equip.yml,物品名称
ITEM,Luna's Blessing,Luna的祝福,server/db/re/item_db_equip.yml,物品名称
ITEM,Lunaforma Calamari,Lunaforma鱿鱼,server/db/re/item_db_etc.yml,物品名称
ITEM,Lunaforma Fish,Lunaforma鱼,server/db/re/item_db_etc.yml,物品名称
ITEM,Lunaforma Oyster,Lunaforma牡蛎,server/db/re/item_db_etc.yml,物品名称
ITEM,Lunaforma Seaweed,Lunaforma海藻,server/db/re/item_db_etc.yml,物品名称
ITEM,Lunaforma Shrimp,Lunaforma虾,server/db/re/item_db_etc.yml,物品名称
ITEM,Lunar Eclipse Guardian Heart-LT,Lunar Eclipse守护者心-LT,server/db/re/item_db_equip.yml,物品名称
ITEM,Lunatic Egg,疯兔的蛋,server/db/re/item_db_equip.yml,物品名称
ITEM,Lunatic Exchange Ticket Box,疯兔交换券箱,server/db/re/item_db_usable.yml,物品名称
ITEM,Lunatic Hat,疯兔帽,server/db/re/item_db_equip.yml,物品名称
ITEM,Lunch Box,外出猪便当,server/db/re/item_db_usable.yml,物品名称
ITEM,Luoyang Completed Photo Album,洛阳完成相册,server/db/re/item_db_etc.yml,物品名称
ITEM,Lush Rose,鲜活玫瑰,server/db/re/item_db_equip.yml,物品名称
ITEM,Lust Crusher,欲望粉碎者,server/db/re/item_db_equip.yml,武器名称
ITEM,Luxurious Wedding Veil,豪华婚纱头纱,server/db/re/item_db_equip.yml,物品名称
ITEM,Luxury blue box,Luxury蓝色箱,server/db/re/item_db_usable.yml,物品名称
ITEM,Luxury Hat,豪华帽,server/db/re/item_db_equip.yml,物品名称
ITEM,Lv1 Time-Space Jewel (Concentration),Lv1时间-Space宝石(专注),server/db/re/item_db_etc.yml,物品名称
ITEM,Lv110 Achieved Coin,突破 110 级硬币,server/db/re/item_db_etc.yml,物品名称
ITEM,Lv120 Achieved Coin,突破 120 级硬币,server/db/re/item_db_etc.yml,物品名称
ITEM,Lv2 Time-Space Jewel (Concentration),Lv2时间-Space宝石(专注),server/db/re/item_db_etc.yml,物品名称
ITEM,Lv3 Time-Space Jewel (Concentration),Lv3时间-Space宝石(专注),server/db/re/item_db_etc.yml,物品名称
ITEM,M. Abyss Chaser Shadow Armor,M.深渊追踪者影子铠甲,server/db/re/item_db_equip.yml,物品名称
ITEM,M. Abyss Chaser Shadow Earring,M.深渊追踪者影子耳环,server/db/re/item_db_equip.yml,物品名称
ITEM,M. Abyss Chaser Shadow Pendant,M.深渊追踪者影子吊坠,server/db/re/item_db_equip.yml,物品名称
ITEM,M. Abyss Chaser Shadow Shoes,M.深渊追踪者影子鞋,server/db/re/item_db_equip.yml,物品名称
ITEM,M. Arch Mage Shadow Armor,M.大法师影子铠甲,server/db/re/item_db_equip.yml,物品名称
ITEM,M. Arch Mage Shadow Earring,M.大法师影子耳环,server/db/re/item_db_equip.yml,物品名称
ITEM,M. Arch Mage Shadow Pendant,M.大法师影子吊坠,server/db/re/item_db_equip.yml,物品名称
ITEM,M. Arch Mage Shadow Shoes,M.大法师影子鞋,server/db/re/item_db_equip.yml,物品名称
ITEM,M. Biolo Shadow Earring,M. Biolo影子耳环,server/db/re/item_db_equip.yml,物品名称
ITEM,M. Biolo Shadow Pendant,M. Biolo影子吊坠,server/db/re/item_db_equip.yml,物品名称
ITEM,M. Biolo Shadow Shoes,M. Biolo影子鞋,server/db/re/item_db_equip.yml,物品名称
ITEM,M. Cardinal Shadow Armor,M. Cardinal影子铠甲,server/db/re/item_db_equip.yml,物品名称
ITEM,M. Cardinal Shadow Earring,M. Cardinal影子耳环,server/db/re/item_db_equip.yml,物品名称
ITEM,M. Cardinal Shadow Pendant,M. Cardinal影子吊坠,server/db/re/item_db_equip.yml,物品名称
ITEM,M. Cardinal Shadow Shoes,M. Cardinal影子鞋,server/db/re/item_db_equip.yml,物品名称
ITEM,M. Elemental Master Shadow Armor,M.元素大师影子铠甲,server/db/re/item_db_equip.yml,物品名称
ITEM,M. Elemental Master Shadow Earring,M.元素大师影子耳环,server/db/re/item_db_equip.yml,物品名称
ITEM,M. Elemental Master Shadow Pendant,M.元素大师影子吊坠,server/db/re/item_db_equip.yml,物品名称
ITEM,M. Elemental Master Shadow Shoes,M.元素大师影子鞋,server/db/re/item_db_equip.yml,物品名称
ITEM,M. Inquisitor Shadow Armor,M.审判者影子铠甲,server/db/re/item_db_equip.yml,物品名称
ITEM,M. Night Watch Shadow Armor,M.夜晚手表影子铠甲,server/db/re/item_db_equip.yml,物品名称
ITEM,M. Night Watch Shadow Earring,M.夜晚手表影子耳环,server/db/re/item_db_equip.yml,物品名称
ITEM,M. Night Watch Shadow Pendant,M.夜晚手表影子吊坠,server/db/re/item_db_equip.yml,物品名称
ITEM,M. Night Watch Shadow Shoes,M.夜晚手表影子鞋,server/db/re/item_db_equip.yml,物品名称
ITEM,M. Shadow Cross Shadow Armor,M.影子十字影子铠甲,server/db/re/item_db_equip.yml,物品名称
ITEM,M. Shadow Cross Shadow Earring,M.影子十字影子耳环,server/db/re/item_db_equip.yml,物品名称
ITEM,M. Shadow Cross Shadow Pendant,M.影子十字影子吊坠,server/db/re/item_db_equip.yml,物品名称
ITEM,M. Shadow Cross Shadow Shoes,M.影子十字影子鞋,server/db/re/item_db_equip.yml,物品名称
ITEM,M. Shinkiro & Shiranui Shadow Armor,M. Shinkiro & Shiranui影子铠甲,server/db/re/item_db_equip.yml,物品名称
ITEM,M. Spirit Handler Shadow Armor,M.精灵使者影子铠甲,server/db/re/item_db_equip.yml,物品名称
ITEM,M. Spirit Handler Shadow Earring,M.精灵使者影子耳环,server/db/re/item_db_equip.yml,物品名称
ITEM,M. Spirit Handler Shadow Pendant,M.精灵使者影子吊坠,server/db/re/item_db_equip.yml,物品名称
ITEM,M. Spirit Handler Shadow Shoes,M.精灵使者影子鞋,server/db/re/item_db_equip.yml,物品名称
ITEM,M. Troubadour & Trouvere Shadow Armor,M. Troubadour & Trouvere影子铠甲,server/db/re/item_db_equip.yml,物品名称
ITEM,M. Troubadour & Trouvere Shadow Earring,M. Troubadour & Trouvere影子耳环,server/db/re/item_db_equip.yml,物品名称
ITEM,M. Troubadour & Trouvere Shadow Pendant,M. Troubadour & Trouvere影子吊坠,server/db/re/item_db_equip.yml,物品名称
ITEM,M. Troubadour & Trouvere Shadow Shoes,M. Troubadour & Trouvere影子鞋,server/db/re/item_db_equip.yml,物品名称
ITEM,M. Windhawk Shadow Armor,M. Windhawk影子铠甲,server/db/re/item_db_equip.yml,物品名称
ITEM,M. Windhawk Shadow Earring,M. Windhawk影子耳环,server/db/re/item_db_equip.yml,物品名称
ITEM,M. Windhawk Shadow Pendant,M. Windhawk影子吊坠,server/db/re/item_db_equip.yml,物品名称
ITEM,M. Windhawk Shadow Shoes,M. Windhawk影子鞋,server/db/re/item_db_equip.yml,物品名称
ITEM,Mace,钉锤,server/db/re/item_db_equip.yml,物品名称
ITEM,Mace Of Judgement,审判之锤,server/db/re/item_db_equip.yml,物品名称
ITEM,Mad Bunny Box,疯兔箱,server/db/re/item_db_usable.yml,物品名称
ITEM,Mad Bunny Scroll II,疯狂兔子卷轴 II,server/db/re/item_db_usable.yml,物品名称
ITEM,Madness Powder,Madness粉末,server/db/re/item_db_usable.yml,物品名称
ITEM,Maero of Thanatos Card,塔纳托斯的悲伤卡片,server/db/re/item_db_etc.yml,物品名称
ITEM,Mage Book Basic,魔法师基础书,server/db/re/item_db_etc.yml,物品名称
ITEM,Mage Book Misc,魔法师杂记,server/db/re/item_db_etc.yml,物品名称
ITEM,Mage Book Practice,魔法师练习书,server/db/re/item_db_etc.yml,物品名称
ITEM,Mage Soul,魔法师之魂,server/db/re/item_db_etc.yml,物品名称
ITEM,Magestic Goat Box,Magestic山羊箱,server/db/re/item_db_usable.yml,物品名称
ITEM,Magic Candy Box (10),魔法糖 10 个箱,server/db/re/item_db_usable.yml,物品名称
ITEM,Magic Candy Box(10),魔法糖果盒（10）,server/db/re/item_db_usable.yml,物品名称
ITEM,Magic Candy Box10,魔法糖 10 个箱,server/db/re/item_db_usable.yml,物品名称
ITEM,Magic Carpet,魔法Carpet,server/db/re/item_db_equip.yml,物品名称
ITEM,Magic Crown of Ashes,灰烬之魔法王冠,server/db/re/item_db_equip.yml,物品名称
ITEM,Magic Executioner Holy Water Shadow Armor,魔法执行者圣水铠甲影子,server/db/re/item_db_equip.yml,物品名称
ITEM,Magic Exorcist Corrupted Shadow Armor,魔法驱魔腐化铠甲影子,server/db/re/item_db_equip.yml,物品名称
ITEM,Magic Feather Effect (Upper),魔法羽毛效果(上段),server/db/re/item_db_etc.yml,物品名称
ITEM,Magic Intensifier Ring,魔力增幅戒指,server/db/re/item_db_equip.yml,物品名称
ITEM,Magic Magic Powder,魔法魔法粉,server/db/re/item_db_usable.yml,物品名称
ITEM,Magic of Madness,Madness之魔法,server/db/re/item_db_etc.yml,物品名称
ITEM,Magic Paint,魔法颜料,server/db/re/item_db_etc.yml,物品名称
ITEM,Magic Rabbit Hat,魔法兔帽,server/db/re/item_db_equip.yml,物品名称
ITEM,Magic Star,魔法星,server/db/re/item_db_equip.yml,物品名称
ITEM,Magic Star Array,魔法星Array,server/db/re/item_db_equip.yml,物品名称
ITEM,Magic Stole,魔法披肩,server/db/re/item_db_equip.yml,物品名称
ITEM,Magic Stone (Lower),魔法石（下）,server/db/re/item_db_etc.yml,物品名称
ITEM,Magic Stone Hat,魔力之石帽,server/db/re/item_db_equip.yml,物品名称
ITEM,Magic Vibration Dragon Killer Shadow Armor,魔法振动屠龙者铠甲影子,server/db/re/item_db_equip.yml,物品名称
ITEM,Magical Booster,魔法增幅器,server/db/re/item_db_equip.yml,物品名称
ITEM,Magical Cloth,魔法Cloth,server/db/re/item_db_equip.yml,物品名称
ITEM,Magical Earring (Shadow),魔法耳环（影子）,server/db/re/item_db_equip.yml,影子装备名称
ITEM,Magical Master Shadow Armor,魔法大师影子铠甲,server/db/re/item_db_equip.yml,物品名称
ITEM,Magical Master Shadow Earring,魔法大师影子耳环,server/db/re/item_db_equip.yml,物品名称
ITEM,Magical Master Shadow Pendant,魔法大师影子吊坠,server/db/re/item_db_equip.yml,物品名称
ITEM,Magical Master Shadow Shoes,魔法大师影子鞋,server/db/re/item_db_equip.yml,物品名称
ITEM,Magical Modification Permit,魔法改造许可证,server/db/re/item_db_usable.yml,物品名称
ITEM,Magical Moon Cat,魔法月猫,server/db/re/item_db_equip.yml,物品名称
ITEM,Magical Pencil (Shadow),魔法铅笔（影子）,server/db/re/item_db_equip.yml,影子装备名称
ITEM,Magical Powder,魔法粉末,server/db/re/item_db_usable.yml,物品名称
ITEM,Magical Snow Flower,魔力雪花,server/db/re/item_db_etc.yml,物品名称
ITEM,Magical Weapon (Shadow),魔法武器（影子）,server/db/re/item_db_equip.yml,影子装备名称
ITEM,Magician Shadow Earring,魔法师耳环影子,server/db/re/item_db_equip.yml,物品名称
ITEM,Magician Shadow Pendant,魔法师坠饰影子,server/db/re/item_db_equip.yml,物品名称
ITEM,Magni's Cap,马格尼的帽子,server/db/re/item_db_equip.yml,装备名称
ITEM,Magnus Shadow Earring,迈格努斯耳环影子,server/db/re/item_db_equip.yml,物品名称
ITEM,Magnus Shadow Pendant,迈格努斯坠饰影子,server/db/re/item_db_equip.yml,物品名称
ITEM,Magnus Shadow Weapon,迈格努斯武器影子,server/db/re/item_db_equip.yml,物品名称
ITEM,Malicious Shas Shadow Armor,吸血铠甲影子,server/db/re/item_db_equip.yml,物品名称
ITEM,Malicious Shas Shadow Shoes,吸血战靴影子,server/db/re/item_db_equip.yml,物品名称
ITEM,Mamaragan,马马拉甘,server/db/re/item_db_equip.yml,物品名称
ITEM,Mammoth Shadow Box,猛犸影子箱,server/db/re/item_db_usable.yml,物品名称
ITEM,Mammoth Shadow Earring,猛犸耳环影子装备,server/db/re/item_db_equip.yml,物品名称
ITEM,Mammoth Shadow Shield,猛犸盾牌影子装备,server/db/re/item_db_equip.yml,物品名称
ITEM,Mammoth Shadow Weapon,猛犸武器影子装备,server/db/re/item_db_equip.yml,物品名称
ITEM,Manacles,手铐,server/db/re/item_db_etc.yml,物品名称
ITEM,Management 2-Set Reward,Management 2-套装奖励,server/db/re/item_db_usable.yml,物品名称
ITEM,Management Activation Reward,Management激活奖励,server/db/re/item_db_usable.yml,物品名称
ITEM,Management Completion Reward,Management完成奖励,server/db/re/item_db_usable.yml,物品名称
ITEM,Mandragora Cap,曼陀罗帽,server/db/re/item_db_equip.yml,物品名称
ITEM,Maneater Flower Hat,Maneater花帽,server/db/re/item_db_equip.yml,物品名称
ITEM,Manteau,斗篷,server/db/re/item_db_equip.yml,物品名称
ITEM,Manteau of Great Nature,伟大Nature之斗篷,server/db/re/item_db_equip.yml,物品名称
ITEM,Manual: How To Make High Quality Potion,高级药水制作手册,server/db/re/item_db_etc.yml,物品名称
ITEM,Manuk Coin,马努克硬币,server/db/re/item_db_etc.yml,物品名称
ITEM,Many Stars,繁星星辰,server/db/re/item_db_equip.yml,物品名称
ITEM,Manyeop Tea Imperial,Manyeop Tea帝国,server/db/re/item_db_etc.yml,物品名称
ITEM,Mao Guai Scroll,Mao Guai卷轴,server/db/re/item_db_usable.yml,物品名称
ITEM,March Event Reward Box,3 月活动奖励箱,server/db/re/item_db_usable.yml,物品名称
ITEM,Marin Crown,Marin王冠,server/db/re/item_db_equip.yml,物品名称
ITEM,Marionette Egg,傀儡之蛋,server/db/re/item_db_equip.yml,物品名称
ITEM,Mask Of Ifrit,伊夫利特面具,server/db/re/item_db_equip.yml,物品名称
ITEM,Masked Ball Box,舞会面具箱,server/db/re/item_db_usable.yml,物品名称
ITEM,Mastela Fruit,马丝黛拉果实,server/db/re/item_db_usable.yml,物品名称
ITEM,Master Archer Infinite Lv3,大师弓箭手无限Lv3,server/db/re/item_db_etc.yml,物品名称
ITEM,Master Archer Infinite Lv4,大师弓箭手无限Lv4,server/db/re/item_db_etc.yml,物品名称
ITEM,Master Archer Infinite Lv5,大师弓箭手无限Lv5,server/db/re/item_db_etc.yml,物品名称
ITEM,Matchstick,火柴,server/db/re/item_db_etc.yml,物品名称
ITEM,Material Shadow Cube II,材料影子魔方 II,server/db/re/item_db_usable.yml,物品名称
ITEM,MATK + 1%,魔法攻击+ 1%,server/db/re/item_db_etc.yml,物品名称
ITEM,MATK + 2%,魔法攻击+ 2%,server/db/re/item_db_etc.yml,物品名称
ITEM,MATK + 3%,魔法攻击+ 3%,server/db/re/item_db_etc.yml,物品名称
ITEM,MATK + 4%,魔法攻击+ 4%,server/db/re/item_db_etc.yml,物品名称
ITEM,MATK + 5%,魔法攻击+ 5%,server/db/re/item_db_etc.yml,物品名称
ITEM,MATK + 6,魔法攻击+ 6,server/db/re/item_db_etc.yml,物品名称
ITEM,MATK + 7%,魔法攻击+ 7%,server/db/re/item_db_etc.yml,物品名称
ITEM,MATK I,魔法攻击I,server/db/re/item_db_etc.yml,物品名称
ITEM,MATK II,魔法攻击II,server/db/re/item_db_etc.yml,物品名称
ITEM,MATK III,魔法攻击III,server/db/re/item_db_etc.yml,物品名称
ITEM,MATK IV,魔法攻击IV,server/db/re/item_db_etc.yml,物品名称
ITEM,MATK V,魔法攻击V,server/db/re/item_db_etc.yml,物品名称
ITEM,MATK+1%,MATK + 1%（上段）,server/db/re/item_db_etc.yml,物品名称
ITEM,MATK+2%,魔法攻击+2%,server/db/re/item_db_etc.yml,物品名称
ITEM,Maximum Mammoth Shadow Armor,最大猛犸铠甲影子装备,server/db/re/item_db_equip.yml,物品名称
ITEM,Maximum Mammoth Shadow Armor Box,最大Mammoth影子铠甲箱,server/db/re/item_db_usable.yml,物品名称
ITEM,Maximum Mammoth Shadow Earring,最大猛犸耳环影子装备,server/db/re/item_db_equip.yml,物品名称
ITEM,Maximum Mammoth Shadow Earring Box,最大Mammoth影子耳环箱,server/db/re/item_db_usable.yml,物品名称
ITEM,Maximum Mammoth Shadow Pendant,最大猛犸垂饰影子装备,server/db/re/item_db_equip.yml,物品名称
ITEM,Maximum Mammoth Shadow Pendant Box,最大Mammoth影子吊坠箱,server/db/re/item_db_usable.yml,物品名称
ITEM,Maximum Mammoth Shadow Selection Box,最大Mammoth影子自选箱,server/db/re/item_db_usable.yml,物品名称
ITEM,Maximum Mammoth Shadow Shoes,最大猛犸鞋子影子装备,server/db/re/item_db_equip.yml,物品名称
ITEM,Maximum Mammoth Shadow Shoes Box,最大Mammoth影子鞋箱,server/db/re/item_db_usable.yml,物品名称
ITEM,MDEF+1,魔法防御+1,server/db/re/item_db_etc.yml,物品名称
ITEM,MDEF+10,魔法防御+10,server/db/re/item_db_etc.yml,物品名称
ITEM,MDEF+2,魔法防御+2,server/db/re/item_db_etc.yml,物品名称
ITEM,MDEF+3,魔法防御+3,server/db/re/item_db_etc.yml,物品名称
ITEM,MDEF+4,魔法防御+4,server/db/re/item_db_etc.yml,物品名称
ITEM,MDEF+5,魔法防御+5,server/db/re/item_db_etc.yml,物品名称
ITEM,MDEF+6,魔法防御+6,server/db/re/item_db_etc.yml,物品名称
ITEM,MDEF+8,魔法防御+8,server/db/re/item_db_etc.yml,物品名称
ITEM,Meat,肉,server/db/re/item_db_usable.yml,物品名称
ITEM,Meat Skewer Box,肉串箱,server/db/re/item_db_usable.yml,物品名称
ITEM,Meat Veg Skewer,肉蔬串,server/db/re/item_db_etc.yml,物品名称
ITEM,Mecha Feather Blue Hairband,Mecha羽毛蓝色发带,server/db/re/item_db_equip.yml,物品名称
ITEM,Mechanic Advanced Paradise Shadow Weapon,机械工匠高级乐园团武器影子装备,server/db/re/item_db_equip.yml,物品名称
ITEM,Mechanic Battle Armor,机匠战斗铠甲,server/db/re/item_db_equip.yml,物品名称
ITEM,Mechanic Howard (MVP) Card,机匠Howard (MVP)卡片,server/db/re/item_db_etc.yml,物品名称
ITEM,Mechanic Howard Card,机匠霍华德卡片,server/db/re/item_db_etc.yml,物品名称
ITEM,Mechanic Shadow Cube,机匠影子立方体,server/db/re/item_db_usable.yml,物品名称
ITEM,Mechanic Shadow Weapon,机械工匠影子武器,server/db/re/item_db_equip.yml,影子装备名称
ITEM,Mechanic Stone (Garment),机匠石（披肩）,server/db/re/item_db_etc.yml,物品名称
ITEM,Mechanic Stone II (Garment),机匠石II（披肩）,server/db/re/item_db_etc.yml,物品名称
ITEM,Mechanic's Booster Shadow Weapon,机匠增幅武器影子,server/db/re/item_db_equip.yml,物品名称
ITEM,Medic's Robe,医护兵长袍,server/db/re/item_db_equip.yml,物品名称
ITEM,Medium Life Potion Box(10),中型生命水 10 个箱,server/db/re/item_db_usable.yml,物品名称
ITEM,Medium Life Potion Box(50),中型生命水 50 个箱,server/db/re/item_db_usable.yml,物品名称
ITEM,Medium Shadow Weapon,中型武器影子,server/db/re/item_db_equip.yml,物品名称
ITEM,Medium Stone (Upper),中型石（上段）,server/db/re/item_db_etc.yml,物品名称
ITEM,Medusa Card,美杜莎卡片,server/db/re/item_db_etc.yml,物品名称
ITEM,Medusa Egg,美杜莎之蛋,server/db/re/item_db_equip.yml,物品名称
ITEM,Mega Blitz Shadow Selection Box,Mega Blitz影子自选箱,server/db/re/item_db_usable.yml,物品名称
ITEM,Mega Blitz Shield Shadow Box,Mega Blitz盾牌影子箱,server/db/re/item_db_usable.yml,物品名称
ITEM,Mega Blitz Weapon Shadow Box,Mega Blitz武器影子箱,server/db/re/item_db_usable.yml,物品名称
ITEM,Megaphone,扩音器,server/db/re/item_db_etc.yml,物品名称
ITEM,Meister Soul (Axe Stomp),Meister灵魂(斧Stomp),server/db/re/item_db_etc.yml,物品名称
ITEM,Meister Soul (Mighty Smash),Meister灵魂(Mighty Smash),server/db/re/item_db_etc.yml,物品名称
ITEM,Meister Soul (Spark Blaster),Meister灵魂(火花Blaster),server/db/re/item_db_etc.yml,物品名称
ITEM,Meister Soul (Triple Laser),Meister灵魂(Triple Laser),server/db/re/item_db_etc.yml,物品名称
ITEM,Melee Physical Attack Stone (Garment),近战物理攻击石（披肩）,server/db/re/item_db_etc.yml,物品名称
ITEM,Melee Stone (Lower),近战石（下段）,server/db/re/item_db_etc.yml,物品名称
ITEM,Melee Stone (Mid),近战石（中段）,server/db/re/item_db_etc.yml,物品名称
ITEM,Melee Stone (Upper),近战石（上段）,server/db/re/item_db_etc.yml,物品名称
ITEM,Melon Bomb Guidebook,甜瓜炸弹制作书,server/db/re/item_db_etc.yml,物品名称
ITEM,Melon Festival Reward Box,蜜瓜节奖励箱,server/db/re/item_db_usable.yml,物品名称
ITEM,Melon Shotgun,甜瓜Shotgun,server/db/re/item_db_equip.yml,物品名称
ITEM,Memorial Garuda Lucky Egg,Memorial Garuda幸运蛋,server/db/re/item_db_usable.yml,物品名称
ITEM,Memories of Gyoll,戈尔的记忆,server/db/re/item_db_etc.yml,物品名称
ITEM,Memory Book,记忆之书,server/db/re/item_db_equip.yml,物品名称
ITEM,Memory of Lovers,Lovers之记忆,server/db/re/item_db_equip.yml,物品名称
ITEM,Memory of Thanatos Card,塔纳托斯的记忆卡片,server/db/re/item_db_etc.yml,物品名称
ITEM,Menblatt Wing Manteau,Menblatt翅膀斗篷,server/db/re/item_db_equip.yml,物品名称
ITEM,Menswear,绅士服,server/db/re/item_db_equip.yml,物品名称
ITEM,Mental of Varmundt Lv1,Varmundt Lv1之精神,server/db/re/item_db_etc.yml,物品名称
ITEM,Mental of Varmundt Lv2,Varmundt Lv2之精神,server/db/re/item_db_etc.yml,物品名称
ITEM,Mental of Varmundt Lv3,Varmundt Lv3之精神,server/db/re/item_db_etc.yml,物品名称
ITEM,Mental of Varmundt Lv4,Varmundt Lv4之精神,server/db/re/item_db_etc.yml,物品名称
ITEM,Mental of Varmundt Lv5,Varmundt Lv5之精神,server/db/re/item_db_etc.yml,物品名称
ITEM,Meow Meow Foxtail-LT,Meow Meow狐尾-LT,server/db/re/item_db_equip.yml,物品名称
ITEM,Meow Meow Meatball Growth Hat,Meow Meow Meatball成长帽,server/db/re/item_db_equip.yml,物品名称
ITEM,Meow Meow Meatball Potential Hat,Meow Meow Meatball Potential帽,server/db/re/item_db_equip.yml,物品名称
ITEM,Mer Book Basic,商人基础书,server/db/re/item_db_etc.yml,物品名称
ITEM,Mer Book Misc,商人杂记,server/db/re/item_db_etc.yml,物品名称
ITEM,Mer Book Practice,商人练习书,server/db/re/item_db_etc.yml,物品名称
ITEM,Merchant Shadow Earring,商人耳环影子,server/db/re/item_db_equip.yml,物品名称
ITEM,Merchant Shadow Pendant,商人坠饰影子,server/db/re/item_db_equip.yml,物品名称
ITEM,Merchant Soul,商人之魂,server/db/re/item_db_etc.yml,物品名称
ITEM,Mercury Helm Box,Mercury头盔箱,server/db/re/item_db_usable.yml,物品名称
ITEM,Mermaid Headphone,Mermaid耳机,server/db/re/item_db_equip.yml,物品名称
ITEM,Metal Bow,弓,server/db/re/item_db_equip.yml,物品名称
ITEM,Metal Cube,金属魔方,server/db/re/item_db_etc.yml,物品名称
ITEM,Metal Detector Box,金属Detector箱,server/db/re/item_db_usable.yml,物品名称
ITEM,Metal Mace,金属锤,server/db/re/item_db_equip.yml,物品名称
ITEM,Metal Two Hand Sword,金属双手剑,server/db/re/item_db_equip.yml,物品名称
ITEM,Metal Weapon Box,金属武器箱,server/db/re/item_db_usable.yml,物品名称
ITEM,Metaller Egg,金属蝗虫蛋,server/db/re/item_db_equip.yml,宠物蛋名称
ITEM,Meteor Storm Scroll,暴风雪卷轴,server/db/re/item_db_usable.yml,物品名称
ITEM,Meteorite Fragment,陨石碎片,server/db/re/item_db_etc.yml,物品名称
ITEM,Meteorite Powder,陨石粉末,server/db/re/item_db_etc.yml,物品名称
ITEM,Meteorite Powder of Spell,智慧陨石粉末,server/db/re/item_db_etc.yml,物品名称
ITEM,Meteorite Powder of Wisdom,精神陨石粉末,server/db/re/item_db_etc.yml,物品名称
ITEM,Mettle Infinite Lv1,Mettle无限Lv1,server/db/re/item_db_etc.yml,物品名称
ITEM,Mettle Infinite Lv2,Mettle无限Lv2,server/db/re/item_db_etc.yml,物品名称
ITEM,Mettle Infinite Lv3,Mettle无限Lv3,server/db/re/item_db_etc.yml,物品名称
ITEM,Mettle Infinite Lv4,Mettle无限Lv4,server/db/re/item_db_etc.yml,物品名称
ITEM,Mettle Infinite Lv5,Mettle无限Lv5,server/db/re/item_db_etc.yml,物品名称
ITEM,MH-P89-OS,弓,server/db/re/item_db_equip.yml,物品名称
ITEM,MH-P89-OSAD,MH-P89-OSAD 实验武器,server/db/re/item_db_equip.yml,物品名称
ITEM,MHP+3%,最大生命值+3%,server/db/re/item_db_etc.yml,物品名称
ITEM,MHP+4%,最大生命值+4%,server/db/re/item_db_etc.yml,物品名称
ITEM,MHP+5%,最大生命值+5%,server/db/re/item_db_etc.yml,物品名称
ITEM,MHP1,最大生命值 1,server/db/re/item_db_etc.yml,物品名称
ITEM,MHP2,最大生命值 2,server/db/re/item_db_etc.yml,物品名称
ITEM,Mid Choco,中段巧克力,server/db/re/item_db_usable.yml,物品名称
ITEM,Midas Whispers,迈达斯的低语,server/db/re/item_db_equip.yml,物品名称
ITEM,Midgard Egg,Midgard蛋,server/db/re/item_db_usable.yml,物品名称
ITEM,Mighty Black Threaded Armor,Mighty黑色Threaded铠甲,server/db/re/item_db_equip.yml,物品名称
ITEM,Mighty Crown of Ashes,灰烬之Mighty王冠,server/db/re/item_db_equip.yml,物品名称
ITEM,Mileage Voucher Envelope,里程兑换券信封,server/db/re/item_db_usable.yml,物品名称
ITEM,Military Boots TH,Military靴TH,server/db/re/item_db_equip.yml,物品名称
ITEM,Milk,牛奶,server/db/re/item_db_usable.yml,物品名称
ITEM,Mimic Summoning 10 Box,宝箱怪召唤10箱,server/db/re/item_db_usable.yml,物品名称
ITEM,Mimic Summoning 5 Box,宝箱怪召唤5箱,server/db/re/item_db_usable.yml,物品名称
ITEM,Mimong Sungjin,迷梦成真,server/db/re/item_db_etc.yml,物品名称
ITEM,Mine Worker's Pickaxe,Mine工人的鹤嘴锄,server/db/re/item_db_equip.yml,物品名称
ITEM,Mineral Evals,矿物评估,server/db/re/item_db_etc.yml,物品名称
ITEM,Mini Cannon Kit,迷你火炮套件,server/db/re/item_db_etc.yml,物品名称
ITEM,Mini Crown,时装·红色迷你皇冠,server/db/re/item_db_equip.yml,物品名称
ITEM,Mini Glasses,小眼镜,server/db/re/item_db_equip.yml,物品名称
ITEM,Mini Heart Magic Powder,迷你心形魔法粉,server/db/re/item_db_usable.yml,物品名称
ITEM,Mini Heart Magic Powder Box,迷你爱心魔法粉末盒,server/db/re/item_db_usable.yml,物品名称
ITEM,Mini Heart Magic Powder Box (30 days),迷你爱心魔法粉末箱（30天）,server/db/re/item_db_usable.yml,物品名称
ITEM,Minneas,米涅阿斯,server/db/re/item_db_etc.yml,物品名称
ITEM,Minor Fixed Cast Reduction,小幅吟唱减少,server/db/re/item_db_etc.yml,物品名称
ITEM,Minor Growth Elixir,下级成长药剂,server/db/re/item_db_usable.yml,物品名称
ITEM,Minor Growth Elixir Box,下级成长箱,server/db/re/item_db_usable.yml,物品名称
ITEM,Minor Job Elixir,下级职业药剂,server/db/re/item_db_usable.yml,物品名称
ITEM,Minor Job Elixir Box,下级职业箱,server/db/re/item_db_usable.yml,物品名称
ITEM,Minorous Card,米诺斯卡片,server/db/re/item_db_etc.yml,物品名称
ITEM,Minstel Alphoccio (MVP) Card,Minstel Alphoccio (MVP)卡片,server/db/re/item_db_etc.yml,物品名称
ITEM,Minstel Alphoccio Card,宫廷乐师阿尔波奇奥卡片,server/db/re/item_db_etc.yml,物品名称
ITEM,Minstrel Bow,吟游诗人之弓,server/db/re/item_db_equip.yml,物品名称
ITEM,Minstrel Shadow Cube,宫廷乐师影子立方体,server/db/re/item_db_usable.yml,物品名称
ITEM,Minstrel Song Hat,吟游诗人的歌之帽,server/db/re/item_db_equip.yml,物品名称
ITEM,Mirage Book,Mirage书,server/db/re/item_db_equip.yml,物品名称
ITEM,Mirage Lance,Mirage长枪,server/db/re/item_db_equip.yml,物品名称
ITEM,Mirage Robe,Mirage长袍,server/db/re/item_db_equip.yml,物品名称
ITEM,Mirage Shoes,Mirage鞋,server/db/re/item_db_equip.yml,物品名称
ITEM,Mirage Twohand Axe,Mirage Twohand斧,server/db/re/item_db_equip.yml,物品名称
ITEM,Mirror Shield,镜盾,server/db/re/item_db_equip.yml,物品名称
ITEM,Mistress Card,蜂后卡片,server/db/re/item_db_etc.yml,物品名称
ITEM,Mistress of Shelter Card,赐予安息者卡片,server/db/re/item_db_etc.yml,物品名称
ITEM,Mistress Scroll Box,蜂后卷轴箱,server/db/re/item_db_usable.yml,物品名称
ITEM,Mithril Magic Manteau,秘银魔法斗篷,server/db/re/item_db_equip.yml,物品名称
ITEM,Mitra,米特拉语Name,server/db/re/item_db_equip.yml,物品名称
ITEM,Miyabi Ningyo Egg,雅比人偶之蛋,server/db/re/item_db_equip.yml,物品名称
ITEM,Mocadas Equipment Enchantment,Mocadas装备附魔,server/db/re/item_db_usable.yml,物品名称
ITEM,Modification Orb (ATK),改造宝珠（攻击力）,server/db/re/item_db_etc.yml,物品名称
ITEM,Modification Orb (Caster),改造宝珠（施法者）,server/db/re/item_db_etc.yml,物品名称
ITEM,Modification Orb (Critical),改造宝珠（暴击）,server/db/re/item_db_etc.yml,物品名称
ITEM,Modification Orb (DEF),改造宝珠（防御）,server/db/re/item_db_etc.yml,物品名称
ITEM,Modification Orb (Global Delay),改造宝珠（技能后延迟）,server/db/re/item_db_etc.yml,物品名称
ITEM,Modification Orb (Heal),改造宝珠（治愈）,server/db/re/item_db_etc.yml,物品名称
ITEM,Modification Orb (Health),改造宝珠（体力）,server/db/re/item_db_etc.yml,物品名称
ITEM,Modification Orb (HP Recovery),改造宝珠（HP恢复量）,server/db/re/item_db_etc.yml,物品名称
ITEM,Modification Orb (MATK),改造宝珠（魔法力）,server/db/re/item_db_etc.yml,物品名称
ITEM,Modification Orb (MDEF),改造宝珠（魔法防御）,server/db/re/item_db_etc.yml,物品名称
ITEM,Modification Orb (Sharpshooter),改造宝珠（神射手）,server/db/re/item_db_etc.yml,物品名称
ITEM,Modification Orb (SP Recovery),改造宝珠（SP恢复量）,server/db/re/item_db_etc.yml,物品名称
ITEM,Modification Orb (Speed),改造宝珠（迅速）,server/db/re/item_db_etc.yml,物品名称
ITEM,Modification Orb (Spirit),改造宝珠（精神力）,server/db/re/item_db_etc.yml,物品名称
ITEM,Modified Advanced Rgan Card,Modified高级Rgan卡片,server/db/re/item_db_etc.yml,物品名称
ITEM,Modified Dex Boots,改良灵巧长靴,server/db/re/item_db_equip.yml,物品名称
ITEM,Modified Hero's Weapon Refine Hammer Package I,改造英雄武器精炼锤包 I,server/db/re/item_db_usable.yml,物品名称
ITEM,Modified Hero's Weapon Refine Hammer Package II,改造英雄武器精炼锤包 II,server/db/re/item_db_usable.yml,物品名称
ITEM,Modified Int Boots,变异智力长靴,server/db/re/item_db_equip.yml,物品名称
ITEM,Modified Luk Boots,改良幸运长靴,server/db/re/item_db_equip.yml,物品名称
ITEM,Modified Str Boots,改良力量长靴,server/db/re/item_db_equip.yml,物品名称
ITEM,Monarch's Crown,君王王冠,server/db/re/item_db_equip.yml,装备名称
ITEM,Monarch's Swords,君主的双剑,server/db/re/item_db_equip.yml,物品名称
ITEM,Monk Card Box,武僧卡片箱,server/db/re/item_db_usable.yml,物品名称
ITEM,Monk Hat,武僧帽,server/db/re/item_db_equip.yml,物品名称
ITEM,Monk Shadow Shoes,武僧鞋子影子,server/db/re/item_db_equip.yml,物品名称
ITEM,Monster Bread,Monster面包,server/db/re/item_db_usable.yml,物品名称
ITEM,Monster Juice,怪物果汁,server/db/re/item_db_usable.yml,物品名称
ITEM,Moon Cookie,月亮饼干,server/db/re/item_db_usable.yml,物品名称
ITEM,Moonflower Hair Hat SynthesisBox,月夜花毛帽配方,server/db/re/item_db_usable.yml,物品名称
ITEM,Moonlight Dagger Box,月光短剑箱,server/db/re/item_db_usable.yml,物品名称
ITEM,Moonlight Egg,月夜花蛋,server/db/re/item_db_equip.yml,宠物蛋名称
ITEM,Moonlight Flower Card,月光花卡片,server/db/re/item_db_etc.yml,物品名称
ITEM,Moonlight Flower Hat,月夜花毛帽,server/db/re/item_db_equip.yml,物品名称
ITEM,Morning Dew,晨露,server/db/re/item_db_etc.yml,物品名称
ITEM,Morpheus's Hood,梦罗克的头巾,server/db/re/item_db_equip.yml,装备名称
ITEM,Morrigane's Helm,莫里加涅的头盔,server/db/re/item_db_equip.yml,装备名称
ITEM,Mortal Blow Shadow Earring,致命一击耳环影子,server/db/re/item_db_equip.yml,物品名称
ITEM,Mortal Blow Shadow Pendant,致命一击坠饰影子,server/db/re/item_db_equip.yml,物品名称
ITEM,Mortal Blow Shadow Weapon,致命一击武器影子,server/db/re/item_db_equip.yml,物品名称
ITEM,Mortal Cape,Mortal披风,server/db/re/item_db_equip.yml,物品名称
ITEM,Mother Heart,母亲之心,server/db/re/item_db_equip.yml,物品名称
ITEM,Mother's Nightmare,母亲的噩梦,server/db/re/item_db_etc.yml,物品名称
ITEM,Mountain Helmet,山岳头盔,server/db/re/item_db_equip.yml,物品名称
ITEM,MSP+1%,最大魔法值+1%,server/db/re/item_db_etc.yml,物品名称
ITEM,Muffler,披风,server/db/re/item_db_equip.yml,物品名称
ITEM,Mummy Egg,木乃伊蛋,server/db/re/item_db_equip.yml,宠物蛋名称
ITEM,Munak Egg,木乃伊的蛋,server/db/re/item_db_equip.yml,物品名称
ITEM,Munch Coin,Munch硬币,server/db/re/item_db_etc.yml,物品名称
ITEM,Munch Lucky Card Pack,Munch幸运卡片礼包,server/db/re/item_db_usable.yml,物品名称
ITEM,Muqaddas Daablunta,圣洁达布伦塔,server/db/re/item_db_equip.yml,物品名称
ITEM,Muqaddas Naranzak,圣洁纳兰扎克,server/db/re/item_db_equip.yml,物品名称
ITEM,Muqaddas Saka,神圣萨卡,server/db/re/item_db_equip.yml,武器名称
ITEM,Muqaddas Saz,圣洁萨兹琴,server/db/re/item_db_equip.yml,物品名称
ITEM,Muqaddas Syaraq,圣洁沙拉克,server/db/re/item_db_equip.yml,物品名称
ITEM,Muramasa,村正,server/db/re/item_db_equip.yml,物品名称
ITEM,Murderer Badge,Murderer徽章,server/db/re/item_db_etc.yml,物品名称
ITEM,Muscle Fool,肌肉笨蛋,server/db/re/item_db_etc.yml,物品名称
ITEM,Muscovite,白云母,server/db/re/item_db_etc.yml,物品名称
ITEM,Mushy Ant Egg Card,滑腻蚂蚁卵卡片,server/db/re/item_db_etc.yml,物品名称
ITEM,Mutant Coelacanth Card,变异腔棘鱼卡片,server/db/re/item_db_etc.yml,物品名称
ITEM,Mutated Khalitzburg Card,变异卡利茨堡卡片,server/db/re/item_db_etc.yml,物品名称
ITEM,Mutated White Knight Card,变异白骑士卡片,server/db/re/item_db_etc.yml,物品名称
ITEM,MVP Basketball,MVP篮球,server/db/re/item_db_equip.yml,物品名称
ITEM,Mysterious Doll,神秘玩偶,server/db/re/item_db_etc.yml,物品名称
ITEM,Mysterious Flower,神秘的花,server/db/re/item_db_etc.yml,物品名称
ITEM,Mysterious Ingredient,神秘Ingredient,server/db/re/item_db_etc.yml,物品名称
ITEM,Mysterious Medal Crane,神秘Medal Crane,server/db/re/item_db_usable.yml,物品名称
ITEM,Mysterious Red Plate,神秘红色Plate,server/db/re/item_db_equip.yml,物品名称
ITEM,Mysterious Water,奇妙的生命之水,server/db/re/item_db_usable.yml,物品名称
ITEM,Mystery Blood,神秘之血,server/db/re/item_db_usable.yml,物品名称
ITEM,Mystery of the Snake God (Matk) 10Lv,Snake神(魔法攻击) 10Lv之神秘,server/db/re/item_db_etc.yml,物品名称
ITEM,Mystery of the Snake God (Matk) 7Lv,Snake神(魔法攻击) 7Lv之神秘,server/db/re/item_db_etc.yml,物品名称
ITEM,Mystery of the Snake God (Matk) 8Lv,Snake神(魔法攻击) 8Lv之神秘,server/db/re/item_db_etc.yml,物品名称
ITEM,Mystery of the Snake God (Matk) 9Lv,Snake神(魔法攻击) 9Lv之神秘,server/db/re/item_db_etc.yml,物品名称
ITEM,Mystery Wing,神秘翅膀,server/db/re/item_db_equip.yml,物品名称
ITEM,Mystic Orb,神秘宝珠,server/db/re/item_db_etc.yml,物品名称
ITEM,Mythlit Egg,神话蛋,server/db/re/item_db_equip.yml,宠物蛋名称
ITEM,Nab Hood,纳布兜帽,server/db/re/item_db_equip.yml,物品名称
ITEM,Nab Ring,纳布戒指,server/db/re/item_db_equip.yml,物品名称
ITEM,Nagan,长柄刀,server/db/re/item_db_equip.yml,物品名称
ITEM,Naght Sieger Soul,纳赫特齐格之魂,server/db/re/item_db_etc.yml,物品名称
ITEM,Narcissus Bow Remodeling Cube,水仙弓改造魔方,server/db/re/item_db_usable.yml,物品名称
ITEM,Naughty Bats,淘气蝙蝠,server/db/re/item_db_equip.yml,物品名称
ITEM,Navel Ring,脐环,server/db/re/item_db_equip.yml,物品名称
ITEM,Necklace,项链,server/db/re/item_db_equip.yml,物品名称
ITEM,Necromancer's Hood,死灵法师兜帽,server/db/re/item_db_equip.yml,物品名称
ITEM,Neev Buster,Neev破坏者,server/db/re/item_db_equip.yml,物品名称
ITEM,Neev Glaive,Neev长柄刀,server/db/re/item_db_equip.yml,物品名称
ITEM,Neev Guillotine,Neev断头台,server/db/re/item_db_equip.yml,物品名称
ITEM,Neev of Wound (Player),Wound (玩家)之Neev,server/db/re/item_db_etc.yml,物品名称
ITEM,Neko Mimi,猫耳帽,server/db/re/item_db_equip.yml,物品名称
ITEM,Nekomimi Cape (Blue),Nekomimi披风(蓝色),server/db/re/item_db_equip.yml,物品名称
ITEM,Nelem's Hand Mirror,Nelem的手镜子,server/db/re/item_db_etc.yml,物品名称
ITEM,Neuralizer Box,神经抑制器盒,server/db/re/item_db_usable.yml,物品名称
ITEM,Neuralizer Box 3,闪光棒 3 个箱,server/db/re/item_db_usable.yml,物品名称
ITEM,Neutral Ring Box2,凝视者戒指箱Ⅱ,server/db/re/item_db_usable.yml,物品名称
ITEM,Neutral Shadow Earring,抗眩晕耳环影子,server/db/re/item_db_equip.yml,物品名称
ITEM,Neutral Shadow Pendant,抗眩晕吊坠影子,server/db/re/item_db_equip.yml,物品名称
ITEM,Neutral Shadow Weapon,抗眩晕武器影子,server/db/re/item_db_equip.yml,物品名称
ITEM,Neutral Shadow Weapon II,中立武器影子 II,server/db/re/item_db_equip.yml,物品名称
ITEM,New Shadow Earring Cube,新耳环影子魔方,server/db/re/item_db_usable.yml,物品名称
ITEM,New Shadow Pendant Cube,新吊坠影子魔方,server/db/re/item_db_usable.yml,物品名称
ITEM,New Style Box,美容券箱,server/db/re/item_db_usable.yml,物品名称
ITEM,New Year Dasik,新年Dasik,server/db/re/item_db_usable.yml,物品名称
ITEM,New Year Doll Egg,新年人偶之蛋,server/db/re/item_db_equip.yml,物品名称
ITEM,New Year Galbi-jjim,新年Galbi-jjim,server/db/re/item_db_usable.yml,物品名称
ITEM,New Year Rainbow Rice Cake,新年彩虹米饭蛋糕,server/db/re/item_db_usable.yml,物品名称
ITEM,New Year Rice Cake,新年年糕,server/db/re/item_db_usable.yml,物品名称
ITEM,New Year Rice Cake Soup,新年年糕汤,server/db/re/item_db_usable.yml,物品名称
ITEM,New Year Wind Rice Cake,新年风米饭蛋糕,server/db/re/item_db_usable.yml,物品名称
ITEM,New Year Yugwa,新年Yugwa,server/db/re/item_db_usable.yml,物品名称
ITEM,Newbie Tag,新手标签,server/db/re/item_db_etc.yml,物品名称
ITEM,Nezuko's Bamboo (OSM),Nezuko的竹筒(OSM),server/db/re/item_db_equip.yml,物品名称
ITEM,Nezuko's Eyes (OSM),Nezuko的眼睛(OSM),server/db/re/item_db_equip.yml,物品名称
ITEM,Night Market Bingsu,夜晚Market Bingsu,server/db/re/item_db_usable.yml,物品名称
ITEM,Night Market Blue Box,夜晚Market蓝色箱,server/db/re/item_db_usable.yml,物品名称
ITEM,Night Market Cotton Candy,夜晚Market Cotton Candy,server/db/re/item_db_usable.yml,物品名称
ITEM,Night Market Ice Cream,夜晚Market冰膏,server/db/re/item_db_usable.yml,物品名称
ITEM,Nightmare Card,梦魇卡片,server/db/re/item_db_etc.yml,物品名称
ITEM,Nightmare Terror Egg,梦魇恐惧之蛋,server/db/re/item_db_equip.yml,物品名称
ITEM,Nightwatch Stone (Garment),夜巡者石（披肩）,server/db/re/item_db_etc.yml,物品名称
ITEM,Nihil Card,尼希尔卡片,server/db/re/item_db_etc.yml,物品名称
ITEM,Nihil M. Heine Card,尼希尔 M. 海涅卡片,server/db/re/item_db_etc.yml,物品名称
ITEM,Nihil Miseria Heine (Sign Stamp) Card,Nihil Miseria Heine (Sign Stamp)卡片,server/db/re/item_db_etc.yml,物品名称
ITEM,Nile Rose,尼罗玫瑰,server/db/re/item_db_equip.yml,物品名称
ITEM,Nimble Movements,敏捷动作,server/db/re/item_db_etc.yml,物品名称
ITEM,Nimble Soul,敏捷灵魂,server/db/re/item_db_etc.yml,物品名称
ITEM,Nine Tail Egg,九尾狐蛋,server/db/re/item_db_equip.yml,宠物蛋名称
ITEM,Ninja Book Basic,忍者基础书,server/db/re/item_db_etc.yml,物品名称
ITEM,Ninja Book Misc,忍者杂记,server/db/re/item_db_etc.yml,物品名称
ITEM,Ninja Book Practice,忍者练习书,server/db/re/item_db_etc.yml,物品名称
ITEM,Ninja Essence Lv1,忍者精华Lv1,server/db/re/item_db_etc.yml,物品名称
ITEM,Ninja Essence Lv2,忍者精华Lv2,server/db/re/item_db_etc.yml,物品名称
ITEM,Ninja Manual,忍者入门书,server/db/re/item_db_equip.yml,物品名称
ITEM,Ninja's Blue Mask,忍者的蓝色面具,server/db/re/item_db_equip.yml,物品名称
ITEM,Ninja's Scroll Box,忍者卷轴盒,server/db/re/item_db_usable.yml,物品名称
ITEM,No Fear Belt,No Fear腰带,server/db/re/item_db_equip.yml,物品名称
ITEM,No Fear Shoes,No Fear鞋,server/db/re/item_db_equip.yml,物品名称
ITEM,No Recipient,无收件人,server/db/re/item_db_usable.yml,物品名称
ITEM,Noble Cross,高贵十字架,server/db/re/item_db_equip.yml,物品名称
ITEM,Noble Mask,贵族面具,server/db/re/item_db_equip.yml,物品名称
ITEM,Nokia 5300,诺基亚 5300,server/db/re/item_db_etc.yml,物品名称
ITEM,Nokia 5500,诺基亚5500,server/db/re/item_db_etc.yml,物品名称
ITEM,Noon Sun Shadow Earring,Noon太阳影子耳环,server/db/re/item_db_equip.yml,物品名称
ITEM,Noon Sun Shadow Pendant,Noon太阳影子吊坠,server/db/re/item_db_equip.yml,物品名称
ITEM,Note of Geologist,地质学家的笔记,server/db/re/item_db_etc.yml,物品名称
ITEM,Novice Butterfly Wing,初学者蝴蝶翅膀,server/db/re/item_db_usable.yml,物品名称
ITEM,Novice Combi Book,新手物品组合书,server/db/re/item_db_etc.yml,物品名称
ITEM,Novice Cutter,初心者切割者,server/db/re/item_db_equip.yml,物品名称
ITEM,Novice False Eggshell,初心者假蛋壳帽,server/db/re/item_db_equip.yml,物品名称
ITEM,Novice Fly Wing,初学者苍蝇翅膀,server/db/re/item_db_usable.yml,物品名称
ITEM,Novice Gatling,初学者加特林机枪,server/db/re/item_db_equip.yml,物品名称
ITEM,Novice Grenade Launcher,初学者榴弹发射器,server/db/re/item_db_equip.yml,物品名称
ITEM,Novice Magnifier,初学者放大镜,server/db/re/item_db_usable.yml,物品名称
ITEM,Novice Main Gauche,初心者左手短剑,server/db/re/item_db_equip.yml,物品名称
ITEM,Novice Rifle,初学者步枪,server/db/re/item_db_equip.yml,物品名称
ITEM,Novice Shotgun,初学者霰弹枪,server/db/re/item_db_equip.yml,物品名称
ITEM,Nucleus of Undead,不死族核心,server/db/re/item_db_usable.yml,物品名称
ITEM,Nurse Cap,护士帽,server/db/re/item_db_equip.yml,物品名称
ITEM,Nyandarae Fruit Special Package III,Nyandarae水果特殊礼包III,server/db/re/item_db_usable.yml,物品名称
ITEM,Nydhorgg's Shadow Garb,代行者的碎皮,server/db/re/item_db_equip.yml,物品名称
ITEM,Oboro Shadow Armor,朧影子铠甲,server/db/re/item_db_equip.yml,物品名称
ITEM,Oboro Shadow Shoes,朧影子鞋,server/db/re/item_db_equip.yml,物品名称
ITEM,Observer,观察者,server/db/re/item_db_equip.yml,物品名称
ITEM,Observer Box,观察者盒,server/db/re/item_db_usable.yml,物品名称
ITEM,Occult Incense,神秘香,server/db/re/item_db_equip.yml,物品名称
ITEM,Octopig's Leg,八爪猪的腿,server/db/re/item_db_etc.yml,物品名称
ITEM,Octopus Card,小章鱼卡片,server/db/re/item_db_etc.yml,物品名称
ITEM,Odin Relic,奥丁圣物箱,server/db/re/item_db_usable.yml,物品名称
ITEM,Odious's Robe,Odious的长袍,server/db/re/item_db_equip.yml,物品名称
ITEM,Odium of Thanatos Card,塔纳托斯的憎恨卡片,server/db/re/item_db_etc.yml,物品名称
ITEM,Offering Bouquet,供奉用花束,server/db/re/item_db_etc.yml,物品名称
ITEM,Old Apron,古老Apron,server/db/re/item_db_etc.yml,物品名称
ITEM,Old Bandana,旧头巾,server/db/re/item_db_etc.yml,物品名称
ITEM,Old Bronze Key,古老青铜钥匙,server/db/re/item_db_etc.yml,物品名称
ITEM,Old Broom,老扫帚,server/db/re/item_db_usable.yml,物品名称
ITEM,Old Camouflage Scarf,古老Camouflage围巾,server/db/re/item_db_equip.yml,物品名称
ITEM,Old Coin,旧硬币,server/db/re/item_db_etc.yml,物品名称
ITEM,Old Doll,旧玩偶,server/db/re/item_db_etc.yml,物品名称
ITEM,Old Driver Band,旧驾驶员发带,server/db/re/item_db_equip.yml,物品名称
ITEM,Old Driver Band(Yellow),旧驾驶员发带（黄色）,server/db/re/item_db_equip.yml,物品名称
ITEM,Old Equipment Box,劣质装备箱,server/db/re/item_db_usable.yml,物品名称
ITEM,Old Frying Pan,古老平底锅,server/db/re/item_db_etc.yml,物品名称
ITEM,Old Green Box,古老绿箱,server/db/re/item_db_usable.yml,物品名称
ITEM,Old Hilt,古老剑柄,server/db/re/item_db_etc.yml,物品名称
ITEM,Old Hoe,古老Hoe,server/db/re/item_db_etc.yml,物品名称
ITEM,Old King’s Crown,古老国王’s王冠,server/db/re/item_db_equip.yml,物品名称
ITEM,Old Left Lapine,破旧的拉斐内遗物,server/db/re/item_db_etc.yml,物品名称
ITEM,Old Midas Whisper,旧迈达斯的低语,server/db/re/item_db_equip.yml,物品名称
ITEM,Old Minstrel Song's Hat,旧吟游诗人之歌帽,server/db/re/item_db_equip.yml,物品名称
ITEM,Old Mitra,旧米特拉,server/db/re/item_db_equip.yml,物品名称
ITEM,Old old dagger,古老古老短剑,server/db/re/item_db_etc.yml,物品名称
ITEM,Old Papers,古旧纸张,server/db/re/item_db_etc.yml,物品名称
ITEM,Old Papyrus,陈旧纸莎草,server/db/re/item_db_etc.yml,物品名称
ITEM,Old Pick,古旧镐,server/db/re/item_db_etc.yml,物品名称
ITEM,Old Rune Circlet,旧符文头环,server/db/re/item_db_equip.yml,物品名称
ITEM,Old Shadow Handicraft,旧影子公爵,server/db/re/item_db_equip.yml,物品名称
ITEM,Old Spell Book (Chain Lightning),旧魔法书（连锁闪电）,server/db/re/item_db_etc.yml,物品名称
ITEM,Old Spell Book (Cold Bolt),旧魔法书（水箭术）,server/db/re/item_db_etc.yml,物品名称
ITEM,Old Spell Book (Comet),旧魔法书（陨石猛击）,server/db/re/item_db_etc.yml,物品名称
ITEM,Old Spell Book (Crimson Rock),旧魔法书（绯红岩）,server/db/re/item_db_etc.yml,物品名称
ITEM,Old Spell Book (Earth Spike),旧魔法书（地刺）,server/db/re/item_db_etc.yml,物品名称
ITEM,Old Spell Book (Earth Strain),旧魔法书（大地扭曲）,server/db/re/item_db_etc.yml,物品名称
ITEM,Old Spell Book (Fire Bolt),旧魔法书（火箭术）,server/db/re/item_db_etc.yml,物品名称
ITEM,Old Spell Book (Heaven's Drive),旧魔法书（天堂之门）,server/db/re/item_db_etc.yml,物品名称
ITEM,Old Spell Book (Jupitel Thunder),旧魔法书（雷神之枪）,server/db/re/item_db_etc.yml,物品名称
ITEM,Old Spell Book (Lightening Bolt),旧魔法书（雷箭术）,server/db/re/item_db_etc.yml,物品名称
ITEM,Old Spell Book (Lord Of Vermilion),旧魔法书（雷霆万钧）,server/db/re/item_db_etc.yml,物品名称
ITEM,Old Spell Book (Meteor Storm),旧魔法书（陨石术）,server/db/re/item_db_etc.yml,物品名称
ITEM,Old Spell Book (Storm Gust),旧魔法书（暴风雪）,server/db/re/item_db_etc.yml,物品名称
ITEM,Old Spell Book (Tetra Vortex),旧魔法书（四元素爆发）,server/db/re/item_db_etc.yml,物品名称
ITEM,Old Spell Book (Thunder Storm),旧魔法书（雷暴）,server/db/re/item_db_etc.yml,物品名称
ITEM,Old Spell Book (Water Ball),旧魔法书（水球术）,server/db/re/item_db_etc.yml,物品名称
ITEM,Old tie,古老tie,server/db/re/item_db_etc.yml,物品名称
ITEM,Old Tree's Dew,枯树凝露,server/db/re/item_db_usable.yml,物品名称
ITEM,Omni Clothing Dye,全能服装染色剂,server/db/re/item_db_etc.yml,物品名称
ITEM,One Click Armor 7UP,一体Click铠甲7UP,server/db/re/item_db_etc.yml,物品名称
ITEM,One Click Armor 9UP,一体Click铠甲9UP,server/db/re/item_db_etc.yml,物品名称
ITEM,One Click Weapon 7UP,一体Click武器7UP,server/db/re/item_db_etc.yml,物品名称
ITEM,One Click Weapon 9UP,一体Click武器9UP,server/db/re/item_db_etc.yml,物品名称
ITEM,One-Eye Dollocaris Card,一体-眼睛Dollocaris卡片,server/db/re/item_db_etc.yml,物品名称
ITEM,Onigiri In Mouth,Onigiri嘴叼,server/db/re/item_db_equip.yml,物品名称
ITEM,Opal,蛋白石,server/db/re/item_db_etc.yml,物品名称
ITEM,Opened Illusion Apple of Archer,弓箭手之Opened幻象苹果,server/db/re/item_db_equip.yml,物品名称
ITEM,Opened Illusion Nursing Cap,Opened幻象Nursing帽,server/db/re/item_db_equip.yml,物品名称
ITEM,Opened Illusion Survivor's Manteau,Opened幻象Survivor的斗篷,server/db/re/item_db_equip.yml,物品名称
ITEM,Opera Masque,歌剧面具,server/db/re/item_db_equip.yml,物品名称
ITEM,Operation Glove,Operation手套,server/db/re/item_db_equip.yml,物品名称
ITEM,Orange Chocolate,橙色Chocolate,server/db/re/item_db_etc.yml,物品名称
ITEM,Orange Hat,橙色帽,server/db/re/item_db_equip.yml,物品名称
ITEM,Orange Ribbon,橙色缎带,server/db/re/item_db_equip.yml,物品名称
ITEM,Orc Archer Bow,兽人弓箭手之弓,server/db/re/item_db_equip.yml,物品名称
ITEM,Orc Archer Card,兽人弓箭手卡片,server/db/re/item_db_etc.yml,物品名称
ITEM,Orc Helm,兽人头盔,server/db/re/item_db_equip.yml,物品名称
ITEM,Orc Hero Headdress Box,大型兽人英雄头盔箱,server/db/re/item_db_usable.yml,物品名称
ITEM,Orc HeroS Box,兽人英雄卷轴箱,server/db/re/item_db_usable.yml,物品名称
ITEM,Orc Lady Card,兽人女战士卡片,server/db/re/item_db_etc.yml,物品名称
ITEM,Orc LoadS Box,兽人酋长卷轴箱,server/db/re/item_db_usable.yml,物品名称
ITEM,Orc Trophy,兽人奖杯,server/db/re/item_db_usable.yml,物品名称
ITEM,Orc Warrior Egg,兽人战士的蛋,server/db/re/item_db_equip.yml,物品名称
ITEM,Orcish Axe Box,兽人斧箱,server/db/re/item_db_usable.yml,物品名称
ITEM,Ordinary Armor,Ordinary铠甲,server/db/re/item_db_equip.yml,物品名称
ITEM,Oridecon Arrow,奥利得根箭,server/db/re/item_db_etc.yml,物品名称
ITEM,Oriental Lute,东方鲁特琴,server/db/re/item_db_equip.yml,物品名称
ITEM,Oriental Sword Modification Cube,东方宝剑改造魔方,server/db/re/item_db_usable.yml,物品名称
ITEM,Orlean's Gloves,奥尔良手套,server/db/re/item_db_equip.yml,装备名称
ITEM,Orleans Full Course,Orleans完整Course,server/db/re/item_db_usable.yml,物品名称
ITEM,Orleans Full Course Box,Orleans完整Course箱,server/db/re/item_db_usable.yml,物品名称
ITEM,Orleans Necklace,奥尔良项链,server/db/re/item_db_equip.yml,物品名称
ITEM,Orleans's Bundle A,Orleans的组合包,server/db/re/item_db_usable.yml,物品名称
ITEM,Orleans's Gown,奥尔良的制服,server/db/re/item_db_equip.yml,物品名称
ITEM,Ornament Wings Gift,礼物装饰翅膀,server/db/re/item_db_etc.yml,物品名称
ITEM,Orochimaru's Mask,Orochimaru的面具,server/db/re/item_db_equip.yml,物品名称
ITEM,OS Weapon +11 Refinement Cube,OS武器11精炼魔方,server/db/re/item_db_usable.yml,物品名称
ITEM,OS Weapon Helmet Box,OS武器头盔箱,server/db/re/item_db_usable.yml,物品名称
ITEM,Overseas Care Package Remix XIII Mini,夏日卷轴 2,server/db/re/item_db_usable.yml,物品名称
ITEM,Overwelm Luk Armor,意外幸运铠甲,server/db/re/item_db_equip.yml,物品名称
ITEM,Overwelm Vit Armor,坚固体力铠甲,server/db/re/item_db_equip.yml,物品名称
ITEM,Oxygen Mask,氧气面罩,server/db/re/item_db_equip.yml,物品名称
ITEM,Paladin Stone (Bottom),圣殿十字军石（下）,server/db/re/item_db_etc.yml,物品名称
ITEM,Paladin Stone (Middle),圣殿十字军石（中）,server/db/re/item_db_etc.yml,物品名称
ITEM,Paladin Stone (Upper),圣殿十字军石（上）,server/db/re/item_db_etc.yml,物品名称
ITEM,Pale Moon Hat,Pale月亮帽,server/db/re/item_db_equip.yml,物品名称
ITEM,Panacea,万灵丹,server/db/re/item_db_usable.yml,物品名称
ITEM,Panda Basic Footprint,熊猫基础脚印,server/db/re/item_db_etc.yml,物品名称
ITEM,Panda Color Footprint,熊猫Color脚印,server/db/re/item_db_etc.yml,物品名称
ITEM,Paracelsus Glove,Paracelsus手套,server/db/re/item_db_equip.yml,物品名称
ITEM,Paradise Axe,乐园团之斧,server/db/re/item_db_equip.yml,物品名称
ITEM,Paradise Blacksmith Axe,乐园团铁匠之斧,server/db/re/item_db_equip.yml,物品名称
ITEM,Paradise Blacksmith Two-Handed Axe,乐园团铁匠双手斧,server/db/re/item_db_equip.yml,物品名称
ITEM,Paradise Cap,时装头饰 400137,server/db/re/item_db_equip.yml,物品名称
ITEM,Paradise Hat,时装头饰 400138,server/db/re/item_db_equip.yml,物品名称
ITEM,Paradise Mechanic Two-Handed Axe,乐园团机匠双手斧,server/db/re/item_db_equip.yml,物品名称
ITEM,Paradise Ninja Crucifixion Shuriken,乐园团忍者十字风魔手里剑,server/db/re/item_db_equip.yml,物品名称
ITEM,Paradise Ninja Punishment Shuriken,乐园团忍者风魔手里剑,server/db/re/item_db_equip.yml,物品名称
ITEM,Paradise Revolver,乐园团左轮,server/db/re/item_db_equip.yml,物品名称
ITEM,Paradise Shadow Pendant,乐园团垂饰影子装备,server/db/re/item_db_equip.yml,物品名称
ITEM,Partial Eclipse Blessing,Partial Eclipse祝福,server/db/re/item_db_etc.yml,物品名称
ITEM,Partizan,帕提桑,server/db/re/item_db_equip.yml,物品名称
ITEM,Party Hat,派对帽,server/db/re/item_db_equip.yml,物品名称
ITEM,Patent Aeon Staff,开放的铁制法杖,server/db/re/item_db_equip.yml,物品名称
ITEM,Patent Blue Crystal Staff,开放的蓝水晶法杖,server/db/re/item_db_equip.yml,物品名称
ITEM,Patent Crimson Rose,绽放的绯红玫瑰,server/db/re/item_db_equip.yml,物品名称
ITEM,Patent Light Blade,开放的光之刃,server/db/re/item_db_equip.yml,物品名称
ITEM,Patent Meowmeow Foxtail,开放的喵喵狗尾草,server/db/re/item_db_equip.yml,物品名称
ITEM,Patent Shiver Katar,已开放的战栗拳刃,server/db/re/item_db_equip.yml,物品名称
ITEM,Patent Spirit Pendulum,开放的魂灵锤,server/db/re/item_db_equip.yml,物品名称
ITEM,Patent The Black,专利黑色武器,server/db/re/item_db_equip.yml,武器名称
ITEM,Payment Statement for Kafra Employee,卡普拉员工薪资单,server/db/re/item_db_usable.yml,物品名称
ITEM,Payon Tablet,斐扬石板,server/db/re/item_db_etc.yml,物品名称
ITEM,PC 4Leaf Clover Box,PC 房四叶草箱,server/db/re/item_db_usable.yml,物品名称
ITEM,PC Cafe Coupon Box,网吧优惠券箱,server/db/re/item_db_usable.yml,物品名称
ITEM,PC Cafe Coupon BoxIV,网吧优惠券箱 IV,server/db/re/item_db_usable.yml,物品名称
ITEM,Peacock Feather,孔雀羽毛,server/db/re/item_db_equip.yml,物品名称
ITEM,Peacock Feather Box,孔雀羽毛箱,server/db/re/item_db_usable.yml,物品名称
ITEM,Pearl,珍珠,server/db/re/item_db_etc.yml,物品名称
ITEM,Pearl Treasure Box,Pearl宝藏箱,server/db/re/item_db_usable.yml,物品名称
ITEM,Peco Peco Exchange Ticket Box,大嘴鸟交换券箱,server/db/re/item_db_usable.yml,物品名称
ITEM,PecoPeco Food,大嘴鸟饲料,server/db/re/item_db_usable.yml,物品名称
ITEM,Peerless Shadow Armor,沉默防护铠甲影子,server/db/re/item_db_equip.yml,物品名称
ITEM,Peerless Shadow Shoes,沉默防护战靴影子,server/db/re/item_db_equip.yml,物品名称
ITEM,Pencil Case,铅笔盒,server/db/re/item_db_etc.yml,物品名称
ITEM,Pendant Of Guardian,守护者吊坠,server/db/re/item_db_equip.yml,物品名称
ITEM,Penetration Shadow Shield,穿透盾牌影子,server/db/re/item_db_equip.yml,物品名称
ITEM,Penetration Shadow Shoes,穿透鞋子影子,server/db/re/item_db_equip.yml,物品名称
ITEM,Perfect Size Shadow Armor Box,Perfect Size影子铠甲箱,server/db/re/item_db_usable.yml,物品名称
ITEM,Perfect Size Shadow Selection Box,Perfect Size影子自选箱,server/db/re/item_db_usable.yml,物品名称
ITEM,Perfect Size Shadow Weapon Box,Perfect Size影子武器箱,server/db/re/item_db_usable.yml,物品名称
ITEM,Performer Battle Armor,Performer战斗铠甲,server/db/re/item_db_equip.yml,物品名称
ITEM,Peridot,橄榄石,server/db/re/item_db_etc.yml,物品名称
ITEM,Personal Shopper Envelope,收购兼职（普通）3 日雇用证明信封,server/db/re/item_db_usable.yml,物品名称
ITEM,Personal Shopper Voucher,收购摊兼职（普通）雇用证明,server/db/re/item_db_usable.yml,物品名称
ITEM,Personal Shopper Voucher Lv3,收购摊兼职（达人）雇用证明,server/db/re/item_db_usable.yml,物品名称
ITEM,Pesticide,杀虫剂,server/db/re/item_db_equip.yml,物品名称
ITEM,Pet Egg Scroll 12,宠物蛋卷轴12,server/db/re/item_db_usable.yml,物品名称
ITEM,Pet Egg Scroll 13,宠物蛋卷轴13,server/db/re/item_db_usable.yml,物品名称
ITEM,Pet Egg Scroll 14,宠物蛋卷轴14,server/db/re/item_db_usable.yml,物品名称
ITEM,Pet Egg Scroll 6,宠物蛋卷轴,server/db/re/item_db_usable.yml,物品名称
ITEM,Pet Egg Scroll Box 10,宠物蛋卷轴箱,server/db/re/item_db_usable.yml,物品名称
ITEM,Pet Egg Scroll Box 11,宠物蛋卷轴箱,server/db/re/item_db_usable.yml,物品名称
ITEM,Pet Egg Scroll Box 6,宠物蛋卷轴箱,server/db/re/item_db_usable.yml,物品名称
ITEM,Pet Egg Scroll Box 7,宠物蛋卷轴箱,server/db/re/item_db_usable.yml,物品名称
ITEM,Pet Egg Scroll Box 8,宠物蛋卷轴箱,server/db/re/item_db_usable.yml,物品名称
ITEM,Pet Egg Scroll E,宠物蛋卷轴,server/db/re/item_db_usable.yml,物品名称
ITEM,Pet Exchange,宠物漫游者兑换券,server/db/re/item_db_etc.yml,物品名称
ITEM,Pet Exchange Ticket Box,宠物兑换券箱,server/db/re/item_db_usable.yml,物品名称
ITEM,Pet Food,宠物食品,server/db/re/item_db_usable.yml,物品名称
ITEM,Pet Soul Ring Box,宠物灵魂环箱,server/db/re/item_db_usable.yml,物品名称
ITEM,Petal Tail,Petal尾巴,server/db/re/item_db_equip.yml,物品名称
ITEM,Petal's Tail (Albino),Petal的尾巴(Albino),server/db/re/item_db_equip.yml,物品名称
ITEM,Petrified Resistance,石化抗性,server/db/re/item_db_etc.yml,物品名称
ITEM,Peuz's Seal,普兹的徽章,server/db/re/item_db_equip.yml,装备名称
ITEM,Phantom of Masquerade,假面舞会幻影,server/db/re/item_db_equip.yml,物品名称
ITEM,Phantom Wolf Card,幽灵狼卡片,server/db/re/item_db_etc.yml,物品名称
ITEM,Phlogopite,金云母,server/db/re/item_db_etc.yml,物品名称
ITEM,Phoenix Foxtail,Phoenix狐尾,server/db/re/item_db_equip.yml,物品名称
ITEM,Phreeoni Card,皮里恩卡片,server/db/re/item_db_etc.yml,物品名称
ITEM,Phreeoni Egg,兽人英雄蛋,server/db/re/item_db_equip.yml,宠物蛋名称
ITEM,Phreeoni Wing Suit,Phreeoni翅膀套装,server/db/re/item_db_equip.yml,物品名称
ITEM,Physical Earring (Shadow),物理耳环（影子）,server/db/re/item_db_equip.yml,影子装备名称
ITEM,Physical Enhancer Ring,身体强化戒指,server/db/re/item_db_equip.yml,物品名称
ITEM,Physical Pendant (Shadow),物理吊坠（影子）,server/db/re/item_db_equip.yml,影子装备名称
ITEM,Physical Weapon (Shadow),物理武器（影子）,server/db/re/item_db_equip.yml,影子装备名称
ITEM,Piamette Hood,皮亚梅特的头巾,server/db/re/item_db_equip.yml,物品名称
ITEM,Piamette Ribbon,皮亚梅特的丝带,server/db/re/item_db_equip.yml,物品名称
ITEM,Piamette Scroll,皮亚梅特卷轴,server/db/re/item_db_usable.yml,物品名称
ITEM,Picky Egg,皮奇的蛋,server/db/re/item_db_equip.yml,物品名称
ITEM,Picky Exchange Ticket Box,匹奇交换券箱,server/db/re/item_db_usable.yml,物品名称
ITEM,Picky Rush Shadow Cube,匹奇冲刺影子魔方,server/db/re/item_db_usable.yml,物品名称
ITEM,Pie Fruit Box,Pie水果箱,server/db/re/item_db_equip.yml,物品名称
ITEM,Piece of Bakonawa's Spirit,布科诺瓦的灵魂碎片,server/db/re/item_db_etc.yml,物品名称
ITEM,Piece of Bangungot's Spirit,崩雄戈特的灵魂碎片,server/db/re/item_db_etc.yml,物品名称
ITEM,Piece of Buwaya's Spirit,布沃耶的灵魂碎片,server/db/re/item_db_etc.yml,物品名称
ITEM,Piece of Cake,蛋糕片,server/db/re/item_db_usable.yml,物品名称
ITEM,Piece of Cogwheel,齿轮碎片,server/db/re/item_db_etc.yml,物品名称
ITEM,Piece of Egg Shell,蛋壳碎片,server/db/re/item_db_etc.yml,物品名称
ITEM,Piece of Morocc Skin,梦罗克皮肤碎片,server/db/re/item_db_etc.yml,物品名称
ITEM,Piece Of Singing Crystal,歌唱水晶碎片,server/db/re/item_db_etc.yml,物品名称
ITEM,Piece Of Soul Mouse,老鼠的灵魂碎片,server/db/re/item_db_etc.yml,物品名称
ITEM,Piece of Spirit,灵魂碎片,server/db/re/item_db_etc.yml,物品名称
ITEM,Piece Of White Cloth,白布片,server/db/re/item_db_equip.yml,物品名称
ITEM,Pierced Apple,时装头饰 400045,server/db/re/item_db_equip.yml,物品名称
ITEM,Piercing Box M,穿刺之杖箱,server/db/re/item_db_usable.yml,物品名称
ITEM,Pile Bunker S,桩锤S,server/db/re/item_db_equip.yml,物品名称
ITEM,Pineapple Bomb Guidebook,菠萝炸弹制作书,server/db/re/item_db_etc.yml,物品名称
ITEM,Pink Beanie,粉色针织帽,server/db/re/item_db_equip.yml,物品名称
ITEM,Pink Bunny Band Box,粉色兔耳发带箱,server/db/re/item_db_usable.yml,物品名称
ITEM,Pink Glow Effect,粉色光辉效果,server/db/re/item_db_etc.yml,物品名称
ITEM,Pink Night Cap,粉色睡帽,server/db/re/item_db_equip.yml,物品名称
ITEM,Pipe,烟斗,server/db/re/item_db_equip.yml,物品名称
ITEM,Pirate Bandana,海盗头巾,server/db/re/item_db_equip.yml,物品名称
ITEM,Pirate Dagger,海盗匕首,server/db/re/item_db_equip.yml,物品名称
ITEM,Pirate's Pride,海盗荣耀,server/db/re/item_db_equip.yml,物品名称
ITEM,Pisces Crown Box,双鱼宫王冠箱,server/db/re/item_db_usable.yml,物品名称
ITEM,Pisces Diadem Box,Pisces冠冕箱,server/db/re/item_db_usable.yml,物品名称
ITEM,Pisces Diadem Scroll,Pisces冠冕卷轴,server/db/re/item_db_usable.yml,物品名称
ITEM,Pisces Ring,Pisces戒指,server/db/re/item_db_equip.yml,物品名称
ITEM,Pisces Scroll,Pisces卷轴,server/db/re/item_db_usable.yml,物品名称
ITEM,Pisces Stone,双鱼座石,server/db/re/item_db_etc.yml,物品名称
ITEM,Pitch Black Dimensional Energy,Pitch黑色次元能量,server/db/re/item_db_etc.yml,物品名称
ITEM,Pitch Black Dimensional Jeongsu,Pitch黑色次元Jeongsu,server/db/re/item_db_etc.yml,物品名称
ITEM,Plain Rune 5ea Box,Plain符文5ea箱,server/db/re/item_db_usable.yml,物品名称
ITEM,Plant Neutrient,植物营养剂,server/db/re/item_db_etc.yml,物品名称
ITEM,Plastic Blue Rose,Plastic蓝色Rose,server/db/re/item_db_equip.yml,物品名称
ITEM,Platinum Ring,Platinum戒指,server/db/re/item_db_equip.yml,物品名称
ITEM,Platinum Treasure Box,Platinum宝藏箱,server/db/re/item_db_usable.yml,物品名称
ITEM,Pocket Chicken Onion Cream,口袋鸡肉洋葱膏,server/db/re/item_db_usable.yml,物品名称
ITEM,Pocket Watch,怀表,server/db/re/item_db_equip.yml,物品名称
ITEM,Poe Card,波伊卡片,server/db/re/item_db_etc.yml,物品名称
ITEM,Poe Richard Card,波伊·理查德卡片,server/db/re/item_db_etc.yml,物品名称
ITEM,Poenitentia Asta Set Box,忏悔者阿斯塔套装箱,server/db/re/item_db_usable.yml,物品名称
ITEM,Poenitentia Gladius,忏悔之剑,server/db/re/item_db_equip.yml,物品名称
ITEM,Poenitentia Gladius Set Box,忏悔者阔剑套装箱,server/db/re/item_db_usable.yml,物品名称
ITEM,Poenitentia Jana,忏悔之夜,server/db/re/item_db_equip.yml,物品名称
ITEM,Poenitentia Ligula,忏悔之剑·利古拉,server/db/re/item_db_equip.yml,物品名称
ITEM,Poenitentia Scipio,忏悔之杖,server/db/re/item_db_equip.yml,物品名称
ITEM,Poenitentia Sol,忏悔之日,server/db/re/item_db_equip.yml,物品名称
ITEM,Poenitentia Vatia,忏悔之弓·巴蒂亚,server/db/re/item_db_equip.yml,物品名称
ITEM,Poison Arrow,毒箭,server/db/re/item_db_etc.yml,物品名称
ITEM,Poison Rune 1Lv,毒符文1Lv,server/db/re/item_db_etc.yml,物品名称
ITEM,Poison Rune 2Lv,毒符文2Lv,server/db/re/item_db_etc.yml,物品名称
ITEM,Poison Rune Enchantment,毒符文附魔,server/db/re/item_db_usable.yml,物品名称
ITEM,Poison Rune x5 Box,毒符文x5箱,server/db/re/item_db_usable.yml,物品名称
ITEM,Poison Shield,毒盾,server/db/re/item_db_equip.yml,物品名称
ITEM,Poison Sphere Pack,矛弹包·毒,server/db/re/item_db_usable.yml,物品名称
ITEM,Poison Spore Egg,毒蘑菇的蛋,server/db/re/item_db_equip.yml,物品名称
ITEM,Poison Spore Exchange Ticket Box,毒魔菇交换券箱,server/db/re/item_db_usable.yml,物品名称
ITEM,Poker Face,扑克脸,server/db/re/item_db_equip.yml,物品名称
ITEM,Polar Bear Cap,圣诞白熊帽,server/db/re/item_db_equip.yml,物品名称
ITEM,Pole Axe,长柄斧,server/db/re/item_db_equip.yml,物品名称
ITEM,Pole Axe Box,Pole斧箱,server/db/re/item_db_usable.yml,物品名称
ITEM,Pole XO,长柄斧X.O,server/db/re/item_db_equip.yml,物品名称
ITEM,Ponitendtia,忏悔,server/db/re/item_db_equip.yml,物品名称
ITEM,Pontifex Belief,大祭司的信念,server/db/re/item_db_usable.yml,物品名称
ITEM,Pontifex Courage,大祭司的勇气,server/db/re/item_db_usable.yml,物品名称
ITEM,Pontifex Tenacity,大祭司的执念,server/db/re/item_db_usable.yml,物品名称
ITEM,Pontifex Wisdom,大祭司的智慧,server/db/re/item_db_usable.yml,物品名称
ITEM,Ponytail Gift Box,马尾礼物箱,server/db/re/item_db_usable.yml,物品名称
ITEM,Pop Corn Hat,爆米花帽,server/db/re/item_db_equip.yml,物品名称
ITEM,Pope Choco,教皇巧克力,server/db/re/item_db_usable.yml,物品名称
ITEM,Pope Mercenary Scroll,教皇佣兵卷轴,server/db/re/item_db_usable.yml,物品名称
ITEM,Poporing Egg,波波利的蛋,server/db/re/item_db_equip.yml,物品名称
ITEM,Poporing Exchange Ticket Box,波波利交换券箱,server/db/re/item_db_usable.yml,物品名称
ITEM,Poring Cake Hat,波利蛋糕帽,server/db/re/item_db_equip.yml,物品名称
ITEM,Poring Coin,波利硬币,server/db/re/item_db_etc.yml,物品名称
ITEM,Poring Doll,波利娃娃,server/db/re/item_db_etc.yml,物品名称
ITEM,Poring Egg,波利的蛋,server/db/re/item_db_equip.yml,物品名称
ITEM,Poring Exchange Ticket Box,波利交换券箱,server/db/re/item_db_usable.yml,物品名称
ITEM,Poring Kombucha,波利Kombucha,server/db/re/item_db_usable.yml,物品名称
ITEM,Poring Party Hat,波利派对帽,server/db/re/item_db_equip.yml,物品名称
ITEM,Poring Party Hat J,波利派对帽 J,server/db/re/item_db_equip.yml,物品名称
ITEM,Poring Scourer,波利丝瓜络,server/db/re/item_db_etc.yml,物品名称
ITEM,Poring Sunglasses,波利太阳镜,server/db/re/item_db_equip.yml,物品名称
ITEM,Poring Sunglasses Box,波利太阳镜箱,server/db/re/item_db_usable.yml,物品名称
ITEM,Poring Village Carrot,波利村胡萝卜,server/db/re/item_db_equip.yml,物品名称
ITEM,Poring Village Leek,波利村大葱,server/db/re/item_db_equip.yml,物品名称
ITEM,Poring's Special Box,波利的特别箱子,server/db/re/item_db_usable.yml,物品名称
ITEM,Pororoca Shoes,Pororoca鞋,server/db/re/item_db_equip.yml,物品名称
ITEM,Portable Toolbox,便携工具箱,server/db/re/item_db_etc.yml,物品名称
ITEM,Portrait of the Knight Commander,骑士指挥官之Portrait,server/db/re/item_db_etc.yml,物品名称
ITEM,Pot Dofle Card,多普勒壶卡片,server/db/re/item_db_etc.yml,物品名称
ITEM,Potato,马铃薯,server/db/re/item_db_usable.yml,物品名称
ITEM,Potion Box,药水箱,server/db/re/item_db_usable.yml,物品名称
ITEM,Pouring Egg,波利蛋,server/db/re/item_db_equip.yml,宠物蛋名称
ITEM,POW Assistance,威力辅助,server/db/re/item_db_etc.yml,物品名称
ITEM,POW Enforcement,威力执行,server/db/re/item_db_etc.yml,物品名称
ITEM,POW Lv1,威力Lv1,server/db/re/item_db_etc.yml,物品名称
ITEM,POW Lv2,威力Lv2,server/db/re/item_db_etc.yml,物品名称
ITEM,POW Reduction Potion,POW减少药水,server/db/re/item_db_usable.yml,物品名称
ITEM,POW+3,威力+3,server/db/re/item_db_etc.yml,物品名称
ITEM,Powder Snow Box,粉雪箱,server/db/re/item_db_usable.yml,物品名称
ITEM,Power Box 1,力量箱1,server/db/re/item_db_usable.yml,物品名称
ITEM,Power Machine Arm,力量Machine Arm,server/db/re/item_db_equip.yml,物品名称
ITEM,Power Meteorite Powder,力量陨石粉末,server/db/re/item_db_etc.yml,物品名称
ITEM,Power of Madness,Madness之力量,server/db/re/item_db_etc.yml,物品名称
ITEM,Power Orb 10Lv,力量宝珠10Lv,server/db/re/item_db_etc.yml,物品名称
ITEM,Power Orb 11Lv,力量宝珠11Lv,server/db/re/item_db_etc.yml,物品名称
ITEM,Power Orb 12Lv,力量宝珠12Lv,server/db/re/item_db_etc.yml,物品名称
ITEM,Power Orb 13Lv,力量宝珠13Lv,server/db/re/item_db_etc.yml,物品名称
ITEM,Power Orb 14Lv,力量宝珠14Lv,server/db/re/item_db_etc.yml,物品名称
ITEM,Power Orb 15Lv,力量宝珠15Lv,server/db/re/item_db_etc.yml,物品名称
ITEM,Power Orb 16Lv,力量宝珠16Lv,server/db/re/item_db_etc.yml,物品名称
ITEM,Power Orb 17Lv,力量宝珠17Lv,server/db/re/item_db_etc.yml,物品名称
ITEM,Power Orb 18Lv,力量宝珠18Lv,server/db/re/item_db_etc.yml,物品名称
ITEM,Power Orb 19Lv,力量宝珠19Lv,server/db/re/item_db_etc.yml,物品名称
ITEM,Power Orb 1Lv,力量宝珠1Lv,server/db/re/item_db_etc.yml,物品名称
ITEM,Power Orb 20Lv,力量宝珠20Lv,server/db/re/item_db_etc.yml,物品名称
ITEM,Power Orb 2Lv,力量宝珠2Lv,server/db/re/item_db_etc.yml,物品名称
ITEM,Power Orb 3Lv,力量宝珠3Lv,server/db/re/item_db_etc.yml,物品名称
ITEM,Power Orb 4Lv,力量宝珠4Lv,server/db/re/item_db_etc.yml,物品名称
ITEM,Power Orb 5Lv,力量宝珠5Lv,server/db/re/item_db_etc.yml,物品名称
ITEM,Power Orb 6Lv,力量宝珠6Lv,server/db/re/item_db_etc.yml,物品名称
ITEM,Power Orb 7Lv,力量宝珠7Lv,server/db/re/item_db_etc.yml,物品名称
ITEM,Power Orb 8Lv,力量宝珠8Lv,server/db/re/item_db_etc.yml,物品名称
ITEM,Power Orb 9Lv,力量宝珠9Lv,server/db/re/item_db_etc.yml,物品名称
ITEM,Power Signet of Star,星之力量印记,server/db/re/item_db_equip.yml,物品名称
ITEM,Power Stone (Dual),力量石（双）,server/db/re/item_db_etc.yml,物品名称
ITEM,Powered Arm,强化手臂,server/db/re/item_db_equip.yml,装备名称
ITEM,Powered Income,动力收益,server/db/re/item_db_equip.yml,物品名称
ITEM,Praccsinos,普拉奇诺斯,server/db/re/item_db_equip.yml,物品名称
ITEM,Prayer Scroll,祈祷卷轴,server/db/re/item_db_usable.yml,物品名称
ITEM,Precision Shatter,精准碎裂者,server/db/re/item_db_equip.yml,物品名称
ITEM,Premium Black Card,高级黑色卡片,server/db/re/item_db_usable.yml,物品名称
ITEM,Premium Booster Call,高级增幅器Call,server/db/re/item_db_usable.yml,物品名称
ITEM,Premium Booster Gift Box,高级增幅器礼物箱,server/db/re/item_db_usable.yml,物品名称
ITEM,Premium Melon Headphones,高级甜瓜Headphones,server/db/re/item_db_equip.yml,物品名称
ITEM,Premium Souvenir Box,高级Souvenir箱,server/db/re/item_db_usable.yml,物品名称
ITEM,Priest Shadow Shoes,服事鞋子影子,server/db/re/item_db_equip.yml,物品名称
ITEM,Prime Corruption Root Card,堕落根系卡片,server/db/re/item_db_etc.yml,物品名称
ITEM,Primitive Rgan Card,Primitive Rgan卡片,server/db/re/item_db_etc.yml,物品名称
ITEM,Printed Electric Fox-OS,印制Electric狐狸-OS,server/db/re/item_db_etc.yml,物品名称
ITEM,Printed Glacier Armor,印制冰川铠甲,server/db/re/item_db_etc.yml,物品名称
ITEM,Printed Glacier Boots,印制冰川靴,server/db/re/item_db_etc.yml,物品名称
ITEM,Printed Glacier Earring,印制冰川耳环,server/db/re/item_db_etc.yml,物品名称
ITEM,Printed Glacier Guard,印制冰川守卫,server/db/re/item_db_etc.yml,物品名称
ITEM,Printed Glacier Manteau,印制冰川斗篷,server/db/re/item_db_etc.yml,物品名称
ITEM,Printed Glacier Muffler,印制冰川围巾,server/db/re/item_db_etc.yml,物品名称
ITEM,Printed Glacier Necklace,印制冰川项链,server/db/re/item_db_etc.yml,物品名称
ITEM,Printed Glacier Pendant,印制冰川吊坠,server/db/re/item_db_etc.yml,物品名称
ITEM,Printed Glacier Ring,印制冰川戒指,server/db/re/item_db_etc.yml,物品名称
ITEM,Printed Glacier Robe,印制冰川长袍,server/db/re/item_db_etc.yml,物品名称
ITEM,Printed Glacier Shoes,印制冰川鞋,server/db/re/item_db_etc.yml,物品名称
ITEM,Printed Rutilus Stick-OS,印制Rutilus棍-OS,server/db/re/item_db_etc.yml,物品名称
ITEM,Printed Saphir Mace-OS,印制Saphir钝器-OS,server/db/re/item_db_etc.yml,物品名称
ITEM,Procyon Shoes,Procyon鞋,server/db/re/item_db_equip.yml,物品名称
ITEM,Professor's Mini Glasses,Professor的迷你眼镜,server/db/re/item_db_equip.yml,物品名称
ITEM,Prontera Badge,普隆德拉徽章,server/db/re/item_db_equip.yml,装备名称
ITEM,Prontera Costume Pack,礼物包,server/db/re/item_db_usable.yml,物品名称
ITEM,Prontera Tablet,普隆德拉石板,server/db/re/item_db_etc.yml,物品名称
ITEM,Proof Of Sapha's Honor,萨帕功勋证,server/db/re/item_db_etc.yml,物品名称
ITEM,Psychic ArmorS,心灵铠甲 S,server/db/re/item_db_usable.yml,物品名称
ITEM,Psychic Wave Tuning Device,附魔石 311042,server/db/re/item_db_etc.yml,物品名称
ITEM,Psychotropic,精神药物,server/db/re/item_db_usable.yml,物品名称
ITEM,Public Relations box,宣传组箱,server/db/re/item_db_usable.yml,物品名称
ITEM,Pumpkin Cake,南瓜蛋糕,server/db/re/item_db_usable.yml,物品名称
ITEM,Pumpkin Decoration,装饰南瓜,server/db/re/item_db_etc.yml,物品名称
ITEM,Pumpkin Head Crushed,破碎的南瓜头,server/db/re/item_db_etc.yml,物品名称
ITEM,Puppet,木偶,server/db/re/item_db_etc.yml,物品名称
ITEM,Puppy Hat,小狗帽,server/db/re/item_db_equip.yml,物品名称
ITEM,Pure White Marching Hat,Pure白色Marching帽,server/db/re/item_db_equip.yml,物品名称
ITEM,Purification Activity 3-Set Reward,净化活动3-套装奖励,server/db/re/item_db_usable.yml,物品名称
ITEM,Purification Activity 5-Set Reward,净化活动5-套装奖励,server/db/re/item_db_usable.yml,物品名称
ITEM,Purification Activity Activation Reward,净化活动激活奖励,server/db/re/item_db_usable.yml,物品名称
ITEM,Purification Activity Completion Rewards,净化活动完成Rewards,server/db/re/item_db_usable.yml,物品名称
ITEM,Purification Ritual,净化Ritual,server/db/re/item_db_usable.yml,物品名称
ITEM,Purification Sample of the Depths,Depths之净化样品,server/db/re/item_db_etc.yml,物品名称
ITEM,Purification Shot Cartridge,弹药筒·净化弹,server/db/re/item_db_usable.yml,物品名称
ITEM,Purified Growth Elixier,纯化成长Elixier,server/db/re/item_db_usable.yml,物品名称
ITEM,Purified Water,净化水桶,server/db/re/item_db_etc.yml,物品名称
ITEM,Purple Ferus Card,紫色佩罗斯卡片,server/db/re/item_db_etc.yml,物品名称
ITEM,Purple Ore,紫色矿石,server/db/re/item_db_etc.yml,物品名称
ITEM,Purple Ore Crate,紫色矿石箱,server/db/re/item_db_etc.yml,物品名称
ITEM,Purple Special Storage Device,紫色特殊Storage Device,server/db/re/item_db_usable.yml,物品名称
ITEM,Purple Star Footprint (Garment),紫色星脚印(披肩),server/db/re/item_db_etc.yml,物品名称
ITEM,Pyroxene,辉石,server/db/re/item_db_etc.yml,物品名称
ITEM,Q-Player,Q-玩家,server/db/re/item_db_etc.yml,物品名称
ITEM,Quadrille,四重奏,server/db/re/item_db_equip.yml,物品名称
ITEM,Queen Anz Revenge,女王Anz复仇,server/db/re/item_db_equip.yml,物品名称
ITEM,Queen Is Whip,女王就是鞭子,server/db/re/item_db_equip.yml,物品名称
ITEM,Queen of Calamity,Calamity之女王,server/db/re/item_db_equip.yml,物品名称
ITEM,Queen's Coronet Box,女王冠冕箱,server/db/re/item_db_usable.yml,物品名称
ITEM,Queen's Hair Ornament,女王发饰,server/db/re/item_db_equip.yml,宠物装备名称
ITEM,Queen's Whip,女王之鞭,server/db/re/item_db_equip.yml,物品名称
ITEM,Questioned Parts,神秘零件,server/db/re/item_db_etc.yml,物品名称
ITEM,Quick Fingers,迅捷手指,server/db/re/item_db_etc.yml,物品名称
ITEM,Rabbit Ear Knitted Hat,兔子耳朵Knitted帽,server/db/re/item_db_equip.yml,物品名称
ITEM,Rabbit Earplugs,兔耳马夫,server/db/re/item_db_equip.yml,物品名称
ITEM,Rabbit Magic Hat,兔子魔术帽,server/db/re/item_db_equip.yml,物品名称
ITEM,Rabbit Pattern Shirt,兔纹衬衫,server/db/re/item_db_equip.yml,物品名称
ITEM,Rabbit Ribbon,兔子缎带,server/db/re/item_db_equip.yml,物品名称
ITEM,Rabbit's Hair,月兔的毛,server/db/re/item_db_etc.yml,物品名称
ITEM,Raccoon Hat,浣熊帽,server/db/re/item_db_equip.yml,物品名称
ITEM,Racing Cap (Soul Linker),赛车帽（灵魂链接者）,server/db/re/item_db_equip.yml,物品名称
ITEM,Racing Cap (Star Gladiator),赛车帽（拳圣）,server/db/re/item_db_equip.yml,物品名称
ITEM,Racing Cap +11 Refinement Cube,赛车帽11精炼魔方,server/db/re/item_db_usable.yml,物品名称
ITEM,Radiance Manteau,Radiance斗篷,server/db/re/item_db_equip.yml,物品名称
ITEM,RAG203,RAG203 实验武器,server/db/re/item_db_equip.yml,物品名称
ITEM,Raging Dragon Fist,猛龙拳套,server/db/re/item_db_equip.yml,物品名称
ITEM,Ragnarok Festival Box,Ragnarok庆典箱,server/db/re/item_db_usable.yml,物品名称
ITEM,Rain Cloud,时装·雨云,server/db/re/item_db_equip.yml,物品名称
ITEM,Rainbow,时装·彩虹,server/db/re/item_db_equip.yml,物品名称
ITEM,Rainbow Ruby,彩虹红宝石,server/db/re/item_db_usable.yml,物品名称
ITEM,Rainbow Scarf Box,彩虹围巾箱,server/db/re/item_db_usable.yml,物品名称
ITEM,Rainbow Scarf Box II,彩虹围巾箱Ⅱ,server/db/re/item_db_usable.yml,物品名称
ITEM,Rainbow Scarf Box III,彩虹围巾箱Ⅲ,server/db/re/item_db_usable.yml,物品名称
ITEM,Ramen Hat,拉面帽,server/db/re/item_db_equip.yml,物品名称
ITEM,Ramor Shield,拉莫尔盾,server/db/re/item_db_equip.yml,物品名称
ITEM,Rand Test,Rand测试,server/db/re/item_db_equip.yml,物品名称
ITEM,Randgris Card,兰特克力斯卡片,server/db/re/item_db_etc.yml,物品名称
ITEM,Range Physical Attack Stone (Garment),远程物理攻击石（披肩）,server/db/re/item_db_etc.yml,物品名称
ITEM,Range Stone (Middle),远程石（中）,server/db/re/item_db_etc.yml,物品名称
ITEM,Ranged Stone (Lower),远程石（下段）,server/db/re/item_db_etc.yml,物品名称
ITEM,Ranged Stone (Upper),远程石（上段）,server/db/re/item_db_etc.yml,物品名称
ITEM,Ranger Battle Armor,游侠战斗铠甲,server/db/re/item_db_equip.yml,物品名称
ITEM,Ranger Battle Boots,游侠战斗靴,server/db/re/item_db_equip.yml,物品名称
ITEM,Ranger Booster Boots,远程增幅靴,server/db/re/item_db_equip.yml,物品名称
ITEM,Ranger Cecil (MVP) Card,游侠Cecil (MVP)卡片,server/db/re/item_db_etc.yml,物品名称
ITEM,Ranger Cecil Card,游侠塞西尔卡片,server/db/re/item_db_etc.yml,物品名称
ITEM,Ranger Shadow Cube,游侠影子立方体,server/db/re/item_db_usable.yml,物品名称
ITEM,Ranger Stone (Bottom),游侠石（下）,server/db/re/item_db_etc.yml,物品名称
ITEM,Ranger Stone (Garment),游侠石(披肩),server/db/re/item_db_etc.yml,物品名称
ITEM,Ranger Stone (Middle),游侠石（中）,server/db/re/item_db_etc.yml,物品名称
ITEM,Ranger Stone (Top),游侠石（上）,server/db/re/item_db_etc.yml,物品名称
ITEM,Ranger Stone II (Garment),游侠石II（披肩）,server/db/re/item_db_etc.yml,物品名称
ITEM,Ranger's Booster Shadow Weapon,游侠强化武器影子装备,server/db/re/item_db_equip.yml,物品名称
ITEM,Rante Whip Box,兰特鞭箱,server/db/re/item_db_usable.yml,物品名称
ITEM,Rapid Life Potion 10 Box,迅捷生命水 10 个箱,server/db/re/item_db_usable.yml,物品名称
ITEM,Rapid Life Potion Box (10),迅捷生命水 10 个箱,server/db/re/item_db_usable.yml,物品名称
ITEM,Rapid Life Water,迅捷生命水,server/db/re/item_db_usable.yml,物品名称
ITEM,Rapid Life Water Box10,迅捷生命水 10 个箱,server/db/re/item_db_usable.yml,物品名称
ITEM,Rapid Water Box (10),迅捷生命水 10 个箱,server/db/re/item_db_usable.yml,物品名称
ITEM,Rare Book,稀有古书,server/db/re/item_db_etc.yml,物品名称
ITEM,Raspberry Mousse Hat,Raspberry Mousse帽,server/db/re/item_db_equip.yml,物品名称
ITEM,Rattle,响铃,server/db/re/item_db_equip.yml,物品名称
ITEM,Raven Cap,乌鸦帽,server/db/re/item_db_equip.yml,物品名称
ITEM,Raydric Card,邪骸骑士卡片,server/db/re/item_db_etc.yml,物品名称
ITEM,RCC2013 Commemorative Bracelet,RCC2013纪念手镯,server/db/re/item_db_equip.yml,物品名称
ITEM,RCC2013 Commemorative Ring,RCC2013纪念戒指,server/db/re/item_db_equip.yml,物品名称
ITEM,Real Blank Card,Real Blank卡片,server/db/re/item_db_etc.yml,物品名称
ITEM,Realm Map,领域地图,server/db/re/item_db_etc.yml,物品名称
ITEM,Rebellion Jumping Support Box,叛乱者跳级支援箱,server/db/re/item_db_usable.yml,物品名称
ITEM,Rebellion Shadow Shoes,叛乱者影子鞋,server/db/re/item_db_equip.yml,物品名称
ITEM,Rebirth Crown,Rebirth王冠,server/db/re/item_db_equip.yml,物品名称
ITEM,Receipt,收据,server/db/re/item_db_etc.yml,物品名称
ITEM,Recertification Thank You Box,重新认证感谢箱,server/db/re/item_db_usable.yml,物品名称
ITEM,Recooked Melon Bread,Recooked甜瓜面包,server/db/re/item_db_usable.yml,物品名称
ITEM,Record of Acolyte 2,Acolyte 2之记录,server/db/re/item_db_equip.yml,物品名称
ITEM,Record of Archer 2,弓箭手2之记录,server/db/re/item_db_equip.yml,物品名称
ITEM,Record of Mage,法师之记录,server/db/re/item_db_equip.yml,物品名称
ITEM,Record of Wrath (Mage),Wrath (法师)之记录,server/db/re/item_db_equip.yml,物品名称
ITEM,Recording Note,记录手册,server/db/re/item_db_etc.yml,物品名称
ITEM,Recovery Stone (Lower),恢复石（下段）,server/db/re/item_db_etc.yml,物品名称
ITEM,Recruitment Leaflet,讨伐团传单,server/db/re/item_db_etc.yml,物品名称
ITEM,Recuperative Armor,恢复铠甲,server/db/re/item_db_equip.yml,物品名称
ITEM,Recuvative Armor Box,恢复铠甲箱,server/db/re/item_db_usable.yml,物品名称
ITEM,Red Baby Dragon,红色幼龙,server/db/re/item_db_equip.yml,物品名称
ITEM,Red Bandana,头巾,server/db/re/item_db_equip.yml,物品名称
ITEM,Red Bread Hat,发带,server/db/re/item_db_equip.yml,物品名称
ITEM,Red Bunny Band,红色兔耳发带,server/db/re/item_db_equip.yml,物品名称
ITEM,Red Can,红罐,server/db/re/item_db_usable.yml,物品名称
ITEM,Red Cherry Blossom,红色Cherry花朵,server/db/re/item_db_equip.yml,物品名称
ITEM,Red Chile,红辣椒,server/db/re/item_db_etc.yml,物品名称
ITEM,Red Clark Casquette,时装头饰 400021,server/db/re/item_db_equip.yml,物品名称
ITEM,Red Cloth,红布片,server/db/re/item_db_etc.yml,物品名称
ITEM,Red Deleter Egg,迪尔特的蛋,server/db/re/item_db_equip.yml,物品名称
ITEM,Red Deleter Taming Box,红色毁灭者驯服箱,server/db/re/item_db_usable.yml,物品名称
ITEM,Red Eruma Card,红色埃鲁玛卡片,server/db/re/item_db_etc.yml,物品名称
ITEM,Red Eye,红色眼睛,server/db/re/item_db_etc.yml,物品名称
ITEM,Red Frame,红色镜框,server/db/re/item_db_etc.yml,物品名称
ITEM,Red Gemstone,红色宝石,server/db/re/item_db_etc.yml,物品名称
ITEM,Red Herb Activator,红色药草活化剂,server/db/re/item_db_usable.yml,物品名称
ITEM,Red Inverse Scale,红色Inverse鳞片,server/db/re/item_db_usable.yml,物品名称
ITEM,Red Jenoss's Family Ring,红色杰诺斯家族戒指,server/db/re/item_db_etc.yml,物品名称
ITEM,Red Lantern,红色提灯,server/db/re/item_db_equip.yml,物品名称
ITEM,Red Lotus Sword Remodeling Cube,红莲之剑改造魔方,server/db/re/item_db_usable.yml,物品名称
ITEM,Red Mage Hat,红色法师帽,server/db/re/item_db_equip.yml,物品名称
ITEM,Red Pencil In Mouth,红色铅笔嘴叼,server/db/re/item_db_equip.yml,物品名称
ITEM,Red Pepper Card,红椒卡片,server/db/re/item_db_etc.yml,物品名称
ITEM,Red Pirate Hat,红色海盗帽,server/db/re/item_db_equip.yml,物品名称
ITEM,Red Reagent,红色试剂,server/db/re/item_db_etc.yml,物品名称
ITEM,Red Ribbon,红色缎带,server/db/re/item_db_equip.yml,物品名称
ITEM,Red Slim Potion Box,红色轻量药水箱,server/db/re/item_db_usable.yml,物品名称
ITEM,Red Star Footprint (Garment),红色星脚印(披肩),server/db/re/item_db_etc.yml,物品名称
ITEM,Red Stocking,红袜子,server/db/re/item_db_etc.yml,物品名称
ITEM,Red Syrup,红色糖浆,server/db/re/item_db_usable.yml,物品名称
ITEM,Refine Event Box,Refine活动箱,server/db/re/item_db_usable.yml,物品名称
ITEM,Refined Bradium,精炼布拉迪姆,server/db/re/item_db_etc.yml,物品名称
ITEM,Refined Brocca,尖刺,server/db/re/item_db_equip.yml,物品名称
ITEM,Refined Vesper Core 01 Box,精炼维斯帕核心01箱,server/db/re/item_db_usable.yml,物品名称
ITEM,Refined Vesper Core 02 Box,精炼维斯帕核心02箱,server/db/re/item_db_usable.yml,物品名称
ITEM,Refined Vesper Core 03 Box,精炼维斯帕核心03箱,server/db/re/item_db_usable.yml,物品名称
ITEM,Refined Vesper Core 04 Box,精炼维斯帕核心04箱,server/db/re/item_db_usable.yml,物品名称
ITEM,Refining Certificate Envelope,精炼保证券信封,server/db/re/item_db_usable.yml,物品名称
ITEM,Regeneration Potion Box(10),恢复力提升药水 10 个箱,server/db/re/item_db_usable.yml,物品名称
ITEM,Regeneration Potion Box(5),恢复力提升药水 5 个箱,server/db/re/item_db_usable.yml,物品名称
ITEM,Regeneration Thoughtform Shoes,再生思维形态之鞋,server/db/re/item_db_equip.yml,物品名称
ITEM,Regret Lv5,悔恨5级,server/db/re/item_db_etc.yml,物品名称
ITEM,Reinhardt Lugenburg Card Fragment,Reinhardt Lugenburg卡片碎片,server/db/re/item_db_etc.yml,物品名称
ITEM,Rekenber Chairman Rekenber Card,Rekenber Chairman Rekenber卡片,server/db/re/item_db_etc.yml,物品名称
ITEM,Rekenber Kaya Toss Card,Rekenber Kaya Toss卡片,server/db/re/item_db_etc.yml,物品名称
ITEM,Rekenber Tatio Card,Rekenber Tatio卡片,server/db/re/item_db_etc.yml,物品名称
ITEM,Relapse Blade,重生之刃,server/db/re/item_db_equip.yml,物品名称
ITEM,Relief Food,Relief食物,server/db/re/item_db_etc.yml,物品名称
ITEM,Reload Shadow Armor,加速铠甲影子,server/db/re/item_db_equip.yml,物品名称
ITEM,Reload Shadow Shield,加速盾牌影子,server/db/re/item_db_equip.yml,物品名称
ITEM,Reload Shadow Shoes,加速鞋子影子,server/db/re/item_db_equip.yml,物品名称
ITEM,Reload Stone (Lower),装填石（下段）,server/db/re/item_db_etc.yml,物品名称
ITEM,Reload Stone (Middle),装填石（中段）,server/db/re/item_db_etc.yml,物品名称
ITEM,Reload Stone (Upper),装填石（上段）,server/db/re/item_db_etc.yml,物品名称
ITEM,Renown Archer's Gloves,神射手手套,server/db/re/item_db_equip.yml,物品名称
ITEM,Rental Costume Dog Officer,租赁[时装]狗Officer,server/db/re/item_db_equip.yml,物品名称
ITEM,Rental Costume Fairy Feathers,租赁[时装]妖精Feathers,server/db/re/item_db_equip.yml,物品名称
ITEM,Rental Costume Full Bloom Cherry Tree,租赁[时装]完整Bloom Cherry Tree,server/db/re/item_db_equip.yml,物品名称
ITEM,Rental Costume Royal Rabbit Crown,租赁[时装]皇家兔子王冠,server/db/re/item_db_equip.yml,物品名称
ITEM,Rental Costume Tipsy,租赁[时装]Tipsy,server/db/re/item_db_equip.yml,物品名称
ITEM,Rental Costume Wrapping Ribbon,租赁[时装]Wrapping缎带,server/db/re/item_db_equip.yml,物品名称
ITEM,Repair Weapon Scroll 10 Box,修理武器卷轴10盒,server/db/re/item_db_usable.yml,物品名称
ITEM,Repair Weapon Scroll Box,修理武器卷轴箱,server/db/re/item_db_usable.yml,物品名称
ITEM,Repeating Crossbow,连发十字弩,server/db/re/item_db_equip.yml,物品名称
ITEM,Report On Manuk,马努克报告,server/db/re/item_db_etc.yml,物品名称
ITEM,Report On Splendide,斯普兰迪报告,server/db/re/item_db_etc.yml,物品名称
ITEM,Republic Hat,共和国帽,server/db/re/item_db_equip.yml,物品名称
ITEM,Republic scarf,Republic围巾,server/db/re/item_db_equip.yml,物品名称
ITEM,Requiescat in Pace,安息in宁静,server/db/re/item_db_equip.yml,物品名称
ITEM,Research Assistant Bot Card,研究助手机器人卡片,server/db/re/item_db_etc.yml,物品名称
ITEM,Restore Shadow Earring,恢复耳环影子,server/db/re/item_db_equip.yml,物品名称
ITEM,Restore Shadow Pendant,恢复坠饰影子,server/db/re/item_db_equip.yml,物品名称
ITEM,Retire 2 Set Reward,Retire 2套装奖励,server/db/re/item_db_usable.yml,物品名称
ITEM,Retire 4 Set Reward,Retire 4套装奖励,server/db/re/item_db_usable.yml,物品名称
ITEM,Revelation of Aramazd,Aramazd之Revelation,server/db/re/item_db_equip.yml,物品名称
ITEM,Revolution Quiz Box,问答革命箱,server/db/re/item_db_usable.yml,物品名称
ITEM,RG-5649,RG-5649 实验武器,server/db/re/item_db_equip.yml,物品名称
ITEM,Rhythm Hairband,Rhythm发带,server/db/re/item_db_equip.yml,物品名称
ITEM,Ribbon,缎带,server/db/re/item_db_equip.yml,物品名称
ITEM,Ribbon for Gift wrapping,礼物包装缎带,server/db/re/item_db_etc.yml,物品名称
ITEM,Rideword Hat,读书帽,server/db/re/item_db_equip.yml,物品名称
ITEM,Rigid Nightmare Terror Egg,坚硬梦魇恐怖蛋,server/db/re/item_db_equip.yml,宠物蛋名称
ITEM,Ring,戒指,server/db/re/item_db_equip.yml,物品名称
ITEM,Ring of Apology,歉意之戒,server/db/re/item_db_equip.yml,物品名称
ITEM,Ring of Ceryneian,Ceryneian之戒指,server/db/re/item_db_equip.yml,物品名称
ITEM,Ring of Chivalry,Chivalry之戒指,server/db/re/item_db_equip.yml,物品名称
ITEM,Ring of Death Box,死亡之环箱,server/db/re/item_db_usable.yml,物品名称
ITEM,Ring of Longing,思念戒指,server/db/re/item_db_equip.yml,物品名称
ITEM,Ring of the Ancient Wise King,远古贤王之戒,server/db/re/item_db_equip.yml,物品名称
ITEM,Ring of the Blue Dragon,蓝色龙之戒指,server/db/re/item_db_equip.yml,物品名称
ITEM,Ring of Unknown Hero (Ninja),未知英雄戒指（忍者）,server/db/re/item_db_equip.yml,装备名称
ITEM,Ring of Unknown Hero (Shadow Chaser),未知英雄(影子追踪者)之戒指,server/db/re/item_db_equip.yml,物品名称
ITEM,Ring of Unknown Hero (Sorcerer),未知英雄(Sorcerer)之戒指,server/db/re/item_db_equip.yml,物品名称
ITEM,Ring of Unknown Hero (Warlock),未知英雄(术士)之戒指,server/db/re/item_db_equip.yml,物品名称
ITEM,Ring-ging Nyan Catbell,戒指-ging Nyan Catbell,server/db/re/item_db_equip.yml,物品名称
ITEM,Riot Chip,Riot芯片,server/db/re/item_db_equip.yml,物品名称
ITEM,RJC Necklace,RJC项链,server/db/re/item_db_equip.yml,物品名称
ITEM,RJC2012 Spell Necklace,RJC2012法术项链,server/db/re/item_db_equip.yml,物品名称
ITEM,RJC2012 Status Necklace,RJC2012 Status项链,server/db/re/item_db_equip.yml,物品名称
ITEM,RMSC2012 Special Costume,饰品,server/db/re/item_db_equip.yml,物品名称
ITEM,RO Concert Costume Box,RO Concert[时装]箱,server/db/re/item_db_usable.yml,物品名称
ITEM,RO Concert Costume Selection Box,RO Concert[时装]自选箱,server/db/re/item_db_usable.yml,物品名称
ITEM,RO Concert Outfit Selection Box x2,RO Concert Outfit自选箱x2,server/db/re/item_db_usable.yml,物品名称
ITEM,RO2 Name Card,RO2 Name卡片,server/db/re/item_db_etc.yml,物品名称
ITEM,Roasted sausages,烤制香肠,server/db/re/item_db_usable.yml,物品名称
ITEM,Robin Eyepatch,Robin眼罩,server/db/re/item_db_equip.yml,物品名称
ITEM,Robust Magical Armor,坚韧魔力铠甲,server/db/re/item_db_equip.yml,物品名称
ITEM,Robust Soul,Robust灵魂,server/db/re/item_db_etc.yml,物品名称
ITEM,Rocker Egg,摇滚蝗虫的蛋,server/db/re/item_db_equip.yml,物品名称
ITEM,Rogue Card Box,刺客卡片箱,server/db/re/item_db_usable.yml,物品名称
ITEM,Rogue Shadow Shoes,流氓鞋子影子,server/db/re/item_db_equip.yml,物品名称
ITEM,Roguemaster's Bow,流氓大师之弓,server/db/re/item_db_equip.yml,物品名称
ITEM,Rolf Von Gigue 666,罗尔夫·冯·吉格 666,server/db/re/item_db_equip.yml,物品名称
ITEM,Romantic Flower,花瓣,server/db/re/item_db_equip.yml,物品名称
ITEM,Romantic Gent,老派浪漫,server/db/re/item_db_equip.yml,物品名称
ITEM,Romantic Leaf,草叶,server/db/re/item_db_equip.yml,物品名称
ITEM,Romantic White Flower,浪漫白花,server/db/re/item_db_equip.yml,物品名称
ITEM,Rookie Shadow Shield,新手盾牌影子,server/db/re/item_db_equip.yml,物品名称
ITEM,Roost Of Skelion,骷髅狮巢,server/db/re/item_db_equip.yml,宠物蛋名称
ITEM,Roots 3 Set Reward,Roots 3套装奖励,server/db/re/item_db_usable.yml,物品名称
ITEM,Roots 5 Set Reward,Roots 5套装奖励,server/db/re/item_db_usable.yml,物品名称
ITEM,Roots Activation Reward,Roots激活奖励,server/db/re/item_db_usable.yml,物品名称
ITEM,Roots Completion Reward,Roots完成奖励,server/db/re/item_db_usable.yml,物品名称
ITEM,Rosario Necklace,玫瑰念珠项链,server/db/re/item_db_equip.yml,物品名称
ITEM,Rosary,念珠,server/db/re/item_db_equip.yml,物品名称
ITEM,Rosary Box,念珠箱,server/db/re/item_db_usable.yml,物品名称
ITEM,Rosary Necklace,Rosary项链,server/db/re/item_db_equip.yml,物品名称
ITEM,Rose Bundle A,Rose组合包,server/db/re/item_db_usable.yml,物品名称
ITEM,Rose Hairband,Rose发带,server/db/re/item_db_equip.yml,物品名称
ITEM,Rose Knife,玫瑰小刀,server/db/re/item_db_etc.yml,物品名称
ITEM,Rose of Choice,选择之玫瑰,server/db/re/item_db_usable.yml,物品名称
ITEM,Rose Quartz,粉晶,server/db/re/item_db_etc.yml,物品名称
ITEM,Rotten Meat,腐肉,server/db/re/item_db_etc.yml,物品名称
ITEM,Rouge,胭脂,server/db/re/item_db_etc.yml,物品名称
ITEM,Rough Core,粗糙核心,server/db/re/item_db_equip.yml,物品名称
ITEM,Rough Mineral,未经精炼的矿石,server/db/re/item_db_etc.yml,物品名称
ITEM,Rough Zelunium Box,锆石原石箱,server/db/re/item_db_usable.yml,物品名称
ITEM,Round Shell,圆壳,server/db/re/item_db_etc.yml,物品名称
ITEM,Roween Egg,洛温蛋,server/db/re/item_db_equip.yml,宠物蛋名称
ITEM,Royal Bow,皇家之弓,server/db/re/item_db_equip.yml,物品名称
ITEM,Royal Certificate,皇家证明,server/db/re/item_db_etc.yml,物品名称
ITEM,Royal Chello,皇家大提琴,server/db/re/item_db_equip.yml,物品名称
ITEM,Royal Family Tea,王室茶,server/db/re/item_db_usable.yml,物品名称
ITEM,Royal Foxtail,法杖,server/db/re/item_db_equip.yml,物品名称
ITEM,Royal Guard Advanced Paradise Shadow Weapon,皇家卫士高级乐园团武器影子装备,server/db/re/item_db_equip.yml,物品名称
ITEM,Royal Guard Battle Armor,皇家守卫战斗铠甲,server/db/re/item_db_equip.yml,物品名称
ITEM,Royal Guard Battle Boots,皇家守卫战斗靴,server/db/re/item_db_equip.yml,物品名称
ITEM,Royal Guard Randel Card,皇家卫士兰德尔卡片,server/db/re/item_db_etc.yml,物品名称
ITEM,Royal Guard Seal Ring,皇家守卫封印戒指,server/db/re/item_db_equip.yml,物品名称
ITEM,Royal Guard Shadow Cube,皇家卫士影子立方体,server/db/re/item_db_usable.yml,物品名称
ITEM,Royal Guard Shadow Weapon,皇家卫士影子武器,server/db/re/item_db_equip.yml,影子装备名称
ITEM,Royal Guard Stone (Garment),皇家卫士石（披肩）,server/db/re/item_db_etc.yml,物品名称
ITEM,Royal Guard's Booster Shadow Weapon,增幅坠饰影子,server/db/re/item_db_equip.yml,物品名称
ITEM,Royal Jelly,蜂王浆,server/db/re/item_db_usable.yml,物品名称
ITEM,Royal Palace of Sorrow,Sorrow之皇家Palace,server/db/re/item_db_etc.yml,物品名称
ITEM,Royal Payon Cape,皇家Payon披风,server/db/re/item_db_equip.yml,物品名称
ITEM,Royal Secret Box,王室秘密箱,server/db/re/item_db_usable.yml,物品名称
ITEM,Royale Grade Mini Melon,Royale Grade迷你甜瓜,server/db/re/item_db_equip.yml,物品名称
ITEM,Ruber,鲁贝尔,server/db/re/item_db_equip.yml,物品名称
ITEM,Ruby,红宝石,server/db/re/item_db_etc.yml,物品名称
ITEM,Rudolph's Nose,鲁道夫的红鼻子,server/db/re/item_db_equip.yml,物品名称
ITEM,Rudra Bow Box,鲁德拉弓箱,server/db/re/item_db_usable.yml,物品名称
ITEM,Runaway Accelerator,失控加速器,server/db/re/item_db_equip.yml,物品名称
ITEM,Runaway Magic,暴走的魔法,server/db/re/item_db_etc.yml,物品名称
ITEM,Runaway Thoughtform Shoes,失控Thoughtform鞋,server/db/re/item_db_equip.yml,物品名称
ITEM,Rune Choco,符文巧克力,server/db/re/item_db_usable.yml,物品名称
ITEM,Rune Circlet,径圆形,server/db/re/item_db_equip.yml,物品名称
ITEM,Rune Greaves,符文Greaves,server/db/re/item_db_equip.yml,物品名称
ITEM,Rune Knight Advanced Paradise Shadow Weapon,符文骑士高级乐园团武器影子装备,server/db/re/item_db_equip.yml,物品名称
ITEM,Rune Knight Battle Armor,符文骑士战斗铠甲,server/db/re/item_db_equip.yml,物品名称
ITEM,Rune Knight Seyren (MVP) Card,符文骑士Seyren (MVP)卡片,server/db/re/item_db_etc.yml,物品名称
ITEM,Rune Knight Seyren Card,符文骑士塞伦卡片,server/db/re/item_db_etc.yml,物品名称
ITEM,Rune Knight Shadow Cube,符文骑士影子魔方,server/db/re/item_db_usable.yml,物品名称
ITEM,Rune Knight Shadow Weapon,符文骑士影子武器,server/db/re/item_db_equip.yml,影子装备名称
ITEM,Rune Knight Stone (Garment),符文骑士石（披肩）,server/db/re/item_db_etc.yml,物品名称
ITEM,Rune Knight Stone II (Garment),符文骑士石II（披风）,server/db/re/item_db_etc.yml,物品名称
ITEM,Rune Knight Stone II (Lower),符文骑士石II（下）,server/db/re/item_db_etc.yml,物品名称
ITEM,Rune Knight Stone II (Middle),符文骑士石II（中）,server/db/re/item_db_etc.yml,物品名称
ITEM,Rune Knight Stone II (Upper),符文骑士石II（上）,server/db/re/item_db_etc.yml,物品名称
ITEM,Rune Knight's Booster Shadow Weapon,符文骑士增幅武器影子,server/db/re/item_db_equip.yml,物品名称
ITEM,Rune of Deep Fire,深邃火之符文,server/db/re/item_db_etc.yml,物品名称
ITEM,Rune of Deep Poison,深邃毒之符文,server/db/re/item_db_etc.yml,物品名称
ITEM,Rune Seal,符文封印,server/db/re/item_db_etc.yml,物品名称
ITEM,Rune Soul Reform,符文灵魂改造,server/db/re/item_db_usable.yml,物品名称
ITEM,Rune Strawberry Cake,卢恩草莓蛋糕,server/db/re/item_db_usable.yml,物品名称
ITEM,Rune Tablet Engraving,符文石板Engraving,server/db/re/item_db_usable.yml,物品名称
ITEM,Rune Temple Reform,符文神殿改造,server/db/re/item_db_usable.yml,物品名称
ITEM,Rune Venom Reform,符文剧毒改造,server/db/re/item_db_usable.yml,物品名称
ITEM,Rune-Midgarts History Book,卢恩·米德加尔特史书,server/db/re/item_db_etc.yml,物品名称
ITEM,Rusty Arrow,生锈箭,server/db/re/item_db_etc.yml,物品名称
ITEM,RWC 2012 Pendant,RWC纪念吊坠,server/db/re/item_db_equip.yml,物品名称
ITEM,RWC 2012 Ring,RWC纪念戒指,server/db/re/item_db_equip.yml,物品名称
ITEM,RWC Anniversary Bread Envelope,RWC纪念面包袋,server/db/re/item_db_equip.yml,物品名称
ITEM,RWC Final Comp Box,RWC 决赛参赛纪念箱,server/db/re/item_db_usable.yml,物品名称
ITEM,RWC Memory Mace,RWC记忆锤,server/db/re/item_db_equip.yml,物品名称
ITEM,RWC Parti Box,RWC派对箱,server/db/re/item_db_usable.yml,物品名称
ITEM,RWC2010 Indonesia,RWC2010印度尼西亚,server/db/re/item_db_equip.yml,物品名称
ITEM,S,S 级,server/db/re/item_db_etc.yml,物品名称
ITEM,S-Atk,S-物理攻击,server/db/re/item_db_etc.yml,物品名称
ITEM,S-Avoid,S-回避,server/db/re/item_db_etc.yml,物品名称
ITEM,S-Cri,S-暴击,server/db/re/item_db_etc.yml,物品名称
ITEM,S-Matk,S-魔法攻击,server/db/re/item_db_etc.yml,物品名称
ITEM,S-MaxHP,S-最大生命值,server/db/re/item_db_etc.yml,物品名称
ITEM,S-Quick,S-迅捷,server/db/re/item_db_etc.yml,物品名称
ITEM,S. Attack Power 1Lv,S.攻击力量1Lv,server/db/re/item_db_etc.yml,物品名称
ITEM,S. Attack Power 2Lv,S.攻击力量2Lv,server/db/re/item_db_etc.yml,物品名称
ITEM,S. Attack Power 3Lv,S.攻击力量3Lv,server/db/re/item_db_etc.yml,物品名称
ITEM,S. Attack Power 4Lv,S.攻击力量4Lv,server/db/re/item_db_etc.yml,物品名称
ITEM,S. Attack Power 5Lv,S.攻击力量5Lv,server/db/re/item_db_etc.yml,物品名称
ITEM,S. Casting 1Lv,S.施法1Lv,server/db/re/item_db_etc.yml,物品名称
ITEM,S. Casting 2Lv,S.施法2Lv,server/db/re/item_db_etc.yml,物品名称
ITEM,S. Casting 3Lv,S.施法3Lv,server/db/re/item_db_etc.yml,物品名称
ITEM,S. Casting 4Lv,S.施法4Lv,server/db/re/item_db_etc.yml,物品名称
ITEM,S. Casting 5Lv,S.施法5Lv,server/db/re/item_db_etc.yml,物品名称
ITEM,S. Critical 1Lv,S.暴击1Lv,server/db/re/item_db_etc.yml,物品名称
ITEM,S. Critical 2Lv,S.暴击2Lv,server/db/re/item_db_etc.yml,物品名称
ITEM,S. Critical 3Lv,S.暴击3Lv,server/db/re/item_db_etc.yml,物品名称
ITEM,S. Critical 4Lv,S.暴击4Lv,server/db/re/item_db_etc.yml,物品名称
ITEM,S. Critical 5Lv,S.暴击5Lv,server/db/re/item_db_etc.yml,物品名称
ITEM,S. Magic Power 1Lv,S.魔法力量1Lv,server/db/re/item_db_etc.yml,物品名称
ITEM,S. Magic Power 2Lv,S.魔法力量2Lv,server/db/re/item_db_etc.yml,物品名称
ITEM,S. Magic Power 3Lv,S.魔法力量3Lv,server/db/re/item_db_etc.yml,物品名称
ITEM,S. Magic Power 4Lv,S.魔法力量4Lv,server/db/re/item_db_etc.yml,物品名称
ITEM,S. Magic Power 5Lv,S.魔法力量5Lv,server/db/re/item_db_etc.yml,物品名称
ITEM,S. Mentality 1Lv,S.精神1Lv,server/db/re/item_db_etc.yml,物品名称
ITEM,S. Mentality 2Lv,S.精神2Lv,server/db/re/item_db_etc.yml,物品名称
ITEM,S. Mentality 3Lv,S.精神3Lv,server/db/re/item_db_etc.yml,物品名称
ITEM,S. Mentality 4Lv,S.精神4Lv,server/db/re/item_db_etc.yml,物品名称
ITEM,S. Mentality 5Lv,S.精神5Lv,server/db/re/item_db_etc.yml,物品名称
ITEM,S. Vitality 1Lv,S. 体力 等级 1,server/db/re/item_db_etc.yml,物品名称
ITEM,S. Vitality 2Lv,S. 体力 等级 2,server/db/re/item_db_etc.yml,物品名称
ITEM,S. Vitality 3Lv,S. 体力 等级 3,server/db/re/item_db_etc.yml,物品名称
ITEM,S. Vitality 4Lv,S. 体力 等级 4,server/db/re/item_db_etc.yml,物品名称
ITEM,S. Vitality 5Lv,S. 体力 等级 5,server/db/re/item_db_etc.yml,物品名称
ITEM,Sacred Incense,神圣香,server/db/re/item_db_equip.yml,物品名称
ITEM,Safety Knuckle,安全拳套,server/db/re/item_db_equip.yml,物品名称
ITEM,Safety Lute,安全鲁特琴,server/db/re/item_db_equip.yml,物品名称
ITEM,Safety Ring,安全戒指,server/db/re/item_db_equip.yml,物品名称
ITEM,Safety Ring Box,安全戒指盒,server/db/re/item_db_usable.yml,物品名称
ITEM,Sage card box,贤者卡片箱,server/db/re/item_db_usable.yml,物品名称
ITEM,Sage Shadow Shoes,贤者鞋子影子,server/db/re/item_db_equip.yml,物品名称
ITEM,Sage's Diary,贤者日记,server/db/re/item_db_equip.yml,物品名称
ITEM,Sage's Shoes,Sage的鞋,server/db/re/item_db_equip.yml,物品名称
ITEM,Sagittarius Scr Box,Sagittarius Scr箱,server/db/re/item_db_usable.yml,物品名称
ITEM,Sakkat,笠帽,server/db/re/item_db_equip.yml,物品名称
ITEM,Sakrai's Regret,萨克莱的遗憾,server/db/re/item_db_usable.yml,物品名称
ITEM,Sakrai's Wraith,萨克莱的愤怒,server/db/re/item_db_usable.yml,物品名称
ITEM,Sakura Hairband,樱花发带,server/db/re/item_db_equip.yml,物品名称
ITEM,Sakura Milk Tea Hat,樱花奶茶帽,server/db/re/item_db_equip.yml,物品名称
ITEM,Sakura Mist Hat,樱雾帽子,server/db/re/item_db_equip.yml,物品名称
ITEM,Salamander Box,萨拉曼达箱,server/db/re/item_db_usable.yml,物品名称
ITEM,Sales Banner,特卖招牌,server/db/re/item_db_equip.yml,物品名称
ITEM,Salt Bag,盐袋,server/db/re/item_db_etc.yml,物品名称
ITEM,Samambaia Box,萨曼拜亚箱,server/db/re/item_db_usable.yml,物品名称
ITEM,Samples New Business Items,新事业商品样品,server/db/re/item_db_etc.yml,物品名称
ITEM,Samurai Spector Card,怨灵武士卡片,server/db/re/item_db_etc.yml,物品名称
ITEM,Sand for Work,工作所需沙子,server/db/re/item_db_etc.yml,物品名称
ITEM,Sandpaper,砂纸,server/db/re/item_db_etc.yml,物品名称
ITEM,Santa Suit,圣诞老人套装,server/db/re/item_db_equip.yml,物品名称
ITEM,SantaPoring Cap Box,圣诞波利帽箱,server/db/re/item_db_usable.yml,物品名称
ITEM,Sapha Hood,萨帕兜帽,server/db/re/item_db_equip.yml,物品名称
ITEM,Sapha Ring,萨帕戒指,server/db/re/item_db_equip.yml,物品名称
ITEM,Saphien's Armor of Ocean,萨菲恩的海洋铠甲,server/db/re/item_db_equip.yml,物品名称
ITEM,Sapphire,蓝宝石,server/db/re/item_db_etc.yml,物品名称
ITEM,Sarah's Left Earring,莎拉的左耳环,server/db/re/item_db_equip.yml,物品名称
ITEM,Sarah's Right Earring,莎拉的右耳环,server/db/re/item_db_equip.yml,物品名称
ITEM,Sardonyx,红玛瑙,server/db/re/item_db_etc.yml,物品名称
ITEM,Satanic Badge,Satanic徽章,server/db/re/item_db_etc.yml,物品名称
ITEM,Satanic Bone Helm,撒旦骨盔,server/db/re/item_db_equip.yml,物品名称
ITEM,Satanic Crown,Satanic王冠,server/db/re/item_db_equip.yml,物品名称
ITEM,Satanic Ring,撒旦戒指,server/db/re/item_db_equip.yml,物品名称
ITEM,Satanic Ring Box,邪神戒指箱,server/db/re/item_db_usable.yml,物品名称
ITEM,Satanic Ring Box2,撒旦戒指箱Ⅱ,server/db/re/item_db_usable.yml,物品名称
ITEM,Satellite Hairband,卫星发带,server/db/re/item_db_equip.yml,物品名称
ITEM,Savage Babe Egg,野蛮小猪的蛋,server/db/re/item_db_equip.yml,物品名称
ITEM,Savage Babe Exchange Ticket Box,小野猪交换券箱,server/db/re/item_db_usable.yml,物品名称
ITEM,Savage Impact Tuning Device,附魔石 311036,server/db/re/item_db_etc.yml,物品名称
ITEM,Savage Rabbit Shadow Cube,野兔影子魔方,server/db/re/item_db_usable.yml,物品名称
ITEM,Savage Shadow Armor,野蛮影子铠甲,server/db/re/item_db_equip.yml,影子装备名称
ITEM,Savage Shadow Shoes,野蛮影子鞋,server/db/re/item_db_equip.yml,影子装备名称
ITEM,Savory Herb Salad,香草拌菜,server/db/re/item_db_usable.yml,物品名称
ITEM,Scale Armor Fragment,鳞片铠甲碎片,server/db/re/item_db_etc.yml,物品名称
ITEM,Scalleg Flesh,Scalleg肉块,server/db/re/item_db_etc.yml,物品名称
ITEM,Scarlet Athame,绯红仪式短剑,server/db/re/item_db_equip.yml,物品名称
ITEM,Scatleton's Cage,骷髅兽的笼子,server/db/re/item_db_equip.yml,宠物装备名称
ITEM,Scholar Stone (Lower),教授石(下),server/db/re/item_db_etc.yml,物品名称
ITEM,Scholar Stone (Middle),教授石(中),server/db/re/item_db_etc.yml,物品名称
ITEM,Scholar Stone (Upper),教授石(上),server/db/re/item_db_etc.yml,物品名称
ITEM,School Bag,书包,server/db/re/item_db_equip.yml,物品名称
ITEM,School Uniform,学校Uniform,server/db/re/item_db_equip.yml,物品名称
ITEM,Schulang Card,舒朗卡片,server/db/re/item_db_etc.yml,物品名称
ITEM,Schwarzwald Pine Jubilee,施瓦茨瓦尔德松树庆典,server/db/re/item_db_usable.yml,物品名称
ITEM,Scissor Hunting Shadow Armor,剪刀狩猎铠甲影子,server/db/re/item_db_equip.yml,物品名称
ITEM,Scorpio Shoes,Scorpio鞋,server/db/re/item_db_equip.yml,物品名称
ITEM,Scorpio Stone,天蝎座石,server/db/re/item_db_etc.yml,物品名称
ITEM,Scorpion King Card,蝎子王卡片,server/db/re/item_db_etc.yml,物品名称
ITEM,Scrap Shatter,废料碎裂者,server/db/re/item_db_equip.yml,物品名称
ITEM,Scream Megaphone Box,呐喊扩音器箱,server/db/re/item_db_usable.yml,物品名称
ITEM,Screw Stuck in Head,时装·刺入头部的螺丝,server/db/re/item_db_equip.yml,物品名称
ITEM,Scroll of Fallen Angel Wings,堕天使之翼重置卷轴,server/db/re/item_db_usable.yml,物品名称
ITEM,Scroll of Time and Space,时间与Space之卷轴,server/db/re/item_db_equip.yml,物品名称
ITEM,Scuba Gear,潜水装备,server/db/re/item_db_equip.yml,物品名称
ITEM,Sea Dragon Armor,Sea龙铠甲,server/db/re/item_db_equip.yml,物品名称
ITEM,Sea God's Wrath,海神之怒,server/db/re/item_db_etc.yml,物品名称
ITEM,Sea Ink,墨汁球,server/db/re/item_db_usable.yml,物品名称
ITEM,Sea Witch's Foot,海女巫之脚,server/db/re/item_db_equip.yml,物品名称
ITEM,Sea-Otter Fur,海獭毛皮,server/db/re/item_db_etc.yml,物品名称
ITEM,Seagod Protector,Seagod守护者,server/db/re/item_db_equip.yml,物品名称
ITEM,Sealed Atroce Card,封印阿特罗斯卡片,server/db/re/item_db_etc.yml,物品名称
ITEM,Sealed Baphomet Card,封印巴风特卡片,server/db/re/item_db_etc.yml,物品名称
ITEM,Sealed Beelzebub Scroll,封印的贝尔泽布卷轴,server/db/re/item_db_usable.yml,物品名称
ITEM,Sealed Boitata Card,封印博伊塔塔卡片,server/db/re/item_db_etc.yml,物品名称
ITEM,Sealed Boss Card Album,封印Boss卡片Album,server/db/re/item_db_usable.yml,物品名称
ITEM,Sealed Card Converter,封印卡片Converter,server/db/re/item_db_usable.yml,物品名称
ITEM,Sealed Champion Card,封印的冠军卡片,server/db/re/item_db_etc.yml,物品名称
ITEM,Sealed Clown Card,封印的克劳恩卡片,server/db/re/item_db_etc.yml,物品名称
ITEM,Sealed Creator Card,封印的创造者卡片,server/db/re/item_db_etc.yml,物品名称
ITEM,Sealed Dangerous Box,封印危险箱,server/db/re/item_db_etc.yml,物品名称
ITEM,Sealed Dark Lord Scroll,封印的黑暗领主卷轴,server/db/re/item_db_usable.yml,物品名称
ITEM,Sealed Dimensional Key,封印次元钥匙,server/db/re/item_db_equip.yml,物品名称
ITEM,Sealed Dimensional Keyring,封印次元Keyring,server/db/re/item_db_equip.yml,物品名称
ITEM,Sealed Dimensional Lock,封印次元Lock,server/db/re/item_db_equip.yml,物品名称
ITEM,Sealed Fallen Bishop Hibram Card,封印堕落主教希布拉姆卡片,server/db/re/item_db_etc.yml,物品名称
ITEM,Sealed Gloom Under Night Scroll,封印的古鲁姆安德奈特卷轴,server/db/re/item_db_usable.yml,物品名称
ITEM,Sealed Gypsy Card,封印的冷艳舞姬卡片,server/db/re/item_db_etc.yml,物品名称
ITEM,Sealed Hat Box II,封印的帽子箱子 II,server/db/re/item_db_usable.yml,物品名称
ITEM,Sealed High Wizard Card,封印高级Wizard卡片,server/db/re/item_db_etc.yml,物品名称
ITEM,Sealed Kiel-D-01 Scroll,封印的基尔-D-01卷轴,server/db/re/item_db_usable.yml,物品名称
ITEM,Sealed Letter,封印Letter,server/db/re/item_db_etc.yml,物品名称
ITEM,Sealed Lord of The Dead Card,封印死灵领主卡片,server/db/re/item_db_etc.yml,物品名称
ITEM,Sealed Mado Sword,封印的魔导剑,server/db/re/item_db_equip.yml,物品名称
ITEM,Sealed Maya Card,封印蜘蛛女王卡片,server/db/re/item_db_etc.yml,物品名称
ITEM,Sealed Memory of Thanatos Card,封印塔纳托斯的记忆卡片,server/db/re/item_db_etc.yml,物品名称
ITEM,Sealed Moonlight Flower Scroll,封印的月夜花卷轴,server/db/re/item_db_usable.yml,物品名称
ITEM,Sealed Paladin Card,封印的圣殿十字军卡片,server/db/re/item_db_etc.yml,物品名称
ITEM,Sealed Phreeoni Card,封印皮里恩卡片,server/db/re/item_db_etc.yml,物品名称
ITEM,Sealed Professor Card,封印的教授卡片,server/db/re/item_db_etc.yml,物品名称
ITEM,Sealed Queen Scaraba Card,封印甲虫女王卡片,server/db/re/item_db_etc.yml,物品名称
ITEM,Sealed Randgris Card,封印Randgris卡片,server/db/re/item_db_etc.yml,物品名称
ITEM,Sealed Red Lotus Sword,封印的红莲之剑,server/db/re/item_db_equip.yml,物品名称
ITEM,Sealed Rune Stone,封印符文石,server/db/re/item_db_etc.yml,物品名称
ITEM,Sealed Stalker Card,封印的流氓卡片,server/db/re/item_db_etc.yml,物品名称
ITEM,Sealed Venomous Chimera Card,封印Venomous Chimera卡片,server/db/re/item_db_etc.yml,物品名称
ITEM,Sealed Wet Card,沾水的封印印章,server/db/re/item_db_usable.yml,物品名称
ITEM,Sealed White Lady Card,封印白素贞卡片,server/db/re/item_db_etc.yml,物品名称
ITEM,Sealing bandage,封印bandage,server/db/re/item_db_etc.yml,物品名称
ITEM,Seashell hairpin,Seashell发夹,server/db/re/item_db_etc.yml,物品名称
ITEM,Seaweed Belt,海藻腰带,server/db/re/item_db_etc.yml,物品名称
ITEM,Second Dimensional Tuning (Submarine Anchor),Second次元Tuning (Submarine Anchor),server/db/re/item_db_usable.yml,物品名称
ITEM,Second Tuning Device,附魔石 311045,server/db/re/item_db_etc.yml,物品名称
ITEM,Secret Documents,绝密文件,server/db/re/item_db_etc.yml,物品名称
ITEM,Secret Facility Activation Reward,Secret Facility激活奖励,server/db/re/item_db_usable.yml,物品名称
ITEM,Secret Orders Of Prophet K,预言家 K 的密信,server/db/re/item_db_etc.yml,物品名称
ITEM,Sedora Hat,Sedora帽,server/db/re/item_db_equip.yml,物品名称
ITEM,Sedora Scroll,Sedora卷轴,server/db/re/item_db_usable.yml,物品名称
ITEM,Seed For Experiment,实验用种子,server/db/re/item_db_etc.yml,物品名称
ITEM,Semi-Long Costume Box,服装蓬松半长发箱,server/db/re/item_db_usable.yml,物品名称
ITEM,Senior Assistant Bot Card,高级研究助手机器人卡片,server/db/re/item_db_etc.yml,物品名称
ITEM,Senior Broken Gardener Card,高级故障园丁贝塔卡片,server/db/re/item_db_etc.yml,物品名称
ITEM,Senior Dry Rafflesia Card,高级干燥拉弗雷西亚卡片,server/db/re/item_db_etc.yml,物品名称
ITEM,Senior Red Pepper Card,高级红椒卡片,server/db/re/item_db_etc.yml,物品名称
ITEM,Senior Special Alnoldi Card,高级特制阿尔诺迪卡片,server/db/re/item_db_etc.yml,物品名称
ITEM,Sentimental Shadow Earring,感伤耳环影子,server/db/re/item_db_equip.yml,物品名称
ITEM,Sentimental Shadow Pendant,感伤坠饰影子,server/db/re/item_db_equip.yml,物品名称
ITEM,Sentimental Shadow Weapon,感伤武器影子,server/db/re/item_db_equip.yml,物品名称
ITEM,Serin's Gold Ring,塞琳的金戒指,server/db/re/item_db_equip.yml,物品名称
ITEM,Serum,血清,server/db/re/item_db_usable.yml,物品名称
ITEM,Sesrumnir Commemoration Ring,Sesrumnir Commemoration戒指,server/db/re/item_db_equip.yml,物品名称
ITEM,Shackles,脚镣,server/db/re/item_db_equip.yml,物品名称
ITEM,Shadow 9 Refine Hammer,影子 9 级精炼锤,server/db/re/item_db_usable.yml,物品名称
ITEM,Shadow Armor Scroll Box(5),暗影铠甲卷轴 5 个箱,server/db/re/item_db_usable.yml,物品名称
ITEM,Shadow Booster,暗影增幅器,server/db/re/item_db_equip.yml,物品名称
ITEM,Shadow Box,影子箱,server/db/re/item_db_usable.yml,物品名称
ITEM,Shadow Box II,影子箱 II,server/db/re/item_db_usable.yml,物品名称
ITEM,Shadow Chaser Advanced Paradise Shadow Weapon,暗影追踪者高级乐园团武器影子装备,server/db/re/item_db_equip.yml,物品名称
ITEM,Shadow Chaser Battle Armor,影子追踪者战斗铠甲,server/db/re/item_db_equip.yml,物品名称
ITEM,Shadow Chaser Gertie Card,十字斩首者盖帝卡片,server/db/re/item_db_etc.yml,物品名称
ITEM,Shadow Chaser Shadow Cube,影子追踪者影子立方体,server/db/re/item_db_usable.yml,物品名称
ITEM,Shadow Chaser Stone (Bottom),影狼石（下）,server/db/re/item_db_etc.yml,物品名称
ITEM,Shadow Chaser Stone (Garment),影子追踪者石（披肩）,server/db/re/item_db_etc.yml,物品名称
ITEM,Shadow Chaser Stone (Middle),影狼石（中）,server/db/re/item_db_etc.yml,物品名称
ITEM,Shadow Chaser Stone (Top),影狼石（上）,server/db/re/item_db_etc.yml,物品名称
ITEM,Shadow Chaser's Booster Shadow Weapon,暗影追踪者强化武器影子装备,server/db/re/item_db_equip.yml,物品名称
ITEM,Shadow Cross Soul (Eternal Slash),影子十字灵魂(Eternal Slash),server/db/re/item_db_etc.yml,物品名称
ITEM,Shadow Cross Soul (Impact Crater),影子十字灵魂(Impact Crater),server/db/re/item_db_etc.yml,物品名称
ITEM,Shadow Cross Soul (Savage Impact),影子十字灵魂(Savage Impact),server/db/re/item_db_etc.yml,物品名称
ITEM,Shadow Cross Soul (Shadow Stab),影子十字灵魂(影子Stab),server/db/re/item_db_etc.yml,物品名称
ITEM,Shadow Cross Stone (Garment),影子十字石(披肩),server/db/re/item_db_etc.yml,物品名称
ITEM,Shadow Cross Stone II (Garment),暗影十字石II（披风）,server/db/re/item_db_etc.yml,物品名称
ITEM,Shadow Crown,暗影公爵,server/db/re/item_db_equip.yml,物品名称
ITEM,Shadow Earring,影子耳环,server/db/re/item_db_equip.yml,影子装备名称
ITEM,Shadow Effect,暗影效果,server/db/re/item_db_etc.yml,物品名称
ITEM,Shadow Magical Package,魔法影子礼包,server/db/re/item_db_usable.yml,物品名称
ITEM,Shadow Pendant,影子吊坠,server/db/re/item_db_equip.yml,影子装备名称
ITEM,Shadow Physical Package,物理影子礼包,server/db/re/item_db_usable.yml,物品名称
ITEM,Shadow Ring,暗影戒指,server/db/re/item_db_equip.yml,物品名称
ITEM,Shadow Set Box II,影子箱 II 套装,server/db/re/item_db_usable.yml,物品名称
ITEM,Shadow Shield,影子盾牌,server/db/re/item_db_equip.yml,影子装备名称
ITEM,Shadow Shoes,影子鞋,server/db/re/item_db_equip.yml,影子装备名称
ITEM,Shadow Spellbook Box,影子魔法书箱,server/db/re/item_db_usable.yml,物品名称
ITEM,Shadow Stat Box,影子箱Ⅱ,server/db/re/item_db_usable.yml,物品名称
ITEM,Shadowdecon Gemstone Box,影子德奥肯原石箱,server/db/re/item_db_usable.yml,物品名称
ITEM,Shaggy Muffler,旧围巾,server/db/re/item_db_etc.yml,物品名称
ITEM,Shaman Earrings,萨满耳环,server/db/re/item_db_equip.yml,物品名称
ITEM,Shaman Hat,萨满帽,server/db/re/item_db_equip.yml,物品名称
ITEM,Shaman's Document,萨满古文书,server/db/re/item_db_etc.yml,物品名称
ITEM,Shamrock Flower Ring,Shamrock花戒指,server/db/re/item_db_etc.yml,物品名称
ITEM,Sharel Shield,夏雷尔盾,server/db/re/item_db_equip.yml,物品名称
ITEM,Shark Hat,鲨鱼帽,server/db/re/item_db_equip.yml,物品名称
ITEM,Shark Hat Box,鲨鱼帽箱,server/db/re/item_db_usable.yml,物品名称
ITEM,Shark Skewer,烤鲨鱼串,server/db/re/item_db_usable.yml,物品名称
ITEM,Sharp Arrow,锐利箭,server/db/re/item_db_etc.yml,物品名称
ITEM,Sharpened Legbone of Ghoul,食尸鬼的锋利腿骨,server/db/re/item_db_equip.yml,物品名称
ITEM,Shaving Cream,剃须膏,server/db/re/item_db_equip.yml,物品名称
ITEM,Shaving Foam,剃须泡沫,server/db/re/item_db_equip.yml,物品名称
ITEM,Sheila Hairnet,黑兔发带,server/db/re/item_db_equip.yml,物品名称
ITEM,Shell Fish Card,贝壳鱼卡片,server/db/re/item_db_etc.yml,物品名称
ITEM,Shell of Resistance Box,抵抗之盾箱,server/db/re/item_db_usable.yml,物品名称
ITEM,Shelter Lv1,安息 Lv1,server/db/re/item_db_etc.yml,物品名称
ITEM,Shelter Lv2,安息 Lv2,server/db/re/item_db_etc.yml,物品名称
ITEM,Shelter Lv3,安息 Lv3,server/db/re/item_db_etc.yml,物品名称
ITEM,Shelter Lv4,安息 Lv4,server/db/re/item_db_etc.yml,物品名称
ITEM,Shelter Lv5,安息 Lv5,server/db/re/item_db_etc.yml,物品名称
ITEM,Sheratan,舍拉坦,server/db/re/item_db_equip.yml,物品名称
ITEM,Shiba Says Enriched Refine Package,Shiba Says浓缩Refine礼包,server/db/re/item_db_usable.yml,物品名称
ITEM,Shiba Says Nyangvine Package,Shiba Says Nyangvine礼包,server/db/re/item_db_usable.yml,物品名称
ITEM,Shield,盾牌,server/db/re/item_db_equip.yml,物品名称
ITEM,Shield Chain Tuning Device,附魔石 311048,server/db/re/item_db_etc.yml,物品名称
ITEM,Shield of Angel,天使之盾牌,server/db/re/item_db_equip.yml,物品名称
ITEM,Shield Of King,王之盾,server/db/re/item_db_etc.yml,物品名称
ITEM,Shield Shooting Tuning Device,附魔石 311047,server/db/re/item_db_etc.yml,物品名称
ITEM,Shining Egg,闪耀蛋,server/db/re/item_db_usable.yml,物品名称
ITEM,Shining Electric Bulb Hairband,闪亮灯泡发带,server/db/re/item_db_equip.yml,物品名称
ITEM,Shining Holy Water,闪耀圣水,server/db/re/item_db_equip.yml,装备名称
ITEM,Shining Ice Coral,闪耀冰Coral,server/db/re/item_db_etc.yml,物品名称
ITEM,Shining Priest's Cloak,闪耀Priest的斗篷,server/db/re/item_db_equip.yml,物品名称
ITEM,Shining Priest's Ring,闪耀Priest的戒指,server/db/re/item_db_equip.yml,物品名称
ITEM,Shining Sunset Magic Stone,闪耀夕阳魔法石,server/db/re/item_db_etc.yml,物品名称
ITEM,Shining Turquoise Magic Stone,闪耀绿松石魔法石,server/db/re/item_db_etc.yml,物品名称
ITEM,Shinkiro Stone (Garment),Shinkiro石(披肩),server/db/re/item_db_etc.yml,物品名称
ITEM,Shinobi Egg,忍者之蛋,server/db/re/item_db_equip.yml,物品名称
ITEM,Shiny Coin,闪亮硬币,server/db/re/item_db_equip.yml,物品名称
ITEM,Shiny Doll Button,闪亮的玩偶纽扣,server/db/re/item_db_usable.yml,物品名称
ITEM,Shiranui Stone (Garment),Shiranui石(披肩),server/db/re/item_db_etc.yml,物品名称
ITEM,Shiver Katar Modification Cube,战栗卡塔尔改造魔方,server/db/re/item_db_usable.yml,物品名称
ITEM,Shoes Of Affection,慈爱之鞋,server/db/re/item_db_equip.yml,物品名称
ITEM,Shoes Of Judgement,审判之鞋,server/db/re/item_db_equip.yml,物品名称
ITEM,Shoes of Punishment,惩罚之鞋,server/db/re/item_db_equip.yml,物品名称
ITEM,Shoot,新芽,server/db/re/item_db_etc.yml,物品名称
ITEM,Short Bat Hair,短蝙蝠毛,server/db/re/item_db_etc.yml,物品名称
ITEM,Side Cap,侧帽,server/db/re/item_db_equip.yml,物品名称
ITEM,Sidewinder Card,赛依连卡片,server/db/re/item_db_etc.yml,物品名称
ITEM,Siege Blue Potion,城战用蓝色药水,server/db/re/item_db_usable.yml,物品名称
ITEM,Siege Purple Potion,城战用紫色药水,server/db/re/item_db_usable.yml,物品名称
ITEM,Siege White Potion,城战用白色药水,server/db/re/item_db_usable.yml,物品名称
ITEM,Signature Notebook,签名簿,server/db/re/item_db_etc.yml,物品名称
ITEM,Signet of Concentration 1Lv,专注1Lv之印章,server/db/re/item_db_etc.yml,物品名称
ITEM,Signet of Concentration 2Lv,专注2Lv之印章,server/db/re/item_db_etc.yml,物品名称
ITEM,Signet of Concentration 3Lv,专注3Lv之印章,server/db/re/item_db_etc.yml,物品名称
ITEM,Signet of Concentration 4Lv,专注4Lv之印章,server/db/re/item_db_etc.yml,物品名称
ITEM,Signet of Concentration 5Lv,专注5Lv之印章,server/db/re/item_db_etc.yml,物品名称
ITEM,Signet of Power 1Lv,力量1Lv之印章,server/db/re/item_db_etc.yml,物品名称
ITEM,Signet of Power 2Lv,力量2Lv之印章,server/db/re/item_db_etc.yml,物品名称
ITEM,Signet of Power 3Lv,力量3Lv之印章,server/db/re/item_db_etc.yml,物品名称
ITEM,Signet of Power 4Lv,力量4Lv之印章,server/db/re/item_db_etc.yml,物品名称
ITEM,Signet of Power 5Lv,力量5Lv之印章,server/db/re/item_db_etc.yml,物品名称
ITEM,Signet of Spell 1Lv,法术1Lv之印章,server/db/re/item_db_etc.yml,物品名称
ITEM,Signet of Spell 2Lv,法术2Lv之印章,server/db/re/item_db_etc.yml,物品名称
ITEM,Signet of Star,星之印记,server/db/re/item_db_equip.yml,物品名称
ITEM,Sigrun Shadow Box,赛格伦影子箱,server/db/re/item_db_usable.yml,物品名称
ITEM,Silf Manteau Box,希尔夫斗篷箱,server/db/re/item_db_usable.yml,物品名称
ITEM,Silit Pong Box,希利特·庞箱,server/db/re/item_db_usable.yml,物品名称
ITEM,Silk Hat of Earth,大地之丝绸帽,server/db/re/item_db_equip.yml,物品名称
ITEM,Silk Mat,丝垫,server/db/re/item_db_etc.yml,物品名称
ITEM,Silky Hair of Rabbit,月兔的柔软毛,server/db/re/item_db_etc.yml,物品名称
ITEM,Silver Acidus Card,银色艾斯戴斯卡片,server/db/re/item_db_etc.yml,物品名称
ITEM,Silver Arrow,银箭,server/db/re/item_db_etc.yml,物品名称
ITEM,Silver Bracelet,银手镯,server/db/re/item_db_etc.yml,物品名称
ITEM,Silver Bunny Hairband,银色兔子发带,server/db/re/item_db_equip.yml,物品名称
ITEM,Silver Cartridge,弹药筒·银,server/db/re/item_db_usable.yml,物品名称
ITEM,Silver Choco Coin,银色巧克力硬币,server/db/re/item_db_etc.yml,物品名称
ITEM,Silver Christmas Ring,圣诞银戒指,server/db/re/item_db_equip.yml,物品名称
ITEM,Silver Guard,银盾,server/db/re/item_db_equip.yml,物品名称
ITEM,Silver Knife of Chastity,贞洁银刀,server/db/re/item_db_usable.yml,物品名称
ITEM,Silver Ring,银戒指,server/db/re/item_db_equip.yml,物品名称
ITEM,Silver Robe,银色长袍,server/db/re/item_db_equip.yml,物品名称
ITEM,Silver Statue,银制天使像,server/db/re/item_db_usable.yml,物品名称
ITEM,Silver Treasure Box,银色宝藏箱,server/db/re/item_db_usable.yml,物品名称
ITEM,Silvervine Chocoball,木天蓼巧克力球,server/db/re/item_db_usable.yml,物品名称
ITEM,Silvervine Shadow Cube,猫薄荷影子魔方,server/db/re/item_db_usable.yml,物品名称
ITEM,Simulation Juncea Card,Simulation Juncea卡片,server/db/re/item_db_etc.yml,物品名称
ITEM,Sin Sun Jeonsul,Sin太阳Jeonsul,server/db/re/item_db_etc.yml,物品名称
ITEM,Singing Bird,时装·歌唱的小鸟,server/db/re/item_db_equip.yml,物品名称
ITEM,Singing Flower,歌唱花,server/db/re/item_db_usable.yml,物品名称
ITEM,Single Union Badge,单身部队成员证明,server/db/re/item_db_etc.yml,物品名称
ITEM,Siorava Card,希奥拉瓦卡片,server/db/re/item_db_etc.yml,物品名称
ITEM,Six Shooter,六连发,server/db/re/item_db_equip.yml,物品名称
ITEM,Skeggiold Card,斯凯格尔特卡片,server/db/re/item_db_etc.yml,物品名称
ITEM,Skia Nerius (Sign Stamp) Card,Skia Nerius (Sign Stamp)卡片,server/db/re/item_db_etc.yml,物品名称
ITEM,Skill Shadow Armor Recipe,技能铠甲影子组合书,server/db/re/item_db_usable.yml,物品名称
ITEM,Skill Shadow Earring Recipe,技能耳环影子组合书,server/db/re/item_db_usable.yml,物品名称
ITEM,Skill Shadow Pendant Recipe,技能吊坠影子组合书,server/db/re/item_db_usable.yml,物品名称
ITEM,Skill Shadow Shield Recipe,技能盾牌影子组合书,server/db/re/item_db_usable.yml,物品名称
ITEM,Skill Shadow Shoes Recipe,技能鞋子影子组合书,server/db/re/item_db_usable.yml,物品名称
ITEM,Skipskipper Fin,Skipskipper鱼鳍,server/db/re/item_db_etc.yml,物品名称
ITEM,Skogul Card,斯科格尔卡片,server/db/re/item_db_etc.yml,物品名称
ITEM,Skull Hood,骷髅兜帽,server/db/re/item_db_equip.yml,物品名称
ITEM,Skull Ring,头骨戒指,server/db/re/item_db_equip.yml,物品名称
ITEM,Sky Blow Ring,天空Blow戒指,server/db/re/item_db_equip.yml,物品名称
ITEM,Sky Emperor Soul (Sky Moon),天空皇帝灵魂(天空月亮),server/db/re/item_db_etc.yml,物品名称
ITEM,Sky Emperor Soul (Sky Sun),天空皇帝灵魂(天空太阳),server/db/re/item_db_etc.yml,物品名称
ITEM,Sky Emperor Soul (Star Light Kick),天空皇帝灵魂(星光Kick),server/db/re/item_db_etc.yml,物品名称
ITEM,Sky Fortress Ticket,地下城使用券,server/db/re/item_db_usable.yml,物品名称
ITEM,Sky Fortress Ticket 1 Hour Box,地下城使用券 1 小时箱,server/db/re/item_db_usable.yml,物品名称
ITEM,Sky Fortress Ticket 3 Hours Box,地下城使用券 3 小时箱,server/db/re/item_db_usable.yml,物品名称
ITEM,Sky Helm,天空头盔,server/db/re/item_db_equip.yml,物品名称
ITEM,Sky Medal,天空Medal,server/db/re/item_db_etc.yml,物品名称
ITEM,Sky Petite Card,天波利卡片,server/db/re/item_db_etc.yml,物品名称
ITEM,Sky Rune Crown (Cardinal),天空符文王冠(Cardinal),server/db/re/item_db_equip.yml,物品名称
ITEM,Sky Rune Crown (Hyper Novice),天空符文王冠(超能初心者),server/db/re/item_db_equip.yml,物品名称
ITEM,Sky Rune Crown (Inquisitor),天空符文王冠(审判者),server/db/re/item_db_equip.yml,物品名称
ITEM,Sky Rune Crown (Sky Emperor),天空符文王冠(天空皇帝),server/db/re/item_db_equip.yml,物品名称
ITEM,Sky Rune Crown (Windhawk),天空符文王冠(Windhawk),server/db/re/item_db_equip.yml,物品名称
ITEM,Slate Sword,石板剑,server/db/re/item_db_equip.yml,物品名称
ITEM,Slate Sword Remodeling Cube,石板剑改造魔方,server/db/re/item_db_usable.yml,物品名称
ITEM,Slayer,杀手,server/db/re/item_db_equip.yml,物品名称
ITEM,Sleep Arrow,睡眠箭,server/db/re/item_db_etc.yml,物品名称
ITEM,Sleeper Hat,催眠帽,server/db/re/item_db_equip.yml,物品名称
ITEM,Sleeping Cat,Sleeping猫,server/db/re/item_db_equip.yml,物品名称
ITEM,Sloth Bible,暴食圣经,server/db/re/item_db_equip.yml,物品名称
ITEM,Sloth Text,怠惰教本,server/db/re/item_db_equip.yml,物品名称
ITEM,Slug Ammunition H,重弹H,server/db/re/item_db_etc.yml,物品名称
ITEM,Slug Ammunition L,重弹L,server/db/re/item_db_etc.yml,物品名称
ITEM,Slug Ammunition M,重弹M,server/db/re/item_db_etc.yml,物品名称
ITEM,Small Devil Horns,饰品,server/db/re/item_db_equip.yml,物品名称
ITEM,Small Deviling Hat,小型Deviling帽,server/db/re/item_db_equip.yml,物品名称
ITEM,Small Ember,小火种,server/db/re/item_db_etc.yml,物品名称
ITEM,Small Flower Branches,小巧花枝,server/db/re/item_db_usable.yml,物品名称
ITEM,Small Hearts,小心形,server/db/re/item_db_usable.yml,物品名称
ITEM,Small Hearts Box,小爱心箱,server/db/re/item_db_usable.yml,物品名称
ITEM,Small Jellopy,小型Jellopy,server/db/re/item_db_etc.yml,物品名称
ITEM,Small Life Potion 10 Box,小型生命药水10箱,server/db/re/item_db_usable.yml,物品名称
ITEM,Small Life Potion 30 Box,小型生命药水30箱,server/db/re/item_db_usable.yml,物品名称
ITEM,Small Life Potion Box(10),小型生命水 10 个箱,server/db/re/item_db_usable.yml,物品名称
ITEM,Small Life Potion Box(50),小型生命水 50 个箱,server/db/re/item_db_usable.yml,物品名称
ITEM,Small notebook and fountain pen,小型notebook与fountain pen,server/db/re/item_db_etc.yml,物品名称
ITEM,Small pile of bones,小骨堆,server/db/re/item_db_etc.yml,物品名称
ITEM,Small Poring Band,小型波利发带,server/db/re/item_db_equip.yml,物品名称
ITEM,Small Ribbons,小缎带,server/db/re/item_db_equip.yml,物品名称
ITEM,Small Shadow Weapon,小型武器影子,server/db/re/item_db_equip.yml,物品名称
ITEM,Small Stone (Upper),小型石（上段）,server/db/re/item_db_etc.yml,物品名称
ITEM,Smelting Mocadas Equipment 9~10,Smelting Mocadas装备9~10,server/db/re/item_db_usable.yml,物品名称
ITEM,Smelting Ore Box X,爱德华佐达召唤 EX 箱,server/db/re/item_db_usable.yml,物品名称
ITEM,Smelting Ore Box X (10),艾莉洁佐达召唤 EX 箱,server/db/re/item_db_usable.yml,物品名称
ITEM,Smiling Mask,微笑面具,server/db/re/item_db_equip.yml,物品名称
ITEM,Smokie Egg,烟斗猴的蛋,server/db/re/item_db_equip.yml,物品名称
ITEM,Smokie Leaf,变身树叶,server/db/re/item_db_equip.yml,物品名称
ITEM,SN Book Basic,超级初学者基础书,server/db/re/item_db_etc.yml,物品名称
ITEM,SN Book Misc,超级初学者杂记,server/db/re/item_db_etc.yml,物品名称
ITEM,SN Book Practice,超级初学者练习书,server/db/re/item_db_etc.yml,物品名称
ITEM,Snake Shape Dagger Piece,Snake形态短剑Piece,server/db/re/item_db_etc.yml,物品名称
ITEM,Snake Shape Ornament,Snake形态Ornament,server/db/re/item_db_etc.yml,物品名称
ITEM,Snake Shape Rosary,Snake形态Rosary,server/db/re/item_db_etc.yml,物品名称
ITEM,Snake Shape Stick,Snake形态棍,server/db/re/item_db_etc.yml,物品名称
ITEM,Sniper Goggles,狙击手,server/db/re/item_db_equip.yml,物品名称
ITEM,Sniper Stone (Lower),狙击手石（下）,server/db/re/item_db_etc.yml,物品名称
ITEM,Sniper Stone (Middle),狙击手石（中）,server/db/re/item_db_etc.yml,物品名称
ITEM,Sniper Stone (Upper),狙击手石（上）,server/db/re/item_db_etc.yml,物品名称
ITEM,Sniper Stone II (Bottom),狙击手石II（下）,server/db/re/item_db_etc.yml,物品名称
ITEM,Sniper Stone II (Middle),狙击手石II（中）,server/db/re/item_db_etc.yml,物品名称
ITEM,Sniper Stone II (Top),狙击手石II（上）,server/db/re/item_db_etc.yml,物品名称
ITEM,Sniping Shoes,Sniping鞋,server/db/re/item_db_equip.yml,物品名称
ITEM,Sniping Suit,狙击套装,server/db/re/item_db_equip.yml,物品名称
ITEM,Snow Candy,冰糖,server/db/re/item_db_usable.yml,物品名称
ITEM,Snow Cookie,雪饼干,server/db/re/item_db_usable.yml,物品名称
ITEM,Snow Festa Card Pack,雪花卡片信封,server/db/re/item_db_usable.yml,物品名称
ITEM,Snow Flower Activation Reward,雪花激活奖励,server/db/re/item_db_usable.yml,物品名称
ITEM,Snow Flower Completion Reward,雪花完成奖励,server/db/re/item_db_usable.yml,物品名称
ITEM,Snow Flower Festival Giftbox,雪花节礼盒,server/db/re/item_db_usable.yml,物品名称
ITEM,Snow Powder,雪粉,server/db/re/item_db_usable.yml,物品名称
ITEM,Snowball,雪球,server/db/re/item_db_etc.yml,物品名称
ITEM,Snowflower Armor Enchant (Accessory A),Snowflower铠甲附魔(饰品),server/db/re/item_db_usable.yml,物品名称
ITEM,Snowflower Armor Enchant (Accessory B),Snowflower铠甲附魔(饰品B),server/db/re/item_db_usable.yml,物品名称
ITEM,Snowflower Armor Enchant (Garment),Snowflower铠甲附魔(披肩),server/db/re/item_db_usable.yml,物品名称
ITEM,Snowflower Armor Enchant (Shoes),Snowflower铠甲附魔(鞋),server/db/re/item_db_usable.yml,物品名称
ITEM,Soap Base,肥皂原料,server/db/re/item_db_etc.yml,物品名称
ITEM,Soaring Physical Armor,力量涌现的铠甲,server/db/re/item_db_equip.yml,物品名称
ITEM,Soccer Ball,足球,server/db/re/item_db_etc.yml,物品名称
ITEM,Soccer Cake,足球蛋糕,server/db/re/item_db_usable.yml,物品名称
ITEM,Soccer Shoes,足球鞋,server/db/re/item_db_etc.yml,物品名称
ITEM,Soft Feather,柔软羽毛,server/db/re/item_db_etc.yml,物品名称
ITEM,Soft Fluorescent Cell (Sour),柔软荧光细胞(酸味),server/db/re/item_db_etc.yml,物品名称
ITEM,Soft Lava Jelly,柔软熔岩果冻,server/db/re/item_db_etc.yml,物品名称
ITEM,Sograt Lucky Scroll,Sograt幸运卷轴,server/db/re/item_db_usable.yml,物品名称
ITEM,Sohee Egg,小熙的蛋,server/db/re/item_db_equip.yml,物品名称
ITEM,Sol Shield,太阳盾,server/db/re/item_db_equip.yml,物品名称
ITEM,Sol Shoes,太阳之鞋,server/db/re/item_db_equip.yml,装备名称
ITEM,Solace Lv1,慰藉 Lv1,server/db/re/item_db_etc.yml,物品名称
ITEM,Solace Lv2,慰藉 Lv2,server/db/re/item_db_etc.yml,物品名称
ITEM,Solace Lv3,慰藉 Lv3,server/db/re/item_db_etc.yml,物品名称
ITEM,Solace Lv4,慰藉 Lv4,server/db/re/item_db_etc.yml,物品名称
ITEM,Solace Lv5,慰藉 Lv5,server/db/re/item_db_etc.yml,物品名称
ITEM,Solar Hat,太阳帽,server/db/re/item_db_equip.yml,物品名称
ITEM,Solar Sword Box,太阳剑箱,server/db/re/item_db_usable.yml,物品名称
ITEM,Solid Shadow Armor,坚固影子铠甲,server/db/re/item_db_equip.yml,物品名称
ITEM,Solid Shadow Earring,坚固影子耳环,server/db/re/item_db_equip.yml,物品名称
ITEM,Solid Shadow Pendant,坚固影子坠饰,server/db/re/item_db_equip.yml,物品名称
ITEM,Solid Shadow Weapon,坚固影子武器,server/db/re/item_db_equip.yml,物品名称
ITEM,Solomon's Pendant,Solomon的吊坠,server/db/re/item_db_equip.yml,物品名称
ITEM,Sombre Shield,手盾,server/db/re/item_db_equip.yml,物品名称
ITEM,Sombre Shoes,阴沉之鞋,server/db/re/item_db_equip.yml,装备名称
ITEM,Sombrero,墨西哥帽,server/db/re/item_db_equip.yml,物品名称
ITEM,Songpyun Box50,松饼礼盒 50,server/db/re/item_db_usable.yml,物品名称
ITEM,Sorcerer Advanced Paradise Shadow Weapon,术士高级乐园团武器影子装备,server/db/re/item_db_equip.yml,物品名称
ITEM,Sorcerer Celia (MVP) Card,Sorcerer Celia (MVP)卡片,server/db/re/item_db_etc.yml,物品名称
ITEM,Sorcerer Celia Card,术士希莉亚卡片,server/db/re/item_db_etc.yml,物品名称
ITEM,Sorcerer Shadow Cube,元素使影子立方体,server/db/re/item_db_usable.yml,物品名称
ITEM,Sorcerer Stone (Garment),贤者石(披肩),server/db/re/item_db_etc.yml,物品名称
ITEM,Sorcerer's Booster Shadow Weapon,术士强化武器影子装备,server/db/re/item_db_equip.yml,物品名称
ITEM,Soul,灵魂,server/db/re/item_db_etc.yml,物品名称
ITEM,Soul Ascetic Stone II (Garment),灵魂修行者石II（披风）,server/db/re/item_db_etc.yml,物品名称
ITEM,Soul Box,灵魂箱,server/db/re/item_db_usable.yml,物品名称
ITEM,Soul Magic Ring,灵魂魔法戒指,server/db/re/item_db_equip.yml,物品名称
ITEM,Soul Mastery Crown,灵魂Mastery王冠,server/db/re/item_db_equip.yml,物品名称
ITEM,Soul Reaper Stone (Lower),灵魂收割者石（下）,server/db/re/item_db_etc.yml,物品名称
ITEM,Soul Reaper Stone (Middle),灵魂收割者石（中）,server/db/re/item_db_etc.yml,物品名称
ITEM,Soul Reaper Stone (Upper),灵魂收割者石（上）,server/db/re/item_db_etc.yml,物品名称
ITEM,Soul Reaper Stone II (Lower),灵魂收割者石II（下）,server/db/re/item_db_etc.yml,物品名称
ITEM,Soul Reaper Stone II (Middle),灵魂收割者石II（中）,server/db/re/item_db_etc.yml,物品名称
ITEM,Soul Reaper Stone II (Upper),灵魂收割者石II（上）,server/db/re/item_db_etc.yml,物品名称
ITEM,Soul Rune Enchantment,灵魂符文附魔,server/db/re/item_db_usable.yml,物品名称
ITEM,Soul Rune Ring,灵魂符文戒指,server/db/re/item_db_equip.yml,物品名称
ITEM,Soul Scroll,灵魂卷轴,server/db/re/item_db_usable.yml,物品名称
ITEM,Soul Shadow Weapon,精神武器影子,server/db/re/item_db_equip.yml,物品名称
ITEM,Source Of Fantasy,梦幻酱汁,server/db/re/item_db_etc.yml,物品名称
ITEM,Southern Style Pork Head Meat,Southern造型Pork头部肉,server/db/re/item_db_usable.yml,物品名称
ITEM,Southern Style Roast Pork with Rice Bowl,Southern造型Roast Pork with米饭Bowl,server/db/re/item_db_usable.yml,物品名称
ITEM,Souvenir Box,Souvenir箱,server/db/re/item_db_usable.yml,物品名称
ITEM,SP I,魔法值I,server/db/re/item_db_etc.yml,物品名称
ITEM,SP II,魔法值II,server/db/re/item_db_etc.yml,物品名称
ITEM,SP III,魔法值III,server/db/re/item_db_etc.yml,物品名称
ITEM,SP IV,魔法值IV,server/db/re/item_db_etc.yml,物品名称
ITEM,SP V,魔法值V,server/db/re/item_db_etc.yml,物品名称
ITEM,SP+100,魔法值+100,server/db/re/item_db_etc.yml,物品名称
ITEM,SP+150,魔法值+150,server/db/re/item_db_etc.yml,物品名称
ITEM,SP+200,魔法值+200,server/db/re/item_db_etc.yml,物品名称
ITEM,SP+25,魔法值+25,server/db/re/item_db_etc.yml,物品名称
ITEM,SP+50,魔法值+50,server/db/re/item_db_etc.yml,物品名称
ITEM,SP+75,魔法值+75,server/db/re/item_db_etc.yml,物品名称
ITEM,Spare Card,备用卡片,server/db/re/item_db_equip.yml,物品名称
ITEM,Spark Card,火星卡片,server/db/re/item_db_etc.yml,物品名称
ITEM,Sparkler Stick,Sparkler棍,server/db/re/item_db_equip.yml,物品名称
ITEM,Sparkling Stick,Sparkling棍,server/db/re/item_db_equip.yml,物品名称
ITEM,Spearman Scroll 1,斧枪兵卷轴1,server/db/re/item_db_usable.yml,物品名称
ITEM,Special Alnoldi Card,特制阿尔诺迪卡片,server/db/re/item_db_etc.yml,物品名称
ITEM,Special Amethyst Fragment,特殊Amethyst碎片,server/db/re/item_db_etc.yml,物品名称
ITEM,Special Cogwheel,特殊齿轮,server/db/re/item_db_etc.yml,物品名称
ITEM,Special Coin Pack,特殊硬币礼包,server/db/re/item_db_usable.yml,物品名称
ITEM,Special Exchange Coupons,特别兑换券,server/db/re/item_db_etc.yml,物品名称
ITEM,Special Kafra Hat,特别卡普拉帽,server/db/re/item_db_equip.yml,物品名称
ITEM,Special Kunnam Exchange,特殊Kunnam兑换,server/db/re/item_db_etc.yml,物品名称
ITEM,Special Melody Card,特殊Melody卡片,server/db/re/item_db_usable.yml,物品名称
ITEM,Special Present,特别礼物,server/db/re/item_db_usable.yml,物品名称
ITEM,Special Red Pill Exchange,特殊红色Pill兑换,server/db/re/item_db_etc.yml,物品名称
ITEM,Special Refinement Cube Box,特殊精炼魔方箱,server/db/re/item_db_usable.yml,物品名称
ITEM,Special Refining Month Package I,特殊Refining Month礼包I,server/db/re/item_db_usable.yml,物品名称
ITEM,Special Refining Month Package II,特殊Refining Month礼包II,server/db/re/item_db_usable.yml,物品名称
ITEM,Special Royal Jelly Herbal Tea,皇家蜂王浆特饮,server/db/re/item_db_usable.yml,物品名称
ITEM,Special Shadow Spellbook Box,特殊影子Spellbook箱,server/db/re/item_db_usable.yml,物品名称
ITEM,Special Twins Refinement Box,特别双子精炼箱,server/db/re/item_db_usable.yml,物品名称
ITEM,Special Year-End Growth Package,特殊年-End成长礼包,server/db/re/item_db_usable.yml,物品名称
ITEM,Special Young Seed Exchange,特殊Young Seed兑换,server/db/re/item_db_etc.yml,物品名称
ITEM,Specialty Jur,特制拳刃,server/db/re/item_db_equip.yml,物品名称
ITEM,Speed of Light,光速,server/db/re/item_db_etc.yml,物品名称
ITEM,Spell 1,咒语 1,server/db/re/item_db_etc.yml,物品名称
ITEM,Spell 2,咒语 2,server/db/re/item_db_etc.yml,物品名称
ITEM,Spell 3,咒语 3,server/db/re/item_db_etc.yml,物品名称
ITEM,Spell 4,咒语 4,server/db/re/item_db_etc.yml,物品名称
ITEM,Spell 5,咒语 5,server/db/re/item_db_etc.yml,物品名称
ITEM,Spell Caster Shadow Armor Box,法术Caster影子铠甲箱,server/db/re/item_db_usable.yml,物品名称
ITEM,Spell Caster Shadow Earring Box,法术Caster影子耳环箱,server/db/re/item_db_usable.yml,物品名称
ITEM,Spell Caster Shadow Pendant Box,法术Caster影子吊坠箱,server/db/re/item_db_usable.yml,物品名称
ITEM,Spell Caster Shadow Selection Box,法术Caster影子自选箱,server/db/re/item_db_usable.yml,物品名称
ITEM,Spell Caster Shadow Shoes Box,法术Caster影子鞋箱,server/db/re/item_db_usable.yml,物品名称
ITEM,Spell Magic Attack Stone (Garment),咒语魔法攻击石（披风）,server/db/re/item_db_etc.yml,物品名称
ITEM,Spell Master Shadow Armor,法术大师影子铠甲,server/db/re/item_db_equip.yml,物品名称
ITEM,Spell Master Shadow Earring,法术大师影子耳环,server/db/re/item_db_equip.yml,物品名称
ITEM,Spell Master Shadow Shoes,法术大师影子鞋,server/db/re/item_db_equip.yml,物品名称
ITEM,Spell Orb 1Lv,法术宝珠1Lv,server/db/re/item_db_etc.yml,物品名称
ITEM,Spell Orb 2Lv,法术宝珠2Lv,server/db/re/item_db_etc.yml,物品名称
ITEM,Spell Orb 3Lv,法术宝珠3Lv,server/db/re/item_db_etc.yml,物品名称
ITEM,Spell Orb 4Lv,法术宝珠4Lv,server/db/re/item_db_etc.yml,物品名称
ITEM,Spell Orb 5Lv,法术宝珠5Lv,server/db/re/item_db_etc.yml,物品名称
ITEM,Spell Stone (Dual),咒语石（双）,server/db/re/item_db_etc.yml,物品名称
ITEM,Spellflow Shadow Armor,法术流动铠甲影子,server/db/re/item_db_equip.yml,物品名称
ITEM,Spellflow Shadow Shield,法术流动盾牌影子,server/db/re/item_db_equip.yml,物品名称
ITEM,Spellflow Shadow Shoes,法术流动战靴影子,server/db/re/item_db_equip.yml,物品名称
ITEM,Spica Card,斯皮卡卡片,server/db/re/item_db_etc.yml,物品名称
ITEM,Spica Nerius (Sign Stamp) Card,Spica Nerius (Sign Stamp)卡片,server/db/re/item_db_etc.yml,物品名称
ITEM,Spica Nerius Card,斯皮卡·涅里乌斯卡片,server/db/re/item_db_etc.yml,物品名称
ITEM,Spike Box,尖刺锤箱,server/db/re/item_db_usable.yml,物品名称
ITEM,Spiked Scarf Box,尖刺围巾箱,server/db/re/item_db_usable.yml,物品名称
ITEM,Spiked Scarf Box II,钉刺围巾箱Ⅱ,server/db/re/item_db_usable.yml,物品名称
ITEM,Spiked Scarf Box III,钉刺围巾箱Ⅲ,server/db/re/item_db_usable.yml,物品名称
ITEM,Spirit Handler Soul (Chulho Battering),精灵使者灵魂(Chulho Battering),server/db/re/item_db_etc.yml,物品名称
ITEM,Spirit Handler Soul (Hyunrok Spirit Power),精灵使者灵魂(Hyunrok精灵力量),server/db/re/item_db_etc.yml,物品名称
ITEM,Spirit Handler Stone II (Garment),灵魂驯兽师石II（披风）,server/db/re/item_db_etc.yml,物品名称
ITEM,Spirit Liquor,灵酒,server/db/re/item_db_etc.yml,物品名称
ITEM,Spirit Liquor Box,灵酒箱,server/db/re/item_db_usable.yml,物品名称
ITEM,Spirit Of Alfheim,阿尔夫海姆之魂,server/db/re/item_db_etc.yml,物品名称
ITEM,Spirit Piece,灵魂碎片,server/db/re/item_db_etc.yml,物品名称
ITEM,Spirit Ring,精灵戒指,server/db/re/item_db_equip.yml,物品名称
ITEM,Spiritual Auger Box,灵魂锥箱,server/db/re/item_db_usable.yml,物品名称
ITEM,Spiritual Crystal,精灵结晶,server/db/re/item_db_etc.yml,物品名称
ITEM,Spiritual Ring,灵魂戒指,server/db/re/item_db_equip.yml,装备名称
ITEM,Spiritual Shadow Earring,精神耳环影子,server/db/re/item_db_equip.yml,物品名称
ITEM,Spiritual Shadow Pendant,精神吊坠影子,server/db/re/item_db_equip.yml,物品名称
ITEM,Spiritual Shadow Weapon,精神武器影子,server/db/re/item_db_equip.yml,物品名称
ITEM,Spiritual Tunic,灵魂束衣,server/db/re/item_db_equip.yml,物品名称
ITEM,Spiritual Whispers,灵魂低语,server/db/re/item_db_etc.yml,物品名称
ITEM,SPL Assistance,法术辅助,server/db/re/item_db_etc.yml,物品名称
ITEM,SPL Enforcement,法术执行,server/db/re/item_db_etc.yml,物品名称
ITEM,SPL Lv1,法术Lv1,server/db/re/item_db_etc.yml,物品名称
ITEM,SPL Lv2,法术Lv2,server/db/re/item_db_etc.yml,物品名称
ITEM,SPL Reduction Potion,SPL减少药水,server/db/re/item_db_usable.yml,物品名称
ITEM,SPL+3,法术+3,server/db/re/item_db_etc.yml,物品名称
ITEM,Splash Scroll,Splash卷轴,server/db/re/item_db_usable.yml,物品名称
ITEM,Splendide Coin,斯普兰迪德硬币,server/db/re/item_db_etc.yml,物品名称
ITEM,Spoon Stub,断勺柄,server/db/re/item_db_etc.yml,物品名称
ITEM,Spore Doll,孢子娃娃,server/db/re/item_db_etc.yml,物品名称
ITEM,Spore Egg,蘑菇的蛋,server/db/re/item_db_equip.yml,物品名称
ITEM,Spore Exchange Ticket Box,蛋壳虫交换券箱,server/db/re/item_db_usable.yml,物品名称
ITEM,Spray Of Flowers,花朵喷雾,server/db/re/item_db_usable.yml,物品名称
ITEM,Sprig of Holly,冬青树枝,server/db/re/item_db_etc.yml,物品名称
ITEM,Spring Box,发条箱,server/db/re/item_db_usable.yml,物品名称
ITEM,Spring Energy,春之气息,server/db/re/item_db_usable.yml,物品名称
ITEM,Spring Rabbit Egg,玉兔的蛋,server/db/re/item_db_equip.yml,物品名称
ITEM,Sprint Mail,冲刺铠甲,server/db/re/item_db_equip.yml,物品名称
ITEM,Sprout Hat Box,Sprout帽箱,server/db/re/item_db_usable.yml,物品名称
ITEM,Spurred Boots,带刺长靴,server/db/re/item_db_equip.yml,物品名称
ITEM,Squid Barbecue,烤鱿鱼,server/db/re/item_db_etc.yml,物品名称
ITEM,Squid Skewer,鱿鱼串,server/db/re/item_db_etc.yml,物品名称
ITEM,Squirrel Magic Powder (30 days),松鼠魔法粉末箱（30天）,server/db/re/item_db_usable.yml,物品名称
ITEM,Squirrel Magic Powder Box,松鼠魔法粉末箱,server/db/re/item_db_usable.yml,物品名称
ITEM,Sropho Card,斯洛波卡片,server/db/re/item_db_etc.yml,物品名称
ITEM,St Pat Hat box,St Pat帽箱,server/db/re/item_db_usable.yml,物品名称
ITEM,STA Assistance,耐力辅助,server/db/re/item_db_etc.yml,物品名称
ITEM,STA Enforcement,耐力执行,server/db/re/item_db_etc.yml,物品名称
ITEM,STA Lv1,耐力Lv1,server/db/re/item_db_etc.yml,物品名称
ITEM,STA Lv2,耐力Lv2,server/db/re/item_db_etc.yml,物品名称
ITEM,STA Reduction Potion,STA减少药水,server/db/re/item_db_usable.yml,物品名称
ITEM,STA+3,耐力+3,server/db/re/item_db_etc.yml,物品名称
ITEM,Staff Activation Reward,法杖激活奖励,server/db/re/item_db_usable.yml,物品名称
ITEM,Staff Completion Reward,法杖完成奖励,server/db/re/item_db_usable.yml,物品名称
ITEM,Staff Of Bordeaux,波尔多手杖,server/db/re/item_db_equip.yml,物品名称
ITEM,Stained Research Book,沾污的研究书,server/db/re/item_db_etc.yml,物品名称
ITEM,Stalker Stone (Bottom),神行太保石（下段）,server/db/re/item_db_etc.yml,物品名称
ITEM,Stalker Stone (Middle),神行太保石（中）,server/db/re/item_db_etc.yml,物品名称
ITEM,Stalker Stone (Upper),神行太保石（上）,server/db/re/item_db_etc.yml,物品名称
ITEM,Stamina Meteorite Powder,体力陨石粉末,server/db/re/item_db_etc.yml,物品名称
ITEM,Stamina Signet of Star,星之体力印记,server/db/re/item_db_equip.yml,物品名称
ITEM,Star Decor,晒干的星星,server/db/re/item_db_etc.yml,物品名称
ITEM,Star Emperor Shadow Armor,星帝影子铠甲,server/db/re/item_db_equip.yml,物品名称
ITEM,Star Emperor Shadow Cube,星帝影子魔方,server/db/re/item_db_usable.yml,物品名称
ITEM,Star Shape Mushroom,星纹蘑菇,server/db/re/item_db_etc.yml,物品名称
ITEM,Starfish Box,星形海星箱,server/db/re/item_db_usable.yml,物品名称
ITEM,Start your Journey Pack,启程礼包,server/db/re/item_db_usable.yml,物品名称
ITEM,Starving Fish Hat,Starving鱼帽,server/db/re/item_db_equip.yml,物品名称
ITEM,Stats Soul Potion Selection Box,Stats灵魂药水自选箱,server/db/re/item_db_usable.yml,物品名称
ITEM,Status Reset Coupon,状态重置券,server/db/re/item_db_etc.yml,物品名称
ITEM,Status Reset Coupon Box,状态重置券箱,server/db/re/item_db_usable.yml,物品名称
ITEM,Status Reset Ticket,Status Reset券,server/db/re/item_db_etc.yml,物品名称
ITEM,StatusShadow Mix,状态影子啪嗒箱,server/db/re/item_db_usable.yml,物品名称
ITEM,Steal Shadow Armor,偷窃影子铠甲,server/db/re/item_db_equip.yml,物品名称
ITEM,Steal Shadow Earring,偷窃影子耳环,server/db/re/item_db_equip.yml,物品名称
ITEM,Steal Shadow Pendant,偷窃影子坠饰,server/db/re/item_db_equip.yml,物品名称
ITEM,Steal Shadow Shield,偷窃影子盾牌,server/db/re/item_db_equip.yml,物品名称
ITEM,Steal Shadow Shoes,偷窃影子鞋,server/db/re/item_db_equip.yml,物品名称
ITEM,Steal Shadow Weapon,偷窃影子武器,server/db/re/item_db_equip.yml,物品名称
ITEM,Steamed Desert Scorpions,蒸沙漠蝎,server/db/re/item_db_usable.yml,物品名称
ITEM,Steamed Scorpion 30 Box,蒸蝎子 30 箱,server/db/re/item_db_usable.yml,物品名称
ITEM,Steamed Scorpion 50 Box,蒸蝎子 50 箱,server/db/re/item_db_usable.yml,物品名称
ITEM,Steamed Tongue,蒸舌头,server/db/re/item_db_usable.yml,物品名称
ITEM,Steel Arrow,钢铁箭,server/db/re/item_db_etc.yml,物品名称
ITEM,Steel Artifact,钢铁神器,server/db/re/item_db_etc.yml,物品名称
ITEM,Steel Chonchon Egg,钢铁波利的蛋,server/db/re/item_db_equip.yml,物品名称
ITEM,Steel Chonchon Exchange Ticket Box,钢铁苍蝇交换券箱,server/db/re/item_db_usable.yml,物品名称
ITEM,Steel Fighter (20Lv) Egg,钢铁战士（20级）卷轴,server/db/re/item_db_usable.yml,物品名称
ITEM,Steel Fighter (25Lv) Scroll,钢铁战士（25级）卷轴,server/db/re/item_db_usable.yml,物品名称
ITEM,Stellar Gratia,星辰Gratia,server/db/re/item_db_equip.yml,物品名称
ITEM,Stem In Mouth,Stem嘴叼,server/db/re/item_db_equip.yml,物品名称
ITEM,Stem of Nepenthes,猪笼草之茎,server/db/re/item_db_equip.yml,物品名称
ITEM,Stephane Jack Earnest Wolf Card,斯蒂芬·杰克·欧内斯特·沃尔夫卡片,server/db/re/item_db_etc.yml,物品名称
ITEM,Sticky Poison,黏稠毒液,server/db/re/item_db_etc.yml,物品名称
ITEM,Stiff Limb,坚硬肢体,server/db/re/item_db_etc.yml,物品名称
ITEM,Sting hat,刺尾蜻蜓帽,server/db/re/item_db_equip.yml,物品名称
ITEM,Sting Hat Box,斯汀帽箱,server/db/re/item_db_usable.yml,物品名称
ITEM,Sting Silk Ribbon,Sting丝绸缎带,server/db/re/item_db_equip.yml,物品名称
ITEM,Stinky Rotten Meat,臭烘烘的腐肉,server/db/re/item_db_usable.yml,物品名称
ITEM,Stolen Sandal,被偷的凉鞋,server/db/re/item_db_etc.yml,物品名称
ITEM,Stone,石头,server/db/re/item_db_etc.yml,物品名称
ITEM,Stone Arrow,石箭,server/db/re/item_db_etc.yml,物品名称
ITEM,Stone Fragment,石头碎片,server/db/re/item_db_etc.yml,物品名称
ITEM,Stone Shooter Egg,石炮之蛋,server/db/re/item_db_equip.yml,物品名称
ITEM,Stone That Contained Sea,蕴含大海的石头,server/db/re/item_db_etc.yml,物品名称
ITEM,Stop Post,停止标牌,server/db/re/item_db_equip.yml,物品名称
ITEM,Storm Gust Scroll,暴风雪卷轴,server/db/re/item_db_usable.yml,物品名称
ITEM,Storm Hurricane Shadow Armor,风暴Hurricane影子铠甲,server/db/re/item_db_equip.yml,物品名称
ITEM,Storm Hurricane Shadow Shoes,风暴Hurricane影子鞋,server/db/re/item_db_equip.yml,物品名称
ITEM,Stout Shadow Earring,强韧影子耳环,server/db/re/item_db_equip.yml,影子装备名称
ITEM,Stout Shadow Pendant,强韧影子吊坠,server/db/re/item_db_equip.yml,影子装备名称
ITEM,Str + 1,力量+ 1,server/db/re/item_db_etc.yml,物品名称
ITEM,Str + 2,力量+ 2,server/db/re/item_db_etc.yml,物品名称
ITEM,Str + 3,力量+ 3,server/db/re/item_db_etc.yml,物品名称
ITEM,STR Blessing,力量祝福,server/db/re/item_db_etc.yml,物品名称
ITEM,Str Glove,STR 手套,server/db/re/item_db_equip.yml,物品名称
ITEM,STR+1,力量+1,server/db/re/item_db_etc.yml,物品名称
ITEM,STR+10,力量+10,server/db/re/item_db_etc.yml,物品名称
ITEM,STR+2,力量+2,server/db/re/item_db_etc.yml,物品名称
ITEM,STR+3,力量+3,server/db/re/item_db_etc.yml,物品名称
ITEM,STR+3 DEX-3,力量+3灵巧-3,server/db/re/item_db_etc.yml,物品名称
ITEM,STR+3 INT-3,力量+3智力-3,server/db/re/item_db_etc.yml,物品名称
ITEM,STR+4,力量+4,server/db/re/item_db_etc.yml,物品名称
ITEM,STR+5,力量+5,server/db/re/item_db_etc.yml,物品名称
ITEM,STR+6,力量+6,server/db/re/item_db_etc.yml,物品名称
ITEM,STR+7,力量+7,server/db/re/item_db_etc.yml,物品名称
ITEM,STR+8,力量+8,server/db/re/item_db_etc.yml,物品名称
ITEM,STR+9,力量+9,server/db/re/item_db_etc.yml,物品名称
ITEM,Straw Basket,草篮,server/db/re/item_db_etc.yml,物品名称
ITEM,Straw Hat,草帽,server/db/re/item_db_equip.yml,物品名称
ITEM,Straw Rice Bag,稻草袋,server/db/re/item_db_etc.yml,物品名称
ITEM,Strawberry Cream Cupcake,草莓鲜奶油纸杯蛋糕,server/db/re/item_db_usable.yml,物品名称
ITEM,Strawberry Decoration,草莓装饰,server/db/re/item_db_equip.yml,物品名称
ITEM,Strawberry Hat,草莓帽,server/db/re/item_db_equip.yml,物品名称
ITEM,Striking Hat,强袭帽,server/db/re/item_db_equip.yml,物品名称
ITEM,Striking Mikoshi,强袭Mikoshi,server/db/re/item_db_equip.yml,物品名称
ITEM,Stripe Hat,时装头饰 400049,server/db/re/item_db_equip.yml,物品名称
ITEM,Striped Candle,条纹蜡烛,server/db/re/item_db_etc.yml,物品名称
ITEM,Striped Hat,条纹帽,server/db/re/item_db_equip.yml,物品名称
ITEM,Striped Holy Robe,Striped神圣长袍,server/db/re/item_db_equip.yml,物品名称
ITEM,Stun Arrow,眩晕箭,server/db/re/item_db_etc.yml,物品名称
ITEM,Stunner Box,眩晕锤箱,server/db/re/item_db_usable.yml,物品名称
ITEM,Subjugation Team's Shoulder Belt,Subjugation Team的Shoulder腰带,server/db/re/item_db_equip.yml,物品名称
ITEM,Succubus Egg,魅魔之蛋,server/db/re/item_db_equip.yml,物品名称
ITEM,Succubus Horn,魅魔之角,server/db/re/item_db_equip.yml,物品名称
ITEM,Sulki's Lunch Box,Sulki的Lunch箱,server/db/re/item_db_usable.yml,物品名称
ITEM,Summer Fan Box,夏日扇箱,server/db/re/item_db_usable.yml,物品名称
ITEM,Summer Hat,夏日帽,server/db/re/item_db_equip.yml,物品名称
ITEM,Summer Knight,夏日骑士,server/db/re/item_db_equip.yml,物品名称
ITEM,Summer Vacation Pope Card,暑假教皇卡片,server/db/re/item_db_etc.yml,物品名称
ITEM,Summoner Booster Shadow Weapon,召唤师强化影子武器,server/db/re/item_db_equip.yml,影子装备名称
ITEM,Summoner Stone II (Lower),召唤师石II（下）,server/db/re/item_db_etc.yml,物品名称
ITEM,Summoner Stone II (Middle),召唤师石II（中）,server/db/re/item_db_etc.yml,物品名称
ITEM,Summoner Stone II (Upper),召唤师石II（上）,server/db/re/item_db_etc.yml,物品名称
ITEM,Sumptuous Feast,丰盛宴席,server/db/re/item_db_usable.yml,物品名称
ITEM,Sunglasses,太阳眼镜,server/db/re/item_db_equip.yml,物品名称
ITEM,Sunset Blast Shadow Armor,夕阳爆破影子铠甲,server/db/re/item_db_equip.yml,物品名称
ITEM,Sunset Blast Shadow Shoes,夕阳爆破影子鞋,server/db/re/item_db_equip.yml,物品名称
ITEM,Sunset Dimensional Essence,夕阳次元精华,server/db/re/item_db_etc.yml,物品名称
ITEM,Sunset Fragment Box,夕阳碎片箱,server/db/re/item_db_usable.yml,物品名称
ITEM,Sunset Illusion Stone,日落幻影石,server/db/re/item_db_etc.yml,物品名称
ITEM,Sunset Magic Stone,夕阳魔法石,server/db/re/item_db_etc.yml,物品名称
ITEM,Sunset On The Rock,岩石上的夕阳,server/db/re/item_db_etc.yml,物品名称
ITEM,Super Magic Shadow Cube,超级魔法影子魔方,server/db/re/item_db_usable.yml,物品名称
ITEM,Super Novice Stone (Garment),超级初心者石(披肩),server/db/re/item_db_etc.yml,物品名称
ITEM,Super Novice Stone (Lower),超级初心者石(下段),server/db/re/item_db_etc.yml,物品名称
ITEM,Super Novice Stone (Middle),超级初心者石(中段),server/db/re/item_db_etc.yml,物品名称
ITEM,Super Novice Stone (Upper),超级初心者石(上段),server/db/re/item_db_etc.yml,物品名称
ITEM,Super Pet Egg 5,超级宠物蛋5,server/db/re/item_db_usable.yml,物品名称
ITEM,Super Pet Egg 6,超级宠物蛋6,server/db/re/item_db_usable.yml,物品名称
ITEM,Super Pet Egg 7,超级宠物蛋7,server/db/re/item_db_usable.yml,物品名称
ITEM,Super Pet Egg 8,超级宠物蛋8,server/db/re/item_db_usable.yml,物品名称
ITEM,Super Power Shadow Cube,超级力量影子魔方,server/db/re/item_db_usable.yml,物品名称
ITEM,Super Sonic Package,超级音速礼包,server/db/re/item_db_usable.yml,物品名称
ITEM,Superior Immortal Magic Box,Superior不朽魔法箱,server/db/re/item_db_usable.yml,物品名称
ITEM,Supplement Part Con,体力补强装置,server/db/re/item_db_equip.yml,物品名称
ITEM,Supplement Part STR,力量补充部件,server/db/re/item_db_equip.yml,物品名称
ITEM,Support Package,加油礼包,server/db/re/item_db_usable.yml,物品名称
ITEM,Support Package(10),加油礼包 10 套,server/db/re/item_db_usable.yml,物品名称
ITEM,Supreme Immortal Magic Box,Supreme不朽魔法箱,server/db/re/item_db_usable.yml,物品名称
ITEM,Sura Advanced Paradise Shadow Weapon,修罗高级乐园团武器影子装备,server/db/re/item_db_equip.yml,物品名称
ITEM,Sura Battle Armor,Sura战斗铠甲,server/db/re/item_db_equip.yml,物品名称
ITEM,Sura Chen (MVP) Card,Sura Chen (MVP)卡片,server/db/re/item_db_etc.yml,物品名称
ITEM,Sura Chen Card,修罗陈卡片,server/db/re/item_db_etc.yml,物品名称
ITEM,Sura Shadow Cube,修罗影子魔方,server/db/re/item_db_usable.yml,物品名称
ITEM,Sura Shadow Weapon,修罗影子武器,server/db/re/item_db_equip.yml,影子装备名称
ITEM,Sura Stone (Garment),修罗石（披风）,server/db/re/item_db_etc.yml,物品名称
ITEM,Sura Stone II (Lower),修罗石II（下）,server/db/re/item_db_etc.yml,物品名称
ITEM,Sura Stone II (Middle),修罗石II（中）,server/db/re/item_db_etc.yml,物品名称
ITEM,Sura Stone II (Upper),修罗石II（上）,server/db/re/item_db_etc.yml,物品名称
ITEM,Sura's Booster Shadow Weapon,修罗强化武器影子装备,server/db/re/item_db_equip.yml,物品名称
ITEM,Surplus Blind Sphere,旧式暗盲弹,server/db/re/item_db_etc.yml,物品名称
ITEM,Surplus Bloody Shell,旧式血之结晶,server/db/re/item_db_etc.yml,物品名称
ITEM,Surplus Flare Sphere,旧式火焰弹,server/db/re/item_db_etc.yml,物品名称
ITEM,Surplus Freezing Sphere,旧式冰冻弹,server/db/re/item_db_etc.yml,物品名称
ITEM,Surplus Lightning Sphere,旧式闪电弹,server/db/re/item_db_etc.yml,物品名称
ITEM,Surplus Poison Sphere,旧式毒性弹,server/db/re/item_db_etc.yml,物品名称
ITEM,Surplus Silver Bullet,旧式银子弹,server/db/re/item_db_etc.yml,物品名称
ITEM,Surprised Mask,惊讶面具,server/db/re/item_db_equip.yml,物品名称
ITEM,Survive Orb-LT,生存球-LT,server/db/re/item_db_equip.yml,物品名称
ITEM,SVIP 22nd Anniversary Gift,SVIP 22nd周年Gift,server/db/re/item_db_usable.yml,物品名称
ITEM,Sweet and Sour Melon,酸甜甜瓜,server/db/re/item_db_etc.yml,物品名称
ITEM,Sweet Candy,甜蜜糖果,server/db/re/item_db_equip.yml,物品名称
ITEM,Sweet Drops Egg,甜心蛋,server/db/re/item_db_equip.yml,宠物蛋名称
ITEM,Sweet Gent,甜蜜绅士,server/db/re/item_db_equip.yml,物品名称
ITEM,Sweet Midgard Egg,Sweet Midgard蛋,server/db/re/item_db_usable.yml,物品名称
ITEM,Sweet Milk,甜牛奶,server/db/re/item_db_usable.yml,物品名称
ITEM,Sweet Potato,红薯,server/db/re/item_db_usable.yml,物品名称
ITEM,Sweety Card,斯威蒂卡片,server/db/re/item_db_etc.yml,物品名称
ITEM,Swift Ring,Swift戒指,server/db/re/item_db_equip.yml,物品名称
ITEM,Sword Wing,剑翅膀,server/db/re/item_db_equip.yml,物品名称
ITEM,Swordman Shadow Earring,剑士耳环影子,server/db/re/item_db_equip.yml,物品名称
ITEM,Swordman Shadow Pendant,剑士坠饰影子,server/db/re/item_db_equip.yml,物品名称
ITEM,Swordman Soul,剑士之魂,server/db/re/item_db_etc.yml,物品名称
ITEM,Sylph Box,希尔芙箱,server/db/re/item_db_usable.yml,物品名称
ITEM,Symbol of Bravery,勇气象征,server/db/re/item_db_etc.yml,物品名称
ITEM,Symbol of Faith,信仰象征,server/db/re/item_db_etc.yml,物品名称
ITEM,Symbol of Peace,和平象征,server/db/re/item_db_etc.yml,物品名称
ITEM,Symbol of Richness,富足象征,server/db/re/item_db_etc.yml,物品名称
ITEM,Symposium Choco Egg Cookie,Symposium巧克力蛋饼干,server/db/re/item_db_usable.yml,物品名称
ITEM,Symposium Egg Cookie,Symposium蛋饼干,server/db/re/item_db_usable.yml,物品名称
ITEM,Syringe In Mouth,Syringe嘴叼,server/db/re/item_db_equip.yml,物品名称
ITEM,T W O Card,T W O卡片,server/db/re/item_db_etc.yml,物品名称
ITEM,T-PowerBoost,T-力量增幅,server/db/re/item_db_etc.yml,物品名称
ITEM,Taekwon Manual,跆拳入门书,server/db/re/item_db_equip.yml,物品名称
ITEM,Tail Whip,尾鞭,server/db/re/item_db_equip.yml,物品名称
ITEM,Takius's Blindfold,塔基乌斯眼罩,server/db/re/item_db_equip.yml,物品名称
ITEM,Talisman Of Soul,灵魂护符,server/db/re/item_db_etc.yml,物品名称
ITEM,Talon of Griffon,狮鹫爪,server/db/re/item_db_etc.yml,物品名称
ITEM,Tamadora Egg,塔玛多拉蛋,server/db/re/item_db_equip.yml,宠物蛋名称
ITEM,Tanigumi Girl Doll,谷口女孩娃娃,server/db/re/item_db_equip.yml,物品名称
ITEM,Tare Neko Cru SynthesisBox,慵懒猫咪配方,server/db/re/item_db_usable.yml,物品名称
ITEM,Tassel,流苏,server/db/re/item_db_etc.yml,物品名称
ITEM,Tassel for Durumagi Box,长袍用饰带箱,server/db/re/item_db_usable.yml,物品名称
ITEM,Tasty Corn,美味玉米,server/db/re/item_db_etc.yml,物品名称
ITEM,Tatio Card,Tatio卡片,server/db/re/item_db_etc.yml,物品名称
ITEM,Taurus Scroll,Taurus卷轴,server/db/re/item_db_usable.yml,物品名称
ITEM,Taurus Shoes,Taurus鞋,server/db/re/item_db_equip.yml,物品名称
ITEM,Taurus Stone,金牛座石,server/db/re/item_db_etc.yml,物品名称
ITEM,TE Ring Of Defiance,TE反抗之戒,server/db/re/item_db_equip.yml,物品名称
ITEM,TE Ring Of Protection,TE守护之戒,server/db/re/item_db_equip.yml,物品名称
ITEM,TE Ring Of Rage,TE愤怒之戒,server/db/re/item_db_equip.yml,物品名称
ITEM,TE Woe Bone Helm,头盔,server/db/re/item_db_equip.yml,物品名称
ITEM,TE Woe Bow,弓,server/db/re/item_db_equip.yml,物品名称
ITEM,TE Woe Cap,帽子,server/db/re/item_db_equip.yml,物品名称
ITEM,TE Woe Chain Mail,TE攻城铠甲,server/db/re/item_db_equip.yml,物品名称
ITEM,TE Woe Coat,TE攻城长外套,server/db/re/item_db_equip.yml,物品名称
ITEM,TE Woe Gatling,TE攻城加特林机枪,server/db/re/item_db_equip.yml,物品名称
ITEM,TE Woe Grenade,TE攻城榴弹枪,server/db/re/item_db_equip.yml,物品名称
ITEM,TE Woe Mace,TE城战锤,server/db/re/item_db_equip.yml,物品名称
ITEM,TE Woe Mage Coat,TE攻城魔法外套,server/db/re/item_db_equip.yml,物品名称
ITEM,TE Woe Magic Eyes,帽子,server/db/re/item_db_equip.yml,物品名称
ITEM,TE Woe Rifle,TE攻城步枪,server/db/re/item_db_equip.yml,物品名称
ITEM,TE Woe Shotgun,TE攻城霰弹枪,server/db/re/item_db_equip.yml,物品名称
ITEM,Teal Illusion Stone,青绿色幻影石,server/db/re/item_db_etc.yml,物品名称
ITEM,Teapot and Teacup Set,Teapot与Teacup套装,server/db/re/item_db_etc.yml,物品名称
ITEM,Tear Drop,泪滴,server/db/re/item_db_equip.yml,物品名称
ITEM,Teddy Bear Egg,泰迪熊蛋,server/db/re/item_db_equip.yml,宠物蛋名称
ITEM,Teddybear Hat,泰迪熊帽,server/db/re/item_db_equip.yml,物品名称
ITEM,Telekinetic Orb,念动力宝珠,server/db/re/item_db_equip.yml,物品名称
ITEM,Teleport Amistr Bag,瞬间移动羊驼包,server/db/re/item_db_equip.yml,物品名称
ITEM,Teleport Scroll 1,空间移动卷轴,server/db/re/item_db_usable.yml,物品名称
ITEM,Teleport Scroll 2,空间移动卷轴,server/db/re/item_db_usable.yml,物品名称
ITEM,Teleport Scroll 3,空间移动卷轴,server/db/re/item_db_usable.yml,物品名称
ITEM,Teleport Scroll 4,空间移动卷轴,server/db/re/item_db_usable.yml,物品名称
ITEM,Teleport Scroll 5,空间移动卷轴,server/db/re/item_db_usable.yml,物品名称
ITEM,Teleport Scroll 6,空间移动卷轴,server/db/re/item_db_usable.yml,物品名称
ITEM,Teleport Scroll Box 2,传送卷轴箱2,server/db/re/item_db_usable.yml,物品名称
ITEM,Teleport Scroll Box 3,传送卷轴箱3,server/db/re/item_db_usable.yml,物品名称
ITEM,Teleport Scroll Box 4,空间移动卷轴箱,server/db/re/item_db_usable.yml,物品名称
ITEM,Teleport Scroll Box 5,空间移动卷轴箱,server/db/re/item_db_usable.yml,物品名称
ITEM,Teleport Scroll Box 6,空间移动卷轴箱,server/db/re/item_db_usable.yml,物品名称
ITEM,Teleport Shadow Earring,瞬间移动影子耳环,server/db/re/item_db_equip.yml,物品名称
ITEM,Teleport Shadow Pendant,瞬间移动影子坠饰,server/db/re/item_db_equip.yml,物品名称
ITEM,Teleport Shadow Shield,瞬间移动影子盾牌,server/db/re/item_db_equip.yml,物品名称
ITEM,Teleport Shadow Weapon,瞬间移动影子武器,server/db/re/item_db_equip.yml,物品名称
ITEM,Telling Doll Hat,讲故事玩偶帽,server/db/re/item_db_equip.yml,物品名称
ITEM,Tempest Shadow Shield,暴风盾牌影子,server/db/re/item_db_equip.yml,物品名称
ITEM,Tempest Shadow Shoes,暴风鞋子影子,server/db/re/item_db_equip.yml,物品名称
ITEM,Temple Magic Ring,神殿魔法戒指,server/db/re/item_db_equip.yml,物品名称
ITEM,Temple Rune Ring,神殿符文戒指,server/db/re/item_db_equip.yml,物品名称
ITEM,Temporal Agi Boots,时光敏捷长靴,server/db/re/item_db_equip.yml,物品名称
ITEM,Temporal Dex Boots,时光灵巧长靴,server/db/re/item_db_equip.yml,物品名称
ITEM,Temporal Equipment 11 Refine Cube,时间防具11精炼魔方,server/db/re/item_db_usable.yml,物品名称
ITEM,Temporal Int Boots,时光智力长靴,server/db/re/item_db_equip.yml,物品名称
ITEM,Temporal Manteau,时光斗篷,server/db/re/item_db_equip.yml,物品名称
ITEM,Temporal Ring,时光戒指,server/db/re/item_db_equip.yml,物品名称
ITEM,Temporal Transcendence Box,超越时间者箱,server/db/re/item_db_usable.yml,物品名称
ITEM,Temporal Vit Boots,时光体质长靴,server/db/re/item_db_equip.yml,物品名称
ITEM,Tenacity of Varmundt Lv4,Varmundt Lv4之Tenacity,server/db/re/item_db_etc.yml,物品名称
ITEM,Tenacity of Varmundt Lv5,Varmundt Lv5之Tenacity,server/db/re/item_db_etc.yml,物品名称
ITEM,Tension Shadow Earring,张力耳环影子,server/db/re/item_db_equip.yml,物品名称
ITEM,Tension Shadow Pendant,张力坠饰影子,server/db/re/item_db_equip.yml,物品名称
ITEM,Tension Shadow Weapon,张力武器影子,server/db/re/item_db_equip.yml,物品名称
ITEM,Test Your Luck Box,星与灵魂戒指箱,server/db/re/item_db_usable.yml,物品名称
ITEM,Thanatos Axe-AD,塔诺斯之斧-AD,server/db/re/item_db_equip.yml,物品名称
ITEM,Thanatos Bow-AD,塔诺斯之弓-AD,server/db/re/item_db_equip.yml,物品名称
ITEM,Thanatos's Despero Mask,塔纳托斯的绝望面具,server/db/re/item_db_equip.yml,物品名称
ITEM,Thanatos's Maero Mask,塔纳托斯的悲哀面具,server/db/re/item_db_equip.yml,物品名称
ITEM,Thanatos's Odium Mask,塔纳托斯的憎恨面具,server/db/re/item_db_equip.yml,物品名称
ITEM,Thanos Bow,弓,server/db/re/item_db_equip.yml,物品名称
ITEM,Thanos Hammer,塔纳托斯之锤,server/db/re/item_db_equip.yml,物品名称
ITEM,Thanos Magic Helmet-LT,时装头饰 400145,server/db/re/item_db_equip.yml,物品名称
ITEM,Thanos Shooter Helmet,时装头饰 400141,server/db/re/item_db_equip.yml,物品名称
ITEM,Thanos Shooter Helmet-LT,时装头饰 400142,server/db/re/item_db_equip.yml,物品名称
ITEM,Thanos Sword-AD,塔诺斯之剑-AD,server/db/re/item_db_equip.yml,物品名称
ITEM,Thanos Upgrade Package,塔诺斯升级包,server/db/re/item_db_usable.yml,物品名称
ITEM,Thanos Warrior Helmet,时装头饰 400134,server/db/re/item_db_equip.yml,物品名称
ITEM,Thanos Warrior Helmet-LT,时装头饰 400135,server/db/re/item_db_equip.yml,物品名称
ITEM,The Cross,银十字架,server/db/re/item_db_etc.yml,物品名称
ITEM,The Hero,英雄,server/db/re/item_db_etc.yml,物品名称
ITEM,The Ragnarok T-Shirts,Ragnarok T-衬衫,server/db/re/item_db_equip.yml,物品名称
ITEM,Themis Balance,忒弥斯之衡,server/db/re/item_db_equip.yml,物品名称
ITEM,Themis Helm,忒弥斯头盔,server/db/re/item_db_equip.yml,物品名称
ITEM,There is Something,There is某种物品,server/db/re/item_db_equip.yml,物品名称
ITEM,Thick Battle Manual,厚重战斗手册,server/db/re/item_db_usable.yml,物品名称
ITEM,Thick Flesh,厚实肉块,server/db/re/item_db_etc.yml,物品名称
ITEM,Thief Bandana,盗贼头巾,server/db/re/item_db_equip.yml,物品名称
ITEM,Thief Book Misc,盗贼杂记,server/db/re/item_db_etc.yml,物品名称
ITEM,Thief Book Practice,盗贼练习书,server/db/re/item_db_etc.yml,物品名称
ITEM,Thief Clothes,盗贼服,server/db/re/item_db_equip.yml,物品名称
ITEM,Thief Shadow Pendant,盗贼坠饰影子,server/db/re/item_db_equip.yml,物品名称
ITEM,Thief Soul,盗贼之魂,server/db/re/item_db_etc.yml,物品名称
ITEM,Third Eye God,Third眼睛神,server/db/re/item_db_equip.yml,物品名称
ITEM,Third Tuning Device,附魔石 311046,server/db/re/item_db_etc.yml,物品名称
ITEM,Thought Ring-LT,思念戒指-LT,server/db/re/item_db_equip.yml,物品名称
ITEM,Thoughtful Hat Box,体贴箱,server/db/re/item_db_usable.yml,物品名称
ITEM,Three Master Package,三明水礼包,server/db/re/item_db_usable.yml,物品名称
ITEM,Three Master Package IV,三大师礼包IV,server/db/re/item_db_usable.yml,物品名称
ITEM,Three Master Package IV (10),三明水礼包 10 套 VI,server/db/re/item_db_usable.yml,物品名称
ITEM,Three Master Package XII (10),三明水礼包 10 套 XII,server/db/re/item_db_usable.yml,物品名称
ITEM,Thrilling Box,心跳箱,server/db/re/item_db_usable.yml,物品名称
ITEM,Throwing Bottle,投掷瓶,server/db/re/item_db_etc.yml,物品名称
ITEM,Thunder P,雷霆 P,server/db/re/item_db_equip.yml,物品名称
ITEM,Thunder Ring,Thunder戒指,server/db/re/item_db_equip.yml,物品名称
ITEM,Thunderstorm Cloud,时装·雷云,server/db/re/item_db_equip.yml,物品名称
ITEM,Ticket Gift Box II,票券礼物箱Ⅱ,server/db/re/item_db_usable.yml,物品名称
ITEM,Ticket Special RO2,券特殊RO2,server/db/re/item_db_etc.yml,物品名称
ITEM,Ticket to anywhere,任意门船票,server/db/re/item_db_etc.yml,物品名称
ITEM,Tiger Mask,虎面具,server/db/re/item_db_equip.yml,物品名称
ITEM,Tiger Shadow Earring,虎炮耳环影子,server/db/re/item_db_equip.yml,物品名称
ITEM,Tiger Shadow Pendant,虎炮坠饰影子,server/db/re/item_db_equip.yml,物品名称
ITEM,Tiger Shadow Weapon,虎炮武器影子,server/db/re/item_db_equip.yml,物品名称
ITEM,Tights,紧身衣,server/db/re/item_db_equip.yml,物品名称
ITEM,Time Accessory Effect (Middle),时间饰品效果(中段),server/db/re/item_db_etc.yml,物品名称
ITEM,Time Dimension Jewel (Strength) 1Lv,时间维度宝石（力量）1级,server/db/re/item_db_etc.yml,物品名称
ITEM,Time Dimension Jewel (Strength) 2Lv,时间维度宝石（力量）2级,server/db/re/item_db_etc.yml,物品名称
ITEM,Time Dimension Jewel (Strength) 3Lv,时间维度宝石（力量）3级,server/db/re/item_db_etc.yml,物品名称
ITEM,Time Gap Kurojin Box,时间Gap Kurojin箱,server/db/re/item_db_usable.yml,物品名称
ITEM,Time Gap Weapon Box,时间Gap武器箱,server/db/re/item_db_usable.yml,物品名称
ITEM,Time Jewel Earring,时间宝石耳环,server/db/re/item_db_equip.yml,物品名称
ITEM,Time Jewelry Amulet (Lv.2),时间Jewelry护身符(等级.2),server/db/re/item_db_equip.yml,物品名称
ITEM,Time Jewelry Amulet (Lv.3),时间Jewelry护身符(等级.3),server/db/re/item_db_equip.yml,物品名称
ITEM,Time Keeper Glasses,时间守护者眼镜,server/db/re/item_db_equip.yml,物品名称
ITEM,Time Unseal Key,时间封印钥匙,server/db/re/item_db_usable.yml,物品名称
ITEM,Tjungkuletti,吞克雷蒂,server/db/re/item_db_equip.yml,物品名称
ITEM,TK Book Basic,跆拳基础书,server/db/re/item_db_etc.yml,物品名称
ITEM,TK Book Misc,跆拳杂记,server/db/re/item_db_etc.yml,物品名称
ITEM,TK Book Practice,跆拳练习书,server/db/re/item_db_etc.yml,物品名称
ITEM,TM,母爱纪念帽,server/db/re/item_db_equip.yml,物品名称
ITEM,Token of Life,生命之Token,server/db/re/item_db_etc.yml,物品名称
ITEM,Token of Siegfried 20 Box,齐格弗里德的证明 20 箱,server/db/re/item_db_usable.yml,物品名称
ITEM,Token of Siegfried 5 Box,齐格弗里德的证明 5 箱,server/db/re/item_db_usable.yml,物品名称
ITEM,Tomahawk Box,战斧箱,server/db/re/item_db_usable.yml,物品名称
ITEM,Toothless Selection Box I,Toothless自选箱I,server/db/re/item_db_usable.yml,物品名称
ITEM,Toothless Selection Box II,Toothless自选箱II,server/db/re/item_db_usable.yml,物品名称
ITEM,Topaz,黄玉,server/db/re/item_db_etc.yml,物品名称
ITEM,Torn Document,破损文件,server/db/re/item_db_etc.yml,物品名称
ITEM,Torn Paper,撕下的一张纸,server/db/re/item_db_etc.yml,物品名称
ITEM,Tornado Shadow Armor,龙卷风影子铠甲,server/db/re/item_db_equip.yml,物品名称
ITEM,Tornado Shadow Shield,龙卷风影子盾,server/db/re/item_db_equip.yml,物品名称
ITEM,Tornado Shadow Shoes,龙卷风影子之鞋,server/db/re/item_db_equip.yml,物品名称
ITEM,Tough,坚韧,server/db/re/item_db_etc.yml,物品名称
ITEM,Town Sword,城镇之剑,server/db/re/item_db_equip.yml,物品名称
ITEM,Toxic Gas,有毒气体,server/db/re/item_db_etc.yml,物品名称
ITEM,Toy Ring,玩具戒指,server/db/re/item_db_equip.yml,物品名称
ITEM,Toy Screw,玩具Screw,server/db/re/item_db_equip.yml,物品名称
ITEM,Toy Syringe,玩具注射器,server/db/re/item_db_equip.yml,物品名称
ITEM,Traditional Sweets,传统甜点,server/db/re/item_db_etc.yml,物品名称
ITEM,Training Notice,预备役通知书,server/db/re/item_db_etc.yml,物品名称
ITEM,Training Shoes,Training鞋,server/db/re/item_db_equip.yml,物品名称
ITEM,Trance Spore Card,变异蘑菇波利卡片,server/db/re/item_db_etc.yml,物品名称
ITEM,Transformation Scroll(Banshee),变身卷轴（女妖）,server/db/re/item_db_usable.yml,物品名称
ITEM,Transformation Scroll(Deviruchi),变身卷轴（迪布鲁奇）,server/db/re/item_db_usable.yml,物品名称
ITEM,Transformation Scroll(Gazeti),变身卷轴（盖兹提）,server/db/re/item_db_usable.yml,物品名称
ITEM,Transformation Scroll(Golem),变身卷轴（巨石怪）,server/db/re/item_db_usable.yml,物品名称
ITEM,Transformation Scroll(Horn Scaraba),变身卷轴（双角斯卡拉巴）,server/db/re/item_db_usable.yml,物品名称
ITEM,Transformation Scroll(Kobold Archer),变身卷轴（哥布灵弓箭手）,server/db/re/item_db_usable.yml,物品名称
ITEM,Transformation Scroll(Marduk),变身卷轴（马尔杜克）,server/db/re/item_db_usable.yml,物品名称
ITEM,Transformation Scroll(Mavka),变身卷轴（马布卡）,server/db/re/item_db_usable.yml,物品名称
ITEM,Transformation Scroll(Necromancer),变身卷轴（死灵法师）,server/db/re/item_db_usable.yml,物品名称
ITEM,Transformation Scroll(Poring),变身卷轴（波利）,server/db/re/item_db_usable.yml,物品名称
ITEM,Transformation Scroll(Raydric),变身卷轴（瑞德勒弓箭手）,server/db/re/item_db_usable.yml,物品名称
ITEM,Transformation Scroll(Wanderer),变身卷轴（流浪者）,server/db/re/item_db_usable.yml,物品名称
ITEM,Transformation Scroll(Wind Ghost),变身卷轴（风之幽灵）,server/db/re/item_db_usable.yml,物品名称
ITEM,Transmission Coupon,Transmission兑换券,server/db/re/item_db_etc.yml,物品名称
ITEM,Trapped Bird,落入陷阱的猎物,server/db/re/item_db_etc.yml,物品名称
ITEM,Trapped Lizard,落入陷阱的猎物,server/db/re/item_db_etc.yml,物品名称
ITEM,Trapped Pear,落入陷阱的猎物,server/db/re/item_db_etc.yml,物品名称
ITEM,Travel Brochure [Amatsu],旅行宣传册［天津町］,server/db/re/item_db_etc.yml,物品名称
ITEM,Travel Brochure [Ayothaya],旅行宣传册［阿育王朝］,server/db/re/item_db_etc.yml,物品名称
ITEM,Travel Brochure [Kunlun],旅行宣传册［昆仑］,server/db/re/item_db_etc.yml,物品名称
ITEM,Travel Brochure [Luoyang],旅行宣传册［洛阳］,server/db/re/item_db_etc.yml,物品名称
ITEM,Traveler's Leaf,Traveler的叶子,server/db/re/item_db_usable.yml,物品名称
ITEM,Treasure Box,宝箱,server/db/re/item_db_etc.yml,物品名称
ITEM,Treasure Mimic Card,宝藏拟态怪卡片,server/db/re/item_db_etc.yml,物品名称
ITEM,Trentini Gypsy Stone II (Bottom),宫廷舞娘石II（下段）,server/db/re/item_db_etc.yml,物品名称
ITEM,Trentini Gypsy Stone II (Middle),宫廷舞娘石II（中段）,server/db/re/item_db_etc.yml,物品名称
ITEM,Trentini Gypsy Stone II (Top),宫廷舞娘石II（上段）,server/db/re/item_db_etc.yml,物品名称
ITEM,Trial Archbishop's Bible,见习大主教圣经,server/db/re/item_db_equip.yml,物品名称
ITEM,Trial Mechanic's Two-Handed Axe,见习机匠的双手斧,server/db/re/item_db_equip.yml,物品名称
ITEM,Trial Sorcerer's Magic Book,见习妖术师魔法书,server/db/re/item_db_equip.yml,物品名称
ITEM,Triangle Shadow Armor,三角影子铠甲,server/db/re/item_db_equip.yml,物品名称
ITEM,Trident,三叉戟,server/db/re/item_db_equip.yml,物品名称
ITEM,Tristan XII,特里斯坦十二世,server/db/re/item_db_usable.yml,物品名称
ITEM,Troi Hunting 9 Refinement Package,特鲁瓦狩猎 +9 精炼套装,server/db/re/item_db_usable.yml,物品名称
ITEM,Trois Hunting Magical Craft Kit,特鲁瓦狩猎魔法加工工具,server/db/re/item_db_usable.yml,物品名称
ITEM,Trois Hunting Physical Craft Kit,特鲁瓦狩猎物理加工工具,server/db/re/item_db_usable.yml,物品名称
ITEM,Tropical Banana,热带香蕉,server/db/re/item_db_usable.yml,物品名称
ITEM,Troubadour & Trouvere Soul (Metallic Fury),Troubadour & Trouvere灵魂(Metallic Fury),server/db/re/item_db_etc.yml,物品名称
ITEM,Troubadour & Trouvere Soul (Rhythm Shooting),Troubadour & Trouvere灵魂(Rhythm射击),server/db/re/item_db_etc.yml,物品名称
ITEM,Troubadour & Trouvere Soul (Rose Blossom),Troubadour & Trouvere灵魂(Rose花朵),server/db/re/item_db_etc.yml,物品名称
ITEM,Troubadour & Trouvere Stone II (Garment),吟游诗人与歌姬石II（披风）,server/db/re/item_db_etc.yml,物品名称
ITEM,True Eremes Guile Card,真·艾勒梅斯·盖尔卡片,server/db/re/item_db_etc.yml,物品名称
ITEM,True Gemstone Shadow Armor,真实宝石铠甲影子装备,server/db/re/item_db_equip.yml,物品名称
ITEM,True Gemstone Shadow Armor Box,真实宝石影子铠甲箱,server/db/re/item_db_usable.yml,物品名称
ITEM,True Gemstone Shadow Earring,真实宝石耳环影子装备,server/db/re/item_db_equip.yml,物品名称
ITEM,True Gemstone Shadow Earring Box,真实宝石影子耳环箱,server/db/re/item_db_usable.yml,物品名称
ITEM,True Gemstone Shadow Pendant,真实宝石垂饰影子装备,server/db/re/item_db_equip.yml,物品名称
ITEM,True Gemstone Shadow Pendant Box,真实宝石影子吊坠箱,server/db/re/item_db_usable.yml,物品名称
ITEM,True Gemstone Shadow Selection Box,真实宝石影子自选箱,server/db/re/item_db_usable.yml,物品名称
ITEM,True Gemstone Shadow Shoes,真实宝石鞋子影子装备,server/db/re/item_db_equip.yml,物品名称
ITEM,True Gemstone Shadow Shoes Box,真实宝石影子鞋箱,server/db/re/item_db_usable.yml,物品名称
ITEM,True Mental Potion,真·心灵药水,server/db/re/item_db_usable.yml,物品名称
ITEM,True Tyr's Blessing,真·提尔的祝福,server/db/re/item_db_usable.yml,物品名称
ITEM,Trumpet Shell Remodeling Cube,海螺号角改造魔方,server/db/re/item_db_usable.yml,物品名称
ITEM,Truth of Life,生命之Truth,server/db/re/item_db_etc.yml,物品名称
ITEM,Tumblering Card,灌木环卡片,server/db/re/item_db_etc.yml,物品名称
ITEM,Turban,头巾,server/db/re/item_db_equip.yml,物品名称
ITEM,Turbulence Dragon's Power,盘旋的龙之力,server/db/re/item_db_usable.yml,物品名称
ITEM,Turkey Hat,时装头饰 400016,server/db/re/item_db_equip.yml,物品名称
ITEM,Turquoise,绿松石,server/db/re/item_db_etc.yml,物品名称
ITEM,Turquoise Dimensional Jeongsu,绿松石次元Jeongsu,server/db/re/item_db_etc.yml,物品名称
ITEM,Turquoise Fragment Box,绿松石碎片箱,server/db/re/item_db_usable.yml,物品名称
ITEM,Turquoise Magic Stone,绿松石魔法石,server/db/re/item_db_etc.yml,物品名称
ITEM,Turtle Hat,Turtle帽,server/db/re/item_db_equip.yml,物品名称
ITEM,Turtle Hat Box,Turtle帽箱,server/db/re/item_db_usable.yml,物品名称
ITEM,Tw Orange Scroll,Tw橙色卷轴,server/db/re/item_db_usable.yml,物品名称
ITEM,Tw Rainbow Scroll,Tw彩虹卷轴,server/db/re/item_db_usable.yml,物品名称
ITEM,Tw Red Scroll,Tw红色卷轴,server/db/re/item_db_usable.yml,物品名称
ITEM,Tw Sep Scroll,菊花卷轴,server/db/re/item_db_usable.yml,物品名称
ITEM,Tw Yellow Scroll,Tw黄色卷轴,server/db/re/item_db_usable.yml,物品名称
ITEM,Twilight Manteau,Twilight斗篷,server/db/re/item_db_equip.yml,物品名称
ITEM,Twin Cannon-LT,双炮-LT,server/db/re/item_db_equip.yml,物品名称
ITEM,Twinhead Dragon Mail,Twinhead龙铠甲,server/db/re/item_db_equip.yml,物品名称
ITEM,Twinhead Dragon Scale,Twinhead龙鳞片,server/db/re/item_db_equip.yml,物品名称
ITEM,Twinkle Effect (Upper),闪耀效果（上段）,server/db/re/item_db_etc.yml,物品名称
ITEM,Twins Refinement Box,双子精炼箱,server/db/re/item_db_usable.yml,物品名称
ITEM,Twisted God Card,扭曲之神卡片,server/db/re/item_db_etc.yml,物品名称
ITEM,Two Tone Cap,Two Tone帽,server/db/re/item_db_equip.yml,物品名称
ITEM,Two-Eye Dollocaris Card,Two-眼睛Dollocaris卡片,server/db/re/item_db_etc.yml,物品名称
ITEM,Two-Handed Axe Box,双手斧盒,server/db/re/item_db_usable.yml,物品名称
ITEM,Two-Handed Axe of Evil,邪恶之Two-手斧,server/db/re/item_db_equip.yml,物品名称
ITEM,Ulle's Cap,乌尔的帽子,server/db/re/item_db_equip.yml,装备名称
ITEM,Ullr Blessing,Ullr祝福,server/db/re/item_db_etc.yml,物品名称
ITEM,Ultra Limacina Card,Ultra Limacina卡片,server/db/re/item_db_etc.yml,物品名称
ITEM,Ultra-Low Carbonated Soda,超强碳酸水,server/db/re/item_db_etc.yml,物品名称
ITEM,Umbala Spirit,饰品,server/db/re/item_db_equip.yml,物品名称
ITEM,Umbrella Hat,雨伞帽,server/db/re/item_db_equip.yml,物品名称
ITEM,Uncursed Shadow Pendant II,解除诅咒坠饰影子 II,server/db/re/item_db_equip.yml,物品名称
ITEM,Under Rim Glasses,Under Rim眼镜,server/db/re/item_db_equip.yml,物品名称
ITEM,Underworld Knife,冥界小刀,server/db/re/item_db_equip.yml,物品名称
ITEM,Undine Box,温蒂妮箱,server/db/re/item_db_usable.yml,物品名称
ITEM,Unfreezing Shadow Earring,抗冰冻耳环影子,server/db/re/item_db_equip.yml,物品名称
ITEM,Unfreezing Shadow Pendant,抗冰冻吊坠影子,server/db/re/item_db_equip.yml,物品名称
ITEM,Unfreezing Shadow Weapon,抗冰冻武器影子,server/db/re/item_db_equip.yml,物品名称
ITEM,Unfrost Flower Card,Unfrost花卡片,server/db/re/item_db_etc.yml,物品名称
ITEM,Unholy Touch,邪恶之触,server/db/re/item_db_equip.yml,物品名称
ITEM,Unidentified Bug,未鉴定虫子,server/db/re/item_db_etc.yml,物品名称
ITEM,Unidentified Relic,未确认的遗物,server/db/re/item_db_etc.yml,物品名称
ITEM,Union Insignia,联盟徽章,server/db/re/item_db_etc.yml,物品名称
ITEM,Union of Organization,组织的团结力,server/db/re/item_db_usable.yml,物品名称
ITEM,Universal Catalog Gold,万能目录·金,server/db/re/item_db_usable.yml,物品名称
ITEM,Universal Catalog Gold 10 Box,通用目录金10箱,server/db/re/item_db_usable.yml,物品名称
ITEM,Universal Catalog Gold 50 Box,通用目录金50箱,server/db/re/item_db_usable.yml,物品名称
ITEM,Unknown Invention,未知Invention,server/db/re/item_db_etc.yml,物品名称
ITEM,Unknown Meteorite Fragment,未知Meteorite碎片,server/db/re/item_db_etc.yml,物品名称
ITEM,Unlimited Box IV,无限礼包 IV,server/db/re/item_db_usable.yml,物品名称
ITEM,Unlimited Box IV (10),无限巨大苍蝇翅膀 1 日箱,server/db/re/item_db_usable.yml,物品名称
ITEM,Unlimited Fly Wing 1 Day Box,无限苍蝇翅膀 1 日箱,server/db/re/item_db_usable.yml,物品名称
ITEM,Unlimited Fly Wing 7 Day Box,无限苍蝇翅膀箱,server/db/re/item_db_usable.yml,物品名称
ITEM,Unlucky Emerald,厄运祖母绿,server/db/re/item_db_etc.yml,物品名称
ITEM,Unsealing Scroll,Unsealing卷轴,server/db/re/item_db_usable.yml,物品名称
ITEM,Unsealing the dimension,Unsealing次元,server/db/re/item_db_usable.yml,物品名称
ITEM,Upgrade Book Box,强化书籍箱,server/db/re/item_db_usable.yml,物品名称
ITEM,Upgrade Boots,强化战靴,server/db/re/item_db_equip.yml,物品名称
ITEM,Upgrade Bow,弓,server/db/re/item_db_equip.yml,物品名称
ITEM,Upgrade Bow Box,强化弓箱,server/db/re/item_db_usable.yml,物品名称
ITEM,Upgrade Clip,强化夹子,server/db/re/item_db_equip.yml,物品名称
ITEM,Upgrade Dagger Box,强化短剑箱,server/db/re/item_db_usable.yml,物品名称
ITEM,Upgrade Greave,强化胫甲,server/db/re/item_db_equip.yml,物品名称
ITEM,Upgrade Mace Box,强化钝器箱,server/db/re/item_db_usable.yml,物品名称
ITEM,Upgrade Mining Equipment Enchantments,Upgrade Mining装备Enchantments,server/db/re/item_db_usable.yml,物品名称
ITEM,Upgrade Part - Plate,升级部件－板甲,server/db/re/item_db_equip.yml,物品名称
ITEM,Upgrade Revolver Box,强化左轮手枪箱,server/db/re/item_db_usable.yml,物品名称
ITEM,Upgrade Two-Handed Axe Box,强化双手斧箱,server/db/re/item_db_usable.yml,物品名称
ITEM,Upgrade Two-Handed Spear Box,强化长矛箱,server/db/re/item_db_usable.yml,物品名称
ITEM,Upgrade Two-Handed Staff Box,强化法杖箱,server/db/re/item_db_usable.yml,物品名称
ITEM,Upgrade Two-Handed Sword Box,强化双手剑箱,server/db/re/item_db_usable.yml,物品名称
ITEM,Upgraded Malangdo Cat Can,强化马尔多猫罐头,server/db/re/item_db_usable.yml,物品名称
ITEM,Uprage Two-handed Sword,强化双手剑,server/db/re/item_db_equip.yml,物品名称
ITEM,Ur's Seal,乌尔的徽章,server/db/re/item_db_equip.yml,装备名称
ITEM,Valentine Gift Box,情人节礼盒,server/db/re/item_db_usable.yml,物品名称
ITEM,Valentine Heart,情人节红心,server/db/re/item_db_equip.yml,物品名称
ITEM,Valhalla Effect (Middle),Valhalla效果(中段),server/db/re/item_db_etc.yml,物品名称
ITEM,Valkyrie Bundle A,女武神组合包,server/db/re/item_db_usable.yml,物品名称
ITEM,Valkyrie Essence (Faith) I,女武神精华(信仰) I,server/db/re/item_db_etc.yml,物品名称
ITEM,Valkyrie Essence (MHP) I,女武神精华(最大生命值) I,server/db/re/item_db_etc.yml,物品名称
ITEM,Valkyrie Essence (MHP) II,女武神精华(最大生命值) II,server/db/re/item_db_etc.yml,物品名称
ITEM,Valkyrie Essence (MHP) III,女武神精华(最大生命值) III,server/db/re/item_db_etc.yml,物品名称
ITEM,Valkyrie Essence (MHP) IV,女武神精华(最大生命值) IV,server/db/re/item_db_etc.yml,物品名称
ITEM,Valkyrie Essence (MHP) V,女武神精华(最大生命值) V,server/db/re/item_db_etc.yml,物品名称
ITEM,Valkyrie Essence (MSP) I,女武神精华(最大魔法值) I,server/db/re/item_db_etc.yml,物品名称
ITEM,Valkyrie Essence (MSP) II,女武神精华(最大魔法值) II,server/db/re/item_db_etc.yml,物品名称
ITEM,Valkyrie Essence (MSP) III,女武神精华(最大魔法值) III,server/db/re/item_db_etc.yml,物品名称
ITEM,Valkyrie Essence (MSP) IV,女武神精华(最大魔法值) IV,server/db/re/item_db_etc.yml,物品名称
ITEM,Valkyrie Essence (MSP) V,女武神精华(最大魔法值) V,server/db/re/item_db_etc.yml,物品名称
ITEM,Valkyrie Essence (Rapid) I,女武神精华(迅捷) I,server/db/re/item_db_etc.yml,物品名称
ITEM,Valkyrie Essence (Rapid) II,女武神精华(迅捷) II,server/db/re/item_db_etc.yml,物品名称
ITEM,Valkyrie Essence (Rapid) III,女武神精华(迅捷) III,server/db/re/item_db_etc.yml,物品名称
ITEM,Valkyrie Essence (Rapid) IV,女武神精华(迅捷) IV,server/db/re/item_db_etc.yml,物品名称
ITEM,Valkyrie Essence (Rapid) V,女武神精华(迅捷) V,server/db/re/item_db_etc.yml,物品名称
ITEM,Valkyrie Helmet,女武神头盔,server/db/re/item_db_equip.yml,物品名称
ITEM,Valkyrie Mercenary Scroll,票券礼物箱,server/db/re/item_db_usable.yml,物品名称
ITEM,Valkyrie Randgris Helm,头盔,server/db/re/item_db_equip.yml,物品名称
ITEM,Valkyrie Ring Box,瓦尔基里戒指箱,server/db/re/item_db_usable.yml,物品名称
ITEM,Valkyrie's Gift,瓦尔基里的礼物,server/db/re/item_db_etc.yml,物品名称
ITEM,Valkyrie's Token,瓦尔基里信物,server/db/re/item_db_etc.yml,物品名称
ITEM,Valor Badge,英勇徽章,server/db/re/item_db_etc.yml,物品名称
ITEM,Valorous Assassin's Damascus,英勇刺客短剑,server/db/re/item_db_equip.yml,物品名称
ITEM,Valorous Battle Lariat,英勇战斗套索,server/db/re/item_db_equip.yml,物品名称
ITEM,Valorous Battle Strategy Book,勇猛战术书,server/db/re/item_db_equip.yml,物品名称
ITEM,Vanilmirth Hat,巴尼米乐斯帽,server/db/re/item_db_equip.yml,物品名称
ITEM,Variable Cast Reduction Lower,可变吟唱减少（下段）,server/db/re/item_db_etc.yml,物品名称
ITEM,Variable Cast Reduction Middle,可变吟唱减少（中段）,server/db/re/item_db_etc.yml,物品名称
ITEM,Variable Cast Reduction Upper,可变吟唱减少（上段）,server/db/re/item_db_etc.yml,物品名称
ITEM,Variable Casting Stone (Garment),可变咏唱魔法石（披肩）,server/db/re/item_db_etc.yml,物品名称
ITEM,Variant Shoes,变异长靴,server/db/re/item_db_equip.yml,物品名称
ITEM,Variety Hat Box,多样帽子箱,server/db/re/item_db_usable.yml,物品名称
ITEM,Varmundt Rune Ring,Varmundt符文戒指,server/db/re/item_db_equip.yml,物品名称
ITEM,Varmundt Soul Reform,Varmundt灵魂改造,server/db/re/item_db_usable.yml,物品名称
ITEM,Varmundt Soul Rune Ring,Varmundt灵魂符文戒指,server/db/re/item_db_equip.yml,物品名称
ITEM,Varmundt Temple Reform,Varmundt神殿改造,server/db/re/item_db_usable.yml,物品名称
ITEM,Varmundt Temple Rune Ring,Varmundt神殿符文戒指,server/db/re/item_db_equip.yml,物品名称
ITEM,Varmundt Venom Reform,Varmundt剧毒改造,server/db/re/item_db_usable.yml,物品名称
ITEM,Varmundt Venom Rune Ring,Varmundt剧毒符文戒指,server/db/re/item_db_equip.yml,物品名称
ITEM,Veins Coin,Veins硬币,server/db/re/item_db_etc.yml,物品名称
ITEM,Veins Soup,Veins汤,server/db/re/item_db_etc.yml,物品名称
ITEM,Vellelopy,维勒洛皮,server/db/re/item_db_etc.yml,物品名称
ITEM,Vellum Arbalest,弓,server/db/re/item_db_equip.yml,物品名称
ITEM,Vellum Claymore,贝鲁姆克莱莫剑,server/db/re/item_db_equip.yml,物品名称
ITEM,Vellum CrossBow,弓,server/db/re/item_db_equip.yml,物品名称
ITEM,Vellum Katzbalger,贝鲁姆卡茨巴尔格,server/db/re/item_db_equip.yml,物品名称
ITEM,Venom Magic Ring,剧毒魔法戒指,server/db/re/item_db_equip.yml,物品名称
ITEM,Venom Rune Ring,剧毒符文戒指,server/db/re/item_db_equip.yml,物品名称
ITEM,Venus Feather Armor-LT,Venus羽毛铠甲-LT,server/db/re/item_db_equip.yml,物品名称
ITEM,Venus Lucky Egg,Venus幸运蛋,server/db/re/item_db_usable.yml,物品名称
ITEM,Vermilion Bird Armor,Vermilion Bird铠甲,server/db/re/item_db_equip.yml,物品名称
ITEM,Verporta Card,贝尔福塔卡片,server/db/re/item_db_etc.yml,物品名称
ITEM,Vesper Core 01,维斯帕核心 01,server/db/re/item_db_equip.yml,物品名称
ITEM,Vesper Core 02,维斯帕核心 02,server/db/re/item_db_equip.yml,物品名称
ITEM,Vesper Core 03,维斯帕核心 03,server/db/re/item_db_equip.yml,物品名称
ITEM,Vesper Core 04,维斯帕核心 04,server/db/re/item_db_equip.yml,物品名称
ITEM,Vesper Gear 03,维斯帕装备 03,server/db/re/item_db_equip.yml,装备名称
ITEM,Vesper Gear 04,维斯帕装备 04,server/db/re/item_db_equip.yml,装备名称
ITEM,Vibrant Cat Ears,Vibrant猫耳朵,server/db/re/item_db_equip.yml,物品名称
ITEM,Vibration Dragon Killer Shadow Armor,振动屠龙者铠甲影子,server/db/re/item_db_equip.yml,物品名称
ITEM,Vicious Mind Bow,弓,server/db/re/item_db_equip.yml,物品名称
ITEM,Vigor of Warlord,战王活力,server/db/re/item_db_etc.yml,物品名称
ITEM,Vigorgra,活力草,server/db/re/item_db_etc.yml,物品名称
ITEM,Vigorgra Box1,活力药箱1,server/db/re/item_db_usable.yml,物品名称
ITEM,Vigorgra Box2,活力药箱2,server/db/re/item_db_usable.yml,物品名称
ITEM,Vigorgra Box5,活力药箱5,server/db/re/item_db_usable.yml,物品名称
ITEM,Vigorgra Box6,活力药箱6,server/db/re/item_db_usable.yml,物品名称
ITEM,Vigorgra Box7,活力药箱7,server/db/re/item_db_usable.yml,物品名称
ITEM,Vigorgra Box8,活力药箱8,server/db/re/item_db_usable.yml,物品名称
ITEM,Violent Coelacanth Card,凶暴腔棘鱼卡片,server/db/re/item_db_etc.yml,物品名称
ITEM,Violet Bunny Hairband,紫罗兰兔子发带,server/db/re/item_db_equip.yml,物品名称
ITEM,Violet Scroll,紫罗兰卷轴,server/db/re/item_db_usable.yml,物品名称
ITEM,Violin,小提琴,server/db/re/item_db_etc.yml,物品名称
ITEM,Virgo Scroll,Virgo卷轴,server/db/re/item_db_usable.yml,物品名称
ITEM,Vit + 1,体质+ 1,server/db/re/item_db_etc.yml,物品名称
ITEM,Vit + 2,体质+ 2,server/db/re/item_db_etc.yml,物品名称
ITEM,Vit + 3,体质+ 3,server/db/re/item_db_etc.yml,物品名称
ITEM,VIT Blessing,体力祝福,server/db/re/item_db_etc.yml,物品名称
ITEM,Vit Glove,VIT 手套,server/db/re/item_db_equip.yml,物品名称
ITEM,VIT Reduction Potion,VIT 减少药水,server/db/re/item_db_usable.yml,物品名称
ITEM,VIT+1,体质+1,server/db/re/item_db_etc.yml,物品名称
ITEM,VIT+10,体质+10,server/db/re/item_db_etc.yml,物品名称
ITEM,VIT+2,体质+2,server/db/re/item_db_etc.yml,物品名称
ITEM,VIT+3,体质+3,server/db/re/item_db_etc.yml,物品名称
ITEM,VIT+3 AGI-3,体质+3敏捷-3,server/db/re/item_db_etc.yml,物品名称
ITEM,VIT+3 LUK-3,体质+3幸运-3,server/db/re/item_db_etc.yml,物品名称
ITEM,VIT+4,体质+4,server/db/re/item_db_etc.yml,物品名称
ITEM,VIT+5,体质+5,server/db/re/item_db_etc.yml,物品名称
ITEM,VIT+6,体质+6,server/db/re/item_db_etc.yml,物品名称
ITEM,VIT+7,体质+7,server/db/re/item_db_etc.yml,物品名称
ITEM,VIT+8,体质+8,server/db/re/item_db_etc.yml,物品名称
ITEM,VIT+9,体质+9,server/db/re/item_db_etc.yml,物品名称
ITEM,Vita500,维他500,server/db/re/item_db_usable.yml,物品名称
ITEM,Vitality Shadow Earring,活力耳环影子,server/db/re/item_db_equip.yml,物品名称
ITEM,Vitality Shadow Pendant,活力吊坠影子,server/db/re/item_db_equip.yml,物品名称
ITEM,Vivatus Fides Axe,维瓦图斯·菲德斯之斧,server/db/re/item_db_equip.yml,物品名称
ITEM,Vivatus Fides Foxtail Model,维瓦图斯·菲德斯狐尾模型,server/db/re/item_db_equip.yml,物品名称
ITEM,Vivatus Fides Shotgun,维瓦图斯·菲德斯散弹枪,server/db/re/item_db_equip.yml,物品名称
ITEM,Vocation Scroll,Vocation卷轴,server/db/re/item_db_usable.yml,物品名称
ITEM,Voitata Hat Recipe,Voitata帽Recipe,server/db/re/item_db_usable.yml,物品名称
ITEM,Volcaring Card,火山环卡片,server/db/re/item_db_etc.yml,物品名称
ITEM,Vulcan Shadow Armor,炮击铠甲影子,server/db/re/item_db_equip.yml,物品名称
ITEM,Vulcan Shadow Shield,炮击盾牌影子,server/db/re/item_db_equip.yml,物品名称
ITEM,Vulcan Shadow Shoes,炮击鞋子影子,server/db/re/item_db_equip.yml,物品名称
ITEM,Vulcanus Armor-LT,Vulcanus铠甲-LT,server/db/re/item_db_equip.yml,物品名称
ITEM,W Doll Hat,W 玩偶帽,server/db/re/item_db_equip.yml,物品名称
ITEM,Wander Mins Stone II (Lower),漫游吟游石II（下）,server/db/re/item_db_etc.yml,物品名称
ITEM,Wander Mins Stone II (Middle),漫游吟游石II（中）,server/db/re/item_db_etc.yml,物品名称
ITEM,Wander Mins Stone II (Upper),漫游吟游石II（上）,server/db/re/item_db_etc.yml,物品名称
ITEM,Wanderer Egg,流浪者之蛋,server/db/re/item_db_equip.yml,物品名称
ITEM,Wanderer Minstrel Stone (Garment),漫游者/吟游诗人石（披肩）,server/db/re/item_db_etc.yml,物品名称
ITEM,Wanderer Shadow Cube,舞娘影子魔方,server/db/re/item_db_usable.yml,物品名称
ITEM,Wanderer Taming Box,流浪者驯服箱,server/db/re/item_db_usable.yml,物品名称
ITEM,Wanderer Trentini Card,流浪舞者特伦蒂尼卡片,server/db/re/item_db_etc.yml,物品名称
ITEM,Wanderer's Sakkat,漫游者笠帽,server/db/re/item_db_equip.yml,物品名称
ITEM,Wanderer's Stone II (Garment),漫游者吟游诗人石II（披肩）,server/db/re/item_db_etc.yml,物品名称
ITEM,Wandering Minstrel Hat,流浪吟游诗人帽,server/db/re/item_db_equip.yml,物品名称
ITEM,Wandering Wolf Hat SynthesisBox,流浪狼王头盔配方,server/db/re/item_db_usable.yml,物品名称
ITEM,Warlock Advanced Paradise Shadow Weapon,术士高级乐园团武器影子装备,server/db/re/item_db_equip.yml,物品名称
ITEM,Warlock Battle Armor,术士战斗铠甲,server/db/re/item_db_equip.yml,物品名称
ITEM,Warlock Kathryne (MVP) Card,术士Kathryne (MVP)卡片,server/db/re/item_db_etc.yml,物品名称
ITEM,Warlock Kathryne Card,术士卡特琳娜卡片,server/db/re/item_db_etc.yml,物品名称
ITEM,Warlock Shadow Cube,咒术士影子立方体,server/db/re/item_db_usable.yml,物品名称
ITEM,Warlock Stone (Garment),术士石（披肩）,server/db/re/item_db_etc.yml,物品名称
ITEM,Warlock Stone II (Lower),咒术士石 II（下）,server/db/re/item_db_etc.yml,物品名称
ITEM,Warlock Stone II (Middle),咒术士石 II（中）,server/db/re/item_db_etc.yml,物品名称
ITEM,Warlock Stone II (Upper),咒术士石 II（上）,server/db/re/item_db_etc.yml,物品名称
ITEM,Warlock's Battle Robe,术士战斗长袍,server/db/re/item_db_equip.yml,物品名称
ITEM,Warlock's Booster Shadow Weapon,术士强化武器影子装备,server/db/re/item_db_equip.yml,物品名称
ITEM,Warm Cotton,温暖的棉花,server/db/re/item_db_etc.yml,物品名称
ITEM,Warm Shield Scroll,Warm盾牌卷轴,server/db/re/item_db_usable.yml,物品名称
ITEM,Warmth of the Snake God (Def) 7Lv,Snake神(防御) 7Lv之Warmth,server/db/re/item_db_etc.yml,物品名称
ITEM,Warrant of Bailiff,Bailiff之Warrant,server/db/re/item_db_etc.yml,物品名称
ITEM,Wasted Intermediate Rgan Card,Wasted中级Rgan卡片,server/db/re/item_db_etc.yml,物品名称
ITEM,Wasted Primitive Rgan Card,Wasted Primitive Rgan卡片,server/db/re/item_db_etc.yml,物品名称
ITEM,Water Filter,净水圣物,server/db/re/item_db_etc.yml,物品名称
ITEM,Water League Card,水League卡片,server/db/re/item_db_etc.yml,物品名称
ITEM,Water Type Scroll,水类型卷轴,server/db/re/item_db_usable.yml,物品名称
ITEM,Waterdrop Brooch,水滴胸针,server/db/re/item_db_equip.yml,装备名称
ITEM,Watermelon Bite,帽子,server/db/re/item_db_equip.yml,物品名称
ITEM,Weapon Enhancement Ore(High),武器强化原石（上级）,server/db/re/item_db_etc.yml,物品名称
ITEM,Weapon Enhancement Ore(Intermediate),武器强化原石（中级）,server/db/re/item_db_etc.yml,物品名称
ITEM,Weapon Enhancement Ore(Lower),武器强化原石（下级）,server/db/re/item_db_etc.yml,物品名称
ITEM,Weapon Enhancement Ore(Superior),武器强化原石（最上级）,server/db/re/item_db_etc.yml,物品名称
ITEM,Weapon Modification Box (Lower),武器改造箱(下段),server/db/re/item_db_usable.yml,物品名称
ITEM,Weapon Modification Box (Middle),武器改造箱(中段),server/db/re/item_db_usable.yml,物品名称
ITEM,Weapon Modification Box (Upper),武器改造箱(上段),server/db/re/item_db_usable.yml,物品名称
ITEM,Weapon Upgrade Stone(High),武器强化石（上级）,server/db/re/item_db_etc.yml,物品名称
ITEM,Weapon Upgrade Stone(Intermediate),武器强化石（中级）,server/db/re/item_db_etc.yml,物品名称
ITEM,Weapon Upgrade Stone(Lower),武器强化石（下级）,server/db/re/item_db_etc.yml,物品名称
ITEM,Weapon Upgrade Stone(Superior),武器强化石（最上级）,server/db/re/item_db_etc.yml,物品名称
ITEM,Wedding Bouquet,婚礼花束,server/db/re/item_db_etc.yml,物品名称
ITEM,Wedding Ring,婚戒,server/db/re/item_db_equip.yml,物品名称
ITEM,Wedding Weil,婚礼面纱,server/db/re/item_db_equip.yml,物品名称
ITEM,Weird Coelacanth Card,奇异腔棘鱼卡片,server/db/re/item_db_etc.yml,物品名称
ITEM,Weird Pumpkin Hat,怪异南瓜帽,server/db/re/item_db_equip.yml,物品名称
ITEM,Welcome 2nd High Extended Classes Ticket,Welcome 2nd高级Extended Classes券,server/db/re/item_db_etc.yml,物品名称
ITEM,Well Ripened Berry,熟透浆果,server/db/re/item_db_etc.yml,物品名称
ITEM,Well Roasted Meat,充分烤制肉,server/db/re/item_db_usable.yml,物品名称
ITEM,Well-baked Cookie,烤好的曲奇,server/db/re/item_db_usable.yml,物品名称
ITEM,Well-Dried Bone,干燥骨头,server/db/re/item_db_usable.yml,物品名称
ITEM,Well-dried Clover,晒干的三叶草,server/db/re/item_db_etc.yml,物品名称
ITEM,Western Grace,西部优雅,server/db/re/item_db_equip.yml,物品名称
ITEM,Whale Shark Float,鲸鲨鱼泳圈,server/db/re/item_db_equip.yml,物品名称
ITEM,Whike Black Tail,维克黑尾,server/db/re/item_db_equip.yml,物品名称
ITEM,Whikebain's Black Ears Box,希耶娜的黑猫耳箱,server/db/re/item_db_usable.yml,物品名称
ITEM,Whikebine's Black Cat Ears Box,希耶娜的黑猫耳箱,server/db/re/item_db_usable.yml,物品名称
ITEM,Whip of Balance,平衡之鞭,server/db/re/item_db_equip.yml,物品名称
ITEM,Whirlwind Footprint (Garment),Whirlwind脚印(披肩),server/db/re/item_db_etc.yml,物品名称
ITEM,Whisper Egg,幽灵之蛋,server/db/re/item_db_equip.yml,物品名称
ITEM,Whisper Mask,低语面具,server/db/re/item_db_equip.yml,物品名称
ITEM,White Fox Costume Package,白色狐狸[时装]礼包,server/db/re/item_db_usable.yml,物品名称
ITEM,White Knight Mantle (Magic),白色骑士Mantle (魔法),server/db/re/item_db_equip.yml,物品名称
ITEM,White Knight Mantle (Melee),白色骑士Mantle (Melee),server/db/re/item_db_equip.yml,物品名称
ITEM,White Knight Mantle (Range),白色骑士Mantle (Range),server/db/re/item_db_equip.yml,物品名称
ITEM,White Knight's Cloak,白色骑士的斗篷,server/db/re/item_db_equip.yml,物品名称
ITEM,White Knight's Foxtail,白色骑士的狐尾,server/db/re/item_db_equip.yml,物品名称
ITEM,White Musang Hat,帽子,server/db/re/item_db_equip.yml,物品名称
ITEM,White Ribbon,白色缎带,server/db/re/item_db_equip.yml,物品名称
ITEM,White Snake Hat,白蛇帽,server/db/re/item_db_equip.yml,物品名称
ITEM,White Syrup,白色糖浆,server/db/re/item_db_usable.yml,物品名称
ITEM,White Wing Brooch,白翼胸针,server/db/re/item_db_equip.yml,物品名称
ITEM,White Wing Manteau,白翼斗篷,server/db/re/item_db_equip.yml,物品名称
ITEM,Whitesmith Stone (Bottom),白匠石（下段）,server/db/re/item_db_etc.yml,物品名称
ITEM,Whitesmith Stone (Middle),白匠石（中段）,server/db/re/item_db_etc.yml,物品名称
ITEM,Whitesmith Stone (Upper),白匠石（上段）,server/db/re/item_db_etc.yml,物品名称
ITEM,Whitesmith Stone II (Bottom),神工匠石II（下）,server/db/re/item_db_etc.yml,物品名称
ITEM,Whitesmith Stone II (Middle),神工匠石II（中）,server/db/re/item_db_etc.yml,物品名称
ITEM,Whitesmith Stone II (Top),神工匠石II（上）,server/db/re/item_db_etc.yml,物品名称
ITEM,Whole Barbecue,整份烤肉,server/db/re/item_db_etc.yml,物品名称
ITEM,Wickebine's Black Cat Ears,维克比奈黑猫耳,server/db/re/item_db_equip.yml,物品名称
ITEM,Wickebine's Black Cat's Ear SynthesisBox,惠可拜因黑猫耳配方,server/db/re/item_db_usable.yml,物品名称
ITEM,Wicked Nymph Egg,妖仙女之蛋,server/db/re/item_db_equip.yml,物品名称
ITEM,Wicket marching Hat SynthesisBox,邪恶行军帽配方,server/db/re/item_db_usable.yml,物品名称
ITEM,Wide Grass,宽叶草,server/db/re/item_db_etc.yml,物品名称
ITEM,Wig,假发,server/db/re/item_db_equip.yml,宠物装备名称
ITEM,Wigner Premium Exchange Ticket,Wigner高级兑换券,server/db/re/item_db_etc.yml,物品名称
ITEM,Wild Rider Card,狂野骑士卡片,server/db/re/item_db_etc.yml,物品名称
ITEM,Wild Rose Card,野玫瑰卡片,server/db/re/item_db_etc.yml,物品名称
ITEM,Wild Rose Hat,野玫瑰帽,server/db/re/item_db_equip.yml,物品名称
ITEM,Wilheim Lugenburg Card Fragment,Wilheim Lugenburg卡片碎片,server/db/re/item_db_etc.yml,物品名称
ITEM,Will of Ancient Hero,古代英雄的意志,server/db/re/item_db_usable.yml,物品名称
ITEM,Willow Egg,柳树精蛋,server/db/re/item_db_equip.yml,宠物蛋名称
ITEM,Wind Amulet,风护符,server/db/re/item_db_etc.yml,物品名称
ITEM,Wind Ghost Card,风魔巫师卡片,server/db/re/item_db_etc.yml,物品名称
ITEM,Wind God Cloak,风神斗篷,server/db/re/item_db_equip.yml,物品名称
ITEM,Wind League Card,风League卡片,server/db/re/item_db_etc.yml,物品名称
ITEM,Wind Spirit Ring,风精灵戒指,server/db/re/item_db_equip.yml,物品名称
ITEM,Wind Type Scroll,风类型卷轴,server/db/re/item_db_usable.yml,物品名称
ITEM,Wind Walk Scroll 10 Box,风之步卷轴10箱,server/db/re/item_db_usable.yml,物品名称
ITEM,Wind Walk Scroll 30 Box,风之步卷轴 30 箱,server/db/re/item_db_usable.yml,物品名称
ITEM,Wind Walk Scroll 50 Box,风之步卷轴 50 箱,server/db/re/item_db_usable.yml,物品名称
ITEM,Windhawk Soul (Crescive Bolt),Windhawk灵魂(Crescive Bolt),server/db/re/item_db_etc.yml,物品名称
ITEM,Windhawk Soul (Deep Blind Trap),Windhawk灵魂(深邃致盲Trap),server/db/re/item_db_etc.yml,物品名称
ITEM,Windhawk Soul (Flame Trap),Windhawk灵魂(火焰Trap),server/db/re/item_db_etc.yml,物品名称
ITEM,Windhawk Soul (Gale Storm),Windhawk灵魂(Gale风暴),server/db/re/item_db_etc.yml,物品名称
ITEM,Windhawk Soul (Hawk Rush),Windhawk灵魂(Hawk冲锋),server/db/re/item_db_etc.yml,物品名称
ITEM,Windhawk Soul (Solid Trap),Windhawk灵魂(Solid Trap),server/db/re/item_db_etc.yml,物品名称
ITEM,Windhawk Soul (Swift Trap),Windhawk灵魂(Swift Trap),server/db/re/item_db_etc.yml,物品名称
ITEM,Wing Headphone,翅膀耳机,server/db/re/item_db_equip.yml,物品名称
ITEM,Wing of Dragonfly,蜻蜓翅膀,server/db/re/item_db_etc.yml,物品名称
ITEM,Wing Of Happiness,幸福之翅膀,server/db/re/item_db_equip.yml,物品名称
ITEM,Wings of 8 Purgatories SynthesisBox,八式炼狱之翼配方,server/db/re/item_db_usable.yml,物品名称
ITEM,Wings of Light and Darkness,光暗之翼服装,server/db/re/item_db_equip.yml,服装名称
ITEM,Wings of Olympus-LT,Olympus-LT之翅膀,server/db/re/item_db_equip.yml,物品名称
ITEM,Winter Cookie,冬季饼干,server/db/re/item_db_usable.yml,物品名称
ITEM,WIS Assistance,智慧辅助,server/db/re/item_db_etc.yml,物品名称
ITEM,WIS Enforcement,智慧执行,server/db/re/item_db_etc.yml,物品名称
ITEM,WIS Lv1,智慧Lv1,server/db/re/item_db_etc.yml,物品名称
ITEM,WIS Lv2,智慧Lv2,server/db/re/item_db_etc.yml,物品名称
ITEM,WIS Reduction Potion,WIS减少药水,server/db/re/item_db_usable.yml,物品名称
ITEM,WIS+3,智慧+3,server/db/re/item_db_etc.yml,物品名称
ITEM,Wisdom Core Headphones,Wisdom核心Headphones,server/db/re/item_db_equip.yml,物品名称
ITEM,Witch's Medal,女巫勋章,server/db/re/item_db_etc.yml,物品名称
ITEM,Witch's Spell Scroll,女巫咒语卷轴,server/db/re/item_db_etc.yml,物品名称
ITEM,Witch's Staff,女巫的法杖,server/db/re/item_db_equip.yml,物品名称
ITEM,Withered Flower,凋零的花,server/db/re/item_db_etc.yml,物品名称
ITEM,Witty Shadow Earring,机智影子耳环,server/db/re/item_db_equip.yml,影子装备名称
ITEM,Witty Shadow Pendant,机智影子吊坠,server/db/re/item_db_equip.yml,影子装备名称
ITEM,Wizard Hat,巫师帽,server/db/re/item_db_equip.yml,物品名称
ITEM,Wizard Shadow Shoes,巫师鞋子影子,server/db/re/item_db_equip.yml,物品名称
ITEM,Wizard's Memory,Wizard的记忆,server/db/re/item_db_equip.yml,物品名称
ITEM,Woe Sahkkat,攻城战斗笠,server/db/re/item_db_equip.yml,物品名称
ITEM,WoE Supply Box,攻城补给箱,server/db/re/item_db_usable.yml,物品名称
ITEM,WoE TE Rental List,WoE TE租赁清单,server/db/re/item_db_etc.yml,物品名称
ITEM,Wolf Orb (Delay After Attack) Level 1,狼宝珠（攻击后延迟）1级,server/db/re/item_db_etc.yml,物品名称
ITEM,Wolf Orb (Delay After Attack) Level 2,狼之宝珠（攻击后延迟）2Lv,server/db/re/item_db_etc.yml,物品名称
ITEM,Wolf Orb (Delay After Attack) Level 3,狼之宝珠（攻击后延迟）3Lv,server/db/re/item_db_etc.yml,物品名称
ITEM,Wolf Orb (Delay After Attack) Level 4,狼之宝珠（攻击后延迟）4Lv,server/db/re/item_db_etc.yml,物品名称
ITEM,Wolf Orb (Delay After Skill),狼宝珠（技能后延迟）,server/db/re/item_db_etc.yml,物品名称
ITEM,Wolf Orb (Dragonic Breath),狼宝珠（龙息）,server/db/re/item_db_etc.yml,物品名称
ITEM,Wolf Orb (Expert Archer) Level 1,狼之宝珠（神弓）1Lv,server/db/re/item_db_etc.yml,物品名称
ITEM,Wolf Orb (Expert Archer) Level 2,狼之宝珠（神弓）2Lv,server/db/re/item_db_etc.yml,物品名称
ITEM,Wolf Orb (Expert Archer) Level 3,狼之宝珠（神弓）3Lv,server/db/re/item_db_etc.yml,物品名称
ITEM,Wolf Orb (Expert Archer) Level 4,狼之宝珠（神弓）4Lv,server/db/re/item_db_etc.yml,物品名称
ITEM,Wolf Orb (Fatal Flash),狼宝珠（致命闪光）,server/db/re/item_db_etc.yml,物品名称
ITEM,Wolf Orb (Fatal) Level 1,狼之宝珠（致命）1Lv,server/db/re/item_db_etc.yml,物品名称
ITEM,Wolf Orb (Fatal) Level 2,狼之宝珠（致命）2Lv,server/db/re/item_db_etc.yml,物品名称
ITEM,Wolf Orb (Fatal) Level 3,狼之宝珠（致命）3Lv,server/db/re/item_db_etc.yml,物品名称
ITEM,Wolf Orb (Fighting Spirit) Level 1,狼之宝珠（斗志）1Lv,server/db/re/item_db_etc.yml,物品名称
ITEM,Wolf Orb (Fighting Spirit) Level 2,狼之宝珠（斗志）2Lv,server/db/re/item_db_etc.yml,物品名称
ITEM,Wolf Orb (Fighting Spirit) Level 3,狼之宝珠（斗志）3Lv,server/db/re/item_db_etc.yml,物品名称
ITEM,Wolf Orb (Firing Shot),狼宝珠（燃烧射击）,server/db/re/item_db_etc.yml,物品名称
ITEM,Wolf Orb (Fixed Casting) Level 1,狼宝珠（固定吟唱）1级,server/db/re/item_db_etc.yml,物品名称
ITEM,Wolf Orb (Fixed Casting) Level 2,狼宝珠（固定吟唱）2级,server/db/re/item_db_etc.yml,物品名称
ITEM,Wolf Orb (Fixed Casting) Level 3,狼宝珠（固定吟唱）3级,server/db/re/item_db_etc.yml,物品名称
ITEM,Wolf Orb (Lucky Strike),狼宝珠（幸运打击）,server/db/re/item_db_etc.yml,物品名称
ITEM,Wolf Orb (Mage) Level 1,狼宝珠（法师）1级,server/db/re/item_db_etc.yml,物品名称
ITEM,Wolf Orb (Mage) Level 2,狼宝珠（法师）2级,server/db/re/item_db_etc.yml,物品名称
ITEM,Wolf Orb (Mage) Level 3,狼宝珠（法师）3级,server/db/re/item_db_etc.yml,物品名称
ITEM,Wolf Orb (Magical Defense) Level 2,狼宝珠（魔法防御）2级,server/db/re/item_db_etc.yml,物品名称
ITEM,Wolf Orb (Magical Defense) Level 3,狼宝珠（魔法防御）3级,server/db/re/item_db_etc.yml,物品名称
ITEM,Wolf Orb (Magical Force) Level 1,狼宝珠（魔法力量）1级,server/db/re/item_db_etc.yml,物品名称
ITEM,Wolf Orb (Magical Force) Level 2,狼宝珠（魔法力量）2级,server/db/re/item_db_etc.yml,物品名称
ITEM,Wolf Orb (Magical Force) Level 3,狼宝珠（魔法力量）3级,server/db/re/item_db_etc.yml,物品名称
ITEM,Wolf Orb (Overpower),狼宝珠（超能量）,server/db/re/item_db_etc.yml,物品名称
ITEM,Wolf Orb (Physical Defense) Level 2,狼宝珠（物理防御）2级,server/db/re/item_db_etc.yml,物品名称
ITEM,Wolf Orb (Physical Defense) Level 3,狼宝珠（物理防御）3级,server/db/re/item_db_etc.yml,物品名称
ITEM,Wolf Orb (Physical Force) Level 1,狼宝珠（物理力量）1级,server/db/re/item_db_etc.yml,物品名称
ITEM,Wolf Orb (Physical Force) Level 2,狼宝珠（物理力量）2级,server/db/re/item_db_etc.yml,物品名称
ITEM,Wolf Orb (Physical Force) Level 3,狼宝珠（物理力量）3级,server/db/re/item_db_etc.yml,物品名称
ITEM,Wolf Orb (Power Force),狼宝珠（力量）,server/db/re/item_db_etc.yml,物品名称
ITEM,Wolf Orb (Reflection Reject) Level 1,狼宝珠（反射抵抗）1级,server/db/re/item_db_etc.yml,物品名称
ITEM,Wolf Orb (Reflection Reject) Level 2,狼宝珠（反射抵抗）2级,server/db/re/item_db_etc.yml,物品名称
ITEM,Wolf Orb (Reflection Reject) Level 3,狼宝珠（反射抵抗）3级,server/db/re/item_db_etc.yml,物品名称
ITEM,Wolf Orb (Shooter) Level 1,狼宝珠（神射手）1级,server/db/re/item_db_etc.yml,物品名称
ITEM,Wolf Orb (Shooter) Level 2,狼宝珠（神射手）2级,server/db/re/item_db_etc.yml,物品名称
ITEM,Wolf Orb (Shooter) Level 3,狼宝珠（神射手）3级,server/db/re/item_db_etc.yml,物品名称
ITEM,Wolf Orb (Spell Buster),狼宝珠（法术破坏者）,server/db/re/item_db_etc.yml,物品名称
ITEM,Wolf Orb (Spell) Level 1,狼之宝珠（魔力）1Lv,server/db/re/item_db_etc.yml,物品名称
ITEM,Wolf Orb (Spell) Level 2,狼之宝珠（魔力）2Lv,server/db/re/item_db_etc.yml,物品名称
ITEM,Wolf Orb (Spell) Level 3,狼之宝珠（魔力）3Lv,server/db/re/item_db_etc.yml,物品名称
ITEM,Wolf Orb (Unlimited Vital),狼宝珠（无限活力）,server/db/re/item_db_etc.yml,物品名称
ITEM,Wolf Orb (Warrior) Level 1,狼宝珠（战士）1级,server/db/re/item_db_etc.yml,物品名称
ITEM,Wolf Orb (Warrior) Level 2,狼宝珠（战士）2级,server/db/re/item_db_etc.yml,物品名称
ITEM,Wolf Orb (Warrior) Level 3,狼宝珠（战士）3级,server/db/re/item_db_etc.yml,物品名称
ITEM,Wolfe Card,Wolfe卡片,server/db/re/item_db_etc.yml,物品名称
ITEM,Wolfe Lugenburg Card,Wolfe Lugenburg卡片,server/db/re/item_db_etc.yml,物品名称
ITEM,Woman Glory,女性的荣耀,server/db/re/item_db_equip.yml,物品名称
ITEM,Wonderful Forest Costume Package,Wonderful Forest[时装]礼包,server/db/re/item_db_usable.yml,物品名称
ITEM,Wooden Golem Card,木石怪卡片,server/db/re/item_db_etc.yml,物品名称
ITEM,Wooden Treasure Box,Wooden宝藏箱,server/db/re/item_db_usable.yml,物品名称
ITEM,Wool Mask,羊毛面具,server/db/re/item_db_equip.yml,物品名称
ITEM,Wootan Fighter Card,乌旦战士卡片,server/db/re/item_db_etc.yml,物品名称
ITEM,Wootan Shooter Card,乌旦射手卡片,server/db/re/item_db_etc.yml,物品名称
ITEM,Work Cap,Work帽,server/db/re/item_db_equip.yml,物品名称
ITEM,World Moving Ticket,世界移动券,server/db/re/item_db_etc.yml,物品名称
ITEM,World-erosive Curse,世界-erosive诅咒,server/db/re/item_db_equip.yml,物品名称
ITEM,Worldcup Hat of Fight,冷静足球帽,server/db/re/item_db_equip.yml,物品名称
ITEM,Worldcup Hat of Honor,荣耀足球帽,server/db/re/item_db_equip.yml,物品名称
ITEM,Worldcup Hat of Passion,热情足球帽,server/db/re/item_db_equip.yml,物品名称
ITEM,Worldcup Hat of Victory,胜利足球帽,server/db/re/item_db_equip.yml,物品名称
ITEM,Worn Cloth Piece,破旧布片,server/db/re/item_db_etc.yml,物品名称
ITEM,Worn Out Page,破旧书页,server/db/re/item_db_etc.yml,物品名称
ITEM,Worn-out Prison Uniform,破旧囚服,server/db/re/item_db_etc.yml,物品名称
ITEM,Wrench Box,扳手箱,server/db/re/item_db_usable.yml,物品名称
ITEM,Wrist Strap,手腕带,server/db/re/item_db_etc.yml,物品名称
ITEM,Written Oath Of Marriage Box,婚姻誓约书箱,server/db/re/item_db_usable.yml,物品名称
ITEM,Xmas Teddy Bear Egg,圣诞泰迪熊蛋,server/db/re/item_db_equip.yml,宠物蛋名称
ITEM,Yarn,毛线,server/db/re/item_db_etc.yml,物品名称
ITEM,Yellow Butterfly Wing 5 Box,黄色蝴蝶翅膀5箱,server/db/re/item_db_usable.yml,物品名称
ITEM,Yellow Butterfly Wing Box,黄色蝴蝶翅膀箱,server/db/re/item_db_usable.yml,物品名称
ITEM,Yellow Hat,时装·黄色小礼帽,server/db/re/item_db_equip.yml,物品名称
ITEM,Yellow Mage Hat,黄色法师帽,server/db/re/item_db_equip.yml,物品名称
ITEM,Yellow Star Footprint (Garment),黄色星脚印(披肩),server/db/re/item_db_etc.yml,物品名称
ITEM,Yellow Syrup,黄色糖浆,server/db/re/item_db_usable.yml,物品名称
ITEM,Yinyang Sword,Yinyang剑,server/db/re/item_db_equip.yml,物品名称
ITEM,Ymir Beads,蕴含魔力的宝珠,server/db/re/item_db_usable.yml,物品名称
ITEM,Ymir Fragment,残留魔力的石头,server/db/re/item_db_etc.yml,物品名称
ITEM,Ymir Ore,污染的石头,server/db/re/item_db_etc.yml,物品名称
ITEM,Yodo Koikiri,淀切恋,server/db/re/item_db_equip.yml,物品名称
ITEM,Yong Kwang Scroll,Yong Kwang卷轴,server/db/re/item_db_usable.yml,物品名称
ITEM,Yordos Executor Card,Yordos Executor卡片,server/db/re/item_db_etc.yml,物品名称
ITEM,Yordos Investigator Card,Yordos Investigator卡片,server/db/re/item_db_etc.yml,物品名称
ITEM,Yordos Judge Card,Yordos Judge卡片,server/db/re/item_db_etc.yml,物品名称
ITEM,Yorker Trader Card,Yorker Trader卡片,server/db/re/item_db_etc.yml,物品名称
ITEM,Yorker Worker Card,Yorker工人卡片,server/db/re/item_db_etc.yml,物品名称
ITEM,Yorscalp Manteau,Yorscalp斗篷,server/db/re/item_db_equip.yml,物品名称
ITEM,Yorscalp Muffler,Yorscalp围巾,server/db/re/item_db_equip.yml,物品名称
ITEM,Yortus Arbiter Card,Yortus Arbiter卡片,server/db/re/item_db_etc.yml,物品名称
ITEM,Yortus Bailiff Card,Yortus Bailiff卡片,server/db/re/item_db_etc.yml,物品名称
ITEM,Yortus Bishop Card,Yortus主教卡片,server/db/re/item_db_etc.yml,物品名称
ITEM,Yortus Warlock Card,Yortus术士卡片,server/db/re/item_db_etc.yml,物品名称
ITEM,Yoscopus Guardian Card,Yoscopus守护者卡片,server/db/re/item_db_etc.yml,物品名称
ITEM,Yoscopus Warlock Card,Yoscopus术士卡片,server/db/re/item_db_etc.yml,物品名称
ITEM,Yosker Yorker Activation Reward,Yosker Yorker激活奖励,server/db/re/item_db_usable.yml,物品名称
ITEM,Yosker Yorker Completion Reward,Yosker Yorker完成奖励,server/db/re/item_db_usable.yml,物品名称
ITEM,Young Leaf of World Tree (Int),世界树嫩叶（智力）,server/db/re/item_db_equip.yml,物品名称
ITEM,Young Twig,嫩树枝,server/db/re/item_db_etc.yml,物品名称
ITEM,Younger Bro Letter,弟弟的信,server/db/re/item_db_etc.yml,物品名称
ITEM,Yoyo Egg,悠悠的蛋,server/db/re/item_db_equip.yml,物品名称
ITEM,Zealotus Egg,齐尔塔斯的蛋,server/db/re/item_db_equip.yml,物品名称
ITEM,Zealotus Mask,泽洛斯面具,server/db/re/item_db_equip.yml,物品名称
ITEM,Zeny Pet Egg Scroll,Zeny 宠物蛋卷轴,server/db/re/item_db_usable.yml,物品名称
ITEM,Zherlthsh Tck Box,吉尔塔斯交换券箱,server/db/re/item_db_usable.yml,物品名称
ITEM,Zhu Po Long Card,朱波隆卡片,server/db/re/item_db_etc.yml,物品名称
ITEM,Zircon,锆石,server/db/re/item_db_etc.yml,物品名称
ITEM,Zodiac Boots (Archer),星座靴(弓箭手),server/db/re/item_db_equip.yml,物品名称
ITEM,Zodiac Boots (Mage),星座靴(法师),server/db/re/item_db_equip.yml,物品名称
ITEM,Zodiac Boots (Swordsman),星座靴(Swordsman),server/db/re/item_db_equip.yml,物品名称
ITEM,Zodiac Crown Box,星座王冠箱,server/db/re/item_db_usable.yml,物品名称
ITEM,Zodiac Diadem Box,星座冠冕箱,server/db/re/item_db_usable.yml,物品名称
ITEM,Zonda Choco,Zonda巧克力,server/db/re/item_db_usable.yml,物品名称
JOB,Archbishop,大主教,server/npc/re/jobs/3-1/archbishop.txt,职业名称
JOB,Geneticist,基因学者,server/npc/re/jobs/3-2/genetic.txt,职业名称
name,A Wanderer from a strange land,异乡旅人,server-npc,莫斯科比亚任务 NPC 称谓
name,Aadin,阿丁,server-npc,Sleipnir 神器任务人物名称
name,Aas,Aas,server-npc,雷根施姆副本 NPC 名称，保留项目既有英文名
name,Abraham Iven Hudin,亚伯拉罕·伊文·胡丁,server-npc,Rockridge 交易人物名称
name,Absar,阿布萨尔,server-npc,维因斯石头任务 NPC 名称
name,Acid,阿西德,server-npc,幻影地下城玩偶熊任务人物名称
name,Acolyte Klift,服事克利夫特,server-npc,技能任务 NPC 名称音译
name,Adept Adventurer,老练的冒险者,server-npc,初心者学院宠物教学 NPC
name,Admiral Lee Daegam,李大监,server-npc,深邃森林副本 NPC 名称
name,Adventurer's Pet,冒险者的宠物,server-npc,初心者学院宠物教学对白角色
name,Aelle,艾尔,server-npc,Charming Wink 技能任务人物名称
name,Aello,艾罗,npc,迪卡斯特斯探险队 NPC
name,Affable Lady,亲切女士,server-npc,岩脊商店 NPC 名称
name,Agnes Roegenburg,艾格尼丝·罗根堡,npc-and-quest,16-1 任务 NPC
name,Ahab,阿哈布,npc,灰狼村民任务 NPC
name,Ahat,阿哈特,server-npc,Dicastes 任务人物名称
name,Ahir,阿希尔,server-npc,Episode 18 灰狼村风暴风筝任务人物名称
name,Aigu,艾古,server-npc,伊甸园任务 NPC 名称音译
name,Aitra,艾特拉,server-npc,维因斯火山调查任务 NPC 名称
name,Akkie,阿奇,server-npc,铁匠技能任务 NPC 名称
name,Al De Baran Guard,艾尔迪巴兰卫兵,server-npc,卫兵职务名称翻译
name,Alakina Ann,阿拉基娜·安,server-npc,Niflheim NPC 名称音译
name,Albert Ford,阿尔伯特·福特,server-npc,岩脊矿山任务角色
name,Alberta Guide,艾尔贝塔向导,server-npc,导航 NPC 职务名称翻译
name,Aldebaran,艾尔帕兰,client-database,地图与城市名称
name,Alex Helmut,亚历克斯·赫尔穆特,npc,奥丁神殿探险队 NPC
name,Alfrik,阿尔弗里克,server-npc,Brisingamen 神器任务矮人名称
name,Allen Schuwell,艾伦·舒韦尔,npc,胡格医疗任务 NPC
name,Alp Ocart,阿尔普·奥卡特,server-npc,妖精之城委托 NPC 名称
name,Alph,阿尔夫,server-npc,地下掩体探索任务角色
name,Alt,阿尔特,server-npc,16.2 任务 NPC 名称
name,Amira,阿米拉,server-npc,Episode 18 灰狼村民间传说人物名称
name,Andrew Shylock,Andrew Shylock,job-class,NPC 名称
name,Angela,安吉拉,server-npc,里希塔乐 NPC 人名采用稳定中文音译
name,Anguhilde,安古希尔德,server-npc,大主教转职任务女武神名称
name,Anna,Anna,server-npc,莫斯科比亚任务 NPC 名称，保留项目既有英文名
name,Ansuriya,安苏莉亚,server-npc,Amicitia 任务人物名称
name,Antoine,安托万,server-npc,幻影地下城梦魇任务人物名称
name,Antonio,安东尼奥,server-npc,活动 NPC 人名采用稳定中文译名
name,Antonio Jr.,安东尼奥·二世,server-npc,盗贼转职测试 NPC 人名采用稳定中文音译
name,Aolatura,奥拉图拉,server-npc,炼金实验植物
name,Aperture,Aperture,server-npc,伊甸园 iRO NPC 名称，保留项目既有英文名
name,Apprentice Craftsman,工匠学徒,server-npc,防具附魔 NPC 职称翻译
name,Aragham,阿拉甘姆,server-npc,Nameless Island 任务人物名称
name,Arcana,阿卡娜,server-npc,飞艇袭击副本 NPC 名称
name,Archeologist Leiphen,考古学家莱芬,server-npc,龟岛幻境任务人物名称
name,Archer Guildsman,弓箭手公会成员,server-npc,职业转职 NPC 职务翻译
name,Archer Joe,弓箭手乔,server-npc,斐扬弓箭手 NPC 人名采用稳定中文音译
name,Archer Wolt,弓箭手沃尔特,server-npc,普隆德拉弓箭手 NPC 人名采用稳定中文音译
name,Archer Zakk,弓箭手扎克,server-npc,普隆德拉弓箭手 NPC 人名采用稳定中文音译
name,Arian,阿里安,server-npc,The Sign 任务 NPC 名称
name,Arioss,阿里奥斯,server-npc,尼德霍格巢穴 NPC 人名采用稳定中文音译
name,Arivero Yurhik,阿里维罗·尤尔希克,server-npc,迪卡斯特斯任务角色
name,Arpesto,阿佩斯托,server-npc,幻影箭技能任务人物名称
name,Asad,阿萨德,server-npc,灰狼村商店 NPC 名称
name,Ashe Bruce,阿什·布鲁斯,server-npc,Niflheim NPC 名称音译
name,Ashe Milton,阿什·米尔顿,npc,奥丁神殿探险队 NPC
name,Ashley,阿什莉,server-npc,实验室伤员救援人物名称
name,Assassin Khai,刺客‘凯’,server-npc,刺客转职任务 NPC 人名采用稳定中文译名
name,Asudem,阿苏德,server-npc,科莫多幻境调查人物名称
name,Ate,阿特,server-npc,维鲁斯地下掩体录音人物名称
name,Aurora,奥罗拉,server-npc,伊甸市场宝石商店 NPC 名称
name,Austri,奥斯特里,server-npc,妙尔尼尔封印任务 NPC 名称
name,Avalanche,雪崩,server-npc,迪卡斯特守卫队长人物名称
name,Avant,Avant,server-npc,恶魔之神讨伐任务 NPC 名称，保留项目既有英文名
name,Aylvar,艾尔瓦,npc-and-quest,幻影洞窟任务 NPC
name,Baba Yaga,芭芭雅嘎,server-npc,Moscovia 任务人物名称
name,Bachewcca,巴丘卡,server-npc,NPC 名称
name,Bahed,巴赫德,npc,维恩斯工厂工人 NPC
name,Bain,贝恩,server-npc,Juno 炼金术士兄弟任务人物名称
name,Baisulist,拜苏利斯特,server-npc,铁匠转职任务交付 NPC 人名采用稳定中文音译
name,Bakerlan,贝克兰,server-npc,The Sign 任务 NPC 名称
name,Balumin,巴鲁明,server-npc,Eclage 抢劫调查人物名称
name,Baphomet,巴风特,client-database,怪物名称
name,Barget Tiblack,巴杰特·蒂布莱克,npc,14-3 任务 NPC
name,Bebete,贝贝特,npc,小天使雕像任务 NPC
name,Beeryu,贝里尤,server-npc,星帝转职任务 NPC 人名采用稳定中文音译
name,Bekento,贝肯托,npc,拉赫任务剧情人物
name,Belljamin Button,贝尔贾明·巴顿,server-npc,任务 NPC 名称音译
name,Bercasell,贝卡塞尔,server-npc,十字斩首者职业任务 NPC 名称
name,Berling,伯灵,server-npc,布里希嘉曼封印任务矮人名称
name,Berman Aire,伯曼·艾尔,npc,氏族首领
name,Berru,贝鲁,server-npc,里希塔乐 NPC 人名采用稳定中文音译
name,Bigibigi Grass,比比草,server-npc,炼金实验植物
name,Billik,比利克,server-npc,尼夫海姆任务 NPC 名称
name,Billy-Bob,比利·鲍勃,server-npc,寻宝猎人任务 NPC 人名采用稳定中文音译
name,Biscuss,比斯库斯,server-npc,Prontera 王子调查任务人物名称
name,Bismarc,比斯马克,server-npc,铁匠转职任务交付 NPC 人名采用稳定中文音译
name,BK,BK,server-npc,Dicastes 猫商人情报人物名称
name,Blackphone,黑电话,server-npc,伊甸市场喵爪商人 NPC 名称
name,Bliant Piyord,布利安特·皮约尔,server-npc,十字军最终测试 NPC 人名采用稳定中文音译
name,BLIZZARDRISS,BLIZZARDRISS,server-npc,技能任务 NPC 名称，保留源名
name,Boatswain,水手长,server-npc,康奇利纳船员职位
name,Bob,鲍勃,npc,马兰岛裂缝修复助手 NPC
name,Bogi Vine,博奇藤,server-npc,炼金实验植物
name,Boiler,锅炉,server-npc,王室浴场任务人物名称
name,Bonnie Imbullea,邦妮·英布利亚,server-npc,普隆德拉耶梦加得诅咒任务 NPC 名称
name,Bourbon,波旁,server-npc,Eclage 读书调查人物名称
name,Bouy,布伊,npc,迪卡斯特斯布拉迪姆任务 NPC
name,Brade,布雷德,npc,新手训练场教官
name,Brenda Howard,布伦达·霍华德,server-npc,Sign 任务人物名称
name,Briashen,布里阿申,server-npc,幻影地下城失忆剧情角色
name,Brie,布里,server-npc,Malangdo 尤格拉德西尔果实任务人物名称
name,Broncher,布朗彻,server-npc,人工生命体任务人物名称
name,Broom Grandma,扫帚奶奶,server-npc,莫斯科比亚任务 NPC 名称
name,Bruno,Bruno,server-npc,Terra Gloria 任务 NPC 名称，保留项目既有英文名
name,Bruspetti,布鲁斯佩蒂,server-npc,Rachel 任务人物名称
name,Budan,布丹,server-npc,Episode 18 净水任务人物名称
name,Budidai,布达代,server-npc,Malaya 卡普雷任务人物名称
name,Buender Hikeman,布恩德·希克曼,npc,艾因任务 NPC
name,Burled,伯雷德,npc,塔纳托斯塔任务 NPC
name,Busy-Looking Boy,忙碌的男孩,server-npc,普隆德拉任务 NPC 名称
name,Cain,凯恩,server-npc,科多钻石消息 NPC 人名采用稳定中文音译
name,Calla,卡拉,npc,卡佩尔泰因家族成员
name,Callandiva,卡兰迪瓦,npc,伊甸园海底城市训练 NPC
name,Calyon,卡里昂,npc-and-quest,迪卡斯特斯 NPC
name,Canell,卡内尔,server-npc,Charming Wink 技能任务人物名称
name,Canine,犬齿,server-npc,王室浴场任务人物名称
name,Cano,卡诺,server-npc,战场神物制作 NPC 亲属名称
name,Canphotii,坎普提,server-npc,NPC 名称
name,Cantata,坎塔塔,server-npc,卢蒂耶 NPC 人名采用稳定中文音译
name,Captain Ferlock,弗洛克船长,server-npc,飞艇袭击副本 NPC 名称
name,Captain Gamberi,甘贝里船长,npc,拉斯格纳飞艇船长
name,Cassis,卡西斯,server-npc,幻影调查队任务 NPC 名称
name,Catalog Magician,目录魔法师,server-npc,商人 NPC 职务名称翻译
name,Catfoii,卡特菲,server-npc,Nameless Island Z 帮人物名称
name,Cecilia,塞西莉亚,server-npc,Eclage 仓库调查人物名称
name,Cenku Dekdam,岑库·德卡姆,server-npc,里希塔乐 NPC 人名采用稳定中文音译
name,Chada,查达,server-npc,维因斯歌曲线索 NPC 名称
name,Chae Takbae,蔡泽培,server-npc,Close Confine 技能任务人物名称
name,Chainheart,链心,npc,机匠转职任务 NPC
name,Chaos,Chaos,server-event,赛事 NPC 名称
name,Charlron,查尔隆,server-npc,商人技能任务 NPC 名称
name,Charo,查罗,npc-and-quest,马兰多喵喵勇气队 NPC
name,Chef Nyas,尼亚斯厨师,server-npc,马来岛任务 NPC 名称
name,Cherto,Cherto,server-npc,巴西利斯瓜拉纳任务 NPC 名称，保留原样
name,Cheshire,切希尔,npc-and-quest,迪卡斯特斯调查 NPC
name,Chiba,Chiba,npc,艾可拉玖旅行者 NPC，保留角色名
name,Chief Assistant,首席助手,server-npc,Fenrir 与 Sarah 副本 NPC 显示名
name,Chief of Staff,参谋长,server-npc,Eclage 任务职位名称
name,Chocolat,巧克力,npc,新手学院 NPC
name,Chulho,哲鲁,server-npc,深邃森林副本 NPC 名称
name,CiCi,琪琪,server-npc,Juno 研究任务人物名称
name,Cita,西塔,server-npc,新手城堡 NPC 名称音译
name,Clark,克拉克,server-npc,寻宝猎人任务 NPC 人名采用稳定中文音译
name,Claytos,Claytos,job-class,NPC 名称
name,Cleanyang,清扬,server-npc,马来岛猫船饼干任务人物名称
name,Clearchus,Clearchus,server-npc,伊甸园 iRO NPC 名称，保留项目既有英文名
name,Cleaver,克利弗,server-npc,16.2 任务 NPC 名称
name,Clever,聪明,server-npc,Eclage 监狱任务人物名称
name,Cloud,克劳德,server-npc,伊甸园蚂蚁地狱任务 NPC 名称
name,Colonel Vito,维托上校,npc,托尔火山训练任务 NPC
name,Comodo,科莫多岛,server-database,成就地图名称
name,Comodo Dragon,科莫多龙,server-monster,德瓦塔武器制作任务目标
name,Con-Chliina,康奇利纳,server-npc,康奇利纳船名
name,Congra,康格拉,server-npc,炼金实验植物
name,Contraband Processor,违禁品处理员,server-npc,岩脊附魔 NPC 名称
name,Corps Member,组织成员,server-npc,2008 复活节活动 NPC 称谓采用稳定中文译名
name,Costello,Costello,server-npc,Rock Ridge 任务 NPC 名称，保留项目既有英文名
name,Crave,克雷夫,server-npc,十字斩首者职业任务商人 NPC 名称
name,Crux,克鲁克斯,server-npc,Terra Gloria 任务 NPC 名称，保留项目既有英文名
name,Cruyan,克鲁扬,server-npc,Eclage 项链调查人物名称
name,Cuaque Donon,库瓦克·多农,server-npc,Megingjard 神器任务人物名称
name,Culvert Guardian,下水道守卫,server-npc,普隆德拉下水道 NPC 名称
name,Curdie,柯蒂,server-npc,Rachel/Thor 火山任务人物名称
name,Curt Snake,柯特·斯内克,server-npc,Rock Ridge 村庄 NPC 人物名称
name,Cyan,青色,server-npc,王室浴场任务人物名称
name,Czhore,茨霍尔,server-npc,寻宝猎人任务 NPC 人名采用稳定中文音译
name,Daewoon,大云,server-npc,The Sign 任务 NPC 名称
name,Daldal,达尔达尔,server-npc,拉萨格纳 NPC 名称
name,Dames,戴姆斯,server-npc,艾可拉治失窃调查角色
name,Danae,达娜,server-npc,王室浴场任务人物名称
name,Dancer Kim,舞者金,server-npc,舞娘任务 NPC 名称意译
name,Daora,达欧拉,server-npc,十字斩首者职业任务 NPC 名称
name,Darwin,达尔文,server-npc,炼金术士转职任务 NPC 人名采用稳定中文译名
name,Dashia,达希娅,npc,伊甸园收集任务 NPC
name,Dassy,达西,server-npc,寻宝猎人任务 NPC 人名采用稳定中文音译
name,Daughter Luen,露恩,npc,艾可拉玖任务 NPC
name,Dayan,代扬,server-npc,大主教转职任务牧师名称
name,De Thomas Carlos,德·托马斯·卡洛斯,server-npc,剑士技能任务人物名称
name,Deadman,Deadman,server-npc,任务 NPC 人名，保留源名
name,Dearles,迪尔斯,server-npc,The Sign 任务 NPC 名称
name,Degas,德加斯,server-npc,炼金术士技能任务人物名称
name,Demi Calberine,黛米·卡尔贝琳,server-npc,基因研究者转职 NPC
name,Demon,恶魔,server-npc,岩脊任务角色
name,Denny,丹尼,server-npc,秘密基地管道维修任务角色
name,Derek Shot,德里克·肖特,server-npc,服装效果 NPC 名称音译
name,Devellin,德维林,server-npc,科多赌场说明 NPC 人名采用稳定中文音译
name,Devon Aire,德文·艾尔,npc,氏族首领
name,Devore,德沃尔,npc,马兰岛语言学家 NPC
name,Devries,德弗里斯,server-npc,基因研究者转职 NPC
name,Dhong the Guard,董,npc,马来亚守卫 NPC
name,Dien,迪恩,npc,16-2 任务 NPC
name,Dieshin Man,迪辛配送员,npc,伊甸园配送任务 NPC
name,Dina,迪娜,server-npc,Episode 18 拉谢尔居民访谈人物名称
name,Dinar,迪纳尔,server-npc,Episode 18 灰狼村民间传说人物名称
name,Dinje,丁杰,server-npc,NPC 名称
name,Ditze Lappa,迪策·拉帕,server-npc,塔纳托斯塔任务 NPC 名称
name,Diwata,迪瓦塔,server-npc,马来岛幽灵委托 NPC 名称
name,Doha,多哈,npc-and-quest,迪卡斯特斯 NPC
name,Dominic,多米尼克,server-npc,Eclage 书架调查人物名称
name,Dong the Guard,董守卫,npc,马来亚守卫 NPC
name,Donovan,多诺万,server-npc,岩脊下水道任务角色
name,Dorance,Dorance,server-npc,13.2 次元裂缝任务机械工程师 NPC 名称，保留原样
name,Dorian,多里安,server-npc,Nameless Island 任务人物名称
name,Dorothy Florence,多萝西·弗洛伦斯,server-npc,维鲁斯地下掩体录音人物名称
name,Dowbow Ryuei,道波·瑞威,server-npc,里希塔乐 NPC 人名采用稳定中文音译
name,Dracula,德古拉,server-npc,幻影地下城吸血鬼任务人物名称
name,Drumming Young Man,打鼓的年轻人,server-npc,马来港 NPC 名称
name,Du,杜,server-npc,最终房间副本 NPC 名称
name,Dubae,杜拜,server-npc,猫爪商人公会分部经理
name,Duffle,达芙,server-npc,卢蒂耶 NPC 人名采用稳定中文音译
name,Dvalin,德瓦林,server-npc,Brisingamen 神器任务矮人名称
name,Dwayne,德韦恩,server-npc,科多矿工 NPC 人名采用稳定中文音译
name,Dyer Ginedin Rephere,染色师 Ginedin Rephere,server-npc,服装染色师 NPC 名称，保留人名原文
name,Echinacea,紫苑,npc-and-quest,迪卡斯特斯 NPC
name,Eckar Erenes,埃卡·埃雷尼斯,server-npc,怪物赛跑入口 NPC 人名采用稳定中文音译
name,Ed,埃德,npc,马来亚任务犬只
name,Edmond Groster,埃德蒙·格罗斯特,server-npc,骑士转职任务 NPC 人名采用稳定中文音译
name,Egapeo,埃加佩奥,server-npc,芙蕾雅项链任务 NPC 家属名称
name,Eggling,蛋仔,server-npc,拉萨格纳 NPC 名称
name,Egnigem,埃吉尼格姆,server-npc,Megingjard 神器任务人物名称
name,Egnoloria,埃格诺莉亚,npc,术士转职任务 NPC
name,Einbroch,艾音布罗克,client-database,地图与城市名称
name,Eirinn,艾琳,server-npc,Eclage 读书调查人物名称
name,Eisen Werner,艾森·维尔纳,npc-and-quest,17-2 任务 NPC
name,El Schatt,伊尔·沙特,npc,胡格大树任务 NPC
name,Eleanor,艾莉诺,server-message,人工生命体名称采用稳定中文音译
name,Elena Bolkova,埃琳娜·博尔科娃,npc-and-quest,17-2 任务 NPC
name,Elena Volkova,埃琳娜·沃尔科娃,server-npc,秘密之翼竞技场指挥官 NPC 名称
name,Elenore,埃莉诺,server-npc,NPC 名称
name,Elephantine,大象,server-npc,Mora 每日任务人物名称
name,Elle,艾尔,server-npc,飞艇任务 NPC 名称，保留原样
name,Ellebird,埃勒伯德,server-npc,怪物赛跑下注 NPC 人名采用稳定中文音译
name,Ellette,埃莱特,server-npc,里希塔乐 NPC 人名采用稳定中文音译
name,Elly,艾莉,server-npc,Episode 18 主线人物名称
name,Elmen,埃尔门,server-npc,矿石商人 NPC 名称音译
name,Elyumina,艾露米娜,server-npc,实验室失踪人员调查人物名称
name,Emma Searth,艾玛·瑟斯,server-npc,Megingjard 神器任务人物名称
name,Emmet,埃米特,server-npc,灰狼村商店 NPC 名称
name,Engel,恩格尔,server-npc,Sign 任务人物名称
name,Engel Howard,恩格尔·霍华德,server-npc,The Sign 任务 NPC 名称
name,Enjoy,享受,server-npc,2005 圣诞活动 NPC 名称采用稳定中文译名
name,Enrico Kaili,恩里科·凯利,server-npc,Brisingamen 神器任务人物名称
name,Enthusiastic Job Seeker,热情的求职者,server-npc,Rock Ridge 广播角色
name,Eremes,艾勒梅斯,server-npc,16.2 任务 NPC 名称
name,Eri,艾莉,server-npc,秘密潜入任务角色
name,Eric,埃里克,server-npc,NPC 名称
name,Ericsson Adler,埃里克松·阿德勒,npc,16-2 任务 NPC
name,Erika,艾丽卡,server-npc,寻宝猎人任务 NPC 人名采用稳定中文译名
name,Errende,埃伦德,server-npc,吟游诗人任务 NPC 人名采用稳定中文音译
name,Eruin,艾露因,server-npc,Episode 18 灰狼村陷阱任务人物名称
name,Eryu,艾柳,server-npc,Malangdo 猫族游戏采访人物名称
name,Esmille,埃斯米尔,server-npc,刺客技能任务 NPC 名称
name,Est,Est,server-npc,雷根施姆副本 NPC 名称，保留项目既有英文名
name,Etran,埃特兰,server-npc,Eclage 历史任务人物名称
name,Eukran,尤克兰,server-event,宾果向导 NPC 名称，保留稳定原名
name,Euridi,尤莉迪,server-npc,Mora 雾之森林任务人物名称
name,Euslan,尤斯兰,npc,胡格任务 NPC
name,Ezekiel,以西结,npc-and-quest,18 号任务 NPC
name,Father Arthur,亚瑟神父,server-npc,十字军技能任务 NPC 名称
name,Father Bamph,班普神父,server-npc,普隆德拉诅咒任务 NPC 名称
name,Father Biscuss,比斯库斯神父,server-npc,普隆德拉耶梦加得诅咒任务 NPC 名称
name,Father Dames,达梅斯,npc,艾可拉玖任务 NPC
name,Father Peter,彼得神父,server-npc,牧师转职任务 NPC 人名采用稳定中文译名
name,Father Rubalkabara,鲁巴卡巴拉神父,server-npc,牧师转职任务 NPC 显示名
name,Father Yosuke,约斯克神父,server-npc,牧师转职任务 NPC 显示名
name,Fayruz Khrhiyha,费鲁兹·克里希亚,npc,朱诺图书馆研究员
name,Feather of Angel Wing,天使之翼的羽毛,server-npc,Sleipnir 神器材料名称
name,Fedor,费多尔,server-npc,Moscovia 冬季任务村民名称
name,Feliks,费利克斯,server-npc,Moscovia 冬季任务村民名称
name,Felrock,费洛克,npc,飞艇袭击副本 NPC
name,Fenrir,Fenrir,server-npc,飞艇袭击副本 NPC 名称，保留原名
name,Fili,菲莉,server-npc,妖精之城大地任务 NPC 名称
name,Fishee,菲希,server-npc,莫拉浴池未确认生物名称
name,Fisher,渔夫,server-npc,拉萨格纳牧场 NPC 名称
name,Flank,弗兰克,server-npc,寻宝猎人任务 NPC 人名采用稳定中文音译
name,Flora,弗洛拉,server-npc,寻宝猎人任务 NPC 人名采用稳定中文译名
name,Florin,弗洛林,server-npc,拉萨格纳牧场 NPC 名称
name,Fome,Fome,npc,艾可拉玖旅行者 NPC，保留角色名
name,Food Distributer,食物分发员,server-npc,Rock Ridge 广播角色
name,Ford,福特,server-npc,Eclage 次元裂缝任务人物名称
name,Forsythia,连翘,server-npc,查尔斯顿危机机器人角色名
name,Frank Franklin,弗兰克·富兰克林,server-npc,The Sign 任务 NPC 名称
name,Franklson,弗兰克森,npc,机匠任务剧情人物
name,Fresa,弗雷萨,server-npc,维鲁斯研究项目人物名称
name,Friar Patrick,帕特里克修士,server-npc,圣卡皮托利那副本 NPC 人名采用稳定中文音译
name,Friedrich Stoltze Heine,弗里德里希·斯托尔兹·海涅,npc-and-quest,16-1 任务 NPC
name,Fruit,弗鲁特,server-npc,地下掩体探索任务入口 NPC
name,Gabriel Valentine,加百列·瓦伦丁,server-npc,十字军转职任务 NPC 人名采用稳定中文音译
name,Galfos,Galfos,server-npc,魔法书任务 NPC 名称，保留项目既有英文名
name,Galten,加尔滕,server-npc,Dicastes 任务人物名称
name,Gamberri,甘贝里,npc,拉萨格纳巡逻队 NPC
name,Gamberry,甘贝里,server-npc,拉萨格纳 NPC 名称
name,Ganaan,加南,server-npc,Sign 任务人物名称
name,Ganglati,冈拉蒂,npc,The Sign 任务 NPC
name,Garim Springfield,加林·斯普林菲尔德,npc-and-quest,200 级副本任务 NPC
name,Geffen,吉芬,server-database,成就地图名称
name,Gem,宝石,server-npc,幻影地下城讨伐人物名称
name,Geologist Mali,地质学家马里,server-npc,Malangdo 任务人物名称
name,Gershaun,格尔绍恩,server-npc,商人技能任务 NPC 名称
name,Geschupenschte,基修彭斯特,server-npc,铁匠转职任务 NPC 人名采用稳定中文音译
name,Gesin,格辛,server-npc,NPC 名称
name,Ghez,盖兹,server-npc,维因斯歌曲线索 NPC 名称
name,Ghost Tree,幽灵树,server-npc,莫斯科比亚任务 NPC 名称
name,Gigantia,吉冈提亚,server-npc,Niflheim NPC 名称音译
name,Gio,吉奥,server-npc,维因斯地质研究任务 NPC 名称
name,Giranni,吉兰妮,server-npc,Eclage 失踪父亲调查人物名称
name,Givu,吉武,server-npc,竞技场 NPC 名称音译
name,Glaces,格拉丝,npc,艾可拉玖任务 NPC
name,Gleipnir,格莱普尼尔,server-npc,神器任务物品名称
name,Glenbeurt,格伦布尔蒂,server-npc,神之武器制作 NPC 名称
name,Gloria,格洛里亚,server-npc,攻城战 TE 要塞名称
name,Goatie,戈蒂,server-npc,Eclage 大尤艾调查人物名称
name,Gobonge,戈邦吉,server-npc,马来岛任务 NPC 名称
name,Gobulee,戈布莉,npc-and-quest,马兰多任务 NPC
name,Gobyungee,戈比温吉,npc-and-quest,马兰多任务 NPC
name,Godoree,戈多莉,npc-and-quest,马兰多任务 NPC
name,Gona,戈娜,server-npc,幻影地下城居民剧情角色
name,Gonanee,戈纳妮,npc-and-quest,马兰多任务 NPC
name,Goni,Goni,server-npc,雷根施姆副本 NPC 名称，保留项目既有英文名
name,Gonie,戈尼,npc,16-2 任务 NPC，保留角色名
name,Goodman,古德曼,server-npc,铁匠技能任务 NPC 名称
name,Gooho Ahn,Gooho Ahn,server-npc,无名岛解码任务 NPC 名称，保留项目既有英文名
name,Gopara,戈帕拉,server-npc,拉萨格纳 NPC 名称
name,Gosigee,戈西吉,npc-and-quest,马兰多任务 NPC
name,Gozangee,戈赞吉,npc-and-quest,马兰多任务 NPC
name,Gracie,格蕾丝,server-npc,NPC 名称
name,Graham,格雷厄姆,npc,暗影画廊 NPC
name,Grandma,奶奶,server-npc,马来港 NPC 名称
name,Grandpa Turtle,海龟爷爷,server-npc,NPC名称
name,Grape,葡萄,server-npc,冒险者公告板提示角色名，保留稳定原名
name,Grer,格雷尔,server-npc,神器任务 NPC 名称音译
name,Grunburti,格伦布尔蒂,npc,神之武器制作任务矮人 NPC
name,Guardian of Power,力量守护者,server-npc,Mora 古代遗物交换 NPC 名称
name,Gudra,古德拉,server-npc,Episode 18 灰狼村民间传说人物名称
name,Guias,吉亚斯,server-npc,NPC 名称
name,Guile Marovitz,吉尔·马洛维茨,server-npc,16.2 任务 NPC 名称
name,Gunther Doubleharmony,冈瑟·双重和声,server-npc,吟游诗人任务 NPC 人名采用稳定中文音译
name,Gypsy,舞娘,server-npc,职业名称沿用官方中文译名
name,Haatan,哈坦,server-npc,乌巴拉 NPC 人名采用稳定中文音译
name,Haijara Greg,海嘉拉·格雷格,npc,盗贼技能任务 NPC
name,Haith,海丝,server-npc,乌巴拉 NPC 人名采用稳定中文音译
name,Haled,哈雷德,server-npc,影子追踪者转职任务 NPC
name,Halgus,Halgus,server-npc,任务 NPC 人名，保留源名
name,Hallandaute,哈兰道特,server-npc,Sleipnir 神器任务人物名称
name,Hamion,哈米恩,npc,冰洞任务 NPC
name,Han Garam,Han Garam,server-npc,传统帽子工匠 NPC 人名，保留源名
name,Hans,Hans,server-npc,高阶牧师别墅副本 NPC 名称，保留项目既有英文名
name,Hans Hadenheim,汉斯·哈登海姆,server-npc,NPC 名称
name,Hanson,汉森,server-npc,NPC 名称
name,Happymerry,欢乐梅丽,server-npc,2005 圣诞活动 NPC 名称采用稳定中文音译
name,Harad,哈拉德,server-npc,水之庭院任务人物名称
name,Hari,哈莉,server-npc,Episode 18 拉谢尔居民访谈人物名称
name,Harmona,哈莫娜,server-npc,炼金术士转职任务 NPC 人名采用稳定中文音译
name,Haru,春,server-npc,拉萨格纳新手任务治疗师 NPC 名称
name,Hashokii,哈肖基,server-npc,卢蒂耶 NPC 人名采用稳定中文音译
name,Head Chef,主厨,server-npc,王室宴会任务角色
name,Hein,Hein,server-npc,四级武器任务亡灵武器匠名称，保留原样
name,Heinrich,海因里希,server-npc,皇家卫队转职 NPC 名称
name,Heinz,海因茨,server-npc,NPC 名称
name,Helmsman,舵手,server-npc,康奇利纳船员职位
name,Helmut Roegenburg,赫尔穆特·罗根堡,npc-and-quest,16-1 任务 NPC
name,Herico,赫里科,npc,胡格任务 NPC
name,Hermite,赫米特,server-npc,布里希嘉曼封印任务 NPC 名称
name,Hermite Charles,赫米特·查尔斯,server-npc,Brisingamen 神器任务人物名称
name,Hervor,赫沃尔,server-item,战场神物盾牌名称
name,HesLanta,赫斯兰塔,npc-and-quest,迪卡斯特斯调查 NPC
name,Hianna,希安娜,server-npc,Veins 舞者任务人物名称
name,Hibba Agip,希巴·阿吉普,npc,迪卡斯特斯指挥官 NPC
name,Hiel,海尔,npc-and-quest,艾可拉玖裂隙任务 NPC
name,Himuhimu,希姆希姆,server-npc,NPC 名称
name,Hinkley,欣克利,server-npc,NPC 名称
name,Hishieh,Hishieh,server-npc,恶魔之神讨伐任务 NPC 名称，保留项目既有英文名
name,Hisie,希茜,server-npc,任务 NPC 人名，保留源名
name,Hiyares,希亚雷斯,server-npc,灰狼村 NPC 名称
name,Holgren,霍尔格伦,server-npc,Mora 研究任务人物名称
name,Hollgrehenn Jr.,霍尔格伦·二世,server-npc,盗贼转职测试 NPC 人名采用稳定中文音译
name,Homnya,喵妮雅,server-npc,马来岛猫咪侦探人物名称
name,Hooksha,霍克莎,server-npc,伊甸园兽人村任务 NPC 名称
name,Hound,亨德,npc,迪卡斯特斯护卫 NPC
name,House Ghost,屋鬼,server-npc,莫斯科比亚任务 NPC 名称
name,Howard,霍华德,server-npc,岩脊商店 NPC 名称
name,Hua Tuo,华佗,server-npc,洛阳任务 NPC 名称
name,Huey,休伊,server-npc,被诅咒之剑任务 NPC 名称音译
name,Hugel,休尔格尔,server-npc,地图名称沿用官方中文译名
name,Hugi,胡吉,server-npc,妙尔尼尔封印任务传说人物名称
name,Hun,亨,npc,新手学院任务 NPC
name,Hungry Laborer,饥饿的劳工,server-npc,Rock Ridge 广播角色
name,Hunter Sherin,猎人 Sherin,job-class,NPC 名称
name,Hypnotist,催眠师,server-npc,技能重置 NPC 职务翻译
name,Hyunmoo,玄武,server-npc,修道士蘑菇测试 NPC 人名采用稳定中文译名
name,Hyunrok,贤禄,server-npc,深邃森林副本 NPC 名称
name,Ibrahim,易卜拉欣,server-npc,Nameless Island 任务人物名称
name,Igoo,伊古,server-npc,浪姬职业说明人物名称
name,Igor,伊戈尔,server-npc,莫斯科比亚任务 NPC 名称
name,Ilyav,伊利亚夫,server-npc,Moscovia 冬季任务村民名称
name,Imbullea,因布莉亚,server-npc,Prontera 教会任务人物名称
name,Imelda,伊梅尔达,npc,马来亚精神护符任务 NPC
name,Impatient Man,焦躁的男人,server-npc,龟岛幻境任务人物名称
name,Imril,伊姆里尔,server-npc,Episode 18 Oz 迷宫调查人物名称
name,Inffle,英弗尔,server-npc,莫拉浴池研究员 NPC 名称
name,Ingrid,英格丽德,server-npc,枪手武器制造师
name,Inn,旅馆,client-database,NPC 名称
name,Instructor Rugen,鲁根教官,npc,14-3 任务 NPC
name,Instructor Ur,Ur 教官,server-npc,伊甸园训练 NPC 名称，保留职业称谓
name,Inventor Jaax,发明家 Jaax,server-npc,箭袋 NPC 名称，职务翻译并保留人名
name,Ira,艾拉,npc,18 号任务 NPC
name,Irache,伊拉奇,server-npc,炼金术士技能任务人物名称
name,Iris,艾丽丝,server-npc,飞艇袭击副本 NPC 名称
name,Iriya,伊莉雅,server-npc,乌巴拉 NPC 人名采用稳定中文音译
name,Isaac,艾萨克,server-npc,Wigner 家族弟弟 NPC 名称
name,Isaac Wigner,艾萨克·维格纳,npc-and-quest,16-1 任务 NPC
name,Isco,伊斯科,npc,马来亚皮纳达斯节 NPC
name,Isenarm,伊森阿姆,npc-and-quest,16-1 任务 NPC
name,Isenhonor,伊森霍诺,npc-and-quest,16-1 任务 NPC
name,Ishmael,伊什梅尔,server-npc,Nameless Island 任务人物名称
name,Isira,伊希拉,server-npc,Episode 18 拉谢尔居民访谈人物名称
name,Ivan,伊万,server-npc,秘密之翼竞技场引导 NPC 名称
name,Ivanov,伊万诺夫,server-npc,莫斯科比亚任务 NPC 名称
name,Ivoka Skudi,伊沃卡·斯库迪,server-npc,Rock Ridge 矿石任务人物名称
name,Ivory,艾沃里,server-npc,Rachel/Thor 火山任务人物名称
name,Izaac,Izaac,server-npc,伊甸园 iRO NPC 名称，保留项目既有英文名
name,Izlof,伊兹洛夫,server-npc,Moscovia 冬季任务村民名称
name,Jack O,Jack O,server-npc,Megingjard 神器任务人物名称
name,Jade,翡翠,server-npc,宝石商人 NPC 名称意译
name,Jagyeom,佳严,server-npc,月光幻境任务人物名称
name,Japer,贾佩尔,server-npc,Episode 18 拉谢尔居民访谈人物名称
name,Java Dullihan,Java Dullihan,merchant,NPC 名称
name,Jay Greg,杰伊·格雷格,server-npc,Close Confine 技能任务人物名称
name,Jeffrey,杰弗里,server-npc,伊甸市场餐馆 NPC 名称
name,Jeramiah,杰拉迈亚,server-npc,寻宝猎人任务 NPC 人名采用稳定中文音译
name,Jeruth Hesranta,杰鲁特·赫斯兰塔,npc,14-3 任务 NPC
name,Jesqurienne,杰斯库里安,server-npc,The Sign 任务 NPC 名称
name,Jesse,杰西,server-npc,Veins 监狱任务人物名称
name,Jeyna,Jeyna,server-npc,生命体变异任务 NPC 名称，保留项目既有英文名
name,Jhonnita,Jhonnita,server-npc,Nameless Island 宝石商人名称，保留原样
name,Jiu Chi Ling,九池玲,server-npc,洛阳任务 NPC 名称
name,Jiwon,智媛,server-npc,NPC 名称
name,Johan,约翰,server-npc,伊甸园训练任务 NPC
name,Johnny James,约翰尼·詹姆斯,server-npc,Rock Ridge 矿石任务人物名称
name,Jojo,乔乔,server-npc,幻影地下城调查人物名称
name,Jooshin,朱辛,server-npc,16.2 任务 NPC 名称
name,Jore,乔尔,server-npc,The Sign 任务 NPC 名称
name,Jormungand,耶梦加得,server-lore,普隆德拉诅咒任务中的巨蛇名称
name,Joshua,约书亚,server-npc,里希塔乐 NPC 人名采用稳定中文译名
name,Juan,胡安,server-npc,剑士技能任务人物名称
name,Jubilee,朱比利,server-npc,幻影地下城调查人物名称
name,Julian Helmut,朱利安·赫尔穆特,npc,奥丁神殿探险队 NPC
name,Juno,朱诺,server-npc,地图名称沿用官方中文译名
name,Jurgen,尤尔根,server-npc,Wigner 家族兄长 NPC 名称
name,Kaanu,卡努,server-npc,普隆德拉耶梦加得诅咒任务 NPC 家属名称
name,Kachua,卡秋娅,server-npc,科多钻石交换 NPC 人名采用稳定中文音译
name,Kaci,卡茜,npc,飞艇船员
name,Kafragarten,卡普拉花园,server-npc,攻城战 TE 要塞名称
name,Kai,凯,server-npc,WoE TE 神之物品任务人物名称
name,Kaili,凯里,server-npc,布里希加曼封印任务 NPC 名称
name,Kain Walther Walker,凯恩·沃尔特·沃克,npc-and-quest,16-1 任务 NPC
name,Kalbern,卡尔本,npc-and-quest,16-1 任务 NPC
name,Kalipo,卡利波,server-npc,迪卡斯特狩猎部委托人物名称
name,Kalu,卡鲁,server-npc,拉萨格纳 NPC 名称
name,Kanainne,卡奈茵,npc,胡格任务亡灵角色
name,Karam Pucci,卡拉姆·普奇,server-npc,Rock Ridge 引导 NPC 名称
name,Kardui,卡尔杜伊,server-npc,Eclage 拉斐内王人物名称
name,Kareka,卡雷卡,server-npc,迪卡斯特之光强化人物名称
name,Karian,卡里安,server-npc,吟游诗人职业任务 NPC 名称
name,Karl,卡尔,server-npc,伊甸园战斗训练 NPC 名称
name,Karlomoff,卡洛莫夫,server-npc,Prontera 摩洛克历史任务人物名称
name,Karlum,卡鲁姆,server-npc,Thor 火山营地任务人物名称
name,Karr,卡尔,npc,灰狼村民任务 NPC
name,Karu,卡鲁,server-npc,科莫多幻境调查人物名称
name,Karyn,凯琳,server-npc,Nameless Island 任务人物名称
name,Kasyapa,卡夏帕,npc,戴瓦塔贤者
name,Katana,武士刀,server-database,物品名称
name,Katinshuell,卡廷休尔,server-npc,Rachel 任务人物名称
name,Kato,卡托,server-npc,Juno 研究任务人物名称
name,Katrin,卡特琳,server-npc,Wigner 家族妹妹 NPC 名称
name,Katya,卡佳,server-npc,Moscovia 冬季任务村民名称
name,Kayak Master,皮划艇管理员,server-npc,吟游诗人职业任务 NPC 名称
name,Kayar,卡亚尔,npc,灰狼村民任务 NPC
name,Keedz,基兹,server-npc,Niflheim NPC 名称音译
name,Kejulle Rekenber,凯朱尔·雷根贝勒,server-npc,里希塔乐 NPC 人名采用稳定中文音译
name,Kellasus,凯拉苏斯,server-npc,人工生命体任务人物名称
name,Kena,凯娜,server-npc,双生幻境任务人物名称
name,Kenny,肯尼,server-npc,弹匣商人 NPC 名称音译
name,Keshibien,凯希比恩,server-npc,人工生命体任务人物名称
name,Kessler,凯斯勒,npc,幻影之塔警察局局长
name,Ketchup,番茄酱,server-npc,马来岛猫咪游戏委托人物名称
name,Khahris,卡赫里斯,server-npc,幻影地下城失忆剧情角色
name,Kichiri,基齐里,npc,科莫多居民
name,Kieth,基思,server-npc,寻宝猎人任务 NPC 人名采用稳定中文音译
name,Kiko,奇科,server-npc,马来亚铸铁锅任务人物名称
name,Kiko in Mumbaki,姆巴基的基科,npc,马来亚 NPC
name,Killtin,基尔丁,npc,刺客技能任务 NPC
name,Kimeunbang,Kimeunbang,server-npc,Nameless Island 宝石商人名称，保留原样
name,King,国王,server-npc,幻影地下城吸血鬼任务人物名称
name,King Schmidtz,施密特国王,server-npc,皇家卫队转职 NPC 名称
name,Kinsey,金赛,server-npc,NPC名称
name,Kiren,基伦,server-npc,伊甸园训练任务 NPC
name,Kirkena,柯肯娜,npc,The Sign 任务 NPC
name,Kisul,基瑟尔,server-npc,深邃森林副本 NPC 名称
name,Klaubis,克劳比斯,server-npc,NPC 名称
name,Klitzer,克利策,npc,艾因恋爱任务 NPC
name,Knit,Knit,npc,迪卡斯特斯 NPC，保留角色名
name,Koshei,科谢伊,server-npc,Moscovia 任务怪物名称
name,Kotan,科坦,server-npc,乌巴拉 NPC 人名采用稳定中文音译
name,Krieg,克里格,server-npc,Veins 监狱任务人物名称
name,Krodger,克罗杰,server-npc,Thor 火山营地任务人物名称
name,Kronecker Grantz Heine,克罗内克·格兰兹·海涅,npc-and-quest,16-1 任务 NPC
name,Krongast,克隆加斯特,server-npc,铁匠转职任务交付 NPC 人名采用稳定中文音译
name,Ktulla,克图拉,server-npc,冰洞传说怪物名称
name,Kun,昆,server-npc,狼村冲突剧情人物名称
name,KungKung,空空,server-npc,马来岛空喵空游戏人物名称
name,Kurdi,库尔迪,server-npc,Nameless Island 任务人物名称
name,Kurdt,库尔特,server-npc,Sleipnir 神器任务人物名称
name,Kuuga Gai,空牙凯,server-npc,Ninja 任务 NPC 名称音译
name,Kwang Saeng,光生,server-npc,深邃森林副本 NPC 名称
name,Kyra,基拉,server-npc,Moscovia 冬季任务村民名称
name,La Ed,拉·艾德,server-npc,乌巴拉 NPC 人名采用稳定中文音译
name,Lady Amy,艾米小姐,server-npc,骑士转职任务 NPC 人名采用稳定中文译名
name,Lady Hell,地狱女士,npc,亡者女王 NPC
name,Laertes,拉尔忒斯,server-npc,NPC 名称
name,Laichin,莱钦,server-npc,Sign 任务人物名称
name,Lamacus,拉马库斯,server-npc,狼村冲突剧情人物名称
name,Lamadin,拉玛丁,npc,神圣之符节奏测试 NPC
name,Lamir,拉米尔,server-npc,Thor 火山营地任务人物名称
name,Lana,拉娜,server-npc,Amicitia 研究所入口人物名称
name,Laponte,拉蓬特,server-npc,迪卡斯特狩猎部委托人物名称
name,Larama,拉拉玛,server-npc,Episode 18 灰狼村陷阱任务人物名称
name,Larjes,拉杰斯,server-npc,Nameless Island 任务人物名称
name,Lasda,拉斯达,server-npc,Veins 监狱任务人物名称
name,Lasda Midar,拉斯达·米达尔,server-npc,维因斯秘密警察 NPC 名称
name,Laspuchin Gregory,Laspuchin Gregory,server-npc,玩家可见 NPC 人名，保留源名
name,Lasse Atnad,拉瑟·阿特纳德,server-npc,维鲁斯爆炸录音人物名称
name,Laura Laurence,劳拉·劳伦斯,npc,奥丁神殿探险队 NPC
name,Lea,Lea,server-npc,魔法书任务 NPC 名称，保留项目既有英文名
name,Leablem,Leablem,merchant,NPC 名称
name,Lebiordirr,莱比奥迪尔,server-npc,尼德霍格巢穴 NPC 人名采用稳定中文音译
name,Leblo,Leblo,server-npc,Nameless Island 宝石商人名称，保留原样
name,Lee Daegam,李大监,npc,灵魂处理师任务 NPC
name,Leekal,利卡尔,server-npc,里希塔乐 NPC 人名采用稳定中文音译
name,Legalas,莱加拉斯,npc,拉斯格纳卡卢纳任务 NPC
name,Leibech,莱贝赫,npc,神圣之符收藏任务 NPC
name,Leiphen,莱芬,npc-and-quest,幻影洞窟任务 NPC
name,Lemly,Lemly,server-npc,任务 NPC 人名，保留源名
name,Lenith,莱妮丝,server-npc,寻宝猎人任务 NPC 人名采用稳定中文音译
name,Leo,利奥,server-npc,Eclage 市长委托人物名称
name,Leon Von Frich,莱昂·冯·弗里奇,server-npc,剑士技能任务人物名称
name,Leonie,莉奥妮,npc,新手学院商店助手
name,Lero,莱洛,server-npc,Dewata 棕榈油任务人物名称
name,Lhimetorra,利梅托拉,server-npc,占卜 NPC 人名采用稳定中文音译
name,Liana,莉安娜,server-npc,Sign 任务人物名称
name,Librarian Jekan,图书管理员杰坎,npc,朱诺图书馆 NPC
name,Liei Kuniziet,莉艾·库尼齐特,server-npc,塔纳托斯塔奖励 NPC 名称
name,Light Standard,光之标准,server-npc,Eclage 传说人物名称
name,Lily,莉莉,npc-and-quest,175 级经验任务 NPC
name,Lisa,Lisa,server-npc,自动装备强化 NPC 名称，保留原样
name,Lista,莉斯塔,server-npc,幻影调查队深海任务 NPC 名称
name,Lithin,利辛,server-npc,寻宝猎人任务 NPC 人名采用稳定中文音译
name,Litrip,Litrip,npc,艾可拉玖旅行者 NPC，保留角色名
name,Little Girl,小女孩,server-npc,马来港 NPC 名称
name,Little Kid,小孩子,server-npc,马来港 NPC 名称
name,Lockenlock,洛肯洛克,server-npc,Rachel/Thor 火山任务人物名称
name,Lohen Phelica,洛亨·菲利卡,server-npc,布里希嘉曼封印任务 NPC 名称
name,Lohen Phelicia,洛恩·菲莉西亚,server-npc,Brisingamen 神器任务人物名称
name,Loki,Loki,server-npc,恶魔之神讨伐任务 NPC 名称，保留项目既有英文名
name,Loli Ruri,萝莉露莉,server-npc,2006 万圣节活动 NPC 人名采用稳定中文音译
name,Loomin,洛敏,server-npc,NPC 名称
name,Lope,罗佩,server-npc,Mora 雾之森林任务人物名称
name,Lord Knight,骑士领主,server-npc,职业名称沿用官方中文译名
name,Louis Greg,路易·格雷格,server-npc,Close Confine 技能任务人物名称
name,Louis Von Silokens,路易斯·冯·西洛肯斯,server-npc,Nameless Island Z 帮人物名称
name,Louise Kim,路易丝·金,server-npc,2005 圣诞活动 NPC 人名采用稳定中文音译
name,Lowe,洛威,server-npc,NPC 名称
name,Lowen Ellenen,洛温·埃伦南,server-npc,Brisingamen 神器任务人物名称
name,Luanda,露安达,server-npc,科莫多幻境调查人物名称
name,Lucius Celsus,卢修斯·塞尔苏斯,server-npc,贤者生物学教授人名采用稳定中文音译
name,Lucky,拉奇,npc,16-2 任务 NPC，保留角色名
name,Lucy,露西,server-npc,伊甸市场餐馆 NPC 名称
name,Luik,Luik,server-npc,13.2 次元裂缝任务 NPC 名称，保留原样
name,Luina,露伊娜,server-npc,府邸 NPC 名称音译
name,Luke,卢克,server-npc,幻影之地任务角色
name,Lumin,露明,server-npc,新手学院盗贼职业说明 NPC 名称
name,Lunarea,露娜莉亚,server-npc,符文骑士转职测试 NPC
name,Luoyang,洛阳,server-npc,地图名称沿用官方中文译名
name,Lusalka,露莎卡,server-npc,莫斯科比亚任务 NPC 名称
name,Machen,马亨,npc,神圣之符艾尔贝塔线 NPC
name,Madelle,玛黛尔,server-npc,十字斩首者职业任务酒馆 NPC 名称
name,Maestro Song,歌之大师,server-npc,吟游诗人职业任务 NPC 名称
name,Magatu,马加图,npc,科莫多居民
name,Mage Chuck,法师查克,npc,新手学院法师训练 NPC
name,Magenta,品红,server-npc,王室浴场任务人物名称
name,Maggi,玛姬,server-npc,地下掩体探索任务角色
name,Maggi Steen,玛吉·斯汀,server-npc,妖精之城委托 NPC 名称
name,Maheo,马赫奥,server-npc,冰洞法师任务 NPC 名称
name,Mahnsoo,Mahnsoo,server-npc,NPC/信件署名，保留稳定原名
name,Mali,马里,npc,马兰岛地质学家 NPC
name,Manager Cat,游戏管理员猫,server-npc,Malangdo 猫族游戏人物名称
name,Manainne,玛奈茵,npc,胡格任务 NPC
name,Mantis Researcher,螳螂研究员,server-npc,任务 NPC 职务名称翻译
name,Manzi,曼齐,npc,科莫多赌场居民
name,Mao,毛,server-npc,科莫多幻境调查人物名称
name,Mara,玛拉,server-npc,伊甸市场餐馆 NPC 名称
name,Maram,玛拉姆,server-npc,Episode 18 拉谢尔商人任务人物名称
name,Margaret,玛格丽特,server-npc,16.2 任务 NPC 名称
name,Maria,玛丽亚,server-npc,Moscovia Koshei 任务人物名称
name,Maria Morebna,玛丽亚·莫雷布娜,server-npc,莫斯科比亚任务 NPC 名称
name,Maries,玛丽丝,server-npc,Malaya 寻子任务人物名称
name,Marina,水母,server-npc,幻影地下城调查人物名称
name,Marjana,玛尔佳娜,server-npc,Prontera 毒药调查人物名称
name,Mark,马克,server-npc,最终房间副本 NPC 名称
name,Marlbron,马尔布隆,server-npc,初心者学院弓箭手训练师
name,Marozka,马罗兹卡,server-npc,莫斯科比亚任务 NPC 名称
name,Martha Hertizan,玛莎·赫蒂赞,server-npc,Nameless Island Z 帮人物名称
name,Marybell,玛丽贝尔,server-npc,Nameless Island 流氓公会人物名称
name,Mashenka,玛申卡,server-npc,Moscovia 红色戒指任务人物名称
name,Mass Charleston,Mass Charleston,server-npc,查尔斯顿工厂量产机器人 NPC 名称，保留原样
name,Master Miller,Master Miller,job-class,NPC 名称
name,Master of Hunting,狩猎大师,server-npc,马来岛狩猎任务角色
name,Matina,玛蒂娜,server-npc,伊甸市场餐馆 NPC 名称
name,Max,马克斯,npc,暗影画廊画笔 NPC
name,Maximilian Roegenburg,马克西米利安·罗根堡,npc-and-quest,16-1 任务 NPC
name,Mayshell,梅谢尔,server-npc,十字斩首者职业任务 NPC 名称
name,Megass,梅加斯,npc,卡佩尔泰因家族 NPC
name,Megrez,梅格雷兹,server-npc,猫爪商人公会分部经理
name,Mejai,梅杰,server-npc,Episode 18 半花任务人物名称
name,Melissa,梅丽莎,npc,十字斩首者转职调查 NPC
name,Memo,梅莫,server-npc,Dewata 传统酒任务人物名称
name,Meraq,梅拉克,server-npc,猫爪商人公会分部经理
name,Merchant Daven,商人达文,server-npc,NPC 名称
name,Merchant Sannat,桑纳特商人,server-npc,Episode 18 拉谢尔商人任务人物名称
name,Merchant Sreen,斯林商人,server-npc,Episode 18 拉谢尔商人任务人物名称
name,Merlophechum,梅洛菲丘姆,server-npc,雪雪回忆中的人物名称采用稳定中文音译
name,Meropusum,梅罗普苏姆,npc,科莫多女巫
name,Metto,梅托,server-npc,Juno 研究任务人物名称
name,Metz,梅茨,server-npc,The Sign 任务 NPC 名称
name,Michael,迈克尔,npc,伊甸园装备补给管理员
name,Michael Halig,迈克尔·哈里格,server-npc,十字军转职任务 NPC 人名采用稳定中文音译
name,Midgard,米德加尔特,server-npc,大陆名称沿用官方中文译名
name,Midnight,午夜,server-npc,岩脊任务角色
name,Mikhail,Mikhail,server-npc,莫斯科比亚任务 NPC 名称，保留项目既有英文名
name,Milla,米拉,server-npc,Niflheim 幽灵任务人物名称
name,Mingmin,Mingmin,server-npc,噩梦小丑副本 NPC 名称，保留项目既有英文名
name,Mini Elly,迷你艾莉,server-npc,Episode 18 任务头饰人物名称
name,Minuel,米努埃尔,npc,艾可拉玖 NPC，保留角色名
name,Mirhen,米伦,npc,维恩斯赫塔利姆任务 NPC
name,Miriam,米里亚姆,server-npc,Episode 18 拉谢尔商人任务人物名称
name,Mirko,米尔科,npc-and-quest,幻影洞窟任务 NPC
name,Mishuna,米舒娜,server-npc,学者技能任务 NPC 名称
name,Mohadian,莫哈迪安,npc,冰洞酒吧 NPC
name,Molar,臼齿,server-npc,王室浴场任务人物名称
name,Molly,莫莉,server-npc,寻宝猎人任务 NPC 人名采用稳定中文译名
name,Moltuka,莫尔图卡,server-npc,迪卡斯特运输部委托人物名称
name,Momotaro,桃太郎,server-npc,Moscovia 魔法书来源人物名称
name,Mondo,蒙多,server-npc,Prontera 摩洛克历史任务人物名称
name,Moogang,武刚,server-npc,星帝转职任务 NPC 人名采用稳定中文译名
name,Moohyun,武贤,server-npc,星帝转职任务 NPC 人名采用稳定中文译名
name,Moonho Ahn,安文浩,server-npc,Nameless Island 试炼人物名称
name,Moorenak Miyol,莫雷纳克·米约尔,server-npc,十字军转职任务 NPC 人名采用稳定中文音译
name,Moreng,莫伦,server-npc,Eclage 任务人物名称
name,Morgan,莫根,npc,拉赫任务 NPC
name,Morgenstein,莫根斯坦,server-npc,NPC 名称
name,Moscovia,莫斯科比亚,server-npc,地图名称沿用官方中文译名
name,Mother Mathilda,玛蒂尔达修女,server-npc,牧师转职任务 NPC 显示名
name,Mother Rosa,罗莎,npc,艾可拉玖任务 NPC
name,Mr. Claus,克劳斯先生,server-npc,卢蒂耶圣诞 NPC 名称采用稳定中文译名
name,Mr. Doppel,Doppel先生,server-npc,波利战争队伍登记 NPC 人名采用稳定中文译名
name,Mr. Irrelevant,无关先生,server-npc,盗贼转职 NPC 名称意译
name,Mr. McPhy,麦克菲先生,server-npc,Rock Ridge 斯波蒂任务人物名称
name,Mr. Shendar,申达先生,server-npc,Rachel 任务人物名称
name,Mrs. McPhy,麦克菲夫人,server-npc,Rock Ridge 斯波蒂任务人物名称
name,Ms. Yoon,尹女士,server-npc,导航 NPC 名称翻译
name,Muff,穆夫,server-npc,Nameless Island 任务人物名称
name,Muka Tree,穆卡树,server-npc,炼金实验植物
name,Mumbaki,穆巴奇,server-npc,马来岛幽灵委托 NPC 名称
name,Murnak Mijoul,莫雷纳克·米约尔,server-npc,十字军转职任务 NPC 人名采用稳定中文音译
name,Muyeon,沐妍,server-npc,月光幻境任务人物名称
name,Muzi,穆齐,npc,沿用科莫多任务对白译名
name,Mwadirica,穆瓦迪里卡,server-npc,Eclage 失踪父亲人物名称
name,Mwaridica,姆瓦里迪卡,npc,艾可拉玖任务 NPC
name,Myer Roegenburg,迈尔·罗根堡,npc-and-quest,16-1 任务 NPC
name,Naght Sieger,Naght Sieger,server-npc,无尽塔 Boss 人名，保留源名
name,Namis,纳米斯,server-npc,猫爪商人公会总务
name,Naomi,娜奥米,server-npc,尼德霍格巢穴 NPC 人名采用稳定中文译名
name,Nardo,纳尔多,server-npc,马来亚巴科纳瓦任务人物名称
name,Narin,纳林,npc-and-quest,幻影洞窟任务 NPC
name,Nazarian,纳萨里安,server-npc,幻影地下城玩偶熊任务种族名称
name,Neals,尼尔斯,npc,新手学院剑士助理训练师
name,Nedsoli,内德索利,server-npc,拉萨格纳牧场 NPC 名称
name,Nelliad,内利奥德,server-npc,布里希加曼封印任务 NPC 名称
name,Nelliorde,妮莉欧德,npc,布里辛加曼封印任务吟游诗人 NPC
name,Nemi,内米,npc,16-2 任务 NPC，保留角色名
name,Nemma,内玛,server-npc,NPC 名称
name,Nemuk,尼穆克,server-npc,NPC 名称
name,Nerlen,内尔伦,server-npc,2008 复活节活动 NPC 人名采用稳定中文音译
name,Neuschwanstein,诺伊施万斯坦,server-npc,城堡名称采用稳定音译
name,New Oz,新奥兹,server-npc,Eclage 幻影塔任务人物名称
name,Newoz,Newoz,server-npc,噩梦小丑副本 NPC 名称，保留项目既有英文名
name,Nidhogg,尼德霍格,server-npc,恶魔之神讨伐任务 NPC 名称
name,Niels,尼尔斯,server-npc,乌巴拉 NPC 人名采用稳定中文音译
name,Niflheim,尼夫海姆,server-npc,地图名称沿用官方中文译名
name,Nihil,Nihil,npc,16-2 任务 NPC，保留角色名
name,Nillem,尼勒姆,server-npc,王室记忆与意识之室剧情角色
name,Nine Tails,九尾,server-npc,狐面制作任务人物名称
name,Ninja Guide,忍者指导员,server-npc,初心者学院忍者职业导航 NPC
name,Ninjose,忍乔斯,server-npc,里希塔乐 NPC 人名采用稳定中文音译
name,Niren,尼伦,server-npc,Nameless Island 任务人物名称
name,Nodor,诺多尔,server-npc,超初学者任务 NPC 人名，保留源名
name,Nordri,诺德里,server-npc,妙尔尼尔封印任务矮人名称
name,Nosdan,诺斯丹,server-npc,维因斯歌曲线索 NPC 名称
name,Nudor,努多尔,server-npc,超初学者任务 NPC 人名，保留源名
name,Nurse Las,护士拉斯,server-npc,Malaya 医院任务人物名称
name,Nurse Maenne,梅恩护士,npc,马来亚医院 NPC
name,Nutters,纳特斯,server-npc,NPC 名称
name,Nyangson,喵森,server-npc,马来岛猫咪侦探人物名称
name,Nyhill,尼希尔,npc,16-1 宴会调查 NPC
name,Officer Guo,郭警官,server-npc,NPC 名称
name,Ogen,Ogen,server-npc,13.2 次元裂缝任务失踪人物名称，保留原样
name,Oha,奥哈,server-npc,灰狼村 NPC 名称
name,Old Man,老人,server-npc,Episode 18 灰狼村诊所任务人物名称
name,Oliver Hilpert,奥利弗·希尔珀特,server-npc,妖精之城小说人物名称
name,Optamara Crew,奥普塔玛拉船员,server-npc,马来港交通 NPC 名称
name,Orc Warrior,兽人战士,server-npc,兽人杰勒比收集任务人物名称
name,Ore Tester Sorty,矿石测试员索蒂,server-npc,矿石整理 NPC 显示名
name,Orek,奥列克,server-npc,Moscovia 冬季任务村民名称
name,Osiris,奥西里斯,server-npc,古代国王名称
name,Paiko,派科,server-npc,Dewata 部落传说人物名称
name,Paltu,Paltu,server-npc,帽子复制商人 NPC 人名，保留源名
name,Pandoi,潘多伊,server-npc,马来岛银刃制作 NPC 名称
name,Panel,潘内尔,server-npc,伊甸市场餐馆 NPC 名称
name,Panna,潘纳,server-npc,拉萨格纳 NPC 名称
name,Panno,帕诺,server-npc,拉赫尔神殿任务女祭司名称
name,Pano,帕诺,server-npc,Rachel 神殿人物名称
name,Papaii,帕帕伊,server-npc,NPC 名称
name,Pasto,帕斯托,server-npc,乌巴拉 NPC 人名采用稳定中文音译
name,Patrick Kaufmann,帕特里克·考夫曼,server-npc,实验室失踪人员调查人物名称
name,Paul,保罗,server-npc,Episode 18 Oz 迷宫调查人物名称
name,Payon,斐扬,server-npc,地图名称沿用官方中文译名
name,Pedro,佩德罗,server-npc,马来岛水手 NPC 名称
name,Pedro the Sailor,水手佩德罗,server-npc,马来岛渡船任务角色
name,Penno,佩诺,server-npc,Rachel 神殿人物名称
name,Peperoncino,佩佩洛奇诺,server-npc,拉萨格纳 NPC 名称
name,Phecda,菲克达,server-npc,猫爪商人公会分部经理
name,Phelix,Phelix,server-npc,伊甸园 iRO NPC 名称，保留项目既有英文名
name,Pherin,费林,server-npc,尼夫海姆任务 NPC 名称
name,Phibie,菲比,npc,拉赫任务 NPC
name,Philip Varsez,菲利普·瓦尔泽斯,server-npc,炼金术士人名采用稳定中文音译
name,Phoenix,菲尼克斯,server-npc,Nameless Island 任务人物名称
name,Phong,丰,server-npc,马来岛幽灵委托 NPC 名称
name,Phong in Mumbaki,丰格,server-npc,马来港灵魂任务 NPC 名称
name,Pian,Pian,server-npc,鲁杜斯调查任务 NPC 名称，保留项目既有英文名
name,Pico,皮科,server-npc,Mora 研究任务人物名称
name,Pierrot Pier,皮埃罗·皮埃尔,server-npc,Arunafelt 公会活动 NPC 人名采用稳定中文音译
name,Piffs,皮普斯,server-npc,幻影之地任务警官
name,Pilia,比莉亚,server-npc,里希塔乐 NPC 人名采用稳定中文音译
name,Piom,皮奥姆,npc,迪卡斯特斯 NPC，保留角色名
name,Pipielle,皮皮耶尔,server-npc,马来岛任务 NPC 名称
name,Piru Piru,皮鲁·皮鲁,npc,The Sign 任务 NPC
name,Pisruik,皮斯鲁伊克,server-npc,炼金术士技能任务 NPC 名称
name,Pitt,皮特,server-npc,Mora 雾之森林任务人物名称
name,Poby,波比,server-npc,Dewata 棕榈油任务人物名称
name,Poet Nell,诗人 Nell,server-npc,斯普兰迪德诗人 NPC 名称，保留人名
name,Pompe,庞培,server-npc,Eclage 巨鸟线索人物名称
name,Poppy,波比,server-npc,Eclage 抢劫调查目击者名称
name,Poring,波利,client-database,怪物名称
name,Port Guard,港口卫兵,server-npc,马来港 NPC 名称
name,Portali,波塔利,server-npc,马来岛传送 NPC 名称
name,Postell Schuwell,波斯特尔·舒韦尔,npc,胡格医疗任务 NPC
name,Poze,波兹,server-npc,卢蒂耶 NPC 人名采用稳定中文音译
name,Preta Porter,普莱塔·波特,server-npc,2008 圣诞活动 NPC 人名采用稳定中文音译
name,Priest from Rachel,拉赫祭司,server-npc,刺客公会职业任务 NPC
name,Princess,公主,server-npc,王室浴场任务人物名称
name,Princess Tiara,蒂亚拉公主,server-npc,幽灵宫殿副本 NPC 名称
name,Prisoner 55HK115,囚犯 55HK115,server-npc,16.1 地下城任务 NPC 名称，保留编号
name,Private Jeremy,杰里米列兵,server-npc,NPC 名称
name,Professor,教授,server-npc,职业名称沿用官方中文译名
name,Professor Bernhard,伯恩哈德教授,server-npc,Fenrir 与 Sarah 副本 NPC 显示名
name,Prok,普洛克,server-npc,拉萨格纳牧场 NPC 名称
name,Prontera,普隆德拉,server-npc,地图名称沿用官方中文译名
name,Puchuchartan,普丘查尔坦,server-npc,Pang Voice 技能任务人物名称
name,Pudding,布丁,server-npc,生化研究所奖励 NPC 名称
name,Purser,事务长,server-npc,康奇利纳船员名称
name,Rachel,拉赫,client-database,地图与城市名称
name,Raffam Oranpere,拉法姆·奥兰佩尔,npc,氏族首领
name,Raffini,拉菲尼,server-event,NPC 名称
name,Raffoh,Raffoh,server-npc,莫拉导游 NPC 人名，保留源名
name,Ragi,拉吉,server-npc,伊甸园任务 NPC 名称音译
name,Rahoul,拉乌尔,server-npc,伊甸市场餐馆 NPC 名称
name,Rakusa,拉库萨,npc,科莫多居民
name,Raspuchin Gregory,拉斯普钦·格雷戈里,server-npc,炼金术士转职任务 NPC 人名采用稳定中文音译
name,Rato,拉托,npc-and-quest,马兰多喵喵勇气队 NPC
name,Ravail,拉维尔,server-npc,Dicastes 任务人物名称
name,Ravey,雷比,server-npc,枪手任务角色
name,Rebarev Doug,雷巴列夫·道格,server-npc,Megingjard 神器任务人物名称
name,Red Leopard Joe,红豹乔,server-npc,Ninja 转职 NPC 名称意译
name,Redcell,雷德塞尔,npc,灰狼村民任务 NPC
name,Refinery Owner Han,精炼老板韩,server-npc,初心者学院精炼教学 NPC
name,Reidin Corse,雷丁·科斯,server-npc,幻影箭技能任务人物名称
name,Rencia,伦西亚,server-npc,奥兹峡谷村庄剧情商人
name,Renoa,雷诺亚,server-npc,符文骑士转职测试 NPC
name,Renzak,伦扎克,server-npc,十字斩首者职业任务 NPC 名称
name,Repherion,雷菲里昂,server-npc,城堡名称采用稳定音译
name,Representative,代表,server-npc,导航 NPC 职务名称翻译
name,Reuben,鲁本,server-npc,里希塔乐 NPC 人名采用稳定中文音译
name,Reyghema,Reyghema,server-npc,四级武器任务亡灵武器匠名称，保留原样
name,Rican,里坎,server-npc,Malangdo 尤格拉德西尔果实任务人物名称
name,Ridsh,里德什,npc,16-2 任务 NPC
name,RimiGX,莉米,npc,暗影画廊腮红 NPC
name,Riott,里奥特,server-npc,Pang Voice 技能任务人物名称
name,Robert,罗伯特,server-npc,Eclage 历史任务人物名称
name,Rock Ridge,洛克里奇,server-npc,地图名称沿用官方中文译名
name,Rodafrian,罗达弗里安,server-npc,Prontera 摩洛克历史任务人物名称
name,Rodel,Rodel,server-npc,马来港任务 NPC 名称，保留项目既有英文名
name,Roegenburg,罗根堡,npc-and-quest,16-1 任务家族
name,Roel,罗尔,server-npc,噩梦小丑副本 NPC 名称
name,Rogue Guild Agent,盗贼公会特工,npc,无名者任务 NPC
name,Rohtert,Rohtert,server-npc,伊甸园研究 NPC 名称，保留项目既有英文名
name,Roku,洛库,npc-and-quest,马兰多喵喵勇气队 NPC
name,Romel,罗梅尔,server-npc,马来亚幽灵任务人物名称
name,Romeo,罗密欧,server-npc,伊甸园训练任务 NPC
name,Rookie,菜鸟,server-npc,水之庭院任务人物名称
name,Rooney,鲁尼,npc,维恩斯间谍任务 NPC
name,Rosa,罗莎,server-npc,艾可拉治失窃调查角色
name,Rosa Ellenen,罗莎·埃伦,server-npc,布里希嘉曼封印任务 NPC 名称
name,Roskva,罗丝卡,server-npc,妙尔尼尔封印任务 NPC 名称
name,Rossa,Rossa,server-npc,发型染色师 NPC 名称，保留源名
name,Rosy,罗西,npc-and-quest,马兰多喵喵勇气队 NPC
name,Roter,Roter,server-npc,噩梦小丑副本 NPC 名称，保留项目既有英文名
name,Royal Chef,王室厨师,server-npc,王室宴会任务角色
name,Royal Myst,罗伊尔·米斯特,server-npc,Megingjard 神器任务人物名称
name,Roza,罗莎,server-npc,Moscovia 冬季任务村民名称
name,Ruan,鲁安,server-npc,Veins 监狱任务人物名称
name,Rudolfo,鲁道夫,server-npc,寻宝猎人任务 NPC 人名采用稳定中文译名
name,Rudolph,鲁道夫,server-lore,16.1 地下城对话中的驯鹿英雄名称
name,Runane,Runane,server-npc,噩梦小丑副本 NPC 名称，保留项目既有英文名
name,Rust Blackhand,鲁斯特·黑手,server-npc,圣卡皮托利那副本 NPC 人名采用稳定中文音译
name,Rwella,露维拉,server-npc,幻影地下城居民剧情角色
name,Ryubaba,柳巴巴,server-npc,Moscovia 红色戒指任务人物名称
name,Sabina,萨比娜,server-npc,Moscovia 冬季任务村民名称
name,Sahedi,萨赫迪,server-npc,维因斯火山调查任务 NPC 名称
name,Sakray,萨克莱,server-npc,幽灵宫殿副本 NPC 名称
name,Salty,萨尔蒂,server-npc,Help Me Shorty 任务相关 NPC 名称
name,Samnang,萨姆南,server-npc,NPC 名称
name,Santa Claus,圣诞老人,server-npc,节日 NPC 名称采用稳定中文译名
name,Sanyul,山裕,server-npc,月光幻境任务人物名称
name,Saphien Layless,萨菲恩·莱利斯,server-npc,贤者论文测试 NPC 人名采用稳定中文音译
name,Saraman,萨拉曼,server-npc,Rachel/Thor 火山任务人物名称
name,Sarana,萨拉娜,server-npc,灰狼村 NPC 名称
name,Satra,萨特,npc,卡佩尔泰因家族 NPC
name,Scarlet Palace,猩红宫殿,server-npc,城堡名称稳定翻译
name,Scholar,学者,server-npc,职业名称沿用官方中文译名
name,Scimitar,弯刀,server-database,物品名称
name,Seihyu,西休,server-npc,水之庭院任务人物名称
name,Seil,赛尔,server-npc,灰狼村 NPC 名称
name,Seiyablem,Seiyablem,merchant,NPC 名称
name,Sensei Moohae,师范穆海,server-npc,修道士转职 NPC 人名采用稳定中文译名
name,Sephit,塞菲特,server-npc,梦罗克任务 NPC 名称
name,Serin,塞琳,npc,The Sign 任务终局 NPC
name,Seyren,赛依连,server-npc,实验室 NPC 名称沿用官方译名
name,Shaam Rumi,莎姆·鲁米,npc,氏族首领
name,Shaman meow,喵萨满,server-npc,拉萨格纳任务 NPC
name,Shanina,莎妮娜,server-npc,Episode 18 灰狼村民间传说人物名称
name,Shawn McCurdy,肖恩·麦卡迪,server-npc,Rock Ridge 矿井任务人物名称
name,Shay,沙伊,server-npc,Dicastes 任务人物名称
name,Shayna,夏娜,server-npc,里希塔乐 NPC 人名采用稳定中文音译
name,Shede,谢德,npc,胡格任务 NPC
name,Shelby,谢尔比,server-npc,Eclage 次元裂缝任务人物名称
name,Shengwen,盛文,server-npc,里希塔乐 NPC 人名采用稳定中文音译
name,Shenime,谢尼姆,server-npc,Eclage 拉斐内人物名称
name,Shepherd,牧羊人,server-npc,拉萨格纳牧场 NPC 名称
name,Sheriff Assistant,警长助理,server-npc,导航 NPC 职务名称翻译
name,Sherine,谢琳,server-npc,16.2 任务 NPC 名称
name,Shinokas,希诺卡斯,npc,艾因任务 NPC
name,Shinotarous,希诺塔罗斯,npc,艾因任务 NPC
name,Shiroan,希罗安,server-npc,Episode 18 拉谢尔居民访谈人物名称
name,Shopkeeper,店主,server-npc,武器店任务角色
name,Shortffle,肖特弗尔,npc,莫拉村 NPC
name,Shorty,肖蒂,server-npc,Help Me Shorty 任务 NPC 昵称
name,Shrine,圣殿,server-npc,王室浴场任务人物名称
name,Shul,舒尔,server-npc,Eclage 任务人物名称
name,Sigma,西格玛,server-npc,宅邸管理系统名称
name,Sigmund Ting,西格蒙德·丁,server-npc,NPC 名称
name,Silk Sand Camel,丝沙骆驼,server-npc,Rachel/Thor 火山任务名称
name,Silvia Loren,西尔维娅·洛伦,server-npc,维鲁斯地下掩体录音人物名称
name,Sippie,西皮,server-npc,Nameless Island 任务人物名称
name,Sir Barmundt,巴蒙特爵士,server-lore,学者技能任务卷轴作者名称
name,Sir Ford,福特爵士,server-npc,十字军技能任务 NPC 名称
name,Sir Gray,格雷爵士,server-npc,骑士转职任务 NPC 人名采用稳定中文译名
name,Skia,斯基亚,server-npc,Terra Gloria 任务 NPC 名称，保留项目既有英文名
name,Skrajjad,斯卡拉杰德,server-npc,人工生命体任务人物名称
name,Skyler,斯凯勒,server-npc,NPC 名称
name,Sleepy meow,困倦喵,server-npc,拉萨格纳牧场 NPC 名称
name,Sloutii,斯劳蒂,server-npc,十字军技能任务 NPC 名称
name,Smile Girl,微笑女孩,server-npc,活动 NPC 名称翻译
name,Snorren,Snorren,server-npc,13.2 次元裂缝任务萨帕 NPC 名称，保留原样
name,Snowysnow,雪雪,server-npc,卢蒂耶雪人名称采用稳定中文译名
name,Sobok,索博克,server-npc,伊甸市场餐馆 NPC 名称
name,Soony,苏妮,server-npc,维因斯骆驼任务 NPC 名称
name,Sorin,索林,server-npc,16.2 任务 NPC 名称
name,Sorita,索里塔,server-npc,秘密之翼竞技场投降 NPC 名称
name,Spica,斯皮卡,server-npc,Terra Gloria 任务 NPC 名称，保留项目既有英文名
name,Spica Nerius,斯皮卡·尼里乌斯,npc,16-2 任务 NPC
name,Splendide Guard,斯普伦迪德守卫,server-npc,尼德霍格巢穴 NPC 称谓采用稳定中文译名
name,Sponiac,斯波尼亚克,npc,伊甸园狩猎任务 NPC
name,Squadder,Squadder,npc,16-2 任务 NPC，保留角色名
name,Stangckle,斯坦克尔,server-npc,Juno 研究任务人物名称
name,Star Candy,星星糖,server-npc,马来岛任务 NPC 名称
name,Stello,斯特洛,npc,拉斯格纳飞艇大副
name,Steven,史蒂文,npc-and-quest,泰迪熊幻影任务 NPC
name,Stew,斯图,server-npc,Malangdo 猫族游戏采访人物名称
name,Sticky Grass,黏草,server-npc,炼金实验植物
name,Suad,苏阿德,server-npc,Episode 18 拉谢尔原住民会议人物名称
name,Subino,苏比诺,server-npc,初心者学院战斗教官
name,Suden,苏登,server-npc,维因斯秘密警察特工名称
name,Suhnbi,Suhnbi,server-npc,高级精炼师 NPC 名称，保留源名
name,Susceptible Soldier,易受影响的士兵,server-npc,龟岛幻境任务人物名称
name,Sweep,清扫,server-npc,王室浴场任务人物名称
name,Syeil,赛伊尔,server-npc,灰狼村 NPC 名称
name,Tadde,塔德,server-npc,初心者学院武器等级教学 NPC
name,Tadem,塔德姆,server-npc,NPC 名称
name,Taffy,太妃糖,server-monster,16.1 地下城任务怪物名称
name,Tagliatelle,塔利亚泰勒,server-npc,Rock Ridge 村庄 NPC 人物名称
name,Talah,塔拉,server-npc,马来亚灵魂护符任务人物名称
name,Tali,塔莉,server-npc,拉萨格纳 NPC 名称
name,Talpiz,塔尔皮兹,server-npc,铁匠转职任务交付 NPC 人名采用稳定中文音译
name,Tamarin,塔玛林,npc,14-3 任务 NPC
name,Tao,陶,server-npc,梦罗克任务 NPC 名称
name,Tarsha,Tarsha,server-npc,飞艇任务 NPC 名称，保留原样
name,Tartanos,塔塔诺斯,server-item,幽灵宫殿诅咒魔剑名称
name,Tato,塔托,server-npc,Eclage 任务人物名称
name,Tattooist,纹身师,npc,马来亚皮纳达斯节 NPC
name,Tausupa,陶苏帕,npc,科莫多首领
name,Teacher,老师,server-npc,博士帽任务 NPC 名称
name,Teinz,泰因茨,server-npc,NPC 名称
name,Tempestra,特姆佩斯特拉,server-npc,NPC名称
name,Terra,Terra,server-npc,13.2 次元裂缝任务拉普纳 NPC 名称，保留原样
name,Terrian,特里安,server-npc,幻影调查队任务 NPC 名称
name,Tess,泰丝,npc,16-2 任务 NPC，保留角色名
name,Thachentze,塔琴泽,server-npc,卢蒂耶 NPC 人名采用稳定中文音译
name,Thanatos,塔纳托斯,server-database,成就与装备名称
name,The Anonymous One,匿名者,server-npc,刺客转职任务 NPC 称谓采用稳定中文译名
name,Theo,Theo,server-npc,飞艇任务 NPC 名称，保留原样
name,Theore,泰奥尔,server-npc,Mora 研究任务人物名称
name,Thierry,蒂埃里,npc,胡格任务 NPC
name,Thor Greg,托尔·格雷格,server-npc,Close Confine 技能任务人物名称
name,Thorn,索恩,server-npc,伊甸园装备强化 NPC 名称
name,Tialfi,提亚尔菲,server-npc,妙尔尼尔封印任务 NPC 名称
name,Tigris,蒂格里斯,server-npc,符文骑士转职测试队长
name,Tikbalang Expert,玩偶专家,server-npc,Malaya 任务人物名称
name,Titika,蒂蒂卡,npc,暗影画廊画笔 NPC
name,Toby,托比,server-npc,Thor 火山营地任务人物名称
name,Togii,托吉,server-npc,NPC 名称
name,Tohobu,托霍布,server-npc,修道士转职入口 NPC 人名采用稳定中文音译
name,Tomoon,图门,server-npc,修道士最终测试 NPC 人名采用稳定中文音译
name,Tony,托尼,server-npc,子弹商人 NPC 名称音译
name,Tool Dealer,道具商人,client-database,NPC 名称
name,Toren,托伦,server-npc,伊甸园装备选择 NPC 名称
name,Toruna,托鲁娜,npc,科莫多居民
name,Totoy,托托伊,npc,马来亚任务 NPC
name,Touha,图哈,server-npc,修道士任务长老人名采用稳定中文音译
name,Trainer Adric,训练师阿德里克,npc,新手学院剑士训练 NPC
name,Trainer Mainz,迈因兹训练师,server-npc,初心者学院异常状态训练师
name,Traveler That Posed the Question,提问的旅人,server-npc,Mora 村庄事件角色
name,Traveler Trying to Stop the Fight,试图阻止争斗的旅人,server-npc,Mora 村庄事件角色
name,Tsuen,楚恩,server-npc,NPC 名称
name,Tsurugi,长剑,server-database,物品名称
name,Undead Chicken,不死鸡,server-npc,Niflheim NPC 名称意译
name,Urstialla,乌斯蒂娅,server-npc,芙蕾雅项链任务 NPC 名称
name,Urupa,乌鲁帕,npc,暗影追踪者转职任务 NPC
name,Utgardaloki,乌特加德洛基,server-npc,妙尔尼尔封印任务巨人国王名称
name,Uwe,乌韦,npc,艾因任务 NPC
name,Valdes,瓦尔德斯,server-npc,Nameless Island Z 帮任务人物名称
name,Valkyrie,女武神,server-npc,Brisingamen 神器任务人物名称
name,Valve,阀门,server-npc,浴场锅炉任务自动人偶
name,Vandez,万德兹,npc,神圣之符任务 NPC
name,Vanilla Luide,香草·路伊德,server-npc,维鲁斯地下掩体录音人物名称
name,Vantai,万泰,npc,马来亚看门狗
name,Varmundt,瓦尔蒙特,server-npc,隐藏花园自动人偶剧情人物
name,Varmunt,瓦尔蒙特,npc,塔纳托斯塔剧情人物
name,Vasili,瓦西里,server-npc,Moscovia 冬季任务村民名称
name,Vassili Grandpapa,瓦西里爷爷,server-npc,Moscovia 红色戒指任务人物名称
name,Vatoman,瓦托曼,server-npc,Niflheim NPC 名称音译
name,Velofos,Velofos,server-npc,魔法书任务 NPC 名称，保留项目既有英文名
name,Velund,维伦德,server-lore,战场神物相关铁匠名称
name,Verity,维莉蒂,server-npc,地下掩体探索任务角色
name,Verkhasel,维尔哈塞尔,server-npc,新手学院盗贼职业说明人物名称
name,Veronica,维罗妮卡,server-npc,pre-re 理发师 NPC 名称
name,Vestri,维斯特里,server-npc,妙尔尼尔封印任务矮人名称
name,Vigilante Aglio,治安官阿里奥,server-npc,拉萨格纳新手任务 NPC 名称
name,Viktor,维克多,server-npc,Moscovia 冬季任务村民名称
name,Vincent,文森特,server-npc,伊甸市场餐馆 NPC 名称
name,Vinue,维纽,server-npc,大主教转职任务修女名称
name,Violeta,维奥莱塔,npc,16-1 宴会调查 NPC
name,Viorel,Viorel,server-npc,生命体变异任务 NPC 名称，保留项目既有英文名
name,Visiting Prince,来访王子,server-npc,幽灵宫殿副本 NPC 称谓
name,Vitata,维塔塔,npc-and-quest,幻影洞窟任务 NPC
name,Vitre,维特,server-npc,维因斯外交阴谋任务 NPC 名称
name,Vitre Bizlita,维特·比兹利塔,server-npc,Veins 监狱任务人物名称
name,Vomars,沃玛斯,server-npc,婚礼主教 NPC 人名采用稳定中文音译
name,Vrid,弗里德,server-npc,冰洞副本 NPC 名称
name,Vyhannus,维汉努斯,server-npc,迪卡斯特入口任务人物名称
name,Wagan,瓦甘,server-npc,Juno 研究任务人物名称
name,Wandering Merchant,流浪商人,server-npc,Eclage 抽奖商人名称
name,Weapon Dealer,武器商人,client-database,NPC 名称
name,Weapons Expert BK,BK 武器专家,server-npc,伊甸园武器强化 NPC 名称
name,Well-known Kittie,知名小猫,server-npc,拉萨格纳杜拉姆任务 NPC 名称
name,Werner,维尔纳,server-npc,实验室角色名称音译
name,Wheel of the Unknown,未知之轮,server-npc,Sleipnir 神器名称
name,Wickebine,维克贝因,server-npc,铁匠转职任务交付 NPC 人名采用稳定中文音译
name,Wigner,维格纳,npc-and-quest,16-1 任务家族
name,William,威廉,server-npc,NPC 名称
name,Wise Bull Horn,Wise Bull Horn,job-class,NPC 名称
name,Wolf Roegenburg,沃尔夫·罗根堡,npc-and-quest,16-1 任务 NPC
name,Wolt,沃尔特,server-npc,普隆德拉弓箭手 NPC 人名采用稳定中文音译
name,Woman Roasting Meat,烤肉女士,server-npc,吟游诗人职业任务 NPC 名称
name,Wuerzburg,维尔茨堡,server-npc,城堡名称采用稳定音译
name,Wuhari,乌哈里,server-npc,Eclage 大尤艾调查人物名称
name,Wuhuru,伍胡鲁,server-npc,Eclage 大尤艾调查人物名称
name,Wyatt Warp,怀亚特·沃普,server-npc,Rock Ridge 任务 NPC 名称，保留项目既有英文名
name,Yao Jun,姚君,server-npc,Pang Voice 技能任务人物名称
name,Yecheon,Yecheon,server-npc,自动模块交换 NPC 名称，保留原样
name,Yeoncheong,Yeoncheong,server-npc,自动装备交换 NPC 名称，保留原样
name,Yolanda,约兰达,server-npc,双生幻境任务人物名称
name,Yopi,尤皮,server-npc,狼村冲突剧情人物名称
name,Yosefina,约瑟菲娜,server-npc,Moscovia 冬季任务村民名称
name,Yotang,尤唐,npc,仙女之花任务 NPC
name,Young Scholar,年轻学者,server-npc,月光幻境任务人物名称
name,Yube,尤贝,server-npc,Eclage 任务人物名称
name,Yullo,Yullo,server-npc,任务 NPC 人名，保留源名
name,Yulma,Yulma,server-npc,鲁杜斯调查任务 NPC 名称，保留项目既有英文名
name,Yunia,尤妮娅,server-npc,梦罗克任务 NPC 名称
name,Yuno,朱诺,client-database,地图与城市名称
name,Zabaroo,扎巴鲁,server-npc,维因斯石头任务 NPC 名称
name,Zan.Huadoku,赞·华多库,npc,梅金吉奥德封印任务 NPC
name,Zed,泽德,server-npc,寻宝猎人任务 NPC 人名采用稳定中文音译
name,Zeith,泽伊特,server-npc,冰洞副本 NPC 名称
name,Zen,禅,server-npc,灰狼村 NPC 名称
name,Zhed,泽德,server-npc,Nameless Island 任务人物名称
name,Zlan,兹兰,npc,灰狼村民任务 NPC
NPC,Access Controller,访问控制器,server/npc/re/warps/other/verus.txt,玩家可见 NPC 名称
NPC,Aditura,阿迪图拉,server/npc/re/instances/WaterGarden.txt,水花园实例 NPC
NPC,Agent,探员,server/npc/quests/quests_nameless.txt,任务 NPC
NPC,Ahrum,阿鲁姆,server/npc/pre-re/quests/quests_morocc.txt,王位继承任务候选人
NPC,Aide Arioss,Arioss助手,server/npc/instances/NydhoggsNest.txt,尼德霍格巢穴任务 NPC
NPC,Airship Representative,飞艇代表,server/npc/cities/yuno.txt,朱诺飞艇 NPC
NPC,Akiira,阿基拉,server/npc/cities/louyang.txt,洛阳武术 NPC
NPC,Alice Yisha,Alice Yisha,server/npc/re/jobs/novice/academy.txt,服事职业教学 NPC，保留角色原名
NPC,Alora,Alora,server/npc/merchants/cashheadgear_dye.txt,玩家可见 NPC 名称保持原样
NPC,Amachang,阿玛樱,server/npc/pre-re/guides/guides_amatsu.txt,玩家可见 NPC 名称
NPC,Ardor,阿尔多,server/npc/re/quests/garden_of_time.txt,时间花园灵魂 NPC
NPC,Arotan,阿罗坦,server/npc/cities/umbala.txt,乌坦村民 NPC
NPC,Arquien,阿奎恩,server/npc/re/quests/quests_15_2.txt,Verus 真相任务 NPC，保留角色原名
NPC,Arthur,亚瑟,server/npc/cities/lighthalzen.txt,莱茵哈特银行区 NPC
NPC,Artifact Collector,神器收藏家,server/npc/re/merchants/enchan_mora.txt,莫拉神器强化 NPC
NPC,Artifact Researcher,神器研究员,server/npc/re/merchants/enchan_mora.txt,莫拉神器强化 NPC
NPC,Artisan,工匠,server/npc/cities/yuno.txt,朱诺工匠 NPC
NPC,Assam,阿萨姆,server/npc/cities/lighthalzen.txt,莱茵哈特 NPC
NPC,Assassin Cross,十字刺客,server/npc/jobs/2-1a/AssassinCross.txt,职业名称
NPC,Aunt Tachentze,塔琴泽阿姨,server/npc/cities/lutie.txt,露提居民 NPC
NPC,Aures,奥尔斯,server/npc/re/quests/quests_15_1.txt,Verus 调查任务 NPC，保留角色原名
NPC,Axl Rose,艾克斯尔·罗斯,server/npc/battleground/tierra/tierra02.txt,战场维特纳名称
NPC,Bartender,酒保,server/npc/cities/jawaii.txt,Jawaii 酒馆 NPC
NPC,Base Investigator,基地调查员,server/npc/re/quests/quests_14_3_bis.txt,基地讨伐任务 NPC
NPC,Benknee,本克尼,server/npc/cities/manuk.txt,萨帕族 NPC
NPC,Bertan,贝尔坦,server/npc/cities/umbala.txt,乌坦村民 NPC
NPC,Bioengineer Ebrik,生化工程师 Ebrik,server/npc/re/quests/quests_15_2.txt,Verus 葡萄收获任务 NPC
NPC,Blacksmith Dister,铁匠迪斯特,server/npc/re/merchants/blessed_refiner.txt,玩家可见 NPC 名称
NPC,Bonnie,邦妮,server/npc/cities/lighthalzen.txt,莱茵哈特居民 NPC
NPC,Bonse,邦斯,server/npc/cities/lighthalzen.txt,莱茵哈特酒馆 NPC
NPC,Bonubonu,波努波努,server/npc/cities/amatsu.txt,传奇树 NPC
NPC,Boorkatan,布尔卡坦,server/npc/cities/umbala.txt,乌坦村民 NPC
NPC,Boya,博亚,server/npc/re/quests/eden/eden_quests.txt,伊甸园课程 NPC，保留角色原名
NPC,Bruce,布鲁斯,server/npc/re/jobs/novice/novice.txt,特殊职业教学 NPC，保留角色原名
NPC,Captain Carocc,Captain Carocc,server/npc/re/jobs/novice/academy.txt,学院教程 NPC，保留角色原名
NPC,Caral,卡拉尔,server/npc/custom/quests/thq/THQS_QuestNPC.txt,玩家可见 NPC 名称
NPC,Cenia,塞妮娅,server/npc/other/monster_museum.txt,朱诺怪物博物馆导览 NPC
NPC,Chanmo,Chanmo,server/npc/re/quests/HelpMeShorty.txt,Shorty 伙伴任务 NPC，保留角色原名
NPC,Charles Orleans,查尔斯·奥尔良,server/npc/events/valentinesday_2009.txt,情人节巧克力 NPC
NPC,Charu Charu,查鲁查鲁,server/npc/cities/lutie.txt,露提居民 NPC
NPC,Chicken Masta,养鸡大师,server/npc/events/halloween_2006.txt,南瓜派任务 NPC
NPC,Christ,克里斯特,server/npc/events/christmas_2005.txt,圣诞活动 NPC
NPC,Christopher Guillenrow,Christopher·吉伦罗,server/npc/merchants/refine.txt,吉芬铁匠与金属商人 NPC
NPC,Citizen,居民,server/npc/cities/geffen.txt,吉芬居民 NPC
NPC,Cool Devi,酷Devi,server/npc/events/halloween_2006.txt,万圣节南瓜魔力任务 NPC
NPC,Craft Book Merchant,制作手册商人,server/npc/re/merchants/alchemist.txt,玩家可见 NPC 名称
NPC,Crewman,船员,server/npc/cities/brasilis.txt,玩家可见 NPC 名称
NPC,Crumpler,克伦普勒,server/npc/cities/geffen.txt,吉芬醉汉 NPC
NPC,Dacquoise,Dacquoise,server/npc/re/jobs/novice/academy.txt,烹饪教学 NPC，保留角色原名
NPC,Delightful Lude,愉快的Lude,server/npc/events/halloween_2006.txt,万圣节怪物名称
NPC,Diluvio,迪卢维奥,server/npc/re/quests/garden_of_time.txt,时间花园灵魂 NPC
NPC,Dique,迪克,server/npc/cities/lighthalzen.txt,莱茵哈特居民 NPC
NPC,Dragon Breeder,飞龙饲养员,server/npc/re/merchants/renters.txt,玩家可见 NPC 名称
NPC,Dragon Hunter,猎龙人,server/npc/pre-re/quests/collection/quest_zhupolong.txt,玩家可见 NPC 名称
NPC,Dumk,Dumk,server/npc/re/jobs/3-2/shadow_chaser.txt,影子追踪者任务 NPC，保留角色原名
NPC,Eclaire,Eclaire,server/npc/re/jobs/novice/academy.txt,烹饪教学 NPC，保留角色原名
NPC,Eden Group Officer,伊甸园集团职员,server/npc/re/jobs/novice/novice.txt,伊甸园任务 NPC
NPC,Ei'felle,艾菲尔,server/npc/other/monster_race.txt,铁匠奖牌兑换 NPC
NPC,Emily,艾米莉,server/npc/cities/hugel.txt,呼噜居民 NPC
NPC,Employee Amy,员工艾米,server/npc/cities/jawaii.txt,Jawaii 酒馆员工
NPC,Employee Buffy,员工巴菲,server/npc/cities/jawaii.txt,Jawaii 酒馆员工
NPC,Employee Itere,员工伊特雷,server/npc/cities/jawaii.txt,Jawaii 酒馆员工
NPC,Employee Kay,员工凯,server/npc/cities/jawaii.txt,Jawaii 酒馆员工
NPC,Employee Tonia,员工托妮娅,server/npc/cities/jawaii.txt,Jawaii 酒馆员工
NPC,Employee Yasmine,员工雅丝敏,server/npc/cities/jawaii.txt,Jawaii 酒馆员工
NPC,Enku,恩库,server/npc/cities/lighthalzen.txt,莱茵哈特酒馆 NPC
NPC,Ernst,恩斯特,server/npc/pre-re/quests/quests_morocc.txt,王位继承任务角色
NPC,Erst,艾丝特,server/npc/re/quests/quests_16_2.txt,叛乱军特战指挥官 NPC，保留角色原名
NPC,Erundek,艾伦德克,server/npc/battleground/bg_common.txt,战场徽章兑换 NPC
NPC,Estheres,埃丝特斯,server/npc/cities/geffen.txt,吉芬怪物学 NPC
NPC,Exorcist Master Fahae,驱魔大师法海,server/npc/events/dumplingfestival.txt,玩家可见 NPC 名称
NPC,F. Harrison,F·哈里森,server/npc/quests/gunslinger_quests.txt,枪手武器修理 NPC
NPC,Facilities manager,设施管理员,server/npc/re/quests/quests_15_2.txt,Verus 避难所任务 NPC
NPC,Father Mareusis,马尤雷斯神父,server/npc/pre-re/jobs/1-1/acolyte.txt,服事转职 NPC
NPC,Food Provider,食物供应员,server/npc/cities/manuk.txt,马努克 NPC
NPC,Freidrich,弗雷德里希,server/npc/cities/yuno.txt,朱诺导览 NPC
NPC,Galtun,加尔顿,server/npc/cities/manuk.txt,马努克 NPC
NPC,Garakame sensei,加拉卡梅老师,server/npc/cities/amatsu.txt,戏剧老师 NPC
NPC,Garry,加里,server/npc/cities/lighthalzen.txt,莱茵哈特酒馆 NPC
NPC,Geffen Guide,吉芬向导,server/npc/pre-re/guides/guides_geffen.txt,玩家可见 NPC 名称
NPC,Geonuii,戈努伊,server/npc/cities/lighthalzen.txt,莱茵哈特导览 NPC
NPC,Gerbena,格尔贝娜,server/npc/re/quests/quests_dungeons_200.txt,阿米希提亚实验室任务 NPC，保留角色原名
NPC,Gever Al Sharp,盖弗·阿尔·夏普,server/npc/merchants/alchemist.txt,玩家可见 NPC 名称
NPC,Giacomo Girolamo,贾科莫·吉罗拉莫,server/npc/re/instances/WolfchevLaboratory.txt,雷根贝勒贫民窟 NPC
NPC,Gloomy Jack,忧郁的Jack,server/npc/events/halloween_2006.txt,万圣节南瓜魔力任务 NPC
NPC,Grandma Lucy,Lucy 老奶奶,server/npc/re/quests/quests_16_2.txt,Clana Nemieri 回忆任务 NPC
NPC,Granny,老奶奶,server/npc/cities/yuno.txt,朱诺占卜 NPC
NPC,Grinnel,格林内尔,server/npc/cities/lighthalzen.txt,莱茵哈特贫民窟 NPC
NPC,Guide Man,向导,server/npc/pre-re/guides/guides_amatsu.txt,玩家可见 NPC 名称
NPC,Guild Battle Guide,公会战向导,server/npc/other/guildpvp.txt,玩家可见 NPC 名称
NPC,Guild Clerk,公会职员,server/npc/re/merchants/Emperium_Seller.txt,玩家可见 NPC 名称
NPC,Guitar Song,吉他之歌,server/npc/re/jobs/3-2/wanderer.txt,浪姬任务 NPC，保留角色原名
NPC,Guy,盖伊,server/npc/custom/quests/thq/THQS_QuestNPC.txt,玩家可见 NPC 名称
NPC,Haggar,哈加尔,server/npc/cities/lighthalzen.txt,莱茵哈特酒馆 NPC
NPC,Halloween Wizard,万圣节魔法师,server/npc/events/halloween_2009.txt,万圣节怪物召唤 NPC
NPC,Heart Merchant,心之商人,server/npc/re/merchants/new_insurance.txt,玩家可见 NPC 名称
NPC,Helen,海伦,server/npc/cities/lighthalzen.txt,莱茵哈特银行区 NPC
NPC,Higel,希格尔,server/npc/re/instances/WaterGarden.txt,水花园实例 NPC
NPC,High Priest,大主教,server/npc/jobs/2-1a/HighPriest.txt,职业名称
NPC,Hoirin,霍伊林,server/npc/events/halloween_2006.txt,南瓜派制作 NPC
NPC,Hong Miao,洪妙,server/npc/cities/louyang.txt,洛阳观景塔 NPC
NPC,Hugel Guide Granny,休尔赫尔姆向导奶奶,server/npc/re/guides/guides_hugel.txt,玩家可见 NPC 名称
NPC,Hutari Shioko,胡太郎诗织,server/npc/cities/amatsu.txt,传奇树 NPC
NPC,Ian Atnad,伊恩·阿特纳德,server/npc/re/quests/quests_15_1.txt,Verus 调查任务 NPC，保留角色原名
NPC,Ice Cream Maker,冰淇淋商人,server/npc/cities/brasilis.txt,玩家可见 NPC 名称
NPC,Ilya Lebedev,伊利亚·列别杰夫,server/npc/re/quests/quests_16_2.txt,叛乱军任务 NPC，保留角色原名
NPC,Injured Manuk Soldier,受伤的马努克士兵,server/npc/cities/manuk.txt,马努克 NPC
NPC,Instructor Argos,阿戈斯教官,server/npc/re/jobs/novice/academy.txt,新手技能教程 NPC，保留角色原名
NPC,Instructor Brade,Brade 教官,server/npc/re/jobs/novice/novice.txt,新手训练 NPC
NPC,Isalei,伊莎蕾,server/npc/other/acolyte_warp.txt,玩家可见 NPC 名称
NPC,Jack,杰克,server/npc/custom/quests/thq/THQS_QuestNPC.txt,玩家可见 NPC 名称
NPC,Jana Levedeva,亚娜·列别杰娃,server/npc/re/quests/quests_16_2.txt,叛乱军任务 NPC，保留角色原名
NPC,Jason,杰森,server/npc/re/quests/skills/merchant_skills.txt,玩家可见 NPC 名称
NPC,Jee,吉,server/npc/events/christmas_2013.txt,单身联盟军招募 NPC
NPC,Jeni,杰妮,server/npc/custom/quests/thq/THQS_QuestNPC.txt,玩家可见 NPC 名称
NPC,Jertan,杰尔坦,server/npc/cities/umbala.txt,乌坦村民 NPC
NPC,Jinha,Jinha,server/npc/re/jobs/novice/novice.txt,急救技能教学 NPC，保留角色原名
NPC,Jobmaster,转职大师,server/npc/custom/jobmaster.txt,转职服务 NPC
NPC,John,约翰,server/npc/cities/amatsu.txt,天津町料理商人
NPC,Jooltan,朱尔坦,server/npc/cities/umbala.txt,乌坦村民 NPC
NPC,Kayplas,凯普拉斯,server/npc/cities/hugel.txt,呼噜居民 NPC
NPC,Keegan,基根,server/npc/custom/quests/thq/THQS_GuildNPC.txt,玩家可见 NPC 名称
NPC,Keiki,凯琪,server/npc/other/acolyte_warp.txt,玩家可见 NPC 名称
NPC,Klumatan,克鲁马坦,server/npc/cities/umbala.txt,乌坦村民 NPC
NPC,Kreg,克雷格,server/npc/custom/quests/thq/THQS_QuestNPC.txt,玩家可见 NPC 名称
NPC,Kris,克里斯,server/npc/pre-re/jobs/novice/novice.txt,初心者教学 NPC
NPC,Kublin,库布林,server/npc/events/gdevent_sch.txt,Schwarzwald 公会地下城怪物
NPC,Kwami,夸米,server/npc/events/christmas_2013.txt,单身联盟军招募 NPC
NPC,Langry,兰格里,server/npc/pre-re/quests/collection/quest_fabre.txt,苍蝇幼虫猎杀任务 NPC
NPC,Lanko,兰科,server/npc/cities/lighthalzen.txt,莱茵哈特酒馆 NPC
NPC,Larcis,拉尔西斯,server/npc/re/quests/quests_16_2.txt,叛乱军会面 NPC，保留角色原名
NPC,Lasoei,拉索伊,server/npc/cities/lighthalzen.txt,莱茵哈特导览 NPC
NPC,Lazy,懒鬼,server/npc/re/quests/quests_17_1.txt,调查任务导游 NPC，保留角色原名
NPC,Le Morpheus,勒·莫菲斯,server/npc/cities/yuno.txt,朱诺贤者 NPC
NPC,Leitner,Leitner,server/npc/re/quests/quests_15_1.txt,朱佩洛斯电梯登记 NPC，保留角色原名
NPC,Leria,Leria,server/npc/re/merchants/eden_market.txt,伊甸园市场商店 NPC，保留角色原名
NPC,Li,莉,server/npc/pre-re/quests/collection/quest_dokebi.txt,鬼女猎杀任务 NPC
NPC,Library Girl Ellen,图书馆女孩艾伦,server/npc/cities/prontera.txt,普隆德拉图书馆 NPC
NPC,Lighthalzen Guide,莱茵哈特向导,server/npc/pre-re/guides/guides_lighthalzen.txt,玩家可见 NPC 名称
NPC,Lilla,莉拉,server/npc/pre-re/quests/collection/quest_dryad.txt,树精猎杀任务 NPC
NPC,Linus,莱纳斯,server/npc/cities/lighthalzen.txt,莱茵哈特酒馆 NPC
NPC,Lloyd,劳埃德,server/npc/re/quests/quests_15_1.txt,Verus 调查任务 NPC，保留角色原名
NPC,Local Villager,当地村民,server/npc/pre-re/quests/collection/quest_demonpungus.txt,恶魔波利猎杀任务 NPC
NPC,Loudmouth,大嘴,server/npc/cities/lighthalzen.txt,莱茵哈特居民 NPC
NPC,Luda,露达,server/npc/cities/hugel.txt,神殿探险办公室助手
NPC,Machoko,Machoko,server/npc/re/quests/illusion_investigation.txt,幻影调查 NPC，保留角色原名
NPC,Mado Gear Armorer,魔导机甲装甲师,server/npc/re/merchants/renters.txt,玩家可见 NPC 名称
NPC,Mage Guild Member,法师公会成员,server/npc/re/jobs/novice/novice.txt,法师职业教学 NPC
NPC,Mage Guildsman,魔法师公会成员,server/npc/quests/mage_solution.txt,玩家可见 NPC 名称
NPC,Map Expert,地图专家,server/npc/re/quests/eden/eden_tutorial.txt,伊甸园教程 NPC
NPC,Marcel Marollo VII,马塞尔·马洛尔七世,server/npc/battleground/bg_common.txt,王国国王名称
NPC,Marcell,马塞尔,server/npc/cities/lutie.txt,露提居民 NPC
NPC,Marco Bassinio,马可·巴西尼奥,server/npc/events/valentinesday_2009.txt,情人节巧克力 NPC
NPC,Marty,马蒂,server/npc/events/christmas_2013.txt,单身联盟军招募 NPC
NPC,Marvin,马文,server/npc/cities/prontera.txt,普隆德拉技能 NPC
NPC,Mas,马斯,server/npc/events/christmas_2005.txt,圣诞活动 NPC
NPC,Mason Bender,Mason Bender,server/npc/re/quests/quests_16_2.txt,Clana Nemieri 武器店 NPC，保留角色原名
NPC,Master,Master,server/npc/re/quests/quests_16_2.txt,叛乱军武器库 NPC，保留角色原名
NPC,MasterSmith,神工匠,server/npc/jobs/2-1a/WhiteSmith.txt,职业名称
NPC,Mayssel,梅谢尔,server/npc/re/jobs/novice/academy.txt,盗贼系职业教学 NPC，保留角色原名
NPC,Medal Distributor,奖牌兑换员,server/npc/other/monster_race.txt,怪物赛跑奖励 NPC
NPC,Mediane,梅迪安,server/npc/custom/quests/tha_statues.txt,塔纳托斯雕像灵魂 NPC
NPC,Meera,米拉,server/npc/cities/geffen.txt,吉芬蜂蜜 NPC
NPC,Melkor,梅尔科,server/npc/custom/quests/tha_statues.txt,塔纳托斯雕像灵魂 NPC
NPC,Merchant of Manuk,曼格商人,server/npc/merchants/coin_exchange.txt,玩家可见 NPC 名称
NPC,Merchant of Splendide,斯普伦迪德商人,server/npc/merchants/coin_exchange.txt,玩家可见 NPC 名称
NPC,Mergician,合并术士,server/npc/re/other/item_merge.txt,玩家可见 NPC 名称
NPC,Merideth,梅丽德丝,server/npc/cities/prontera.txt,普隆德拉居民 NPC
NPC,Messenger,王室使者,server/npc/pre-re/quests/quests_morocc.txt,卢恩·米德加尔特王位继承任务 NPC
NPC,Miffy,Miffy,server/npc/re/merchants/eden_market.txt,武器商店 NPC，保留角色原名
NPC,Mille Feuille,Mille Feuille,server/npc/re/jobs/novice/academy.txt,烹饪教学 NPC，保留角色原名
NPC,Mimi,Mimi,server/npc/re/jobs/3-2/wanderer.txt,浪姬转职任务 NPC，保留角色原名
NPC,Mitchell,米切尔,server/npc/cities/lighthalzen.txt,莱茵哈特居民 NPC
NPC,Morestone,莫尔斯通,server/npc/events/gdevent_sch.txt,Schwarzwald 公会地下城 NPC
NPC,Moscovia Guide,莫斯科比亚向导,server/npc/pre-re/guides/guides_moscovia.txt,玩家可见 NPC 名称
NPC,Muriel,穆里尔,server/npc/pre-re/jobs/novice/novice.txt,初心者战斗测试 NPC
NPC,Mutakutan,穆塔库坦,server/npc/cities/umbala.txt,乌姆巴拉村民 NPC
NPC,Mysterious Cookie Shop,神秘曲奇商店,server/npc/re/merchants/mysterious_cookie_shop.txt,玩家可见 NPC 名称
NPC,Nile,尼尔,server/npc/re/quests/quests_15_2.txt,Verus 记忆记录任务 NPC，保留角色原名
NPC,Ninno,尼诺,server/npc/cities/yuno.txt,朱诺居民 NPC
NPC,Oholy,奥霍利,server/npc/events/christmas_2005.txt,圣诞活动 NPC
NPC,Old Pharmacist,老药剂师,server/npc/merchants/old_pharmacist.txt,玩家可见 NPC 名称
NPC,Orian,Orian,server/npc/re/quests/illusion_investigation.txt,幻影调查 NPC，保留角色原名
NPC,Orwalk,奥尔沃克,server/npc/cities/geffen.txt,吉芬魔法 NPC
NPC,Otter Samssoon,Otter Samssoon,server/npc/re/jobs/novice/academy.txt,学院发型顾问 NPC，保留角色原名
NPC,Packs Trader,包装用品商人,server/npc/events/valentinesday_2009.txt,情人节包装 NPC
NPC,Pat,Pat,server/npc/re/quests/quests_17_1.txt,雷根贝勒调查任务失踪人员，保留角色原名
NPC,Paul Spanner,保罗·斯潘纳,server/npc/merchants/refine.txt,艾因布洛克铁匠供应商 NPC
NPC,Payon Guide,斐扬向导,server/npc/pre-re/guides/guides_payon.txt,玩家可见 NPC 名称
NPC,Pet Trader,宠物商人,server/npc/re/merchants/pet_trader.txt,玩家可见 NPC 名称
NPC,Port Malaya Guide,马来港向导,server/npc/re/guides/guides_malaya.txt,玩家可见 NPC 名称
NPC,Procella,普罗切拉,server/npc/re/quests/garden_of_time.txt,时间花园灵魂 NPC
NPC,Psychic Advisor,灵媒顾问,server/npc/cities/geffen.txt,吉芬占卜 NPC
NPC,Pumpkin Hat Researcher,南瓜帽研究者,server/npc/events/halloween_2009.txt,万圣节南瓜帽任务 NPC
NPC,Querrie,Querrie,server/npc/re/jobs/novice/academy.txt,合成工具商店 NPC，保留角色原名
NPC,Rachel Guide,拉赫向导,server/npc/re/guides/guides_rachel.txt,玩家可见 NPC 名称
NPC,Radimir,Radimir,server/npc/re/quests/illusion_investigation.txt,幻影调查 NPC，保留角色原名
NPC,Ragie,拉吉,server/npc/re/jobs/novice/academy.txt,学院诗人学员 NPC，保留角色原名
NPC,Ralphie,拉尔菲,server/npc/cities/geffen.txt,吉芬魔法 NPC
NPC,Rare Diamond Merchant,稀有钻石商人,server/npc/re/merchants/diamond.txt,玩家可见 NPC 名称
NPC,Rekenber Guard,雷根贝勒卫兵,server/npc/cities/lighthalzen.txt,限制区域卫兵
NPC,Repairman,维修工,server/npc/cities/lighthalzen.txt,实验室 NPC
NPC,Republic Guard,共和国卫兵,server/npc/re/warps/dungeons/mag_dun.txt,玩家可见 NPC 名称
NPC,Ricael,里凯尔,server/npc/pre-re/guides/guides_niflheim.txt,玩家可见 NPC 名称
NPC,Rich King,富有的国王,server/npc/re/guides/guides_hugel.txt,玩家可见 NPC 名称
NPC,Riding Creature Master,骑乘生物大师,server/npc/re/merchants/renters.txt,玩家可见 NPC 名称
NPC,Rina,莉娜,server/npc/events/easter_2010.txt,复活节任务 NPC
NPC,Rina's Little Friend,莉娜的小伙伴,server/npc/events/easter_2010.txt,复活节宠物蛋交易 NPC
NPC,Rinka,琳卡,server/npc/events/christmas_2013.txt,单身联盟军招募 NPC
NPC,Rion,里昂,server/npc/re/jobs/3-2/minstrel.txt,冰洞任务 NPC
NPC,Rupert,Rupert,server/npc/re/quests/quests_16_2.txt,叛乱军会面 NPC，保留角色原名
NPC,Sailor,水手,server/npc/cities/izlude.txt,伊兹鲁德地下城 NPC
NPC,Sakura Seiichi,樱井诚一,server/npc/cities/amatsu.txt,天津町兽医 NPC
NPC,Scarlet,斯嘉丽,server/npc/re/quests/quests_15_1.txt,朱佩洛斯电梯任务 NPC，保留角色原名
NPC,Scientist,科学家,server/npc/cities/lighthalzen.txt,实验室 NPC
NPC,Scout,侦察员,server/npc/re/quests/quests_14_3_bis.txt,基地讨伐任务 NPC
NPC,Sergiof,塞尔吉奥夫,server/npc/cities/yuno.txt,朱诺战士 NPC
NPC,Serpens,塞彭斯,server/npc/re/quests/garden_of_time.txt,时间花园灵魂 NPC
NPC,Serpeone,塞尔皮奥妮,server/npc/re/jobs/3-1/rune_knight.txt,符文骑士贤者 NPC
NPC,Shadow Blacksmith,影子铁匠,server/npc/re/merchants/shadow_refiner.txt,玩家可见 NPC 名称
NPC,Sheshin,谢欣,server/npc/re/quests/illusion_investigation.txt,幻影调查 NPC，保留角色原名
NPC,Shevild,谢维尔德,server/npc/cities/prontera.txt,普隆德拉送货员 NPC
NPC,Shuger,舒格,server/npc/cities/prontera.txt,普隆德拉怪物知识 NPC
NPC,Sorrowful Soul's Mind,悲伤灵魂的心念,server/npc/re/merchants/nightmare_biolab.txt,梦魇实验室灵魂 NPC
NPC,Sox,索克斯,server/npc/custom/quests/tha_statues.txt,塔纳托斯雕像灵魂 NPC
NPC,Soy,Soy,server/npc/re/jobs/3-2/wanderer.txt,浪姬转职任务 NPC，保留角色原名
NPC,Sprakki,Sprakki,server/npc/re/jobs/novice/novice.txt,新手操作教程 NPC，保留角色原名
NPC,Stacey,斯泰西,server/npc/cities/geffen.txt,吉芬居民 NPC
NPC,Stalker,神行太保,server/npc/jobs/2-2a/Stalker.txt,职业名称
NPC,Stanza,斯坦扎,server/npc/cities/geffen.txt,吉芬魔法 NPC
NPC,Steward Aydin,管家 Aydin,server/npc/re/jobs/novice/academy.txt,商人技能教学 NPC
NPC,Strasse,斯特拉塞,server/npc/re/quests/quests_16_2.txt,叛乱军武器兑换 NPC，保留角色原名
NPC,Strife,斯特莱夫,server/npc/cities/prontera.txt,普隆德拉骑士梦想 NPC
NPC,Suspicious Guy,可疑商人,server/npc/cities/geffen.txt,吉芬交易 NPC
NPC,Swandery,斯旺德里,server/npc/battleground/tierra/tierra02.txt,战场维特纳名称
NPC,Tailor Ginedin Rephere,裁缝吉尼丁·雷菲尔,server/npc/cities/prontera.txt,普隆德拉裁缝 NPC
NPC,Talking Dog,会说话的狗,server/npc/re/quests/eden/eden_quests.txt,伊甸园训练任务 NPC
NPC,Tatio,塔蒂奥,server/npc/re/quests/quests_15_2.txt,Verus 真相任务 NPC，保留角色原名
NPC,TenSue,腾苏,server/npc/cities/prontera.txt,普隆德拉居民 NPC
NPC,Terremotus,特雷莫图斯,server/npc/re/quests/garden_of_time.txt,时间花园灵魂 NPC
NPC,Thalos,萨罗斯,server/npc/custom/quests/tha_statues.txt,塔纳托斯雕像灵魂 NPC
NPC,Theodore,西奥多,server/npc/cities/geffen.txt,吉芬魔法学徒 NPC
NPC,Therapist,治疗师,server/npc/re/jobs/novice/academy.txt,学院新手治疗教程 NPC
NPC,Tono,托诺,server/npc/cities/prontera.txt,普隆德拉怪物知识 NPC
NPC,Towngirl Dairenne,城镇女孩戴莲,server/npc/cities/prontera.txt,普隆德拉居民 NPC
NPC,Trader,商人,server/npc/quests/quests_aldebaran.txt,玩家可见 NPC 名称
NPC,Training Ground Manager,训练场管理员,server/npc/re/warps/other/TrainingZone123.txt,玩家可见 NPC 名称
NPC,Training Instructor,训练教官,server/npc/re/warps/other/TrainingZone123.txt,玩家可见 NPC 名称
NPC,Trick or Treater,不给糖就捣蛋者,server/npc/events/halloween_2009.txt,万圣节增益 NPC
NPC,Tristan III,特里斯坦三世,server/npc/cities/amatsu.txt,卢恩·米德加尔兹国王
NPC,Turban Thief,头巾小偷,server/npc/custom/quests/sphinx_mask.txt,玩家可见 NPC 名称
NPC,Uncle Hairy Cantata,毛利叔叔·坎塔塔,server/npc/cities/lutie.txt,露提居民 NPC
NPC,Union Commander Cliff,单身联盟指挥官克里夫,server/npc/events/christmas_2013.txt,单身联盟军活动 NPC
NPC,Union Staff Kay,联盟职员Kay,server/npc/pre-re/jobs/1-1/merchant.txt,商人转职考试 NPC
NPC,Velkina,维尔基娜,server/npc/re/instances/WaterGarden.txt,水花园实例 NPC
NPC,Velpino,维尔皮诺,server/npc/re/jobs/3-1/rune_knight.txt,符文骑士最终试炼 NPC
NPC,Vicente,文森特,server/npc/re/jobs/3-2/shadow_chaser.txt,影子追踪者任务 NPC，保留角色原名
NPC,Victimized Soul's Mind,受害灵魂的心念,server/npc/re/merchants/nightmare_biolab.txt,梦魇实验室灵魂 NPC
NPC,Voice of the Gravestone,墓碑之声,server/npc/instances/SealedShrine.txt,封印神殿副本 NPC
NPC,Waitress,女服务员,server/npc/cities/jawaii.txt,Jawaii 酒馆 NPC
NPC,Walter Moers,沃尔特·莫尔斯,server/npc/cities/amatsu.txt,天津町航运 NPC
NPC,Wandering Mind,漫游之心,server/npc/re/merchants/nightmare_biolab.txt,梦魇实验室灵魂 NPC
NPC,Warpra,沃普拉,server/npc/custom/etc/quest_warper.txt,任务传送 NPC
NPC,Wayne,韦恩,server/npc/other/monster_race.txt,奖牌兑换 NPC
NPC,Weitan,韦坦,server/npc/cities/umbala.txt,乌坦村民 NPC
NPC,Whiteberry,Whiteberry,server/npc/re/merchants/eden_market.txt,马兰岛商店 NPC，保留角色原名
NPC,Willer,威勒,server/npc/events/christmas_2013.txt,单身联盟军招募 NPC
NPC,Wolfchev,沃尔切夫,server/npc/re/instances/WolfchevLaboratory.txt,沃尔切夫实验室科学家 NPC
NPC,Wounded,受伤者,server/npc/re/jobs/novice/academy.txt,学院教程 NPC
NPC,Yudmil,Yudmil,server/npc/re/quests/quests_16_2.txt,叛乱军任务 NPC，保留角色原名
NPC,YuNa,优娜,server/npc/cities/prontera.txt,普隆德拉奥丁雕像 NPC
NPC,YuPi,优皮,server/npc/cities/prontera.txt,普隆德拉居民 NPC
NPC,Yuslan,Yuslan,server/npc/re/quests/quests_16_2.txt,叛乱军任务 NPC，保留角色原名
NPC,Yuwooki,尤沃基,server/npc/cities/umbala.txt,乌坦村民 NPC
NPC,Zebrus,泽布鲁斯,server/npc/custom/quests/tha_statues.txt,塔纳托斯雕像灵魂 NPC
NPC,Zhi Ching Li,芝晴丽,server/npc/cities/louyang.txt,少女宫 NPC
NPC,Zhiang Xiau Ji,张小吉,server/npc/cities/louyang.txt,洛阳拳法大师 NPC
NPC/导航,헤이담 펠로우,海达姆同伴,NPC/导航,itemInfo_true chunk-0050
term,17 Carat Diamond,17 克拉钻石,server/npc/re/merchants/diamond.txt,物品名称
TERM,81mm Mortar,81mm 迫击炮,server/npc/re/quests/quests_16_2.txt,Clana Nemieri 商店任务物品
term,A message of Bercascell,贝尔卡塞尔的消息,quest-name,任务名称
term,A Pirate's Spirit!,海盗的灵魂！,quest-name,任务名称
term,Abandoned Lab Amicitia,废弃实验室阿米希提亚,quest-name,任务名称
term,Abnormal Status,异常状态,game-term,新手学院状态教程
term,Abyss Chaser,深渊追踪者,job-name,职业名称
term,Abyss Gate,深渊之门,server-quest,攻城战区域投资系统
term,Abyss Lake's Monster Investigation,深渊湖怪物调查,quest-name,任务名称
term,Abyssal Solitude,深渊孤独,quest-name,任务名称
term,Achievement,成就,client-ui,基本信息窗口按钮
term,Achievement Challenges,成就挑战,client-ui,成就窗口标题
term,Acid Terror,酸性恐惧,skill-name,技能名称
term,Acorn,橡果,server-quest,任务物品
term,Acoustic Rhythm,原声节奏,skill-name,技能名称
term,Act of Kindness,善举,quest-name,任务名称
term,Adoramus,阿多拉穆斯,skill-name,技能名称
term,Adrenaline,肾上腺素,server-event,剧情文本术语
term,Adrenaline Rush,速度激发,skill-name,技能名称
term,Advanced Refiner,高级精炼师,server-npc,装备精炼服务名称
term,Adventure Card,冒险卡,server-npc,马来岛冒险路线
term,Aegye,Aegye,server-language,无名岛解码任务古代语言名称，保留原名
term,Aid Potion,辅助药水,skill-name,技能名称
TERM,Air Cleaning Unit,空气净化装置,server/npc/re/quests/quests_15_2.txt,Verus 避难所任务道具
term,Aira,艾拉,server-monster,怪物名称
term,Airship,飞艇,client-map,地图显示名称
term,Airship Airport,飞空艇机场,server-npc,地点名称
term,Akagi,赤木,server-npc,忍者转职任务
term,Alarm,警报魔,server-monster,伊甸园 86～90 级任务怪物
term,Alchemical Weapon,炼金武器,skill-name,技能名称
term,Alchemy,炼金术,skill-name,技能名称
term,Alchesh Estate,阿尔切斯宅邸,location-term,神圣之符任务地点
term,Alliance guild,同盟公会,server-npc,攻城战城堡门禁术语
term,Aloe,芦荟,server-item,博士帽任务材料
term,Alpheim,阿尔普海姆,location-name,艾可拉玖任务区域
term,Alphoccio Basil,阿尔福西奥·巴兹尔,server-monster,怪物名称
term,Amatsu,天津町,server/npc/cities/amatsu.txt,城市名称
term,Ambernite,琥珀虫,server-monster,怪物名称
term,Amblem of the Sun God,太阳神徽章,server-item,斯雷普尼尔制作材料
TERM,Amicitia,阿米希提亚,server/npc/re/quests/quests_dungeons_200.txt,实验室与副本地点
term,An Acolyte's damped creatures,服事——受抑制的生物,quest-name,任务名称
term,Anacondaq,巨蟒,server-monster,怪物名称
term,Analyze,分析,skill-name,技能名称
term,Ancient Gigantes,古代巨人,server-monster,怪物名称
term,Ancient Grudge,古代怨念,item-term,纹身材料
term,Ancient Medium Gigantes,古代中型巨人,server-monster,怪物名称
term,Ancient Megalith,古代巨石怪,server-monster,怪物名称
term,Ancient Mummy,远古木乃伊,server-mob,梦罗克噩梦金字塔
term,Ancient Shrine Maze,古代神殿迷宫,world-map,地图名称
term,Ancient Wootan Defender,古代伍坦防御者,server-monster,怪物名称
term,Ancient Wootan Fighter,古代伍坦战士,server-monster,怪物名称
term,Ancient Wootan Shooter,古代伍坦射手,server-monster,怪物名称
term,Ancilla,安琪拉,skill-name,技能名称
TERM,Andre,安德烈,server/npc/other/books.txt,地属性怪物图鉴
term,Angel's Protection,天使之护,skill-name,技能名称
term,Angeling,天使波利,client-monster,怪物名称
term,Angeling Card,天使波利卡片,server-event,2008 圣诞卡牌小游戏术语采用项目中文译名
term,Angra Manyu,安格拉曼纽,item-name,装备名称
term,Anopheles,按蚊,server-monster,怪物名称
term,Anori's Purification Potion,阿诺里的净化药水,quest-name,任务名称
TERM,Ant Hell,蚂蚁地狱,server/npc/re/other/adven_boards.txt,冒险者公会地下城信息
term,Antler Scaraba,鹿角沙漠幼虫,server-monster,怪物名称
TERM,Anvil,铁砧,server/npc/merchants/refine.txt,锻造工具
term,Apple Pudding,苹果布丁,item-name,生命体喂食物品
term,Arbalest,十字弩,item-name,装备名称
term,Arbitrium,裁决,skill-name,技能名称
term,Arc Elder,奥术长老,server-monster,怪物名称
term,Arc Wand Clan,奥术法杖氏族,clan-name,氏族首领对白
term,Arch Mage,大法师,job-name,职业名称
term,Archer,弓箭手,server-npc,职业名称沿用官方中文译名
TERM,Archer Skeleton,骷髅弓箭手,server/npc/other/books.txt,斐扬洞穴怪物图鉴
term,Archer Village,弓箭手村,server-npc,地图名称采用项目中文译名
term,Archery,箭术,server-item,开槽效果菜单
term,Arena Points,竞技场点数,server-npc,竞技场货币名称翻译
term,Armeyer Dinze,阿米尔·丁泽,server-monster,怪物名称
term,Armor element,铠甲属性,client-ui,随机属性文本
term,Armor Enchanter,防具附魔师,server-npc,防具附魔服务名称
term,Armsmith,武器工匠,server-npc,精炼师自称职务
term,Arrow Quiver,箭袋,server-npc,箭矢压缩容器名称
term,Arrow Repel,冲锋箭,server-npc,弓箭手技能名称采用项目中文译名
term,Arunafeltz,阿鲁纳佩兹,server-quest,13.2 次元裂缝任务国家名称
term,Arunafeltz Glacial Wine,阿鲁纳佩尔兹冰酒,item-term,冰洞酒吧任务饮品
term,Asgard,阿斯加德,server-npc,神话地点名称
term,Assassin Cross Eremes,十字刺客艾勒梅斯,server-monster,怪物名称
term,Assassin Guild,刺客公会,location-term,梦罗克职业公会
term,Assist,协助,client-ui,实体上下文菜单
term,"At One, I Fall in Love",一见钟情,server-quest,吟游诗人任务歌曲名称采用稳定中文译名
term,Athena Sonotora,雅典娜·索诺托拉,server-npc,舞者转职任务
term,Atnad Excavation Team,阿特纳德挖掘队,npc-and-quest,队伍名称
term,Attack Speed,攻击速度,server-item,开槽效果菜单
term,Auction Broker,拍卖经纪人,server-npc,拍卖 NPC 职务名称翻译
term,Auction Hall,拍卖大厅,server-npc,功能区域名称翻译
term,Audumla Grassland,奥杜姆拉草原,client-map,地图区域名称
term,Aura effect,光环效果,client-ui,命令提示
term,Auto Attack System,自动攻击系统,skill-name,技能名称
term,autoloottype,自动拾取类型,server-message,命令消息术语
term,Axe Boomerang,斧回旋镖,skill-name,技能名称
term,Axe Mastery,斧修炼,skill-name,技能名称
term,Axe Training,斧训练,skill-name,技能名称
term,Ayothaya Field,阿育他亚原野,client-map,地图区域名称
term,Ayothaya's world famous dish,阿瑜陀耶世界闻名的菜肴,quest-name,任务名称
term,Baba Yaga's Secret Medicine,芭芭雅嘎的秘密药,quest-name,任务名称
TERM,Bacillus,芽孢,server/npc/pre-re/quests/collection/quest_demonpungus.txt,重复猎杀任务材料
term,Back Stab,背刺,skill-term,盗贼技能
term,Back-Side Slide,后侧滑行,skill-name,技能名称
term,Background music,背景音乐,client-ui,命令设置描述
term,Bad Can,坏罐头,npc-and-quest,马兰多任务物品
term,Bagot,巴戈特,monster-name,18 号任务剧情名称
term,Bakonawa,巴库纳瓦,server-monster,马来港任务怪物
term,Balmung,巴尔蒙克,item-name,装备名称
term,Bandit Beard,盗贼胡子,npc-and-quest,任务奖励名称
term,Bangungot,梦魇,npc,马来亚任务魔物
term,Banshee Master,女妖首领,server-monster,怪物名称
term,Barcardi,巴卡迪,server-npc,刺客转职测试
term,Basic Information,基本信息,client-ui,角色基本信息窗口
term,Basil,罗勒,server-npc,拉萨格纳每日护符材料
term,Basilrock,蛇岩贝,server-npc,拉萨格纳任务材料
term,Basilrocks,蛇岩贝,server-npc,拉萨格纳任务材料复数
term,Basshu,巴修,server-npc,忍者武器任务
term,Bathory,巴风特女巫,server-monster,伊甸园 86～90 级任务怪物
term,Beast Bane,兽物驱除,skill-name,技能名称
term,Beginning Compass,起点指南针,server-npc,马来岛冒险路线
term,Beholder Master,监视者首领,server-monster,怪物名称
term,Bifrost,彩虹桥,location-name,艾可拉玖任务地点
term,Bifrost Tower,彩虹桥塔,place-name,艾可拉玖旅行者对白
term,Big Cell,大细胞,item-name,生命体喂食物品
term,Big Eggring,大蛋波利,server-monster,怪物名称
term,Bigfoot,大脚,npc-and-quest,16-1 任务 NPC
term,Bigfoot Ringleader,大脚熊首领,server-monster,怪物名称
term,Bijou,Bijou,server-npc,传统帽子任务材料名称，保留物品术语
term,Bingo,宾果,server-event,宾果活动提示
term,Biochemical Helm,生化头盔,skill-name,技能名称
term,Bioethics,生物伦理,skill-name,技能名称
term,Biolo,Biolo,job-name,职业名称
term,Bishop Paul,保罗主教,server-npc,牧师转职任务
term,Black Key,黑色钥匙,server-quest,任务物品
term,Black Leather Boots,黑色皮靴,server-item,Leablem 开槽菜单
term,Black Mushroom,黑蘑菇,server-monster,怪物名称
term,Blacksmith Guild,铁匠公会,location-term,梅金吉奥德任务地点
term,Blacksmith Kai,铁匠凯,server-npc,WoE TE 神器任务
term,Blank Scroll,空白卷轴,item-term,冰洞任务材料
term,Blast Furnace,高炉,server-npc,地点名称
term,Blast Mine,爆破地雷,skill-name,技能名称
term,Blessing Star,祝福之星,item-name,16-2 任务物品
TERM,Blessing Stone,祝福石,server/npc/re/quests/quests_14_3_bis.txt,末日祈祷任务道具
term,Blitz Beat,闪电冲击,skill-name,技能名称
term,Blood Sucker,吸血,skill-name,技能名称
term,Blue Card,蓝卡,server-event,活动任务物品
term,Blue Faceworm Queen,蓝色面虫女王,server-monster,怪物名称
term,Blue Team,蓝队,server/npc/custom/battleground/bg_emp.txt,战场队伍名称
term,Boa,蟒蛇,server-monster,怪物名称
term,Boarding Permission,登船许可,server-npc,拉萨格纳登船任务术语
term,Bomb,炸弹,skill-name,技能名称
term,Bomb Poring,炸弹波利,server-monster,怪物名称
TERM,Bongun,僵尸,server/npc/other/books.txt,斐扬洞穴怪物图鉴
term,Bongun Hat,邦古帽,server-quest,头饰名称
term,bonus item,额外奖励,server-event,活动奖励
term,Book of Billows,巨浪之书,server-item,Leablem 开槽菜单
term,Book of Creating Star,创星之书,skill-name,技能名称
term,Book of Dimension,次元之书,skill-name,技能名称
term,Book of Gust of Wind,疾风之书,server-item,Leablem 开槽菜单
term,Book of Mother Earth,大地之母之书,server-item,Leablem 开槽菜单
term,Book of the Blazing Sun,烈日之书,server-item,Leablem 开槽菜单
term,Book of the Dead,死者之书,item-name,装备名称
term,Bookmark,书签,client-ui,书籍导航按钮
term,Bor Robin,博尔·罗宾,server-npc,舞者转职任务
term,Bossnia,Bossnia,server-event,活动名称
term,Bradium,布拉迪姆,item-name,迪卡斯特斯任务矿物
term,Bradium Box,布拉迪姆箱子,item-name,14-3 任务道具
term,Bradium Golem,布拉迪姆魔像,server-monster,怪物名称
term,Brasilis,巴西利斯,client-map,城镇地图名称
term,Brasilis Hotel,巴西利斯酒店,merchant,地点名称
term,Break Through,突破,skill-name,技能名称
term,Breath of Spirit,灵魂气息,server-item,斯雷普尼尔制作材料
term,Breeze Ringleader,微风首领,server-monster,怪物名称
term,Bright Arbor Castle,光辉树堡,client-map,城堡地图名称
term,Brinaranea,布里纳拉内,server-monster,怪物名称
term,Brindle Eel,斑鳗,item-name,马兰岛硬币兑换商人鱼类道具
term,Brisingamen,布里辛嘉曼,server-item,神之金属封印任务名称
term,Brisingamen Seal,布里辛加曼封印,server-npc,神器任务名称采用项目译名
term,Britoniah Guild,布里特尼亚公会,client-worldmap,公会地图名称
TERM,Broken Gun,破损的枪,server/npc/re/quests/quests_16_2.txt,叛乱军武器回收任务物品
term,Broken Sword,破损的剑,item-name,17-2 任务材料
term,Broken Tools,损坏的工具,item-term,灵魂处理师任务线索
term,Bruspetti's Diary,布鲁斯佩蒂的日记,quest-name,任务名称
term,Brute Type,猛兽类型,server-item,伊甸园武器强化选项
term,Buffalo Bandit,水牛强盗,server-monster,怪物名称
term,Buffalo Bandits,水牛强盗,server-faction,Rock Ridge 任务敌对势力
term,Bullet Dealer,子弹商人,server-npc,商人职务名称翻译
term,Bungee Jump,蹦极,server-npc,活动名称
term,Bunny Band,兔兔发带,server-npc,头饰任务名称采用项目中文译名
term,Bunny Band Event,兔兔发带活动,server-npc,卡普拉活动名称
term,Burning Feather,火焰羽毛,server-npc,任务物品名称翻译
term,Burning Heart,燃烧的心脏,server-item,皇家卫队转职材料
term,Burning Insect Shells,燃烧昆虫外壳,item-name,14-3 任务收集物
term,Buwaya,布瓦亚,server-monster,马来港任务怪物
term,Buwaya's Egg,布瓦亚之蛋,server-monster,怪物名称
term,Buy and sell stalls,买卖摊位,server-npc,Shorty 操作说明
term,Call Homunculus,召唤人工生命体,skill-name,技能名称
term,Call of the Royal Head Chef,皇家主厨的召唤,quest-name,任务名称
term,Camel Dung,骆驼粪便,item-term,维恩斯兄妹任务材料
term,Camel Yogurt,骆驼酸奶,item-term,维恩斯骆驼农场任务道具
term,Canto Candidus,坎托·坎迪杜斯,skill-name,技能名称
term,Captcha Answer,验证码答案,client-ui,验证码输入占位符
term,Caramel,焦糖,server-npc,怪物名称采用项目中文译名
term,Card Seller,卡片商人,npc-and-quest,卡片商人 NPC 名称
term,Cardinal,红衣主教,job-name,职业名称
term,Cart Boost,手推车加速,skill-name,技能名称
term,Cart Cannon,手推车加农炮,skill-name,技能名称
term,Cart Revolution,手推车革命,server-npc,商人技能名称采用项目中文译名
term,CartItems,购物车物品,client-ui,购物车窗口标题
term,Cash Mall,现金商城,server-npc,商城服务名称
term,Cat Club,猫咪棍,item-name,臭臭商人兑换道具
term,Cat Cry,猫之叫,skill-name,技能名称
term,Cat Gamers,猫咪玩家协会,server-npc,马朗岛任务
term,Cat Hardtack,猫咪硬饼干,item-term,拉萨格纳料理任务材料
term,Cat Merchants,猫商人,group-name,迪卡斯特斯任务组织名称
term,Cat Paw Glove,猫爪手套,item-name,臭臭商人兑换道具
term,Cat Paw Merchant Guild,猫爪商人公会,server-npc,深渊之门投资系统组织
term,Catacombs,地下墓穴,client-map,副本地图名称
term,Catalyst Stone,催化剂宝石,server-quest,任务材料
term,Celia,塞莉亚,server-monster,怪物名称
term,Cendrawasih Feather,鸟羽,item-name,戴瓦塔任务道具
term,Chain Lightning,连锁闪电,skill-name,技能名称
term,Champion,武僧宗师,npc-and-quest,职业名称
term,Channel Warp Official,频道传送员,server-npc,伊兹鲁德频道传送 NPC 职务
term,Chaos Panic,混沌恐慌,skill-name,技能名称
TERM,Charge Attack,冲锋攻击,server/npc/quests/skills/knight_skills.txt,骑士技能任务对白
term,Check Reward,签到奖励,client-ui,签到窗口标题
term,Chen,陈,server-monster,怪物名称
term,Chen Liu,陈柳,server-monster,怪物名称
term,Cheshire's Box,柴郡的箱子,quest-name,任务名称
term,Cheshrumnir,切什鲁尼尔,server/npc/re/guides/guides_rachel.txt,圣地名称
term,Chicken Egg,鸡蛋,server-item,2008 复活节活动物品名称采用项目中文译名
term,Chonchon,波利鸟,server-monster,普隆德拉迷宫怪物指南
term,Christmas Carol,圣诞颂歌,skill-name,技能名称
term,Christmas Carol Music Book,圣诞颂歌书,server-event,活动任务物品
term,Chrysalis,蛹壳,server-npc,任务收集物品名称
term,Cicada Skin Sheeding,蝉蜕,skill-name,技能名称
term,Clan,氏族,game-term,氏族系统统一译名
term,Clan Info,公会信息,client-ui,公会窗口标签
TERM,Clana Nemieri,Clana Nemieri,server/npc/re/quests/quests_16_2.txt,叛乱军据点名称，保留原名
term,Classical Pluck,古典拨弦,skill-name,技能名称
term,Claymore Trap,克雷莫陷阱,skill-name,技能名称
term,Cloaking,隐匿,skill-name,技能名称
term,Cloaking Exceed,超越隐匿,skill-name,技能名称
term,Clock Tower,钟楼,client-map,副本地图名称
term,Clock Tower Dungeon,钟楼地下城,server-dungeon,冒险者公告板地下城名称
term,Clock Tower Nightmare,钟楼噩梦,server-npc,任务区域名称意译
term,Close Confine,封闭空间,skill-term,盗贼技能
term,Clothes Dyer,服装染色师,server-npc,服装染色服务名称
term,Clothing Effect,服装效果,server-npc,状态服务名称翻译
term,Clover Extract,三叶草提取物,server-item,炼金术士技能任务材料
term,Coagulated Spell,凝结魔法,server-item,附魔材料名称
term,Cobalt Mineral,钴矿石,server-monster,怪物名称
term,Cobaltblue Dyestuffs,钴蓝色染料,server-npc,发型染色材料名称
term,Cobo,可波酒,server-npc,酒品名称
TERM,Cobold,狗头人,server/npc/other/books.txt,风属性怪物图鉴
term,Coco,可可,server-monster,普隆德拉迷宫怪物指南
term,Cold Bolt,冰箭术,skill-name,技能名称
term,Collection Quests,收集任务,server-quest,任务类别
term,Combat Basilisk,战斗蛇妖,server-monster,怪物名称
term,Comet 2,彗星 2,skill-name,技能名称
term,Comodo Leather,科莫多皮革,server-item,德瓦塔武器制作任务材料
term,Comodo Theatre,科摩多剧院,client-map,地图显示名称
term,Complete,已完成,client-ui,成就筛选项
term,Completion of the Antidote,解毒剂完成,quest-name,任务名称
term,Condensed Energy,凝缩能量,server-item,幻影之地挖掘任务材料
TERM,Condor,秃鹰,server/npc/other/books.txt,风属性怪物图鉴
term,Consumption items are used in the synthesis,合成时将消耗材料,client-ui,合成确认提示
term,Contaminated Dimension,污染次元,world-map,地图名称
term,Contaminated Raydric,受污染的瑞比奥,server-monster,怪物名称
term,Contaminated Raydric Archer,受污染的瑞比奥弓箭手,server-monster,怪物名称
term,Continental Guard,大陆守卫,server-npc,梦罗克任务
term,Convenio,契约,skill-name,技能名称
term,Cookbook,食谱,item-term,拉萨格纳料理教程
term,Cool Event Corp.,Cool Event Corp.,npc-and-quest,服务组织名称保留原样
term,Cor Memorial,科尔纪念馆,client-map,地图显示名称
TERM,Cornutus,海螺怪,server/npc/other/books.txt,水属性怪物图鉴
term,Corrupt Baby Desert Wol,腐化沙漠幼狼幼体,server-monster,怪物名称
term,Corrupt Orc Baby,腐化小兽人,server-monster,怪物名称
term,Costume,时装,client-ui,装备窗口标签
term,Counter Instinct,反击本能,skill-name,技能名称
term,Counteragent,解毒剂,item-term,斐扬水井任务道具
term,Crazy Uproar,疯狂呐喊,server-skill,商人技能名称
term,Crazy Weed,狂野杂草,skill-name,技能名称
term,Crazy Weed Attack,狂野杂草攻击,skill-name,技能名称
term,Creamy,奶油波利,server-quest,任务怪物名称
term,Create Coins,制造硬币,skill-name,技能名称
term,Create Nuggets,制造金块,skill-name,技能名称
term,Crementia,克莱门提亚,skill-name,技能名称
term,Crescent Hairpin,新月发夹,server-quest,头饰名称
term,Crevice of Bifrost,彩虹桥裂缝,location-name,摩拉任务地点
term,Criatura Academy,克里图拉学院,location-term,新手学院任务地点
TERM,Criatura Hair Coupon,克里图拉发型优惠券,server/npc/re/jobs/novice/academy.txt,学院发型更换道具
term,Crimson Fire Formation,猩红火阵,skill-name,技能名称
term,Crimson Fire Petal,猩红火花,skill-name,技能名称
term,Croix,克鲁瓦,server/npc/battleground/flavius/flavius_enter.txt,战场军队名称
term,Cross Ripper Slasher,十字撕裂斩,skill-name,技能名称
term,Crossbow Clan,十字弩氏族,clan-name,氏族首领对白
term,Crusader Guardians,十字军卫队,organization-term,普隆德拉十字军组织
term,Crush Strike,粉碎打击,skill-name,技能名称
term,Cryptura Academy,克里图拉学院,server-npc,伊兹鲁德地点名称
term,Crystal,水晶,server-monster,怪物名称
term,Crystal Mirror,水晶镜,server-item,pre-re item_db_etc
term,Csar,沙皇,server-npc,莫斯科比亚地下城
term,Cube,立方体,server-quest,谜题物品
TERM,Culvert,下水道,client/src/DB/Map/MapTable.js,地图显示名称
term,Curse Explosion,诅咒爆炸,skill-name,技能名称
term,Cursed Spirit,诅咒灵,server-npc,Niflheim 怪物名称意译
term,Curupira,库鲁皮拉,server-monster,怪物名称
term,Cyfar,赛依伐,server-item,十字军技能任务材料
term,Dance Lessons,舞蹈课程,skill-name,技能名称
term,Dance With A Warg,与狼共舞,skill-name,技能名称
term,Dancer,舞者,job-class,职业名称
term,Dancing Blade,舞刃,skill-name,技能名称
term,Dancing Blade Attack,舞刃攻击,skill-name,技能名称
term,Dandelion,蒲公英,server-npc,梦罗克入侵任务
term,Dark Claw,暗黑之爪,skill-name,技能名称
term,Dark Faceworm,黑暗面虫,server-monster,怪物名称
term,Dark Illusion,黑暗幻影,client-monster,怪物名称
term,Dark Lord,黑暗领主,server-npc,牧师转职任务 NPC 称谓采用稳定中文译名
term,Dark Piercing,暗黑穿刺,skill-name,技能名称
term,Dark Property Monsters,暗属性魔物,server-book,图鉴分类菜单
term,Dark Shadow,暗影,server-monster,怪物名称
term,Daru,达鲁,server-npc,星帝转职任务
term,Dazzler,炫目,skill-name,技能名称
term,Dead Branch,死树枝,server-item,副本回忆对白中的物品
TERM,Dead Pit,死坑,server/npc/other/books.txt,地下城怪物图鉴
term,Deadly Cold,死者寒气,server-item,生化研究所装备力量
term,Death Bound,死亡束缚,skill-name,技能名称
term,Death Soul,死亡灵魂,server-monster,怪物名称
term,Death Summon,死亡召唤,skill-name,技能名称
term,Death Water,死亡之水,server-item,莫斯科比亚任务道具
term,Deep Forest,深邃森林,server-instance,深邃森林副本名称
term,Deep Root Cave,深根洞窟,client-map,地图显示名称
term,Deep Sea Cornutus,深海角贝,server-monster,怪物名称
term,Deep Sea Crab,深海蟹,server-monster,怪物名称
term,Deep Sea Kukre,深海库克雷,server-monster,怪物名称
term,Deep Sea Marc,深海马尔克,server-monster,怪物名称
term,Deep Sea Marse,深海水母,server-monster,怪物名称
term,Deep Sea Shellfish,深海贝壳,server-monster,怪物名称
term,Deep Sea Strouf,深海斯洛夫,server-monster,怪物名称
term,Deep Sea Sword Fish,深海剑鱼,server-monster,怪物名称
term,Deep Sea Vadon,深海螃蟹,server-monster,怪物名称
term,Delicious Anchovy,美味鳀鱼,server-npc,拉萨格纳任务奖励
term,Delivering Supplies,运送补给,quest-name,任务名称
term,Demigod,半神,server-monster,怪物名称
term,Demon God,恶魔之神,server-monster,恶魔之神讨伐任务目标
term,Demonic Fire,恶魔之火,skill-name,技能名称
TERM,Deniro,迪诺,server/npc/other/books.txt,地属性怪物图鉴
term,Dequ'ee,德库伊,server-npc,剑士入门任务
term,Dequ'ee's Message,德奎的消息,quest-name,任务名称
term,Detect,探测,skill-name,技能名称
term,Detrimindexta,德特里明德克斯塔,item-term,任务对白中的药剂材料名，保留官方标识
TERM,Deviace,海底章鱼,server/npc/other/monster_museum.txt,怪物博物馆展品
term,Deviruchi,小恶魔,server-monster,怪物名称采用项目中文译名
term,Dewata,德瓦塔,npc-and-quest,岛屿名称
term,Dicastes,迪卡斯特斯,server-npc,地图名称采用项目中文译名
term,Dicastes Diel,迪卡斯特斯·迪尔,world-map,地图名称
term,Dimension Traveler,次元旅行者,npc-and-quest,幽灵宫殿兑换 NPC
term,Dimensional Arcanist Guide,次元奥术师向导,server-npc,导航地点名称翻译
term,Dimensional Crack,次元裂缝,server-world,异世界远征剧情地点
term,Dimensional Crack Investigation,次元裂缝调查,quest-name,任务名称
term,Dimensional Gap,次元裂缝,server/npc/re/warps/other/dimensional_gap.txt,地图区域名称
term,Dimensional Gorge,次元峡谷,server-instance,副本背景术语采用稳定中文译名
term,Dimensional Travel,次元旅行,quest-name,任务名称
TERM,Discount,低价买入,server/npc/re/jobs/novice/academy.txt,商人技能
term,Disguise,伪装怪,server-npc,怪物名称采用项目中文译名
term,Divest All,全部卸除,skill-name,技能名称
term,Divine Rune-Midgarts Kingdom,神圣卢恩-米德加尔特王国,npc-and-quest,公会城堡法令名称
term,Document of Sun Moon and Star,日月星文书,skill-name,技能名称
term,Dokebi,独眼怪,server-monster,怪物名称
TERM,Dokebi Horn,鬼女角,server/npc/pre-re/quests/collection/quest_dokebi.txt,重复猎杀任务材料
term,Doom Prayers,末日祈祷团,group-name,15-1 任务组织
term,Doom Slayer,灾厄屠戮者,item-name,装备名称
term,Dopamine,多巴胺,server-event,剧情文本术语
term,Doppelganger,分身,server-npc,牧师转职任务 NPC 称谓采用稳定中文译名
term,Dragon Breath,龙息,skill-name,技能名称
term,Dragon Breath - Water,龙息·水,skill-name,技能名称
term,Dragon Canine,龙牙,npc-and-quest,深渊洞窟机关材料
term,Dragon Combo,龙连击,skill-name,技能名称
term,Dragon Fly,飞龙,server-monster,怪物名称
term,Dragon Howling,龙之咆哮,skill-name,技能名称
term,Dragon Knight,龙骑士,job-name,职业名称
term,Dragon Nest,龙巢,client-map,副本地图名称
term,Dragon Scale,龙鳞,npc-and-quest,深渊洞窟机关材料
term,Dragon Slayer,屠龙剑,item-name,装备名称
term,Dragon Soup,龙汤,server-item,洛阳任务料理名称
term,Dragon Tail,龙尾,server-monster,伊甸园 86～90 级任务怪物
term,Dragon Training,龙训练,skill-name,技能名称
term,Dragon's Breath,龙之吐息,skill-name,技能名称
TERM,Drainliar,红蝙蝠,server/npc/other/books.txt,死者之穴怪物图鉴
term,Dried Squid,鱿鱼干,item-name,游荡商人兑换道具
term,Drops Ringleader,掉落首领,server-monster,怪物名称
term,Drum,鼓怪,server-monster,怪物名称
TERM,Dryad,树精,server/npc/pre-re/quests/collection/quest_dryad.txt,重复猎杀任务目标
term,Dubious Salesmanship,可疑销售,server-skill,铁匠技能名称
term,Dungeon unlocked,地牢已解锁,server-npc,解锁提示
term,Duruduru,嘟噜嘟噜,npc-and-quest,马兰多竞赛名称
term,Duruduru Compass,嘟噜嘟噜指南针,server-npc,马来岛冒险路线
term,Dustiness,尘埃,server-monster,普隆德拉迷宫怪物指南
term,Dyestuffs,染料,server-npc,服装染色材料统称
term,Dynite,狄奈特,server-npc,矿石名称音译
term,Earth Drive,大地驱动,skill-name,技能名称
term,Earth Shaker,大地震撼,skill-name,技能名称
term,Earthquake,地震,skill-name,技能名称
TERM,Easter Egg Shell,复活节蛋壳,server/npc/events/easter_2010.txt,任务奖励物品
term,Echio Ringleader,埃奇奥首领,server-monster,怪物名称
term,Eclage,艾可拉玖,location-name,艾可拉玖任务地点
term,Eclage's Entrance,艾可拉吉入口,quest-name,任务名称
term,Eclipse,月夜猫,server-monster,普隆德拉迷宫怪物指南
term,Eden Group,伊甸园集团,server-npc,组织名称沿用官方中文译名
TERM,Eden Market,伊甸园市场,server/npc/re/merchants/eden_market.txt,市场设施名称
term,Eden Mission Board,伊甸园任务公告板,server/npc/re/quests/eden/11-25.txt,任务界面名称
term,Edict of the Divine Rune-Midgarts Kingdom,神圣卢恩·米德加尔特王国法令,server-npc,攻城战城堡公告术语
term,Effect Viewer,特效查看器,client-ui,示例页面标题
term,Egg Salesman,鸡蛋商人,server-event,2008 复活节活动 NPC 职业名称采用稳定中文译名
term,Eggring,蛋波利,server-monster,怪物名称
term,Egnigem Cenia,伊格尼姆·塞尼亚,server-monster,怪物名称
term,Einbech,艾音贝赫,server-npc,城镇名称
term,Einbroch hotel,艾因布罗克旅馆,place-name,16-2 任务地点
term,El Dicastes,迪卡斯特斯,迪卡斯特斯，萨法首都,world-map
term,Elder Willow,长老树精,monster-name,伊甸园狩猎任务魔物
term,Elemental Change,元素转换,server-skill,学者技能名称
term,Elemental Change Earth,土属性转换,skill-name,技能名称
term,Elemental Change Fire,火属性转换,skill-name,技能名称
term,Elemental Change Wind,风属性转换,skill-name,技能名称
term,Elemental Converter Creation,元素转换器制作,server-skill,学者技能名称
term,Elemental Master,元素大师,job-name,职业名称
term,Elemental Shield,元素护盾,skill-name,技能名称
term,Elemental Stone Trader,元素石商人,server-npc,元素石兑换服务名称
term,Elite Buffalo Bandit,精英水牛强盗,server-monster,怪物名称
term,Elunium,铝,server-database,矿石名称沿用常见中文译名
term,Elusive Banshee Master,难捉女妖首领,server-monster,怪物名称
term,Elusive Bradium Golem,难捉布拉迪姆魔像,server-monster,怪物名称
term,Elusive Carat,难捉卡拉特,server-monster,怪物名称
term,Elusive Evil Druid,难捉邪恶德鲁伊,server-monster,怪物名称
term,Elusive Hill Wind,难捉山风,server-monster,怪物名称
term,Elusive Hornet,难捉大黄蜂,server-monster,怪物名称
term,Elusive Marduk,难捉马杜克,server-monster,怪物名称
term,Elusive Menblatt,难捉曼陀罗花,server-monster,怪物名称
term,Elusive Peco Peco,难捉大嘴鸟,server-monster,怪物名称
term,Elusive Phen,难捉水母,server-monster,怪物名称
term,Elusive Rocker,难捉摇滚蝗虫,server-monster,怪物名称
term,Elusive Salamander,难捉火蜥蜴,server-monster,怪物名称
term,Elusive Sting,难捉的刺猬虫,server-monster,怪物名称
term,Elusive Thara Frog,难捉的塔拉蛙,server-monster,怪物名称
term,Elven Ears Quest,精灵耳朵任务,npc-and-quest,任务名称
term,Elvira,埃尔维拉,server-monster,怪物名称
term,Emergency Cool,紧急冷却,skill-name,技能名称
term,Emotion ON,情绪开启,skill-name,技能名称
term,Emperium,城堡核心,item-term,公会与神之武器任务关键物品，保留官方术语
term,Emveretarcon,神之金属,server-database,强化材料名称音译
term,Encan'to,恩坎托,server-monster,马来港森林精灵
term,Enchant,附魔,client-ui,附魔窗口标题
term,Enchant Blade,附魔刀刃,skill-name,技能名称
term,Enchant Book,附魔书,server-npc,武器附魔材料名称
term,Enchant Poison,毒性附加,skill-name,技能名称
term,enchant stones,附魔石,server-npc,元素石兑换 NPC 对话术语
term,Enchanted Archer Skelet,魔化弓箭手骷髅,server-monster,怪物名称
term,Enchanted Skeleton,魔化骷髅,server-monster,怪物名称
term,Enchanting,附魔,server-npc,防具强化服务术语
term,Endless Tower,无限塔,client-map,副本地图名称
term,Energy Coat,能量外套,server-npc,法师技能名称采用项目中文译名
term,Enraged Devotee,狂怒信徒,server-monster,怪物名称
term,Enriched Drops,丰饶掉落,server-monster,怪物名称
term,Enriched Marin,丰饶玛琳,server-monster,怪物名称
term,Enriched Poporing,丰饶波波利,server-monster,怪物名称
term,Enriched Poring,丰饶波利,server-monster,怪物名称
term,Entrance to Glast Heim,格拉斯特海姆入口,client-worldmap,世界地图名称
term,Equipment,装备,client-ui,装备窗口标题
term,Errende Ebecee,艾伦德·艾比西,server-monster,怪物名称
term,Eska,埃斯卡,skill-name,技能名称
term,Eske,埃斯克,skill-name,技能名称
term,Esma,埃斯玛,skill-name,技能名称
term,Espa,埃斯帕,skill-name,技能名称
term,Essence of Rune,符文精华,server-item,战场神物制作材料
term,Estin,埃斯廷,skill-name,技能名称
term,Estun,埃斯顿,skill-name,技能名称
term,Eswoo,埃斯乌,skill-name,技能名称
TERM,Evil Druid,邪恶德鲁伊,server/npc/other/books.txt,死者之穴怪物图鉴
term,Evil Nymph,邪恶仙女,server-monster,怪物名称
term,Excavation Group,挖掘小组,npc-and-quest,15-1 任务组织
term,Excruciating Palm,残酷掌,server-skill,武僧技能名称
term,Expanded Super Novice,扩展超级初心者,job-name,职业名称
term,Exploit Certification,功绩证明,quest-item,迪卡斯特斯任务收集物
term,Exploring Juperos,探索朱佩洛斯,quest-name,任务名称
term,Ezella,艾泽拉,server-monster,怪物名称
TERM,Fabre,苍蝇幼虫,server/npc/other/books.txt,地属性怪物图鉴
term,Faceworm,脸虫,server-monster,怪物名称
term,Faceworm Queen,面虫女王,server-monster,怪物名称
term,Fairy's Soul,妖精灵魂,skill-name,技能名称
term,Faith,信仰,skill-name,技能名称
term,Falcon's Soul,猎鹰灵魂,skill-name,技能名称
term,Falconry Mastery,猎鹰精通,skill-name,技能名称
term,Fallen Empire,堕落帝国,skill-name,技能名称
term,Falling Star Attack,坠星攻击,skill-name,技能名称
term,Falling Star Attack 2,坠星攻击 2,skill-name,技能名称
TERM,Familiar,吸血蝙蝠,server/npc/other/books.txt,普隆德拉下水道怪物图鉴
term,Farfalle Vigilante,蝴蝶巡逻队,organization-term,拉萨格纳自定义 NPC 组织
TERM,Female Thief Bug,雌盗虫,server/npc/other/books.txt,普隆德拉下水道怪物图鉴
term,Field Combat Training,野外战斗训练,server-quest,新手训练课程
term,Fighting Spirit,斗志,server-item,开槽效果菜单
term,Finding Lusalka,寻找露莎卡,quest-name,任务名称
term,Fire Ball,火球术,skill-name,技能名称
term,Fire Bolt,火箭术,skill-name,技能名称
term,Fire Expansion,火焰扩散,skill-name,技能名称
term,Fire Expansion Smoke Powder,火焰扩散烟粉,skill-name,技能名称
term,Fire Expansion Tear Gas,火焰扩散催泪气体,skill-name,技能名称
term,Fire Pillar,火柱术,skill-name,技能名称
term,Fire Storm,火焰风暴,skill-name,技能名称
term,Fire Wall,火墙术,skill-name,技能名称
term,Firebugs,火虫,server-monster,14-3 任务昆虫名称
term,Firelock Soldier,火枪兵,server-monster,伊甸园 86～90 级任务怪物
term,Flame Cross,火焰十字,skill-name,技能名称
term,Flame Ghost,火魂,server-monster,怪物名称
term,Flamel,弗拉梅尔,server-monster,怪物名称
term,Flaming Basin,火焰盆地,location-name,14-3 任务地点
term,Flash Combo,闪光连击,skill-name,技能名称
term,Flavius,弗拉维乌斯,server/npc/battleground/flavius/flavius_enter.txt,战场名称
term,Flower of Fairy,仙女之花,item-name,2010 头饰任务道具
TERM,Fluff,绒毛,server/npc/pre-re/quests/collection/quest_fabre.txt,重复收集任务材料
term,Fluorescent Liquid,荧光液体,item-name,17-2 任务材料
term,Flying Fish,飞鱼,item-name,游荡商人兑换道具
term,Forest of Labyrinth,迷藏森林,server-dungeon,冒险者公告板地下城名称
term,Fortress Saint Darmain,圣达曼要塞,client-map,城堡地图名称
term,Franchefeschu,弗兰切费舒,proper-name,胡格贵族家族
term,Freezing Spell,冻结法术,server-skill,魔法书任务系统术语
term,French map messages,法语地图消息,server-message,法语消息配置翻译名称
term,Frenzied Kasa,狂乱卡莎,server-monster,怪物名称
term,Fresh Plant,新鲜植物,item-name,生命体喂食物品
term,Freya,芙蕾雅,server-npc,女神名称
term,Freya's Temple,芙蕾雅神殿,client-map,地图区域名称
term,Freyja,芙蕾雅,server-world,半月白昼副本神祇
term,Frigg's Song,弗丽嘉之歌,skill-name,技能名称
term,Frilldora,沙漠鳄鱼,server-npc,怪物名称采用项目中文译名
term,Frills,褶边,server-npc,任务收集物品名称
term,From,来自,client-ui,私聊来源前缀
term,Front-Side Slide,前侧滑行,skill-name,技能名称
term,Frost Diver,冰冻术,skill-name,技能名称
term,Frost Spider,冰霜蜘蛛,server-monster,怪物名称
term,Frozen Gargoyle,冰冻石像鬼,server-monster,怪物名称
term,Frozen Wolf,冰冻狼,server-monster,怪物名称
term,Fruits Pom Spider,水果苹果蜘蛛,server-monster,怪物名称
term,Furious Bathory,狂暴巴托里,server-monster,怪物名称
term,Furious Breeze,狂暴微风,server-monster,怪物名称
term,Furious Driller,狂暴钻头虫,server-monster,怪物名称
term,Furious Dustiness,狂暴灰尘,server-monster,怪物名称
term,Furious Explosion,狂暴爆炎,server-monster,怪物名称
term,Furious Hode,狂暴霍德,server-monster,怪物名称
term,Furious Hunter Fly,狂暴猎蝇,server-monster,怪物名称
term,Furious Marin,狂暴玛琳,server-monster,怪物名称
term,Furious Merman,狂暴鱼人,server-monster,怪物名称
term,Furious Orc Warrior,狂暴兽人战士,server-monster,怪物名称
term,Furious Penomena,狂暴海葵,server-monster,怪物名称
term,Furious Picky,狂暴小鸡,server-monster,怪物名称
term,Furious Roda Frog,狂暴罗达蛙,server-monster,怪物名称
term,Furious Sandman,狂暴沙人,server-monster,怪物名称
term,Furious Tamruan,狂暴塔姆鲁安,server-monster,怪物名称
term,Furious Thief Bug,狂暴盗虫,server-monster,怪物名称
term,Gaebolg Family Curse,盖博格家族诅咒,quest-name,任务名称
TERM,Galapago,加拉巴哥,server/npc/other/monster_museum.txt,怪物博物馆展品
term,Game File Viewer,游戏文件查看器,client-application,GRF 查看器页面标题
term,Garden Keeper,花园守护者,server-monster,怪物名称
term,Garden Watcher,花园观察者,server-monster,怪物名称
term,Gargoyle,石像鬼,server-monster,怪物名称
term,Garlet,加勒结,item-name,迪卡斯特斯委托材料
term,Garrison,加里森,server-npc,枪手武器任务
term,Geffen Broadcast,吉芬广播,server-event,活动广播
term,Geffen Bully,吉芬恶霸,server-event,赛事对手名称
TERM,Geffen Dungeon,吉芬地下城,server/npc/re/other/adven_boards.txt,冒险者公会地下城信息
term,Geffen Field,吉芬原野,client-worldmap,世界地图名称
term,Geffen Magic Tournament,吉芬魔法大赛,server-event,活动名称
TERM,Geffenia,吉芬尼亚,server/npc/re/other/adven_boards.txt,冒险者公会地下城信息
term,Gemstone,宝石,server-npc,兑换物品名称翻译
term,Genesis Ray,创世之光,skill-name,技能名称
term,Genetic Flamel,基因学者弗拉梅尔,server-monster,怪物名称
term,Geographer,地理学家,server-npc,怪物名称采用项目中文译名
term,Gergath,格尔加斯,server-npc,舒尔茨公会地下城事件
term,Gertie,格蒂,server-monster,怪物名称
term,Gertie Wie,格蒂·维,server-monster,怪物名称
term,Ghatu,加图,server-npc,诅咒之剑任务
term,Ghost Palace,幽灵宫殿,server-instance,副本名称
term,Ghostring,幽灵波利,client-monster,怪物名称
term,Ghostring Card,幽灵波利卡片,server-event,2008 圣诞卡牌小游戏术语采用项目中文译名
term,Giant Bradium Fragment,巨大布拉迪姆碎片,item-term,术士转职任务材料
term,Giant Octopus,巨型章鱼,server-monster,怪物名称
term,Gibbet,绞刑架,server-monster,怪物名称
term,Gift Shop,礼品店,server-npc,导航地点名称翻译
term,Gift Stealing Raccoon,偷礼物浣熊,server-monster,怪物名称
term,Gigantes,巨人,server-monster,怪物名称
term,Gigantic Majestic Goat,巨大的霸邪之角,server-item,副本装备名称采用稳定中文译名
term,Glacial Heart,冰晶之心,server-item,维因斯石头任务材料
term,Glacial Hearts,冰冻之心,item-term,拉赫任务材料
term,Glass Bead,玻璃珠,server-item,pre-re item_db_etc
term,Glass Tube,玻璃管,item-name,迪卡斯特斯委托材料
term,Glast Heim,古城,server-npc,传送目的地名称沿用常见译名
TERM,Glastheim,古城,server/npc/re/other/adven_boards.txt,冒险者公会地下城信息
term,Glittering Crystal,闪耀水晶,item-term,术士转职任务材料
term,Glittering Jacket,闪亮外套,server-quest,任务奖励装备
term,Gloomy Day,阴郁之日,skill-name,技能名称
term,Go!,出发！,server-monster,怪物名称
term,Goblin Leader,哥布林首领,client-monster,怪物名称
term,Goblin Poison Antidote,哥布林毒药解毒剂,server-item,十字军技能任务道具
term,God Globalvar,God 全局变量,server-npc,管理员变量名称保留专有格式
term,God Item,神之物品,item-term,封印任务制作物品统称
term,God Seal Status,诸神封印状态,server-npc,任务状态窗口标题意译
term,Going to the Turtle Island..,前往乌龟岛……,quest-name,任务名称
term,Gold One-Horn Scaraba,黄金单角沙漠幼虫,server-monster,怪物名称
term,Gold Two-Horn Scaraba,黄金双角沙漠幼虫,server-monster,怪物名称
TERM,Golden Anvil,黄金铁砧,server/npc/merchants/refine.txt,高级锻造工具
term,Golden Earrings,金色耳环,server-item,莫斯科比亚任务道具
term,Golden Key,黄金钥匙,server-item,莫斯科比亚任务道具
term,Golden Mace Clan,金锤氏族,clan-name,氏族首领对白
term,Golden Poring,黄金波利,server-event,活动魔物名称
term,Golden Santa Hat,黄金圣诞帽,server-event,头饰名称
TERM,Golden Thief Bug,黄金盗虫,server/npc/other/books.txt,普隆德拉下水道怪物图鉴
term,Golem,石像,server-quest,任务怪物名称
term,Golem's Soul,石像灵魂,skill-name,技能名称
term,Goods Cabinet,物品储藏柜,server-npc,功能名称翻译
term,Graphics Settings,图形设置,client-ui,图形设置窗口标题
term,Grass Fabres,草叶疯兔,server-npc,拉萨格纳牧场任务怪物
term,Gravity Control,重力控制,skill-name,技能名称
term,Gray Wolf,灰狼,npc-and-quest,18 号任务地点与材料来源
term,Gray Wolf Village,灰狼村,place-name,18 号任务地点
term,Great Echo,伟大回响,skill-name,技能名称
term,Great Sized Monsters,大型魔物,server-book,图鉴分类菜单
term,Greater Magic,高级魔法,job-class,技能体系名称
term,Green Faceworm Queen,绿色面虫女王,server-monster,怪物名称
term,Green Herb,绿色药草,item-term,斐扬水井任务道具
term,Green Key,绿色钥匙,server-quest,任务物品
term,Green Potion,绿色药水,item-term,王子中毒调查任务材料
term,Grimtooth,血腥之牙,server-npc,武器名称沿用常见译名
term,Ground Petite,地面小精灵,server-monster,伊甸园 86～90 级任务怪物
term,Grumbling Soldier,抱怨的士兵,server-npc,尼德霍格巢穴 NPC 称谓采用稳定中文译名
term,Gryphon,狮鹫,server-mount,玩家可见坐骑名称
term,Guarana,瓜拉纳,server-quest,巴西利斯瓜拉纳糖果任务道具与植物名称
term,Guard,防御,skill-name,技能名称
term,Guardian Stone,守护石,server-woe,城堡对象
term,Guardian Stone Repair System,守护石修复系统,server-woe,城堡系统
term,Guardian's Alter Ego,守护者的另一个自我,server-monster,怪物名称
term,Guardian's Nest,守护者的巢穴,server-instance,副本名称采用稳定中文译名
term,Guarnien,瓜尔尼恩,server-npc,商人入门任务
term,Guild Castle,公会城堡,npc-and-quest,公会战菜单术语
term,Guild Companion,公会助手,client-ui,公会助手窗口
term,Guillaume,吉约姆,server/npc/battleground/flavius/flavius_enter.txt,战场军队名称
term,Guillotine Cross,十字斩首者,server-job,职业名称
term,Gunslinger,枪手,job-class,职业名称
term,Gunslinger drink,枪手酒,server-npc,酒品名称
term,Gusli,古斯里,server-item,莫斯科比亚任务道具
term,Gym Pass,健身通行证,npc-and-quest,Gym Pass NPC 道具名称
term,Hair Brush,发刷,item-name,2010 头饰任务道具
term,Hair Dyer,发型染色师,server-npc,发型染色服务名称
term,Hairtail,带鱼,item-name,马兰岛硬币兑换商人鱼类道具
term,Hallucination Walk,幻觉行走,skill-name,技能名称
term,Hammer of Blacksmith,铁匠之锤,job-class,职业任务物品
term,Harmonic Lick,和声舔舐,skill-name,技能名称
term,Harpy,鸟身女妖,server-monster,怪物名称
term,Hazy Forest,迷雾森林,place-name,艾可拉玖旅行者对白
term,Healing skills,治疗技能,client-ui,随机属性文本
term,Heart Fragment,心脏碎片,quest-term,18 号任务剧情术语
term,Heart Hunter,心脏猎人,npc-and-quest,17-2 任务组织
term,Heart Hunter War Base,Heart Hunter 基地,server-npc,实例名称保留项目英文并补充中文职能
term,Heart Hunters,心脏猎人,server-faction,雷根施姆副本敌对势力
term,Hearts of Mermaid,人鱼之心,server-item,炼金术士技能任务材料
term,Heavy Metaling,重金属,server-monster,怪物名称
term,Hell Burning,地狱燃烧,skill-name,技能名称
term,Hell Vesper,地狱维斯帕,server-monster,怪物名称
term,Help Angel,天使援助,skill-name,技能名称
term,Herb Medicine - Being a Doctor's Assistance,草药——协助医生,quest-name,任务名称
term,Hero Ring,英雄戒指,npc-and-quest,英雄戒指兑换和附魔物品
term,Hero Token,英雄徽章,npc-and-quest,英雄戒指兑换材料
term,Hesperus Lit,赫斯珀洛斯之光,skill-name,技能名称
term,Hetarium,赫塔利姆,item-term,维恩斯工厂任务矿石
term,Hidden Temple,隐藏神殿,server-npc,传送目的地名称意译
term,Hide skill,隐匿技能,job-class,刺客测试技能
term,Hiden Priest,隐者祭司,server-monster,怪物名称
TERM,High Class Tea,高级茶,server/npc/re/quests/quests_16_2.txt,叛乱军任务物品
term,High Orc,高级兽人,server-monster,怪物名称
term,High Priest Zhed,泽德大主教,npc-title,拉赫任务 NPC 称谓
term,High Priest's Villa,高阶牧师别墅,server-instance,高阶牧师别墅副本名称
term,Hinalle,希纳蕾,server-item,博士帽任务材料
term,Hip Shaker,摇臀,skill-name,技能名称
term,Historian,历史学家,npc-title,历史研究任务 NPC 称谓
term,Hocus Pocus,戏法,server-skill,副本回忆对白中的技能
term,Hodremlin Ringleader,霍德雷姆林首领,server-monster,怪物名称
term,Holy Egg,圣蛋,server-item,2008 复活节活动物品名称采用项目中文译名
term,Holy Ground,圣地,location-term,阿鲁纳佩尔兹任务区域
term,holy knight,圣骑士,job-term,阿鲁纳佩尔兹训练任务职业称谓
term,Holy Light,神圣之光,server-npc,技能名称沿用官方中文译名
term,Holy Sekos,神圣的塞科斯,server-instance,副本区域名称采用稳定中文译名
term,Homunculus,生命体,game-term,生命体变异任务统一译名
term,Homunculus Mutation System,生命体变异系统,game-term,生命体变异任务系统名称
term,Homunculus Resurrection,人工生命体复活,server-npc,炼金术士技能名称采用项目中文译名
term,Hoomga Forest,呼姆加森林,client-map,地图区域名称
term,Horn,独角虫,server-monster,普隆德拉迷宫怪物指南
term,Hornet,大黄蜂,server-monster,怪物名称
term,Horns of Hillslion,山狮之角,item-name,Yai 装饰任务材料
TERM,Horong,火球,server/npc/other/books.txt,斐扬洞穴怪物图鉴
term,Horse's Hooves,马蹄,item-name,Yai 装饰任务材料
term,Housewife Marianne,家庭主妇玛丽安,server-npc,果汁制作任务
term,Hovering,悬浮,skill-name,技能名称
term,How to share EXP,经验值分配方式,client-ui,队伍设置选项
term,Huge Amering,巨大阿梅林,server-monster,怪物名称
term,Hundred Spear,百矛,skill-name,技能名称
term,Hunter,猎人,job-class,职业名称
term,Hunter Desert Wolf,猎人沙漠狼,server-monster,怪物名称
term,Hunter Desert Wolves,猎杀沙漠狼,server-npc,拉萨格纳牧场任务怪物
term,Hunter Fly,猎蝇,server-monster,普隆德拉迷宫怪物指南
term,Hunting Missions,狩猎任务,server-quest,任务系统名称
term,Hurricane's Fury,飓风之怒,item-name,装备名称
TERM,Hydra,九尾狐,server/npc/other/books.txt,水属性怪物图鉴
term,Hyper Novice,超级初心者,job-name,职业名称
term,Ice Cave,冰洞,server-npc,地点名称
term,Ice Ghost,冰魂,server-monster,怪物名称
term,Ice Mine,冰地雷,skill-name,技能名称
term,Iceporing,冰波利,server-npc,怪物名称采用项目中文译名
term,Ida Plains,伊达平原,world-map,地图名称
term,Ignition Break,点火破坏,skill-name,技能名称
term,Illusion,幻影,npc-and-quest,17-2 任务组织
term,Illusion Doping,幻影兴奋剂,skill-name,技能名称
term,Illusion Flower,幻觉之花,server-item,博士帽任务材料
term,Illusion Investigation Team - Sheshin,幻影调查队——希辛,quest-name,任务名称
term,Illusion of Twins 100 Kills,双子幻影击杀 100 次,quest-name,任务名称
term,Illusionary Turtle Island,幻影海龟岛,npc-and-quest,幻影洞窟任务地点
term,Illusions,幻影,group-name,18 号任务组织名称
term,Imperial Guard,帝国卫士,job-name,职业名称
term,Impressive Riff,惊艳即兴段,skill-name,技能名称
term,Improvised Defense,临时防御,skill-name,技能名称
term,Improvised Song,即兴歌曲,skill-name,技能名称
term,Incarnation of Morocc,摩洛克化身,server-monster,怪物名称
term,Incomplete,未完成,client-ui,成就筛选项
term,Increased Heal,治疗增强,server-item,伊甸园武器强化选项
term,Indestructible in battle,战斗中不可破坏,client-ui,随机属性文本
term,Infrared Scan,红外扫描,skill-name,技能名称
term,Initializing roBrowser,正在初始化 roBrowser,client-ui,浏览器示例初始化提示
term,Initializing roBrowser...,正在初始化 roBrowser...,client-application,浏览器示例初始化提示
term,Input Price,输入价格,client-ui,价格输入框提示
term,Input your Shop Name,输入商店名称,client-ui,商店名称输入框提示
term,Inquisitor,审判者,job-name,职业名称
term,Inside Ayothaya,阿育他亚内部,client-map,地图显示名称
term,Inside Brasilis,巴西利斯内部,client-map,城镇地图名称
term,Inspector,监察官,server-quest,NPC 职业名称
term,Inspiration,灵感,skill-name,技能名称
term,Inventory,背包,client-ui,背包窗口标题
term,Investigation Corridor,调查走廊,client-map,地图显示名称
term,Investment Certificate,投资证明,server-quest,深渊之门投资物品
term,Item Appraisal,鉴定物品,skill-name,技能名称
term,Item Drops,掉落物,book,图鉴术语
term,Item Exchange Helper,物品兑换助手,server-event,NPC 职业名称
term,Item Filter,物品筛选,client-ui,仓库筛选标题
term,Izlude Guide,伊兹鲁德导游,server-npc,导航 NPC 职务名称
term,Jack Frost 2,杰克霜冻 2,skill-name,技能名称
TERM,Jack o' Pumpkin,南瓜,server/npc/events/halloween_2009.txt,南瓜帽任务与召唤材料
term,Jakk,杰克,server-monster,怪物名称
term,Jarute,贾鲁特,group-name,迪卡斯特斯职业名称
term,Jaty Crown,杰蒂王冠,item-name,戴瓦塔任务道具
term,Jaty Tribe,杰蒂部落,group-name,艾可拉玖任务对白
term,Jawaii,Jawaii,server-npc,蜜月度假岛名称
term,Jejeling,杰林,server-monster,马来港狩猎任务怪物
term,Job changing to Warlock,转职为咒术师,quest-name,任务名称
term,Joker,小丑,server-monster,怪物名称
term,Jormungand's curse,耶梦加得的诅咒,quest-term,普隆德拉王室任务剧情术语
term,Judex,朱迪克斯,skill-name,技能名称
term,Jungle Madragora,丛林曼陀罗,server-monster,怪物名称
term,Juno Monster Society,朱诺怪物协会,server-npc,每日讨伐任务组织名称
term,Juperos,朱佩洛斯,client-map,副本地图名称
term,Juperos Elevator Room,朱佩洛斯电梯房,client-map,地图显示名称
term,Kaahi,卡希,skill-name,技能名称
term,Kachua's Secret Box,卡秋娅的秘密箱子,server-npc,动态宝箱名称翻译
term,Kachua's Secret Key,卡秋娅的秘密钥匙,server-npc,宝箱钥匙名称翻译
term,Kafra Band,卡普拉头带,server-quest,头饰名称
term,Kafra Corporation,卡普拉公司,server-npc,组织名称沿用官方中文译名
term,Kafra Employee,卡普拉职员,npc-and-quest,城镇服务 NPC 名称
term,Kafra Leilah,卡普拉·莱拉,server-npc,卡普拉服务
term,Kafra Services,卡普拉服务,server-npc,卡普拉 NPC 服务对白术语
term,Kafra Staff,卡普拉职员,server/npc/events/nguild/nguild_managers.txt,公会城堡服务名称
term,Kafra Storage,卡普拉仓库,system-term,仓库存储服务
term,Kafra Teleportation Services,卡普拉传送服务,server-npc,卡普拉传送 NPC 服务名称
term,Kahlugna Milk,卡卢格纳牛奶,item-term,拉斯格纳飞艇任务奖励
term,Kaina,凯纳,skill-name,技能名称
term,Kaite,凯特,skill-name,技能名称
term,Kaizel,凯泽尔,skill-name,技能名称
term,Kallianga,卡里安加,server-lore,吟游诗人职业任务歌曲术语
term,Kaluna,卡卢纳,item-term,拉斯格纳任务材料
term,Kalunyak,卡卢尼亚克,item-term,拉斯格纳卡卢纳任务材料
term,Kapellthaine,卡佩尔泰因,proper-name,艾因贵族家族
term,Karvodailnirol,Karvodailnirol,item-term,任务对白中的药剂材料名，保留官方标识
term,Kasa,卡莎,server-monster,怪物名称
term,Katar Mastery,拳刃修炼,skill-name,技能名称
term,Kaupe,卡乌普,skill-name,技能名称
term,Kavach Icarus,卡瓦奇·伊卡鲁斯,server-monster,怪物名称
term,Khalitzburg,卡利斯格,server-monster,怪物名称
term,Kid's Dumpling,小孩的饺子,item-name,生命体喂食物品
term,Kiel Hyre Academy,基尔·海伊学院,quest-name,任务名称
term,Kimi's Phantom,Kimi幻影,server-monster,怪物名称
term,King of the Alley,小巷之王,server-monster,怪物名称
term,King Tristram III,特里斯坦三世国王,server-npc,国王名称
term,Kiwawa Desert,基瓦瓦沙漠,client-map,地图区域名称
term,Knight,骑士,job-class,职业名称
term,Kobold,狗头人,server-monster,怪物名称
term,Kordt Forest,科尔特森林,client-worldmap,地图区域名称
term,Kraken,克拉肯,monster-name,怪物名称
term,Kruger's Whisper,Kruger 的低语,instance-dungeon,副本提示
term,Ktullanux,库特拉努斯,server-npc,魔物名称
TERM,Kukre,库克雷,server/npc/other/books.txt,水属性怪物图鉴
term,Kuluna,库鲁纳,server-monster,怪物名称
term,Kunai,苦无,server-npc,Ninja 武器名称沿用常见译名
term,Kyrie Eleison,凯里艾勒松,skill-name,技能名称
TERM,Laboratories Memory Records,实验室记忆记录,server/npc/re/quests/quests_15_2.txt,Verus 每日任务资料
term,Labyrinth Forest,迷宫森林,location-term,莫拉城市 NPC 对白地点
term,LAN,局域网,client-ui,服务器连接范围
term,Language translation device,语言翻译装置,quest-name,任务名称
term,Laphine,拉斐恩,npc-and-quest,艾可拉玖任务种族
term,Laphine Tribe,拉斐内族,instance-dungeon,种族名称
term,Large Gigantes,大型巨人,server-monster,怪物名称
term,Large Jellopy,大杰勒比,item-term,任务物品
term,Last Room,最终房间,server-instance,最终房间副本名称
term,Laurell Weinder,劳雷尔·温德,server-monster,怪物名称
term,Lava Golem,熔岩石巨人,client-monster,怪物名称
term,Leaf Lunatics,叶疯兔,server-npc,拉萨格纳牧场任务怪物
term,Lefthand Mastery,左手修炼,skill-name,技能名称
term,Legendary Exorcist,传奇驱魔师,achievement-name,成就名称
term,Legends from Moscovia,莫斯科比亚传说,quest-name,任务名称
term,Lerad's Dew,莱拉德的露水,skill-name,技能名称
term,Lex Aeterna,永恒法典,skill-name,技能名称
term,Lex Divina,神圣法典,skill-name,技能名称
term,Librarian,图书管理员,server-npc,图书馆 NPC 职业名称
term,Life Water,生命之水,server-item,莫斯科比亚任务道具
term,Light of Sun,太阳之光,skill-name,技能名称
term,Lighthalzen,里希塔乐,server-npc,城市名称采用项目中文译名
term,Lighthalzen Prison,莱特哈尔岑监狱,server-npc,地点名称
term,Lime Evenor,莱姆·伊维诺,npc-and-quest,NPC 名称
term,Little Isis,小伊西斯,server-monster,怪物名称
term,Little Poring,小波利,server-monster,怪物名称
term,Living Dead,活死人,server-monster,怪物名称
term,Loading,加载中,client-application,浏览器示例和 Electron 加载提示
term,Long Stick,长棍,server-quest,任务物品
term,Lord Knight Seyren,领主骑士塞任,server-monster,怪物名称
term,Lost Dragon,失落的龙,server-monster,怪物名称
term,Lottery Ticket,彩票,server-npc,任务物品
term,Louise's Hat,路易丝帽,server-item,活动物品名称采用稳定中文译名
term,Loyalty,忠诚度,server-npc,佣兵系统属性
term,Luciola Vespa,萤火虫,server-monster,怪物名称
term,Luke Lapez,卢克·拉佩兹,npc-and-quest,NPC 名称
term,Lune,露恩,server-monster,怪物名称
term,Lurid Royal Guard,忠诚皇家卫兵,server-npc,幽灵宫殿副本角色称谓
term,Lutie,卢蒂耶,server-npc,圣诞城镇名称采用项目中文译名
term,Lux Anima,光之灵魂,skill-name,技能名称
term,Luxurious Cloth,华丽布料,server-npc,拉萨格纳任务材料
term,Mad Salamander,疯狂火蜥蜴,server-monster,怪物名称
term,Mado Gear,魔导机甲,server-message,机械工匠载具名称采用稳定中文译名
term,Maestro,大师,server-npc,音乐职业称谓沿用常见译名
term,Magazine,弹匣,server-npc,枪手弹药名称翻译
term,Mage Manual,法师手册,item-term,新手学院法师训练道具
term,Mage Test Solution,魔法师测试溶液,server-quest,转职任务物品
term,Magic Academy Student,魔法学院学生,server-event,赛事角色名称
term,Magic Binding,魔法绑定,server-skill,魔法书任务系统术语
term,Magic Book,魔法书,server-item,魔法书任务系统术语
term,Magic Gear,魔导机甲,server-mount,玩家可见坐骑名称
term,Magic Gourd Bottle,魔法葫芦瓶,server-item,莫斯科比亚任务道具
term,Magic Machinery,魔导机械,job-term,机匠职业核心术语
term,Magic Quivers,魔法箭袋,server-npc,箭袋发明家对话术语
term,Magic Strings,魔法弦,skill-name,技能名称
term,Magic tournament champion,魔法大赛冠军,achievement-name,成就名称
term,Magma Eruption,岩浆喷发,skill-name,技能名称
term,Magnetic Field,磁场,skill-name,技能名称
term,Magnificat,赞美诗,skill-name,技能名称
term,Magnolia,玉兰花,server-monster,怪物名称
term,Magnus Exorcismus,大驱魔术,skill-name,技能名称
term,Maia,玛雅,server-npc,灵魂链接者转职任务
term,Mainframe Restructure,主机重构,skill-name,技能名称
term,Make a Room,创建房间,client-ui,聊天房间创建标题
term,Malang Snow Crab,马兰岛雪蟹,item-name,马兰岛硬币兑换商人鱼类道具
term,Malangdo,马兰多,npc-and-quest,马兰多任务地点
term,Malangdo Cat Can,马郎多猫罐头,npc-and-quest,马郎多兑换道具名称
TERM,Male Thief Bug,雄盗虫,server/npc/other/books.txt,普隆德拉下水道怪物图鉴
term,Mallina,马莉娜,server-monster,怪物名称
term,Mana Crystalline,魔力结晶,server-item,恶魔之神讨伐任务材料
term,Manager Michelle,经理米歇尔,npc-and-quest,NPC 名称
term,Maneater Blossom,食人花,server-item,炼金术士技能任务材料
term,Maneater Root,食人树根,server-item,维因斯石头任务材料
term,Mantis,螳螂,server-monster,普隆德拉迷宫怪物指南
term,Map Info,地图信息,server-message,管理员命令消息
term,Map Viewer,地图查看器,client-ui,地图浏览功能名称
term,Marc,马克,server-monster,怪物名称
term,Marin,玛琳,server-monster,怪物名称
TERM,Marine Sphere,海洋炸弹,server/npc/other/monster_museum.txt,怪物博物馆展品
TERM,Marionette,傀儡娃娃,server/npc/other/books.txt,幽灵属性怪物图鉴
term,Marionette Control,木偶操控,skill-name,技能名称
term,Marionette Ringleader,提线木偶首领,server-monster,怪物名称
term,Maroll,马洛尔,server/npc/battleground/bg_common.txt,战场王国名称
term,Martin,马丁,server-monster,普隆德拉迷宫怪物指南
term,Mastela Fruit Wine,马斯特拉果酒,item-term,拉萨格纳料理任务材料
term,Mastering,波利之王,server-monster,普隆德拉迷宫怪物指南
term,Matt Drainliar,马特·德莱利亚,server-monster,怪物名称
term,Max Pain,最大痛苦,skill-name,技能名称
term,Max Pain Attack,最大痛苦攻击,skill-name,技能名称
term,Maze of Oz,奥兹迷宫,place-name,18 号任务地点
term,MD Memorial,MD 纪念馆,place-name,18 号任务副本名称
term,Medium Earth Monsters,中型地属性魔物,book,图鉴标题
term,Medium Sized Monsters,中型魔物,server-book,图鉴分类菜单
TERM,Medusa,美杜莎,server/npc/other/books.txt,幽灵属性怪物图鉴
term,Meet the Dead,与亡者相会,quest-name,任务名称
term,Megalith,巨石怪,server-monster,怪物名称
term,Megingjard,梅金吉奥德,server-npc,神器名称沿用常见译名
term,Meister,Meister,job-name,职业名称
term,Melody of Sink,沉没旋律,skill-name,技能名称
term,Melody Strike,旋律打击,skill-name,技能名称
term,Memorial Bouquet,纪念花束,server-item,马来港花束任务道具
TERM,Memory Records,记忆记录,server/npc/re/quests/quests_15_2.txt,Verus 真相任务关键资料
term,Ment,薄荷,server-item,博士帽任务材料
term,Meoneonuncle,米奥嫩叔叔,server-npc,马来港传说 NPC 名称
term,Mercenary,雇佣兵,server-npc,佣兵系统术语
term,Mercenary AI,佣兵 AI,client-ui,佣兵人工智能模式
term,Mercenary Goods Merchant,佣兵货物商,server-npc,NPC 职业名称
term,Mercenary Info,佣兵信息,client-ui,佣兵信息窗口
term,Mercenary Manager,佣兵管理员,server-npc,NPC 职业名称
term,Mercenary Rebellion,佣兵叛乱,quest-term,赫里科故事背景
term,Merman,人鱼,monster-name,伊甸园海底城市训练魔物
term,Messenger of Devil,恶魔使者,server-monster,怪物名称
term,Metal-ing,金属波利,client-monster,怪物名称
term,Metaling Ringleader,金属波利首领,server-monster,怪物名称
term,Metallic Sound,金属之声,song-term,宫廷乐师任务歌曲
term,Metheus Sylphe,梅修斯·西尔菲,server-npc,贤者转职任务
TERM,Midgard Expedition Camp,米德加尔特远征营地,server/npc/re/quests/eden/eden_quests.txt,伊甸园远征地点
term,Millenium Shield,千年盾,skill-name,技能名称
term,Millenium Shield 2,千年盾 2,skill-name,技能名称
term,Mind Breaker,心灵破坏者,skill-name,技能名称
term,Mineral,矿石,server-monster,怪物名称
term,Mini Furnace,小型熔炉,item-term,锻造道具
TERM,Mini-Map,小地图,server/npc/pre-re/jobs/novice/novice.txt,初心者界面教学
term,Mining Village Manuk,马努克矿业村,world-map,地图名称
term,Minstrel Alphoccio,宫廷乐师阿尔福西奥,server-monster,怪物名称
term,Mirror Image,镜像,skill-name,技能名称
term,Mirror Monastery,镜之修道院,client-map,地图显示名称
term,Mission Points,任务点数,server-quest,任务货币
term,Mixing Machine,混合机器,server-quest,魔法师任务装置
term,Mixture,混合剂,job-class,炼金术实验物品
term,Mjolnir,妙尔尼尔,server-item,妙尔尼尔封印任务名称
term,Mjolnir Dead Pit,雷神之锤死亡洞,server-dungeon,冒险者公告板地下城名称
term,Mjolnir Waste Pit,米斯特洛山废坑,server-npc,传送目的地名称意译
term,Model Viewer,模型查看器,client-ui,示例页面标题
term,Moks Bug,莫克斯虫,creature-term,胡格祭典任务材料
term,Mole,鼹鼠,server-monster,怪物名称
term,Molgenstein,莫尔根斯坦,server-npc,炼金术士转职任务
term,Monastery,修道院,server-map,无名岛任务地点
term,Monk,武僧,job-class,职业名称
TERM,Monster Encyclopedia,怪物百科,server/npc/other/books.txt,普隆德拉图书馆书籍
term,Monster Extermination,怪物歼灭,quest-name,任务名称
TERM,Monster Museum,怪物博物馆,server/npc/other/monster_museum.txt,朱诺博物馆设施
TERM,Monster Race,怪物赛跑,server/npc/other/monster_race.txt,活动竞技场
term,Monster Race Arena,魔物赛跑竞技场,server-event,活动地点
term,Monster Research Organization,魔物研究机构,server-npc,布里希加曼封印任务机构
term,Monster's Feed,魔物饲料,item-term,维恩斯兄妹任务材料
term,Moon Room,月之房间,job-class,转职测试地点
term,Moon Slasher,月斩,skill-name,技能名称
term,Mora,莫拉,server-npc,地图名称沿用官方中文译名
TERM,Mora Artifact,莫拉神器,server/npc/re/merchants/enchan_mora.txt,神器强化系统物品
term,Mora Coin,莫拉硬币,npc-and-quest,硬币兑换货币名称
term,Mora Village,莫拉村,location-term,莫拉城市 NPC 场景
term,Morin,莫林,server-monster,怪物名称
term,Morocc,梦罗克,server-npc,城镇名称
term,Morocc Desert,梦罗克沙漠,server-npc,地点名称
term,Morocc Guide,梦罗克导游,server-npc,导航 NPC 职务名称
term,Morocc Hidden,隐藏摩洛克,server-monster,怪物名称
term,Morocc Necromancer,摩洛克死灵法师,server-monster,怪物名称
term,Morocc Solution,梦罗克溶液,server-item,学者技能任务材料
term,Morocc's Archer Skeleton,摩洛克弓箭手骷髅,server-monster,怪物名称
term,Morocc's Ghoul,摩洛克食尸鬼,server-monster,怪物名称
term,Morocc's Lude,摩洛克鲁德,server-monster,怪物名称
term,Morocc's Osiris,摩洛克奥西里斯,server-monster,怪物名称
term,Morocc's Verit,摩洛克维里特,server-monster,怪物名称
term,Morocc's Wraith,摩洛克幽灵,server-monster,怪物名称
term,Morrison,莫里森,server-npc,果汁制作任务
term,Morroc Field,梦罗克原野,world-map,世界地图名称
term,Mr. Smile,微笑先生,server-npc,活动道具名称翻译
term,Mr. Smith,史密斯先生,server-npc,盗贼转职任务
term,Mt.Mjolnir,妙勒尼山,client-worldmap,山脉地图名称
term,Muka,仙人掌,server-monster,怪物名称
TERM,Munak,木乃伊少女,server/npc/other/books.txt,斐扬洞穴怪物图鉴
term,Mushroom Farm,蘑菇农场,server-npc,盗贼转职考试地点意译
term,Music Lessons,音乐课程,skill-name,技能名称
term,Musical Interlude,音乐间奏,skill-name,技能名称
term,Muspellium,穆斯贝尔海姆矿石,server-item,战场神物制作材料
term,Muspellskoll,穆斯贝尔斯科尔,server-monster,怪物名称
term,MvP Ladder,MVP 阶梯挑战,server-event,活动名称
TERM,Myst,迷雾,server/npc/other/books.txt,死者之穴怪物图鉴
term,Mysteltainn,米斯特汀,server-npc,神器名称沿用常见译名
term,Mysterious Cryptogram,神秘密码,quest-name,任务名称
term,Mystic Horns,神秘之角,item-name,Yai 装饰任务材料
term,Napalm Vulcan,凝固汽油火神炮,skill-name,技能名称
term,Nasarin,纳萨林,server-monster,怪物名称
term,Navi,纳维号,npc-and-quest,马兰多任务船名
term,Navigation,导航,server/npc/re/guides/navigation.txt,客户端导航功能名称
term,Necklace of Oblivion,遗忘项链,job-class,转职任务物品
term,Necklace of Wisdom (Penetration),智慧项链（穿透）,job-class,转职任务物品
term,Necktie,领带,item-name,2010 头饰任务道具
term,Neo Punk,新朋克,server-monster,怪物名称
term,Neraid,水精灵,server-monster,怪物名称
term,Neuschwanstein Castle,新天鹅堡,client-map,城堡地图名称
term,Neutral Barrier,中性屏障,skill-name,技能名称
term,New Surroundings,新环境,quest-name,任务名称
TERM,Nidhoggur,尼德霍格,server/npc/events/gdevent_sch.txt,公会地下城相关区域
term,Nidhoggur's Nest,尼德霍格巢穴,server-npc,副本名称采用项目中文译名
term,Nidhoggur's Shadow,尼德霍格之影,instance-dungeon,Boss/剧情名称
term,Niflheim Recall,尼福尔海姆召回,skill-name,技能名称
term,Night Watch,夜巡者,job-name,职业名称
TERM,Nightmare,梦魇,server/npc/other/books.txt,幽灵属性怪物图鉴
term,Nightmarish Jitterbug,噩梦小丑,server-instance,噩梦小丑副本名称
term,Ninja,忍者,job-class,职业名称
term,Ninja training-Actual battle1,忍者训练——实战 1,quest-name,任务名称
term,No file selected,未选择文件,client-ui,验证码文件选择提示
term,Nogg Road,诺格路,client-map,地图显示名称
TERM,Nollio,诺利欧,server/npc/re/jobs/3-2/wanderer.txt,演出组合名称，保留原名
term,Novice Castles,新手城堡,server-npc,城堡活动名称意译
term,Novice Vending Machine,新手自动贩卖机,client-ui,新手兑换界面名称
TERM,Oath-taking ceremony,宣誓仪式,server/npc/events/easter_2010.txt,解除诅咒任务步骤
TERM,Obeaune,人鱼,server/npc/other/books.txt,水属性怪物图鉴
term,Obsidian,黑曜石,server-monster,怪物名称
term,Octopus Tentacle,章鱼触手,server-monster,怪物名称
term,Odin's shrine,奥丁神殿,server-world,大主教转职任务地点
term,Old Blue Box,旧蓝盒,item-term,任务奖励
term,Old Card Album,旧卡册,server-event,活动奖品
term,Old Glast Heim,旧格拉斯特海姆,server-npc,副本名称沿用项目中文译名
term,Old Purple Box,旧紫色宝箱,server-event,活动奖品
term,Old Violet Box,旧紫色箱子,item-term,塔纳托斯塔任务奖励
term,Ominous Assaulter,不祥突击者,server-monster,怪物名称
term,One-Horned Scaraba,单角沙漠幼虫,server-monster,怪物名称
term,Open Source Ragnarok Online Web Client,开源仙境传说 Online 网页客户端,client-ui,关于页面副标题
term,Opera House,歌剧院,npc-and-quest,200 级副本地点
term,Operation of Elyumina,艾莉米娜行动,quest-name,任务名称
term,Orange Shiitake Mushroom Spores,橙色香菇孢子,server-item,伊甸园研究委托道具
term,Orb,宝珠,quest-term,艾可拉玖任务核心道具
term,Orc Bowman,兽人弓手,server-monster,怪物名称
term,Orc Dungeon,兽人地下城,server-npc,传送目的地名称沿用常见译名
term,Orc Elite Guard,兽人精英卫士,server-monster,怪物名称
term,Orc Hero,兽人英雄,server-monster,怪物名称
term,Orc Skeleton,兽人骷髅,server-npc,怪物名称意译
term,Orc Undead,不死兽人,server-monster,怪物名称
term,Orc Underground Cave,兽人地下洞窟,client-map,副本地图名称
TERM,Orc Village,兽人村,server/npc/re/quests/eden/eden_quests.txt,伊甸园课程地点
term,Orc's Memory,兽人记忆,instance-dungeon,副本名称
term,Orcish Axe,兽人斧,server-item,Leablem 开槽菜单
term,Organic Pumpkin,有机南瓜,server-event,2013 万圣节活动怪物名称采用稳定中文译名
term,Oridecon,神之金属,server-database,矿石名称沿用常见中文译名
TERM,Oridecon Anvil,神之金属铁砧,server/npc/merchants/refine.txt,高级锻造工具
term,Orthos Aqua,奥索斯水域,client-map,地图显示名称
term,Other World,异世界,server-world,异世界远征剧情地点
term,Oval,椭圆,server-quest,谜题物品
term,Overbrand Brandish,过载挥击,skill-name,技能名称
term,Overbrand Plus Attack,过载强化攻击,skill-name,技能名称
TERM,Overcharge,高价卖出,server/npc/re/jobs/novice/academy.txt,商人技能
term,Owl Duke Ringleader,猫头鹰公爵首领,server-monster,怪物名称
term,Owl Marquis,猫头鹰侯爵,server-monster,怪物名称
term,Owl Viscount,猫头鹰子爵,server-monster,怪物名称
term,Panda Hat,熊猫帽,server-quest,头饰名称
TERM,Pang Voice,潘声,server/npc/quests/skills/bard_skills.txt,吟游诗人技能任务对白
TERM,Paramarket,Paramarket,server/npc/re/quests/HelpMeShorty.txt,限时限量市场设施名称，保留原名
term,Party Assumptio,队伍圣母之祈福,skill-name,技能名称
term,Party Flee,队伍闪避,skill-name,技能名称
term,Party Increase AGI,队伍敏捷提升,skill-name,技能名称
TERM,Party Recruiting,组队招募,server/npc/re/quests/eden/eden_tutorial.txt,专家挑战教程术语
term,Party Setup,队伍设置,client-ui,队伍设置标题
term,Payon Cave,斐扬洞穴,server-npc,地图名称采用项目中文译名
term,Payon Forest,斐扬森林,server-npc,地图名称采用项目中文译名
term,Payon Solution,斐扬溶液,server-item,学者技能任务材料
term,Peco Peco Egg,大嘴鸟蛋,server-monster,怪物名称
TERM,Penomena,海葵,server/npc/other/monster_museum.txt,怪物博物馆展品
term,Penomena Ringleader,海葵首领,server-monster,怪物名称
term,Perfect Hide,完全隐身,client-ui,GM 隐身状态
term,Perfect Tablature,完美六线谱,skill-name,技能名称
term,Performance Mode,性能模式,client-ui,图形性能选项
term,Perishing Blessing,濒死祝福,server-npc,任务名称意译
term,Pest,害虫,server-monster,伊甸园 86～90 级任务怪物
TERM,Pet Child,宠物孩子,server/npc/re/quests/quests_16_2.txt,叛乱军实验对象任务术语
term,Pet Evolution,宠物进化,client-ui,宠物进化窗口标题
term,Pet Info,宠物信息,client-ui,宠物信息窗口标题
term,Ph.D Hat,博士帽,server-item,Leablem 开槽菜单
term,Phantasmagorika,幻影之城,location-name,15-1 任务地点
term,Phantom Menace,幽灵威胁,skill-name,技能名称
term,Phracon,普拉康,server-database,强化材料名称音译
term,Phylla,菲拉,server-monster,怪物名称
term,Piamette,皮雅梅特,server-monster,怪物名称
TERM,Pickaxe,镐子,server/npc/events/gdevent_sch.txt,Morestone 任务关键物品
term,Picky,波奇,monster-term,新手剑士狩猎任务目标
TERM,Piere,皮耶尔,server/npc/other/books.txt,地属性怪物图鉴
term,Piety,虔诚,skill-name,技能名称
term,Pintados Festival,皮纳达斯节,event-term,马来亚节日
term,Piranha,食人鱼,server-monster,怪物名称
term,Pitman,矿工,server-monster,怪物名称
TERM,Plankton,浮游生物,server/npc/other/books.txt,水属性怪物图鉴
term,Plant Stem,植物茎,item-name,艾可拉玖任务材料
term,Plasma,等离子,server-monster,怪物名称
term,Platinum Skill NPC,白金技能 NPC,npc-and-quest,技能 NPC 名称
TERM,Play Dead,装死,server/npc/re/jobs/novice/academy.txt,新手技能教程
term,Poison King,毒王,quest-name,任务名称
term,Poison Property Monsters,毒属性魔物,server-book,图鉴分类菜单
term,Poison React,毒性反弹,skill-name,技能名称
term,Poison Smoke,毒烟,skill-name,技能名称
term,Poison Spore,毒魔菇,monster-name,伊甸园狩猎任务魔物
term,Poisonous Smoke,毒烟,skill-name,技能名称
term,Polygon,多边形,server-quest,谜题物品
TERM,Poporing,波利波,server/npc/other/books.txt,普隆德拉下水道怪物图鉴
term,Porcupine Quills,刺猬尖刺,server-npc,任务收集物品名称
term,Poring Card,波利卡片,server-event,2008 圣诞卡牌小游戏术语采用项目中文译名
term,Poring Hat,波利帽,server-quest,头饰名称
term,Potion Research,药水研究,skill-name,技能名称
term,Potion Synthesis,药水合成,skill-name,技能名称
term,Powder of Butterfly,蝴蝶粉末,server-quest,任务物品
term,Power Chord,强力和弦,skill-name,技能名称
TERM,Power Control Device,电力控制装置,server/npc/re/quests/quests_15_1.txt,Verus 调查任务道具
term,Power Generator,发电机,server-quest,谜题对象
term,Power of Life,生命之力,skill-name,技能名称
term,Power Swing,强力挥击,skill-name,技能名称
term,Premium Content,高级内容,server-npc,VIP 功能提示翻译
term,Prepare Potion,制作药水,skill-name,技能名称
term,Preserve,保持,skill-name,技能名称
term,Priest,牧师,job-class,职业名称
term,Priest Praupin,普劳平牧师,server-npc,服事入门任务
term,Primo d'Buffer,Primo d'Buffer,server-npc,伊甸园 VIP Buff NPC 名称，保留项目既有名称
term,Prison Breaker,破坏者,server-monster,怪物名称
TERM,Prize Medal,奖牌,server/npc/other/monster_race.txt,怪物赛跑奖励物品
term,Proctor,考官,server-npc,修道士灵魂迷宫测试 NPC 职能称谓
term,Prominence Kick,日珥踢,skill-name,技能名称
term,Prontera Field,普隆德拉原野,client-worldmap,世界地图名称
term,Prontera Guide,普隆德拉导游,server-npc,NPC 职业名称
term,Prontera Recall,普隆德拉召回,skill-name,技能名称
term,Prontera Star Palace,普隆德拉星之宫殿,client-map,地图显示名称
term,Provoke Self,自我挑衅,skill-name,技能名称
term,Pulse Strike 2,脉冲打击 2,skill-name,技能名称
term,Pumpkin,南瓜,server-npc,隐藏花园研究作物
TERM,Pumpkin Mojo,南瓜魔力,server/npc/events/halloween_2006.txt,南瓜帽任务材料
TERM,Pumpkin Pie,南瓜派,server/npc/events/halloween_2006.txt,活动制作与兑换物品
term,Pupa,蛹,server-npc,怪物名称采用项目中文译名
term,Purification of Sun Moon and Star,日月星净化,skill-name,技能名称
term,Purification Stone,净化石,server-npc,副本管理物品名称
term,Purification Test,净化测试,server-npc,十字军最终转职测试名称
term,Purified Spirit Bone,净化灵骨,item-term,马来亚任务材料
term,Pushcart,手推车,service,服务名称
term,Pyramid,金字塔,server-npc,地点名称
term,Quest Information,任务信息,client-ui,任务窗口标题
term,Quest Warper,任务传送员,server-npc,功能 NPC 名称
term,Questboard,任务公告板,server-quest,任务系统名称
term,Rachel Field,拉赫原野,client-worldmap,世界地图名称
term,Rafflesia,拉弗莱西亚,monster-name,莫拉村居民名称
term,Raging Fire Dragon,狂怒火龙,skill-name,技能名称
term,Ragunta,拉贡塔,server-monster,怪物名称
term,Rampaging Box,暴走箱,monster-name,14-3 任务魔物
term,Randel,兰德尔,server-monster,怪物名称
term,Rat Tail,老鼠尾巴,item-name,艾可拉玖任务材料
term,Raulel Asparagus,劳雷尔·芦笋,server-npc,巫师转职任务
term,Ravioli Forest,意大利面森林,server-npc,拉萨格纳地图名称
term,Ray of Genesis,创世之光,skill-name,技能名称
term,Read Mail,阅读邮件,client-ui,邮件窗口标题
term,Reading Spellbook,阅读魔导书,skill-name,技能名称
term,Record of Ancient Language,古代语言记录,server-item,The Sign 任务关键物品
term,Red Eruma,红色艾鲁玛,npc-and-quest,马兰多任务目标
term,Red Faceworm Queen,红色面虫女王,server-monster,怪物名称
term,Red Herb,红色药草,item-term,斐扬水井任务道具
term,Red Key,红钥匙,item-term,塔纳托斯塔符文装置任务道具
term,Red Team,红队,server/npc/custom/battleground/bg_emp.txt,战场队伍名称
term,Regenschirm,雷根施姆,server-instance,雷根施姆副本名称
term,Reins,缰绳,server-quest,任务物品
term,Rekenber,雷根贝勒,npc-and-quest,组织名称
term,Rekenber Banquet Hall,雷根贝勒宴会厅,server-npc,地点名称
term,Rekenber Corporation,雷根贝勒公司,server/npc/pre-re/guides/guides_lighthalzen.txt,城市机构名称
term,Rekenber Historical Research Group,莱肯贝尔历史研究组,quest-term,历史研究任务组织名称
term,Remove Trap,拆除陷阱,skill-name,技能名称
term,Repair,修理,skill-name,技能名称
term,Repairing the Tent,修理帐篷,quest-name,任务名称
term,Replication Expert,复制专家,server-npc,帽子复制服务职务名称
TERM,Research Facilities Memory Records,研究设施记忆记录,server/npc/re/quests/quests_15_2.txt,Verus 每日任务资料
term,Research Fire/Earth,火/土研究,skill-name,技能名称
term,Reset Girl,重置少女,npc-and-quest,重置 NPC 名称
term,Reset Stone,重置石,server-npc,VIP 道具名称翻译
term,Resist Property,属性抗性,status-name,状态名称
term,Return,Return,server-event,召回鸡的咒语保留原文
term,Return To Eclage,返回艾可拉吉,skill-name,技能名称
term,Return To Glast Heim,返回古城,skill-name,技能名称
term,Return To Lighthalzen,返回里希塔乐,skill-name,技能名称
term,Return To Thanatos,返回塔纳托斯,skill-name,技能名称
term,Reverberation 2,回响 2,skill-name,技能名称
term,Reverse Orcish,逆转兽人,skill-name,技能名称
term,Rhyncho,犀龙,server-monster,怪物名称
term,Rideword,骑士梦魇,server-npc,怪物名称沿用常见中文译名
term,Righthand Mastery,右手修炼,skill-name,技能名称
term,Ring of Wise King,贤王之戒,server-quest,13.2 次元裂缝任务翻译器道具名称
term,Ritual of Blessing,祝福仪式,server-npc,实例任务名称
term,Rock,岩石,server-monster,怪物名称
term,Rock Ridge Coin,岩脊硬币,server-item,岩脊商店货币
term,Rocker,摇滚蝗虫,server-monster,怪物名称
term,Roda Frog,罗达蛙,server-monster,怪物名称
term,Roda Frog Ringleader,罗达蛙首领,server-monster,怪物名称
term,Rodel the Guard,守卫罗德尔,server-npc,马来港守卫
term,Rogue,盗贼,job-class,职业名称
term,Rolling Cutter,滚动切割,skill-name,技能名称
term,Room of the Sun,太阳之室,job-class,转职测试地点
term,Rough Elunium,粗糙的铝,server-item,妙尔尼尔封印任务材料
term,Rough Oridecon,粗糙的神之金属,server-item,妙尔尼尔封印任务材料
term,Rough Wind,粗糙的风,item-term,冰洞任务材料
term,Roulette,轮盘,client-ui,轮盘窗口标题
term,Royal Guard,皇家卫队,server-job,皇家卫队转职名称
term,Royal Guard Randel,皇家卫士兰德尔,server-monster,怪物名称
term,Royal Guardian Knight,王室守护骑士,server-npc,普隆德拉王室区域提示职务
term,Rudo,鲁多,server-monster,怪物名称
term,Rudra Bow,鲁德拉之弓,item-name,装备名称
term,Rudus,鲁杜斯,server-map,鲁杜斯调查任务地点
term,Run GrfViewer,运行 GrfViewer,client-application,GRF 查看器按钮
term,Run roBrowser,运行 roBrowser,client-application,浏览器示例按钮
term,Run StrViewer,运行 StrViewer,client-ui,浏览器示例按钮
term,Runaway Dandelion Member,逃跑的蒲公英成员,server-monster,怪物名称
term,Rune Engine,卢恩引擎,server-item,飞艇袭击副本关键装置
TERM,Rune Mastery,符文精通,server/npc/re/jobs/3-1/rune_knight.txt,符文骑士技能
term,Rune Midgarts Library,卢恩-米德加尔特图书馆,server-world,Shorty 导航链接
term,Rune-Midgarts,卢恩-米德加尔特,server-npc,王国与大陆名称
term,Rune-Midgarts Kingdom,卢恩-米德加尔特王国,server-world,世界观地点
term,Runes of the Darkness,黑暗符文,item-term,奥丁神殿任务物品
term,Russian map messages,俄语地图消息,server-message,俄语消息配置翻译名称
term,Rusty Key,生锈钥匙,server-quest,任务物品
term,Rusty Screw,锈螺丝,server-item,莫斯科比亚航海任务材料
term,RWC Initialization coupon,RWC 初始化券,server-event,任务物品
term,RWC Memorial accessory,RWC 纪念饰品,server-event,装备名称
term,RWC2011,RWC2011,server-event,赛事名称
term,Sa-mhing Tiger,沙鸣虎,server-quest,艾沃泰雅地下城任务怪物名称
term,Sacred Mark,神圣印记,server-item,皇家卫队转职材料
term,Sadagui,萨达吉,skill-name,技能名称
term,Sage,贤者,job-class,职业名称
term,Sage Academy,贤者学院,server-world,Shorty 导航说明
TERM,Sage Worm,贤者蠕虫,server/npc/other/monster_museum.txt,怪物博物馆展品
term,Sailing Signal,航行信号,quest-term,拉斯格纳启航任务术语
term,Salamander,火蜥蜴,server-monster,怪物名称
term,Samurai Soheon,武士苏亨,server-monster,怪物名称
term,Sanctuary Sethrumnir,塞特鲁姆尼尔圣域,place-name,18 号任务地点
term,Sandman,沙人,server-monster,怪物名称
term,Santa Hat,圣诞帽,item-name,装备名称
term,Sapha,萨帕族,group-name,迪卡斯特斯种族名称
term,Sarah Irene,莎拉·艾琳,server-monster,怪物名称
term,Satay,沙嗲,item-name,戴瓦塔配送任务道具
term,Saturday Night Fever,周六夜狂热,skill-name,技能名称
term,Saurel,竹荚鱼,item-name,马兰岛硬币兑换商人鱼类道具
term,Savage,野猪,server-monster,普隆德拉迷宫怪物指南
term,Savage Bebe,小野猪,server-monster,普隆德拉迷宫怪物指南
term,Savage Ringleader,野猪首领,server-monster,怪物名称
term,Scaraba,甲虫,monster-name,怪物名称
term,Scaraba Hole,蚂蚁洞,location-name,摩拉任务地点
term,Scarlet Dyestuffs,猩红色染料,server-npc,发型染色材料名称
term,Scell,斯凯尔,item-name,迪卡斯特斯委托材料
TERM,Schwaltzvalt,施瓦尔茨瓦尔德,server/npc/re/quests/quests_16_2.txt,任务区域名称
TERM,Schwartz Honor Token,施瓦茨荣誉代币,server/npc/re/quests/quests_16_2.txt,叛乱军任务奖励道具
term,Schwartzwald,施瓦茨瓦尔德,client-map,地图区域名称
TERM,Schwarz Project,施瓦茨计划,server/npc/other/monster_museum.txt,怪物收容技术项目
term,Schwarzwald,施瓦茨瓦尔德,npc-and-quest,15-1 任务国家
term,Schwarzwald Republic,施瓦尔兹瓦德共和国,server-npc,国家名称
term,Schweicherbil Magic Academy,施瓦希尔比尔魔法学院,server-npc,导航地点名称沿用官方译名
term,Scorpion,蝎子,server-monster,怪物名称
term,Scout Basilisk,侦察蛇妖,server-monster,怪物名称
term,Sealed Shrine,封印神殿,client-map,副本地图名称
term,Search,搜索,client-ui,导航搜索提示
term,Seaweed,海草,server-monster,怪物名称
term,Secret Corps,秘密组织,server-event,2008 复活节活动组织名称采用稳定中文译名
term,Secret note of Bazet,巴泽特的秘密笔记,quest-name,任务名称
TERM,Secret Wings,秘密之翼,server/npc/re/quests/quests_16_2.txt,任务相关组织
term,Select slot for,选择快捷栏位,client-ui,手柄快捷栏提示
term,Self Destruction,自毁,skill-name,技能名称
term,Sequoia Dust,红杉尘,skill-name,技能名称
term,Servant Weapon,侍从武器,skill-name,技能名称
term,Servant Weapon Attack,侍从武器攻击,skill-name,技能名称
term,Servant Weapon Demolition,侍从武器拆除,skill-name,技能名称
term,Servant Weapon Phantom,侍从武器幻影,skill-name,技能名称
term,Servant Weapon Sign,侍从武器标志,skill-name,技能名称
term,Shadow Booster Voucher,影子增幅兑换券,server-database,物品名称
TERM,Shadow Chaser,影子追踪者,server/npc/re/jobs/3-2/shadow_chaser.txt,职业名称与任务对白
term,Shadow Chaser Gertie,影狼格蒂,server-monster,怪物名称
term,Shadow Cross,暗影十字,job-name,职业名称
term,Shadow Leap,暗影跳跃,skill-name,技能名称
term,Shadow of Deception,欺诈之影,server-monster,怪物名称
term,Shadow of Illusion,幻影之影,server-monster,怪物名称
term,Shadow of Morocc,摩洛克之影,server-monster,怪物名称
term,Shadow of Pleasure,愉悦之影,server-monster,怪物名称
term,Shadow Slash,暗影斩,skill-name,技能名称
term,Shadow's Soul,影之灵魂,skill-name,技能名称
term,Shape Shift,形态转换,skill-name,技能名称
term,Shattering Strike,碎裂打击,skill-name,技能名称
term,Sheltering Bliss,庇护之乐,skill-name,技能名称
term,Sherin's Job Interview,谢林的工作面试,quest-name,任务名称
term,Shield Boomerang,盾牌回旋,skill-name,技能名称
term,Shield Reflect,盾牌反射,skill-name,技能名称
TERM,Shining Skill Manual,闪耀技能手册,server/npc/re/jobs/novice/academy.txt,职业体验教学道具
term,Shinkiro,真辉,job-name,职业名称
term,Shiranui,胧月,job-name,职业名称
term,Short Stick,短棍,server-quest,任务物品
term,Shortcut key setting window,快捷键设置窗口,client-ui,快捷键设置窗口标题
term,ShortCuts,快捷键,client-ui,快捷键窗口标题
term,Shrink,缩小术,skill-name,十字军技能任务技能名称
term,Side Winder,侧蛇,server-monster,普隆德拉迷宫怪物指南
TERM,Siege,攻城战,server/npc/re/quests/eden/eden_tutorial.txt,专家挑战教程术语
term,Siege Battle TE,TE 攻城战,server-npc,WoE TE 活动名称
term,Sign Up,注册,client-ui,登录注册按钮
term,Silk Sand Camel Soap,丝质沙漠骆驼肥皂,item-term,维恩斯兄妹任务道具
term,Silver Blade,银刃,server-item,任务物品
term,Silvervine Fruit,银藤果,npc-and-quest,硬币兑换道具名称
term,Single Monster Race,单人怪物赛,server-event,活动名称
TERM,Singles Union Army,单身联盟军,server/npc/events/christmas_2013.txt,圣诞活动阵营
term,Siorava,希奥拉瓦,server-monster,怪物名称
term,Sir Chilias'Tyus,奇利亚斯·泰尤斯爵士,server-npc,赫利昂之眼任务
term,Sister Asthe,阿斯特修女,server-npc,服事入门任务
TERM,Skel Worker,骷髅工人,server/npc/other/books.txt,死者之穴怪物图鉴
term,Skeleton,骷髅,server-monster,怪物名称
term,Skill List,技能列表,client-ui,技能列表窗口标题
term,Skill Reset,技能重置,server-npc,服务名称翻译
term,SkillName,技能名称,skill-name,技能名称字段
term,Skoegul Castle,斯科格尔城堡,client-map,城堡地图名称
term,Sky Emperor,天空之帝,job-name,职业名称
term,Sky Net Blow,天网击,skill-name,技能名称
term,Slave,奴隶,server-monster,怪物名称
term,Sleipnir,斯雷普尼尔,server-npc,神器名称沿用常见译名
term,Slinging Arrow,投掷箭,skill-name,技能名称
term,Slot Addition,开槽,server-ui,装备开槽菜单术语
term,Slot Move Card,卡槽移动卡,server-npc,商城物品名称意译
term,Slow Poison,缓慢中毒,skill-name,技能名称
term,Small Sized Monsters,小型魔物,server-book,图鉴分类菜单
term,Small Snow Flower,小雪花,item-name,生命体喂食物品
term,Smite,惩击,skill-name,技能名称
term,Smokie,狸猫,monster-name,伊甸园狩猎任务魔物
term,Snake God's Warmth,蛇神温暖之地,client-map,副本地图名称
term,Sniper,狙击手,npc-and-quest,职业名称
term,Sobbing Starlight,哭泣星光,server-item,The Sign 任务关键物品
term,Socket Enchant,卡槽附魔,merchant,服务名称
term,Socks Stealing Raccoon,偷袜子的浣熊,server-monster,怪物名称
term,Sograt Desert,苏格拉特沙漠,client-map,地图区域名称
TERM,Sohee,鬼女,server/npc/other/books.txt,水属性怪物图鉴
term,Soil,土壤,server-monster,怪物名称
term,Solace,安慰天使,server-monster,怪物名称
term,Solar Burst,太阳爆发,skill-name,技能名称
term,Soldier Andre,士兵安德烈,server-monster,怪物名称
term,Soldier Deniro,士兵德尼罗,server-monster,怪物名称
term,Soldier Piere,士兵皮耶尔,server-monster,怪物名称
TERM,Soldier Skeleton,骷髅士兵,server/npc/other/books.txt,斐扬洞穴怪物图鉴
term,Solid Bungisngis,坚硬邦吉斯,server-monster,怪物名称
term,Solid Drosera,坚硬捕虫草,server-monster,怪物名称
term,Solid Elder Willow,坚硬长老树精,server-monster,怪物名称
term,Solid High Orc,坚硬高级兽人,server-monster,怪物名称
term,Solid Horn,坚硬角,server-monster,怪物名称
term,Solid Martin,坚硬马丁,server-monster,怪物名称
term,Solid Metaling,坚硬金属波利,server-monster,怪物名称
term,Solid Parasite,坚硬寄生虫,server-monster,怪物名称
term,Solid Petite,坚硬毕帝特地龙,server-monster,怪物名称
term,Solid Roween,坚硬洛温,server-monster,怪物名称
term,Solid Savage,坚硬野猪,server-monster,怪物名称
term,Solid Tatacho,坚硬塔塔丘,server-monster,怪物名称
term,Solid Thief Bug,坚硬盗虫,server-monster,怪物名称
TERM,Somatology Laboratory,生化实验室,server/npc/re/other/adven_boards.txt,冒险者公会地下城信息
term,Song of Lutie,卢蒂之歌,skill-name,技能名称
term,Song of Mana,法力之歌,skill-name,技能名称
term,Sonia,索尼娅,server-monster,14-3 任务植物名称
term,Sonic Acceleration,音速加速,server-skill,刺客技能名称
term,Sonic Blow,音速投掷,server-skill,刺客技能名称
term,Sonic Claw,音速爪,skill-name,技能名称
term,Sonic Wave,音波,skill-name,技能名称
term,Sorcerer Celia,咒术师塞莉亚,server-monster,怪物名称
term,Sorcerer Guild,巫师公会,server-npc,导航地点名称沿用职业译名
term,Soul Ascetic,灵魂修行者,job-name,职业名称
term,Soul Curse,灵魂诅咒,skill-name,技能名称
term,Soul Linker,灵魂链接者,job-class,职业名称
term,Soul Linker Spirit,灵魂链接者之魂,skill-name,技能名称
TERM,Soul Pendant,灵魂吊坠,server/npc/instances/SealedShrine.txt,副本关键道具
term,Soul Reaper,灵魂收割者,job-name,职业名称
term,Soul Strike,灵魂打击,skill-name,技能名称
term,Sound effects,音效,client-ui,命令设置描述
term,Sound of Destruction,毁灭之声,skill-name,技能名称
term,Sound Settings,声音设置,client-ui,声音设置窗口标题
term,Sous Chef,副厨师长,server-npc,康奇利纳船员职位
term,Sow Bug,鼠妇,item-name,游荡商人兑换道具
term,Spanish map messages,西班牙语地图消息,server-message,西班牙语消息配置翻译名称
term,Spearfish,矛鱼,item-name,马兰岛硬币兑换商人鱼类道具
term,Sphinx,斯芬克斯,server-dungeon,冒险者公告板地下城名称
term,Sphinx Hat,斯芬克斯帽,server-quest,头饰名称
term,Spiral Pierce,螺旋刺击,skill-name,技能名称
term,Spirit Handler,灵魂处理师,job-name,喵族职业任务名称
term,Spirit of the Blade,刀刃之魂,skill-name,技能名称
term,Spiritual Bestowment,精神传承,server-skill,武僧技能名称
term,Spiritual Protection,精神护符,server-item,马来港灵魂任务道具
TERM,Splendide,斯普兰迪德,server/npc/instances/NydhoggsNest.txt,拉菲内族区域
term,Spore Explosion,孢子爆炸,skill-name,技能名称
term,Spring Rabbit,春兔,server-monster,伊甸园 86～90 级任务怪物
term,Spring Trap,弹簧陷阱,skill-name,技能名称
term,Sprit of Fish,鱼之灵,server-item,斯雷普尼尔制作材料
term,St. Capitolina Monastery,圣卡皮托利那修道院,server-instance,副本地点名称采用稳定中文译名
term,Stainer,刺猬虫,server-monster,怪物名称
TERM,Stalactic Golem,石头波利,server/npc/re/quests/eden/eden_quests.txt,梦罗克洞窟任务怪物
term,Stamp Card,印章卡,server-npc,解锁系统物品
term,Stand By,待机,client-ui,实体上下文菜单
term,Stapo,斯塔波,server-monster,怪物名称
term,Star Emperor,星帝,job-name,职业名称
term,Star Gladiator,星之斗士,job-class,职业名称
term,Starfish,海星,item-name,游荡商人兑换道具
TERM,Starlight Reef,星光礁,server/npc/re/other/adven_boards.txt,冒险者公会地下城信息
term,START NOW,立即开始,client-ui,启动按钮
term,Starving Living Dead,饥饿活死人,server-monster,怪物名称
term,Statue of Baby Angel,小天使雕像,item-name,2010 头饰任务道具
term,Status,状态,client-ui,状态窗口标题
term,Status Light,状态灯,server-quest,谜题对象
term,Status Recovery,状态恢复,skill-name,技能名称
term,Stealth,潜行,skill-name,技能名称
term,Stealth Field,隐形力场,skill-name,技能名称
TERM,Steel Chonchon,钢铁苍蝇,server/npc/other/books.txt,风属性怪物图鉴
term,Steel Crow,钢铁之鸦,skill-name,技能名称
term,Steward,管家,server-guild,公会城堡 NPC 称谓采用稳定中文译名
term,Sticky Herb Tree,黏草树,server-npc,导航地点名称意译
term,Sticky Mucus,黏稠液体,server-item,十字军技能任务材料
term,sticky webfeet,黏脚,server-npc,拉萨格纳牧场任务材料
TERM,Stolen Cookie,被偷的饼干,server/npc/events/christmas_2013.txt,圣诞活动任务物品
term,Stone Curse,石化术,skill-name,技能名称
term,Stone Heart,石心,server-quest,任务物品
term,Stone of Sage,贤者之石,item-term,The Sign 任务关键物品
term,Store Transaction,商店交易,server-npc,Shorty 操作说明
term,Storm Gust 2,暴风雪 2,skill-name,技能名称
term,Str Viewer,Str 查看器,client-application,STR 查看器页面标题
term,Stranded Passenger Ship,搁浅客船,client-map,地图显示名称
term,Strange Baby Orc,奇异小兽人,server-monster,怪物名称
term,Strange Hydra,奇异九头蛇,server-monster,怪物名称
term,Strange Steel Piece,奇异钢片,server-item,莫斯科比亚航海任务材料
term,Strouf,海神,monster-name,伊甸园海底城市训练魔物
term,Stylist,造型师,server/npc/custom/stylist.txt,玩家可见 NPC 职能名称
term,Subjugation-Ice Cave 1st Floor,讨伐——冰洞一层,quest-name,任务名称
term,Subjugation-Ida Plains-1,讨伐——伊达平原 1,quest-name,任务名称
term,Summer Night Dream,夏夜之梦,skill-name,技能名称
term,Summon Flora,召唤植物,skill-name,技能名称
term,Summon Marine Sphere,召唤海洋球,skill-name,技能名称
term,Sun Stance,太阳姿态,skill-name,技能名称
term,Sunflower,向日葵,server-item,Leablem 开槽菜单
term,Sunglasses Trader,太阳镜商人,npc-and-quest,任务 NPC 名称
term,Super Liquid,超级液体,server-quest,化学研究术语
term,Super Novice,超级初心者,job-name,超级初心者任务职业名称
term,Sura Chen,修罗陈,server-monster,怪物名称
term,Suspicious Cat,可疑的猫,server-npc,梦罗克噩梦金字塔
term,Sweet Nightmare,甜蜜梦魇,server-monster,怪物名称
term,Sweet Roda Frogs,甜甜罗达蛙,server-npc,拉萨格纳牧场任务怪物
term,Swift Banshee,敏捷女妖,server-monster,怪物名称
term,Swift Bloody Butterfly,敏捷血蝴蝶,server-monster,怪物名称
term,Swift Caramel,敏捷焦糖,server-monster,怪物名称
term,Swift Dryad,敏捷树妖,server-monster,怪物名称
term,Swift Elder Willow,敏捷长老树精,server-monster,怪物名称
term,Swift Hill Wind,敏捷山风,server-monster,怪物名称
term,Swift Mantis,敏捷螳螂,server-monster,怪物名称
term,Swift Medusa,敏捷美杜莎,server-monster,怪物名称
term,Swift Pasana,敏捷帕萨纳,server-monster,怪物名称
term,Swift Petite,敏捷毕帝特地龙,server-monster,怪物名称
term,Swift Rideword,敏捷读书魔,server-monster,怪物名称
term,Swift Sailor Skeleton,敏捷水手骷髅,server-monster,怪物名称
term,Swift Stem Worm,敏捷树精,server-monster,怪物名称
term,Swift Teddy Bear,敏捷泰迪熊,server-monster,怪物名称
term,Swift Uni-horn Scaraba,敏捷独角沙漠幼虫,server-monster,怪物名称
term,Swordman Association,剑士协会,server-npc,组织名称
term,Swordman Test,剑士考试,server-quest,转职考试名称
term,Symbol of the Nine Realms,九界之符,item-term,The Sign 任务关键道具
term,Synthesized Shield,合成盾牌,skill-name,技能名称
term,Synthetic Armor,合成铠甲,skill-name,技能名称
term,Tactile Extendable Clamp-Release Mechanism,触觉伸缩夹具释放机构,server-item,维因斯石头任务道具
term,Talkie Box,话匣子,skill-name,技能名称
term,Taming Merchants,驯兽商人,npc-title,生命体喂食物品商人
TERM,Tarou,塔鲁,server/npc/other/books.txt,普隆德拉下水道怪物图鉴
term,Tarou Ringleader,塔罗首领,server-monster,怪物名称
term,Teddy Bear,泰迪熊,server-monster,怪物名称
term,Teleport Service,传送服务,server-npc,卡普拉服务
term,Temny Forest,特姆尼森林,client-map,地图区域名称
term,Temple Guard,神殿守卫,server-monster,怪物名称
term,Temple of Cheshrumnir,切什鲁姆尼尔神殿,server-npc,地点名称
term,Temple of the Demon God,魔神殿,location-name,14-3 任务地点
term,Temporal Crystal,时光结晶,server-item,时光靴开槽材料
term,Terra Gloria,特拉·格洛丽亚,server-item,Terra Gloria 任务关键物品
term,Test Hall,考试大厅,server-quest,考试地点
term,Thanatos Memory,塔纳托斯的记忆,world-map,地图名称
term,Thanatos Tower,达纳托斯塔,server-instance,副本与任务地点名称
term,Thara Frog,塔拉蛙,monster-name,伊甸园狩猎任务魔物
term,The Dragon's Lair,龙之巢穴,quest-name,任务名称
term,The Geoborgs,盖博格家族,quest-name,任务名称
term,The Golden Thread,金线,quest-name,任务名称
term,The Last One,最后一个,server-monster,怪物名称
term,The Moving Island,移动岛,quest-name,任务名称
term,The Price of Labor,劳动代价,quest-name,任务名称
term,The Sanctuary,圣域,world-map,地图名称
term,The Sign,神圣之符,quest-name,神圣之符任务名称
term,Thicket,灌木丛,server-monster,怪物名称
term,Thief Bug,盗虫,npc-and-quest,任务召唤怪物名称
TERM,Thief Bug Egg,盗虫卵,server/npc/other/books.txt,普隆德拉下水道怪物图鉴
term,Thief Bug Female,盗虫（雌）,server-monster,怪物名称
term,Thief Bug Male,盗虫（雄）,server-monster,怪物名称
term,Thief Bug Ringleader,盗虫首领,server-monster,怪物名称
term,Thief Guild,盗贼公会,client-map,地图显示名称
term,Thief Poring,盗贼波利,server-monster,怪物名称
term,Thimble Of Archer,弓箭手顶针,server-item,16.2 任务道具名称
term,Thirst for Blood,嗜血渴望,server-item,生化研究所装备力量
term,Thomas,托马斯,server-npc,刺客转职测试
term,Thor Volcano,托尔火山,location-term,维恩斯兄妹任务地点
term,Thor Volcano Camp Soldier,托尔火山营地士兵,npc-title,托尔火山营地 NPC 称谓
term,Thorn Trap,荆棘陷阱,skill-name,技能名称
term,Tiara,王冠,item-name,装备名称
term,Ticket Helper,售票员,server-event,NPC 职业名称
term,Tierra Gorge,提耶拉峡谷,server/npc/battleground/tierra/tierra_enter.txt,战场名称
term,Time Attack,计时挑战,arena,竞技场模式
term,Toad,巨蛙,server-monster,怪物名称
term,Toucan,巨嘴鸟,server-monster,怪物名称
term,tournament coins,大赛硬币,server-event,活动货币
term,Town unlocked,城镇已解锁,server-npc,解锁提示
term,Toy Factory,玩具工厂,server-npc,导航地点名称翻译
term,Trade,交易,client-ui,交易窗口标题
term,Training Ground,训练场,client-map,地图显示名称
term,Trans Spore,变异孢子,server-monster,怪物名称
term,Transcendence,超越,skill-name,技能名称
term,Transparent Plate,透明板,item-term,朱佩洛斯研究任务物品
term,Transportation Executive,运输主管,server-npc,Verus 食堂 NPC 职务
term,Traumatic Blow,创伤重击,skill-name,技能名称
term,Travel to Rachel,前往拉赫,quest-name,任务名称
term,Treasure Hunter,寻宝猎人,server/npc/custom/quests/thq/THQS_GuildNPC.txt,任务职业名称
term,Treasure Hunter's Guild Shop,宝藏猎人公会商店,server-quest,商店名称
term,Treasure Token,寻宝代币,server-quest,任务奖励物品名称采用稳定中文译名
term,Treasure Tokens,宝藏代币,server-quest,任务货币
term,Trentini,特伦蒂尼,server-monster,怪物名称
TERM,Tristan the Third,Tristan三世,server/npc/pre-re/quests/quests_morocc.txt,王位继承任务背景人物
term,Troubadour,吟游诗人,job-name,职业名称
term,Trouvere,Trouvere,job-name,职业名称
term,Turbo Track,极速赛,server-event,活动名称
term,Turbo Track Points,极速赛点数,server-event,活动货币
term,Turn Undead,退散不死,skill-name,技能名称
term,Turtle Island,海龟岛,world-map,地图名称
term,Twilight Garden,暮光花园,instance-name,17-2 纪念副本
term,Twin Towers,双子塔,server-npc,活动 NPC 名称意译
term,Two-Horned Scaraba,双角沙漠幼虫,server-monster,怪物名称
term,Umbala,乌巴拉,server-npc,城镇名称采用项目中文译名
term,Umbala language,Umbala 角色语言,server-npc,拟声语言保留原文
term,Unbarring Octave,开门八度,skill-name,技能名称
term,Unchained Serenade,无拘小夜曲,skill-name,技能名称
term,Undead Property Monsters,不死属性魔物,server-book,图鉴分类菜单
term,Under Seal Unit,封印部队,organization-name,16-2 任务组织
term,Underground Dungeon Helper,地下城助手,server-npc,16.1 地下城管理 NPC 职业名称
term,Underground Waterway,地下水道,client-map,副本地图名称
term,Ungoliant,安格利昂,server-monster,怪物名称
term,Unidentified Fish,未鉴定的鱼,server-item,马来岛任务材料
term,United Research Official's Favor,联合研究官的帮助,quest-name,任务名称
term,Universal Catalog Silver,万能目录银币,server-npc,目录道具名称翻译
TERM,Universal Silver Catalog,万能银目录,server/npc/re/quests/eden/eden_tutorial.txt,摊位搜索道具
term,Unknown,未知,client-ui,持有者名称获取失败时的默认文本
term,Unknown Item,未知物品,client-ui,物品未识别时的默认名称
term,Unlimited,无限,skill-name,技能名称
term,Unripe Apple,未成熟的苹果,server-item,十字军技能任务材料
term,Unsealed Baphomet,未封印巴风特,server-monster,怪物名称
term,Upgrade Weapon,武器升级,skill-name,技能名称
TERM,Used Iron Plate,旧铁板,server/npc/re/quests/quests_15_1.txt,电梯事故任务道具
term,User Transaction,玩家交易,server-npc,Shorty 操作说明
TERM,Vadon,卡尼朵斯,server/npc/other/books.txt,水属性怪物图鉴
term,Vagabond Wolf,流浪狼,server-monster,怪物名称
TERM,Valfreyja,瓦尔弗雷亚,server/npc/events/gdevent_sch.txt,公会地下城相关区域
term,Valhalla,瓦尔哈拉,npc-and-quest,职业转职和任务地点
term,Valkyrie's Blessing,女武神祝福,server-npc,节庆召唤怪物名称
term,Valkyrie's Nightmare,女武神的噩梦,server-npc,大主教转职实例广播文本
term,Valkyrie's Present,女武神礼物,server-npc,拉赫节庆召唤活动名称
term,Vampire's Gift,吸血鬼的礼物,skill-name,技能名称
term,Van Helmont,范·赫尔蒙特,server-npc,炼金术士转职任务
term,Vanishing Slash,消失斩,skill-name,技能名称
TERM,Vaporize,雾化,server/npc/quests/skills/alchemist_skills.txt,炼金术士 Homunculus 技能任务对白
term,Varmundt Mansion,瓦尔蒙特府邸,server-npc,地图区域名称翻译
term,Veins,维因斯,location-term,十字斩首者调查地点
term,Veins Field,维恩斯原野,client-worldmap,世界地图名称
term,Vending,贩卖,client-ui,贩卖窗口标签
term,Venom Bug,毒虫,server-monster,怪物名称
term,Venom Fog,毒雾,skill-name,技能名称
term,Venom Knife,毒刃,server-skill,刺客技能名称
term,Venom Pressure,毒液压力,skill-name,技能名称
term,Venomous,毒液怪,server-monster,伊甸园 86～90 级任务怪物
term,Verus,维鲁斯,npc-and-quest,15-1 任务城市
term,Verus Central Plaza,维鲁斯中央广场,location-name,15-1 任务地点
TERM,Very Shining Ring,非常闪耀的戒指,server/npc/re/quests/quests_16_2.txt,叛乱军任务物品
term,Very Unusual Crystal,非常奇异的水晶,item-name,18 号任务材料
term,View Status,查看状态,client-ui,实体上下文菜单
term,Vigilante Badge,义勇军徽章,server-item,岩脊特殊装备
term,VIP,VIP,server-message,服务器消息术语
term,Vital Strike,生命打击,skill-name,技能名称
term,Vocal,沃卡尔,server-monster,怪物名称
term,Vulcan Arrow,火神箭,skill-name,技能名称
term,Waiting Room,等候室,server-npc,十字军最终测试等待房间名称
term,Wall of Thorns,荆棘之墙,skill-name,技能名称
TERM,Wanderer,浪姬,server/npc/re/jobs/3-2/wanderer.txt,职业名称
term,Wanderer Trentini,漫游者特伦蒂尼,server-monster,怪物名称
term,Wandering soul,游荡的灵魂,server-event,2013 万圣节活动 NPC 称谓采用稳定中文译名
TERM,War Badge,战争徽章,server/npc/other/poring_war.txt,波利战争战场道具
term,War of Emperium,城战,server-woe,系统名称
term,Warcry of Beyond,超越战吼,skill-name,技能名称
term,Warg,魔狼,server-message,游侠坐骑名称采用项目常用译名
term,Warlock,妖术师,job-name,职业名称
term,Warp Portal,传送门,skill-name,技能名称
term,Warrior Laura,战士劳拉,server-monster,怪物名称
term,Watcher,观察者,server-monster,怪物名称
term,Water Garden,水之花园,quest-name,任务名称
term,Water Mill,水车,location-term,艾尔帕兰歌曲地点
term,Wave mode,波次模式,server-npc,实例模式名称
term,Way Back Home,回家的路,client-map,地图显示名称
term,Weakened Morocc,虚弱摩洛克,server-monster,怪物名称
term,Weakpoint,弱点,server-monster,怪物名称
term,Weapon Box,武器箱,server-npc,兑换奖励名称翻译
term,Weapon Crush,武器粉碎,skill-name,技能名称
term,Weapon element,武器属性,client-ui,随机属性文本
term,Werner Laboratory Entrance,维尔纳实验室入口,location-name,16-2 任务地点
term,Whale Island,鲸鱼岛,server-world,莫斯科比亚任务地点名称
TERM,Whisper,小恶魔幽灵,server/npc/other/books.txt,幽灵属性怪物图鉴
term,Wickebine Tres,维克比恩·特雷斯,server-monster,怪物名称
term,Wide Suck,广域吸取,skill-name,技能名称
term,Wide Web,广域蛛网,skill-name,技能名称
term,Wild Gift Box,野生礼物箱,server-monster,怪物名称
term,wild hornets,野生黄蜂,server-npc,拉萨格纳牧场任务怪物
term,Wild Rider,荒野骑士,server-monster,怪物名称
term,Will of Warrior,战士意志,server-item,生化研究所装备力量
term,Willow,柳树精,server-monster,怪物名称
term,Wind Cutter,风刃,skill-name,技能名称
term,Wind Hammer,风之锤,item-term,冰洞任务道具
term,Windhawk,风鹰,job-name,职业名称
term,Window magnet,窗口吸附,client-ui,窗口设置提示
term,Wish Maiden,愿望少女,server-monster,怪物名称
term,Witch's Tonic,女巫药剂,item-term,The Sign 任务道具
term,Witherless Rose,不凋零的玫瑰,server-item,pre-re item_db_etc
term,Withstander,维特斯坦德,item-term,胡格医疗任务药物
term,Wizard,巫师,job-class,职业名称
term,Wokwok,沃克沃克,server-monster,马来港任务怪物
term,Wolf,狼,server-monster,怪物名称
term,Wormtail,蠕虫尾巴,server-monster,怪物名称
term,Wyvern's Breath,飞龙之息,skill-name,飞艇袭击副本技能名称
term,Wywern,飞龙,server-monster,怪物名称
term,Yaga Pestle,雅嘎杵,server-item,莫斯科比亚任务道具
term,Yao Jun Ringleader,姚君首领,server-monster,怪物名称
term,Yellow Faceworm Queen,黄色面虫女王,server-monster,怪物名称
term,Yellow Gemstone,黄宝石,item-term,王子中毒调查任务材料
term,Yellow Novus,黄色诺博斯,server-monster,伊甸园 86～90 级任务怪物
term,Yggdrasil,世界树,server/npc/cities/geffen.txt,魔法传说术语
term,Yggdrasil Leaf,世界树叶,server-item,尼夫海姆召唤任务材料
term,Ymir Heart Piece,伊米尔之心碎片,quest-term,任务线索
term,Ymir's Heart Piece,伊米尔之心碎片,item-term,圣地调查任务物品
term,Your first quest!,你的第一个任务！,quest-name,任务名称
term,Yoyo,悠悠,server-monster,普隆德拉迷宫怪物指南
term,Zakudam,扎库丹,server-monster,怪物名称
term,Zargon,扎贡,item-name,迪卡斯特斯委托材料
term,Zeny,Zeny,client-ui,保留游戏货币名称
term,Zhu Po Long,朱波隆,server/npc/pre-re/quests/collection/quest_zhupolong.txt,怪物名称
term,Zipper Bear,拉链熊,server-monster,伊甸园 86～90 级任务怪物
TERM,Zombie,僵尸,server/npc/other/books.txt,斐扬洞穴怪物图鉴
term,"巴尔蒙特之力,系统术语,바르문트의 힘,巴尔蒙特之力,装备精华名",,,
term,"斗士的勇猛,系统术语,투사의 용맹,斗士的勇猛,装备效果名",,,
term,"符文骑士石,系统术语,룬나이트 스톤,符文骑士石,职业石名称",,,
专名,kRO OngoingQuestInfoList chunk-0014,芙蕾雅,专名,稳定中文译名
专名,kRO OngoingQuestInfoList_True chunk-0007,巴库纳瓦,专名,沿用已登记译名
专名,가브리엘,加百列,专名,时装名称稳定译名
专名,개미 여왕,蚁后,专名,道具名称稳定译名
专名,고스트링,幽灵环,专名,沿用魔物译名
专名,라구엘,拉贵尔,专名,时装名称稳定译名
专名,라파엘,拉斐尔,专名,时装名称稳定译名
专名,메긴기오르드,梅金吉欧德,专名,道具名称稳定译名
专名,묘르닐,妙尔尼尔,专名,道具名称稳定译名
专名,미스트레스,蜂后,专名,沿用魔物通用译名
专名,미카엘,米迦勒,专名,时装名称稳定译名
专名,바르드,巴德尔,专名,时装名称稳定译名
专名,발키리,瓦尔基里,专名,时装名称稳定译名
专名,발키리아,女武神,专名,沿用职业通用译名
专名,베르제브브,贝尔泽布布,专名,道具名称
专名,브리싱가멘,布里辛加曼,专名,道具名称稳定译名
专名,사이그룬,赛格伦,专名,道具名称
专名,사이그룬의 날개,赛格伦之翼,专名,装备名称
专名,슬레이프니르,斯雷普尼尔,专名,道具名称稳定译名
专名,아미스트르,阿米斯特尔,专名,道具名称
专名,오딘,奥丁,专名,道具名称稳定译名
专名,오크로드,兽人酋长,专名,沿用魔物通用译名
专名,오크히어로,兽人英雄,专名,沿用魔物通用译名
专名,이그드라실,世界树,专名,沿用项目中文译名
专名,이미르,伊米尔,专名,沿用项目中文译名
专名,이프리트,伊夫利特,专名,沿用魔物通用译名
专名,티르,提尔,专名,沿用神话通用译名
专名,프리오니,弗里奥尼,专名,沿用魔物音译
专名,필리르,菲利尔,专名,道具名称稳定译名
专有名词,kRO itemInfo_true chunk-0008,奥丁,专有名词,稳定中文译名
人名,A.L,,人名,保留原样
人名,乌尔,,人名,沿用项目中文译名
人名,乌斯蒂亚拉,,人名,韩文音译
人名,乔乔,,人名,韩文音译
人名,乔妮塔,,人名,韩文音译
人名,亚历克斯,,人名,韩文音译
人名,以西结,,人名,韩文音译
人名,伊亚拉,,人名,沿用项目中文译名
人名,伊斯梅尔,,人名,韩文音译
人名,伊穆贡,,人名,韩文音译
人名,休普,,人名,韩文音译
人名,伦扎克,,人名,韩文音译
人名,佩佩罗奇诺,,人名,韩文音译
人名,佩琳,,人名,韩文音译
人名,佩鲁兹·克鲁娅,,人名,韩文音译
人名,俾斯麦,,人名,沿用项目中文译名
人名,克劳德,,人名,沿用项目中文译名
人名,克莱托斯,,人名,韩文音译
人名,克雷布,,人名,韩文音译
人名,克鲁伊安,,人名,韩文音译
人名,内蒂,,人名,韩文音译
人名,凤凰,,人名,沿用项目中文译名
人名,凯亚斯,,人名,韩文音译
人名,凯因·希梅尔,,人名,韩文音译
人名,凯隆·格里克,,人名,韩文音译
人名,切恩哈特,,人名,韩文音译
人名,加拉帕戈斯,,人名,沿用项目中文译名
人名,加莉娅,,人名,韩文音译
人名,加阿南,,人名,韩文音译
人名,劳尔·温德尔,,人名,韩文音译
人名,劳拉,,人名,沿用项目中文译名
人名,劳雷娅,,人名,韩文音译
人名,半若,,人名,韩文音译
人名,博尔塞布,,人名,韩文音译
人名,卡米尔,,人名,韩文音译
人名,卡里恩,,人名,韩文音译
人名,卡鲁,,人名,韩文音译
人名,卢修斯,,人名,沿用项目中文译名
人名,卢修斯·凯尔瑟斯,,人名,韩文音译
人名,卢安达,,人名,韩文音译
人名,史密斯拉托,,人名,韩文音译
人名,吉奥,,人名,韩文音译
人名,吉德,,人名,韩文音译
人名,吟游诗人宋,,人名,沿用项目中文译名
人名,咚德,,人名,韩文音译
人名,哈扎尔,,人名,韩文音译
人名,哈米翁,,人名,韩文音译
人名,喵隆,,人名,韩文音译
人名,因菲尤,,人名,韩文音译
人名,埃尔·奇尔诺,,人名,韩文音译
人名,埃斯特,,人名,韩文音译
人名,埃斯蒂尔达,,人名,韩文音译
人名,埃莱娜,,人名,韩文音译
人名,埃贝西·乔治,,人名,韩文音译
人名,埃鲁斯,,人名,韩文音译
人名,基德,,人名,韩文音译
人名,塔兰,,人名,韩文音译
人名,塔华,,人名,韩文音译
人名,塔尔莎·奇尔诺,,人名,韩文音译
人名,塔鲁图菲,,人名,韩文音译
人名,塞尔菲奥涅,,人名,韩文音译
人名,塞琳,,人名,韩文音译
人名,多米,,人名,韩文音译
人名,多诺,,人名,韩文音译
人名,多里安,,人名,沿用项目中文译名
人名,多鲁木克,,人名,韩文音译
人名,大口,,人名,韩文音译
人名,奇亚布,,人名,韩文音译
人名,奥利弗,,人名,沿用项目中文译名
人名,奥尔乔,,人名,韩文音译
人名,奥尔德曼,,人名,韩文音译
人名,奥尔格,,人名,韩文音译
人名,奥托,,人名,沿用项目中文译名
人名,奥根,,人名,韩文音译
人名,妮妮,,人名,韩文音译
人名,安东尼奥Jr.,,人名,保留项目写法
人名,安塞莉亚,,人名,韩文音译
人名,安托万,,人名,韩文音译
人名,安文浩,,人名,韩文音译
人名,安谷浩,,人名,韩文音译
人名,宋志毒,,人名,韩文音译
人名,宝美,,人名,韩文音译
人名,尤普,,人名,韩文音译
人名,尼古拉斯,,人名,沿用项目中文译名
人名,尼尔恩,,人名,沿用项目中文译名
人名,尼德霍格,,人名,沿用项目中文译名
人名,巴哈德,,人名,韩文音译
人名,巴杰,,人名,韩文音译
人名,巴鲁明,,人名,韩文音译
人名,布雷德,,人名,韩文音译
人名,希莉亚,,人名,韩文音译
人名,希诺卡斯,,人名,韩文音译
人名,帕娜,,人名,韩文音译
人名,带鱼,,人名,沿用项目中文译名
人名,弗劳里,,人名,韩文音译
人名,弗洛克,,人名,韩文音译
人名,弗洛林,,人名,韩文音译
人名,张夏雨,,人名,韩文音译
人名,彼得,,人名,沿用项目中文译名
人名,德帕莉亚,,人名,韩文音译
人名,恶魔,,人名,沿用项目中文译名
人名,戈雅,,人名,韩文音译
人名,戴姆斯,,人名,韩文音译
人名,戴扬,,人名,韩文音译
人名,扎巴鲁,,人名,韩文音译
人名,拉尔塔尔,,人名,韩文音译
人名,拉斯普京,,人名,韩文音译
人名,拜隆,,人名,韩文音译
人名,提格里斯,,人名,沿用项目中文译名
人名,提顿,,人名,韩文音译
人名,敌豹乔,,人名,韩文音译
人名,敏敏,,人名,项目译名
人名,斯卡尼亚,,人名,韩文音译
人名,斯普拉奇,,人名,韩文音译
人名,斯特朗,,人名,韩文音译
人名,斯特罗,,人名,韩文音译
人名,斯特鲁姆,,人名,韩文音译
人名,斯诺伦,,人名,韩文音译
人名,易卜拉欣,,人名,沿用项目中文译名
人名,晨曦,,人名,沿用项目中文译名
人名,曼努埃尔,,人名,沿用项目中文译名
人名,本杰明,,人名,沿用项目中文译名
人名,朱比勒,,人名,韩文音译
人名,杰伊娜,,人名,韩文音译
人名,杰德,,人名,沿用项目中文译名
人名,杰拉尔,,人名,韩文音译
人名,格林,,人名,韩文音译
人名,格隆加斯特,,人名,韩文音译
人名,格雷普,,人名,韩文音译
人名,格鲁努伊,,人名,韩文音译
人名,梅扎伊,,人名,韩文音译
人名,梅特乌斯·希尔夫,,人名,韩文音译
人名,梅赛尔,,人名,沿用项目中文译名
人名,梅迪,,人名,韩文音译
人名,梅里贝尔,,人名,韩文音译
人名,武刚,,人名,沿用项目中文译名
人名,母德温,,人名,韩文音译
人名,比利克,,人名,韩文音译
人名,比奥雷尔,,人名,韩文音译
人名,比尔德,,人名,沿用项目中文译名
人名,比托,,人名,韩文音译
人名,比目鱼,,人名,沿用项目中文译名
人名,沃尔瓦兹,,人名,韩文音译
人名,法比乌斯,,人名,韩文音译
人名,泰玲,,人名,韩文音译
人名,洁姆,,人名,韩文音译
人名,洛基,,人名,沿用项目中文译名
人名,洛奇恩,,人名,韩文音译
人名,派因德尔,,人名,韩文音译
人名,流浪者比比,,人名,韩文音译
人名,海獭,,人名,沿用项目中文译名
人名,温德·海克曼,,人名,韩文音译
人名,特尔,,人名,韩文音译
人名,特尔菲茨,,人名,韩文音译
人名,特拉,,人名,韩文音译
人名,特森瑟,,人名,韩文音译
人名,特玲,,人名,韩文音译
人名,特罗班,,人名,韩文音译
人名,特里斯,,人名,韩文音译
人名,特雷泽罗,,人名,韩文音译
人名,玛丽安,,人名,韩文音译
人名,玛格丽塔,,人名,韩文音译
人名,玛莎,,人名,韩文音译
人名,珊瑚,,人名,沿用项目中文译名
人名,珍,,人名,沿用项目中文译名
人名,琳,,人名,沿用项目中文译名
人名,瓦伊斯利特,,人名,韩文音译
人名,瓦因,,人名,韩文音译
人名,瓦尔德斯,,人名,沿用项目中文译名
人名,瓦尔蒙特,,人名,沿用项目中文译名
人名,瓦津,,人名,韩文音译
人名,甘贝里,,人名,韩文音译
人名,白素珍,,人名,韩文音译
人名,皮埃尔,,人名,韩文音译
人名,盖修芬斯特,,人名,韩文音译
人名,盖菲尔,,人名,韩文音译
人名,真夏,,人名,韩文音译
人名,秋刀鱼,,人名,沿用项目中文译名
人名,穆夫,,人名,韩文音译
人名,穆莉,,人名,韩文音译
人名,米切尔,,人名,韩文音译
人名,米勒,,人名,韩文音译
人名,米哈伊尔,,人名,韩文音译
人名,米特迈尔,,人名,韩文音译
人名,索吉尔,,人名,韩文音译
人名,索尔蒂,,人名,韩文音译
人名,索莉丝,,人名,韩文音译
人名,纳加什·阿尔赛斯,,人名,韩文音译
人名,纽奥兹,,人名,韩文音译
人名,维克托,,人名,沿用项目中文译名
人名,维纽,,人名,韩文音译
人名,缪,,人名,韩文音译
人名,罗莎,,人名,韩文音译
人名,耶尔内,,人名,韩文音译
人名,聪明的牛角,,人名,沿用项目中文译名
人名,肖蒂,,人名,韩文音译
人名,胡克夏,,人名,韩文音译
人名,胡安,,人名,沿用项目中文译名
人名,舒马斯,,人名,韩文音译
人名,艾伦,,人名,韩文音译
人名,艾利奥特,,人名,韩文音译
人名,艾利赛尔,,人名,韩文音译
人名,艾基娜希娅,,人名,韩文音译
人名,艾尔,,人名,韩文音译
人名,艾斯梅拉达,,人名,韩文音译
人名,艾琳,,人名,韩文音译
人名,艾莉,,人名,沿用项目中文译名
人名,艾莉丝,,人名,韩文音译
人名,艾莉莎,,人名,韩文音译
人名,艾莉西亚,,人名,韩文音译
人名,艾莎,,人名,韩文音译
人名,芬皮,,人名,韩文音译
人名,芬里尔,,人名,沿用项目中文译名
人名,苏扎,,人名,韩文音译
人名,范·赫尔蒙特,,人名,韩文音译
人名,莉迪亚,,人名,韩文音译
人名,莫乔,,人名,韩文音译
人名,莫莉,,人名,韩文音译
人名,莫里斯,,人名,沿用项目中文译名
人名,莫里芬,,人名,韩文音译
人名,莱娜,,人名,沿用项目中文译名
人名,莱辛塞特,,人名,韩文音译
人名,菲凯拜恩,,人名,韩文音译
人名,菲舍尔,,人名,韩文音译
人名,菲莉,,人名,韩文音译
人名,萨满猫,,人名,沿用项目中文译名
人名,萨皮恩·莱利斯,,人名,韩文音译
人名,萨赫蒂,,人名,韩文音译
人名,蒂玲,,人名,韩文音译
人名,西奥多,,人名,韩文音译
人名,谢伊·斯莱尔,,人名,韩文音译
人名,谢兹,,人名,韩文音译
人名,谢尔,,人名,韩文音译
人名,谢琳,,人名,韩文音译
人名,贝塔莉,,人名,韩文音译
人名,贝尔卡塞尔,,人名,韩文音译
人名,贝尔菲诺,,人名,韩文音译
人名,贝尼,,人名,韩文音译
人名,贝罗,,人名,韩文音译
人名,赛尔,,人名,韩文音译
人名,赫尔墨斯,,人名,沿用项目中文译名
人名,赫尔曼松Jr.,,人名,保留项目写法
人名,达尔克斯,,人名,韩文音译
人名,达西亚,,人名,韩文音译
人名,迈亚,,人名,韩文音译
人名,迈纳,,人名,韩文音译
人名,迭戈,,人名,沿用项目中文译名
人名,道拉,,人名,沿用项目中文译名
人名,里佩加德,,人名,韩文音译
人名,里菲里,,人名,韩文音译
人名,金,,人名,沿用项目中文译名
人名,金咔嚓,,人名,韩文音译
人名,金拜,,人名,韩文音译
人名,金银芳,,人名,韩文音译
人名,银河,,人名,项目译名
人名,阿伦,,人名,韩文音译
人名,阿克,,人名,韩文音译
人名,阿卡特,,人名,韩文音译
人名,阿尔特艾森,,人名,韩文音译
人名,阿尔贝托,,人名,韩文音译
人名,阿拉甘Jr.,,人名,保留项目写法
人名,阿普萨尔,,人名,韩文音译
人名,阿诺里,,人名,韩文音译
人名,阿里安,,人名,韩文音译
人名,雷丁·科斯,,人名,韩文音译
人名,雷吉,,人名,韩文音译
人名,雷布罗,,人名,沿用项目中文译名
人名,雷扬·穆尔,,人名,韩文音译
人名,雷格拉斯,,人名,韩文音译
人名,雷诺,,人名,沿用项目中文译名
人名,雷诺娅,,人名,韩文音译
人名,霍尔格伦Jr.,,人名,保留项目写法
人名,露娜莉亚,,人名,韩文音译
人名,露恩,,人名,韩文音译
人名,飞鱼,,人名,沿用项目中文译名
人名,香雅,,人名,韩文音译
人名,马克·皮尔霍,,人名,韩文音译
人名,马夏,,人名,韩文音译
人名,马奇,,人名,韩文音译
人名,马尔布隆,,人名,韩文音译
人名,马希奥,,人名,韩文音译
人名,马德莱,,人名,韩文音译
人名,马雷努,,人名,韩文音译
人名,马面鱼,,人名,沿用项目中文译名
人名,马鲛鱼,,人名,沿用项目中文译名
人名,鲁伊克,,人名,韩文音译
人名,鲁奇,,人名,沿用项目中文译名
人名,鲁帕德,,人名,韩文音译
人名,鲁敏,,人名,韩文音译
人名,鲁根,,人名,沿用项目中文译名
人名,鲁滕伯格,,人名,韩文音译
人名,鳗鱼,,人名,沿用项目中文译名
人名,麦奇,,人名,韩文音译
人名,黑鱼,,人名,沿用项目中文译名
人名,강태공,姜太公,人名,钓鱼任务角色
人名,게레프,盖雷普,人名,任务人名音译
人名,고티,戈蒂,人名,任务角色
人名,그리즐리 그릴스,格里兹利·格里尔斯,人名,每月布里甘任务角色
人名,김머니,金莫尼,人名,巧克力任务角色
人名,나데즈다,纳杰兹达,人名,王室狩猎大赛角色
人名,난나비,南娜比,人名,甜瓜节任务角色
人名,니르엔,尼尔恩,人名,任务人名音译
人名,닐렘,尼勒姆,人名,格拉斯特海姆任务角色
人名,라벤더,薰衣草,人名,甜瓜节任务角色
人名,레긴레이브,雷金莱芙,人名,沿用官方译名
人名,로레체,洛雷切,人名,任务 NPC 译名
人名,로키,洛基,人名,魔法大赛相关角色
人名,루루판트,露露潘特,人名,任务 NPC 译名
人名,리디아,莉迪亚,人名,魔法大赛相关角色
人名,릴리,莉莉,人名,任务 NPC 译名
人名,릴리 블랑,莉莉·布朗,人名,朱诺任务角色
人名,마리아 모레브나,玛丽亚·莫列芙娜,人名,任务链人名音译
人名,막심,马克西姆,人名,任务 NPC 译名
人名,말리 더 스파이씨,玛莉·辣妹,人名,任务人名译名
人名,말브론,马尔布隆,人名,弓箭手教学角色
人名,모르피셔스,莫菲斯,人名,沿用项目中文译名
人名,모리아네,莫莉安,人名,装备名称
人名,바바야가,巴巴雅加,人名,任务链人名音译
人名,번하드,班哈德,人名,次元裂隙任务角色
人名,사라,莎拉,人名,沿用官方译名
人名,살그란,萨尔格兰,人名,任务人名音译
人名,세이럼,赛拉姆,人名,任务 NPC 译名
人名,세이휴,赛休,人名,幻影之城任务角色
人名,센트레아,森特莉亚,人名,任务角色
人名,슈미츠,施密茨,人名,沿用音译名
人名,슈피겔,施皮格尔,人名,普隆德拉治安队长
人名,스베리,斯韦里,人名,任务角色
人名,써니킴,桑妮金,人名,每月布里甘任务角色
人名,아를르 오를레앙,阿尔勒·奥尔良,人名,签名会任务角色
人名,아이리스,爱丽丝,人名,魔法大赛相关角色
人名,아이젠아너,艾森哈纳,人名,任务 NPC 译名
人名,알퀴엔,阿尔奎恩,人名,稳定中文音译
人名,앙그르보다,安格布罗达,人名,任务链人名音译
人名,액토,艾克托,人名,配送任务收货人
人名,어니스트,欧内斯特,人名,任务 NPC 译名
人名,에드워드,爱德华,人名,任务 NPC 译名
人名,에류스,艾留斯,人名,任务角色
人名,에이미,艾米,人名,任务 NPC 译名
人名,엘렌,艾伦,人名,配送任务收货人
人名,엘론드 로렌스,埃隆德·劳伦斯,人名,王室十字军角色
人名,엘류미나,艾尔米娜,人名,幻影之城任务角色
人名,엘리,艾莉,人名,任务角色
人名,엘리제,艾莉泽,人名,服务 NPC 名称
人名,우하리,乌哈里,人名,任务角色
人名,우후루,乌胡鲁,人名,任务角色
人名,유사랑,柳莎朗,人名,巧克力任务角色
人名,유제니,尤金妮,人名,任务 NPC 译名
人名,장하성,张夏成,人名,王室狩猎大赛角色
人名,지라니,吉拉尼,人名,任务角色
人名,지크프리드,齐格菲里德,人名,沿用项目中文译名
人名,질리언,吉莉安,人名,任务 NPC 译名
人名,질풍,疾风,人名,马伦多任务角色
人名,카라카스,卡拉卡斯,人名,贤者资格考试角色
人名,카츄아,卡秋娅,人名,沿用官方译名
人名,케로첼,凯罗切尔,人名,每月布里甘任务角色
人名,케이아스,凯阿斯,人名,魔法大赛相关角色
人名,코끼링,大象林,人名,莫拉任务角色
人名,코쉐이,科谢伊,人名,任务链人名音译
人名,코코,可可,人名,老鼠灵魂碎片任务目标
人名,쿠 훌린,库胡林,人名,装备描述
人名,쿠세킬리,库塞基利,人名,任务 NPC 译名
人名,큐크,库克,人名,配送任务收货人
人名,타로우,塔洛,人名,老鼠灵魂碎片任务目标
人名,토토,托托,人名,任务角色
人名,트라프,特拉普,人名,每月布里甘任务角色
人名,티발트,蒂瓦尔特,人名,任务 NPC 译名
人名,파인만,费曼,人名,装备制作任务角色
人名,폰테스,丰特斯,人名,任务 NPC 译名
人名,폼페,庞佩,人名,任务角色
人名,프라우니,普劳妮,人名,任务 NPC 译名
人名,프레이야,芙蕾雅,人名,沿用项目中文译名
人名,피아멧트,皮亚梅特,人名,道具名称
人名,하인리히,海因里希,人名,皇家卫士任务角色
人名,한돌이,韩多尔,人名,任务角色
人名,핫챠,哈查,人名,莫拉任务角色
人名,햄식이,汉西克,人名,任务角色
人名,헬덴,赫尔登,人名,任务 NPC 译名
人名,헬리온,赫利翁,人名,沿用项目中文译名
人名,후긴,赫金,人名,沿用官方译名
人名/地点,루나인,露娜因,人名/地点,梦魇吉特巴克任务相关名称
人名/首领,안쿠,安库,人名/首领,悬赏任务目标
人物/系列名,바르문트,巴尔蒙特,人物/系列名,沿用项目稳定中文译名
人物名,냐스,喵斯,人物名,任务 NPC 名称
人物名,버코너워,巴库纳瓦,人物名,沿用官方译名
人物名,별사탕,星星糖,人物名,任务 NPC 名称
人物名,사라 아이린,萨拉·艾琳,人物名,成就文本中的玩家可见名称
人物名,에기르,埃吉尔,人物名,沿用官方译名
人物名,엘레나 볼코바,叶莲娜·沃尔科娃,人物名,任务 NPC 名称
任务名,환영의 서,幻影之书,任务名,任务名称统一译名
名称,기간테스,巨人泰斯,名称,任务目标
地区名,룬 미드가츠,卢恩－米德加兹,地区名,成就地区统一译名
地区名,룬-미드가츠,卢恩－米德加兹,地区名,统一地区译名
地区名,슈발츠발드,施瓦茨瓦尔德,地区名,地图名称
地名,kRO OngoingQuestInfoList chunk-0030,无名岛,地名,沿用已登记译名
地名,kRO OngoingQuestInfoList_True chunk-0015,尤佩罗斯,地名,沿用已登记译名
地名,kRO OngoingQuestInfoList_True chunk-0023,拉扎尼亚,地名,沿用已登记译名
地名,伊格德拉希尔,,地名,沿用项目中文译名
地名,克拉纳·涅米耶里,,地名,沿用项目中文译名
地名,共同体,,地名,沿用项目中文译名
地名,卢纳港,,地名,沿用项目中文译名
地名,基尔·海因,,地名,沿用项目中文译名
地名,塞斯鲁姆尼尔,,地名,韩文音译
地名,布贡瓦,,地名,韩文音译
地名,帕普奇卡森林,,地名,韩文音译
地名,拉赫,,地名,沿用项目中文译名
地名,拉雷德,,地名,韩文音译
地名,斯卡拉巴洞穴,,地名,沿用项目中文译名
地名,斯普兰迪德,,地名,沿用项目中文译名
地名,格拉斯特海姆,,地名,沿用项目中文译名
地名,灰狼之森,,地名,沿用项目中文译名
地名,艾可拉珠,,地名,韩文音译
地名,阿尔弗海姆,,地名,沿用项目中文译名
地名,阿米希蒂亚,,地名,韩文音译
地名,马洛尔,,地名,韩文音译
地名,거북섬,乌龟岛,地名,kRO 地图导航显示名
地名,락 릿지,岩脊,地名,任务文本稳定译名
地名,루티에,卢迪,地名,kRO 地图导航显示名
地名,브라질리스,巴西利斯,地名,任务文本稳定译名
地名,아마쯔,天津,地名,kRO 地图导航显示名
地名,알데바란,艾尔帕兰,地名,kRO 地图显示名
地名,야요타야,雅戈泰,地名,kRO 地图导航显示名
地名,용지성,龙之城,地名,kRO 地图导航显示名
地名,이즈루드,伊兹鲁德,地名,kRO 地图显示名
地名,청림호수,青林湖,地名,kRO 地图显示名
地名,쿤룬,昆仑,地名,kRO 地图导航显示名
地名,페이욘,斐扬,地名,kRO 地图显示名
地名,포트 말라야,马来港,地名,地图与任务篇章名称
地名,프론테라,普隆德拉,地名,kRO 地图显示名
地点,마신의 탑,魔神之塔,地点,kRO 地图显示名
地点,미드가르드,米德加尔特,地点,道具名称稳定译名
地点,발할라,瓦尔哈拉,地点,时装名称稳定译名
地点,생체 실험동,生体实验栋,地点,kRO 地图显示名
地点,찰스턴 공장,查尔斯顿工厂,地点,副本名称
地点/组织,레겐쉬름,雷根希尔姆,地点/组织,装备改造研究所名称
地点名,特鲁瓦,,地点名,项目译名
地点名,거북이 섬,海龟岛,地点名,任务地点统一译名
地点名,게페니아,吉芬尼亚,地点名,沿用项目中文译名
地点名,게펜,吉芬,地点名,沿用稳定中文译名
地点名,글래스트 헤임,格拉斯特海姆,地点名,沿用项目中文译名
地点名,글래스트헤임,格拉斯特海姆,地点名,沿用稳定中文译名
地点名,니플헤임,尼弗海姆,地点名,沿用项目中文译名
地点名,라헬,拉赫尔,地点名,沿用项目中文译名
地点名,리히타르젠,丽赫泰拉,地点名,地区任务地点统一译名
地点名,마누크,马努克,地点名,任务地点名称
地点名,말랑도,马兰岛,地点名,任务地点统一译名
地点名,모로크,梦罗克,地点名,沿用稳定中文译名
地点名,모스코비아,莫斯科比亚,地点名,沿用项目中文译名
地点名,바르문트 저택,巴尔蒙特宅邸,地点名,道具说明中的地点名称
地点名,비프로스트,彩虹桥,地点名,地图名称统一译名
地点名,생체 실험 연구소,生体实验研究所,地点名,沿用项目中文译名
地点名,소그라트 사막,苏格拉特沙漠,地点名,成就地点名称
地点名,스플랑디드,斯普兰迪德,地点名,任务地点统一译名
地点名,아루나펠츠,阿鲁纳佩尔兹,地点名,沿用项目中文译名
地点名,아요타야,阿马茨,地点名,沿用项目中文译名
地点名,아인베흐,艾音贝赫,地点名,任务地点统一译名
地点名,아인브로크,艾因布洛克,地点名,地图名称
地点名,알베르타,阿尔贝塔,地点名,沿用稳定中文译名
地点名,어비스 호수,深渊湖,地点名,沿用项目中文译名
地点名,에클라쥬,艾可拉珠,地点名,任务地点统一译名
地点名,엘 디카스테스,艾尔迪卡斯特,地点名,任务地点名称
地点名,오딘 신전,奥丁神殿,地点名,沿用项目中文译名
地点名,오즈의 미로,奥兹迷宫,地点名,任务地点统一译法
地点名,요툰헤임,约顿海姆,地点名,地区任务地点统一译名
地点名,유페로스,尤佩罗斯,地点名,地图名称
地点名,코로도,科洛多,地点名,活动地点名统一译法
地点名,코모도,科摩多,地点名,活动地点统一译名
地点名,크리투라 아카데미,克里图拉学院,地点名,地图名称
地点名,크리투라 학원,克里图拉学院,地点名,沿用稳定中文译名
地点名,타나토스,塔纳托斯,地点名,地区任务地点统一译名
地点名,타나토스 타워,塔纳托斯塔,地点名,沿用项目中文译名
地点名,트루아,特鲁瓦,地点名,沿用音译名
地点名,포링마을,波利村,地点名,任务地点统一译法
地点名,회색 늑대 마을,灰狼村,地点名,任务地点统一译法
地点名,회색늑대의 숲,灰狼森林,地点名,任务地点名称
实验体名,YSF01,YSF01,实验体名,保留代码化名称
家族名,乔沃格博格,,家族名,韩文音译
家族名,卡佩尔塔,,家族名,韩文音译
家族名,尼利乌斯,,家族名,韩文音译
家族名,海涅,,家族名,韩文音译
家族名,理查德,,家族名,沿用项目中文译名
家族名,瓦尔特,,家族名,韩文音译
家族名,维格纳,,家族名,韩文音译
家族名,罗希米尔,,家族名,韩文音译
家族名,雷文布鲁格,,家族名,韩文音译
家族名称,리하르트,理查德,家族名称,理查德王室
怪物名,不正者,,怪物名,沿用项目中文译名
怪物名,乌贼,,怪物名,沿用项目中文译名
怪物名,伪装怪,,怪物名,沿用项目中文译名
怪物名,傀儡娃娃,,怪物名,沿用项目中文译名
怪物名,兽人女王,,怪物名,沿用项目中文译名
怪物名,兽人宝宝,,怪物名,沿用项目中文译名
怪物名,兽人战士,,怪物名,沿用项目中文译名
怪物名,加斯特,,怪物名,沿用项目中文译名
怪物名,卡利斯格,,怪物名,沿用项目中文译名
怪物名,卡霍,,怪物名,沿用项目中文译名
怪物名,卢西奥拉维斯帕,,怪物名,沿用项目中文译名
怪物名,双角斯卡拉巴,,怪物名,沿用项目中文译名
怪物名,变异孢子,,怪物名,沿用项目中文译名
怪物名,变态章鱼,,怪物名,沿用项目中文译名
怪物名,叶子疯兔,,怪物名,沿用项目中文译名
怪物名,叶猫,,怪物名,沿用项目中文译名
怪物名,哈比,,怪物名,沿用项目中文译名
怪物名,地面小恶魔,,怪物名,沿用项目中文译名
怪物名,塔洛乌,,怪物名,韩文音译
怪物名,多洛美德斯,,怪物名,韩文音译
怪物名,大嘴鸟,,怪物名,沿用项目中文译名
怪物名,天下大将军,,怪物名,沿用项目中文译名
怪物名,头目伊希拉,,怪物名,沿用项目中文译名
怪物名,头目多洛美德斯,,怪物名,沿用项目中文译名
怪物名,头目死灵,,怪物名,沿用项目中文译名
怪物名,头目监视者,,怪物名,沿用项目中文译名
怪物名,头目米明,,怪物名,沿用项目中文译名
怪物名,头目艾基奥,,怪物名,沿用项目中文译名
怪物名,头目远古拟态,,怪物名,沿用项目中文译名
怪物名,妖仙女,,怪物名,沿用项目中文译名
怪物名,娜迦,,怪物名,沿用项目中文译名
怪物名,安德烈,,怪物名,沿用项目中文译名
怪物名,小帕图姆,,怪物名,沿用项目中文译名
怪物名,小管理员,,怪物名,项目译名
怪物名,小鸡,,怪物名,沿用项目中文译名
怪物名,尼芬得斯,,怪物名,沿用项目中文译名
怪物名,山兔兔,,怪物名,沿用项目中文译名
怪物名,山羊,,怪物名,沿用项目中文译名
怪物名,巴巴亚嘎,,怪物名,韩文音译
怪物名,巴索里,,怪物名,沿用项目中文译名
怪物名,希尔斯里昂,,怪物名,韩文音译
怪物名,希特,,怪物名,沿用项目中文译名
怪物名,希罗玛,,怪物名,韩文音译
怪物名,帕莎纳,,怪物名,沿用项目中文译名
怪物名,帽子主人,,怪物名,沿用项目中文译名
怪物名,幻影亡灵,,怪物名,沿用项目中文译名
怪物名,幽灵,,怪物名,沿用项目中文译名
怪物名,幽灵型梦罗克化身,,怪物名,沿用项目中文译名
怪物名,弗里奥尼,,怪物名,项目译名
怪物名,强壮的哥布灵,,怪物名,沿用项目中文译名
怪物名,强壮的死亡之剑,,怪物名,沿用项目中文译名
怪物名,强壮的瑞德力克,,怪物名,沿用项目中文译名
怪物名,强壮的艾希德斯,,怪物名,沿用项目中文译名
怪物名,强壮的谢希尔恶魔,,怪物名,沿用项目中文译名
怪物名,强壮的雪人,,怪物名,沿用项目中文译名
怪物名,强壮的黑暗芬古里拉,,怪物名,沿用项目中文译名
怪物名,德古拉,,怪物名,沿用项目中文译名
怪物名,德拉科,,怪物名,沿用项目中文译名
怪物名,惠君,,怪物名,韩文音译
怪物名,愤怒的小帕图姆,,怪物名,沿用项目中文译名
怪物名,愤怒的梅佐尤洛斯,,怪物名,沿用项目中文译名
怪物名,愤怒的梦魇恐惧,,怪物名,沿用项目中文译名
怪物名,愤怒的游荡者,,怪物名,沿用项目中文译名
怪物名,愤怒的贝纳图,,怪物名,沿用项目中文译名
怪物名,愤怒的费罗斯,,怪物名,沿用项目中文译名
怪物名,拉佛勒西亚,,怪物名,沿用项目中文译名
怪物名,拉链熊,,怪物名,沿用项目中文译名
怪物名,摇滚蝗虫,,怪物名,沿用项目中文译名
怪物名,斯泰福,,怪物名,韩文音译
怪物名,时钟,,怪物名,沿用项目中文译名
怪物名,春兔,,怪物名,沿用项目中文译名
怪物名,月夜花,,怪物名,项目译名
怪物名,朋克,,怪物名,沿用项目中文译名
怪物名,木乃伊,,怪物名,沿用项目中文译名
怪物名,杜拉汉,,怪物名,沿用项目中文译名
怪物名,柳树,,怪物名,沿用项目中文译名
怪物名,梅佐尤洛斯,,怪物名,韩文音译
怪物名,梦魇,,怪物名,沿用项目中文译名
怪物名,毒孢子,,怪物名,沿用项目中文译名
怪物名,毒蛇,,怪物名,沿用项目中文译名
怪物名,沙沙螃蟹,,怪物名,沿用项目中文译名
怪物名,沙漠幼狼,,怪物名,沿用项目中文译名
怪物名,法米利亚,,怪物名,沿用项目中文译名
怪物名,波波利,,怪物名,沿用项目中文译名
怪物名,泥泥蛤,,怪物名,沿用项目中文译名
怪物名,泥浆型梦罗克化身,,怪物名,沿用项目中文译名
怪物名,洛温,,怪物名,韩文音译
怪物名,涅瑞伊德,,怪物名,韩文音译
怪物名,深渊骑士,,怪物名,沿用项目中文译名
怪物名,清扫机器人Ω,,怪物名,沿用项目中文译名
怪物名,游荡的卢西奥拉维斯帕,,怪物名,沿用项目中文译名
怪物名,游荡的抚慰者,,怪物名,沿用项目中文译名
怪物名,游荡的鹿角斯卡拉巴,,怪物名,沿用项目中文译名
怪物名,游荡者,,怪物名,沿用项目中文译名
怪物名,游荡胡萝卜,,怪物名,沿用项目中文译名
怪物名,溴化物魔像,,怪物名,沿用项目中文译名
怪物名,火焰岩石,,怪物名,沿用项目中文译名
怪物名,火焰普利多拉,,怪物名,沿用项目中文译名
怪物名,火焰沙人,,怪物名,沿用项目中文译名
怪物名,火焰秃鹰,,怪物名,沿用项目中文译名
怪物名,独角斯卡拉巴,,怪物名,沿用项目中文译名
怪物名,猎人沙漠狼,,怪物名,沿用项目中文译名
怪物名,猎蝇,,怪物名,沿用项目中文译名
怪物名,玛尔杜克,,怪物名,沿用项目中文译名
怪物名,瑞德力克,,怪物名,沿用项目中文译名
怪物名,瑞德力克弓箭手,,怪物名,沿用项目中文译名
怪物名,瓦尔基里型梦罗克化身,,怪物名,沿用项目中文译名
怪物名,甜罗达蛙,,怪物名,沿用项目中文译名
怪物名,甜蜜梦魇,,怪物名,沿用项目中文译名
怪物名,瘟疫,,怪物名,沿用项目中文译名
怪物名,皮耶尔,,怪物名,韩文音译
怪物名,盗虫,,怪物名,沿用项目中文译名
怪物名,矿石,,怪物名,沿用项目中文译名
怪物名,秃鹰,,怪物名,沿用项目中文译名
怪物名,科尔努斯,,怪物名,沿用项目中文译名
怪物名,穆纳克,,怪物名,沿用项目中文译名
怪物名,立方体,,怪物名,沿用项目中文译名
怪物名,米明,,怪物名,韩文音译
怪物名,索利德,,怪物名,沿用项目中文译名
怪物名,维塔塔,,怪物名,沿用项目中文译名
怪物名,老式火枪手,,怪物名,沿用项目中文译名
怪物名,耙角斯卡拉巴,,怪物名,沿用项目中文译名
怪物名,芬古里拉,,怪物名,韩文音译
怪物名,苏希,,怪物名,沿用项目中文译名
怪物名,草原法布尔,,怪物名,沿用项目中文译名
怪物名,蒲公英,,怪物名,沿用项目中文译名
怪物名,藤蔓狮鹫,,怪物名,沿用项目中文译名
怪物名,蛇身龙,,怪物名,沿用项目中文译名
怪物名,蜂兵,,怪物名,沿用项目中文译名
怪物名,蜈蚣,,怪物名,沿用项目中文译名
怪物名,蜈蚣幼虫,,怪物名,沿用项目中文译名
怪物名,蠕虫尾巴,,怪物名,沿用项目中文译名
怪物名,血腥骑士,,怪物名,沿用项目中文译名
怪物名,达达丘,,怪物名,韩文音译
怪物名,迅捷的僵尸屠杀者,,怪物名,沿用项目中文译名
怪物名,迅捷的冰泰坦,,怪物名,沿用项目中文译名
怪物名,迅捷的哥布灵弓箭手,,怪物名,沿用项目中文译名
怪物名,迅捷的女妖,,怪物名,沿用项目中文译名
怪物名,迅捷的希尔温德,,怪物名,沿用项目中文译名
怪物名,迅捷的瑞德力克,,怪物名,沿用项目中文译名
怪物名,迅捷的蜈蚣,,怪物名,沿用项目中文译名
怪物名,迅捷的迪米克,,怪物名,沿用项目中文译名
怪物名,迅捷的阿加夫,,怪物名,沿用项目中文译名
怪物名,邪恶德鲁伊,,怪物名,沿用项目中文译名
怪物名,里比奥,,怪物名,沿用项目中文译名
怪物名,野蜂,,怪物名,沿用项目中文译名
怪物名,金属波利,,怪物名,沿用项目中文译名
怪物名,镇魂者,,怪物名,沿用项目中文译名
怪物名,闹钟,,怪物名,沿用项目中文译名
怪物名,雅米人偶,,怪物名,韩文音译
怪物名,霍尔登,,怪物名,韩文音译
怪物名,食人花,,怪物名,沿用项目中文译名
怪物名,食人鱼,,怪物名,沿用项目中文译名
怪物名,驱魔师型梦罗克化身,,怪物名,沿用项目中文译名
怪物名,骑士长,,怪物名,沿用项目中文译名
怪物名,骷髅,,怪物名,沿用项目中文译名
怪物名,骷髅龙,,怪物名,项目译名
怪物名,高鲁卓斯特,,怪物名,韩文音译
怪物名,鬼怪,,怪物名,沿用项目中文译名
怪物名,鬼火,,怪物名,沿用项目中文译名
怪物名,魔王爪牙,,怪物名,沿用项目中文译名
怪物名,鱼人,,怪物名,沿用项目中文译名
怪物名,鳄鱼,,怪物名,沿用项目中文译名
怪物名,鹿角斯卡拉巴,,怪物名,沿用项目中文译名
怪物名,黄色诺巴斯,,怪物名,沿用项目中文译名
怪物名,黑暗之影,,怪物名,沿用项目中文译名
怪物名,黑暗祭司,,怪物名,沿用项目中文译名
怪物名,黑暗芬古里拉,,怪物名,沿用项目中文译名
怪物名,黑暗领主,,怪物名,沿用项目中文译名
怪物名,黑曜石,,怪物名,沿用项目中文译名
怪物名,龙尾,,怪物名,沿用项目中文译名
怪物名,바포메트,巴风特,怪物名,成就文本中的玩家可见名称
怪物名,빅풋,大脚熊,怪物名,成就文本中的玩家可见名称
怪物名,셀린느 키미,塞琳娜·基米,怪物名,成就文本中的玩家可见名称
怪物名,암다라이스,安达拉曼,怪物名,成就文本中的玩家可见名称
怪物名,월야화,月夜花,怪物名,沿用稳定中文译名
怪物名,절망의 신 모로크,绝望之神梦罗克,怪物名,成就文本中的玩家可见名称
怪物名,페이스웜 퀸,脸虫女王,怪物名,成就文本中的玩家可见名称
怪物名,페코페코,大嘴鸟,怪物名,沿用项目中文译名
怪物名,흑사왕,黑蛇王,怪物名,沿用项目中文译名
战斗名,弗拉维乌斯,,战斗名,韩文音译
技能名,慧眼,,技能名,沿用项目中文译名
技能名,배니싱 포인트,致命伤害点,技能名,沿用项目技能译名
技能名,사이킥 웨이브,念力冲击,技能名,沿用项目技能译名
技能名,엘레멘탈 체인지,元素变换,技能名,技能名统一译法
技能名,포이즌 버스터,毒液爆发,技能名,按技能语义翻译
据点名,글로리아,格洛丽亚,据点名,城战任务统一译名
据点名,발프레이야,瓦尔弗雷亚,据点名,城战任务统一译名
据点名,카프라가텐,卡普拉加滕,据点名,城战任务统一译名
植物名,半花,,植物名,沿用项目中文译名
植物名,猪笼草,,植物名,沿用项目中文译名
植物名,마스테라,玛丝黛拉,植物名,沿用项目中文译名
植物名,히나레,希娜蕾,植物名,沿用项目中文译名
歌曲名,金属之声,,歌曲名,沿用项目中文译名
武器名,가시철사 채찍,铁丝鞭,武器名,按武器名称翻译
武器名,나르시스 보우,水仙弓,武器名,沿用英雄武器语义译名
武器名,등뒤를 베는자,背刺者,武器名,租借武器名称
武器名,메테오 스트라이커,流星打击者,武器名,按技能语义翻译
武器名,무라마사,村正,武器名,租借武器名称
武器名,소라고둥 나팔,海螺号角,武器名,按武器名称翻译
武器名,스칼렛 드래곤 레더보우,猩红龙皮长弓,武器名,按武器名称翻译
武器名,슬레이트 소드,石板剑,武器名,按武器名称翻译
武器名,아슈라,阿修罗,武器名,沿用项目中文译名
武器名,엑스칼리버,王者之剑,武器名,租借武器名称
武器名,왕가의 활,王家之弓,武器名,沿用英雄武器语义译名
武器名,카이저너클,凯撒拳套,武器名,租借武器名称
武器名,홍련의 검,绯红之剑,武器名,沿用英雄武器语义译名
武器类型,너클,拳套,武器类型,统一武器类型译法
武器类型,창,矛,武器类型,统一武器类型译法
活动名,추수제,收获祭,活动名,活动任务统一译名
物品名,별빛의 흐느낌,星光的呜咽,物品名,任务链物品名统一译法
物品名,아홉 세계의 권위,九界的权威,物品名,任务链物品名统一译法
物品名,에너지결정,能量结晶,物品名,任务材料名统一译法
物品名,이그드라실 열매,世界树果实,物品名,任务物品名称
矿物名,赫塔利姆,,矿物名,韩文音译
矿石名,오리데오콘,奥利德奥孔,矿石名,沿用项目中文译名
神名,芙蕾雅,,神名,沿用项目中文译名
种族名,乌坦族,,种族名,沿用项目中文译名
种族名,巨石族,,种族名,沿用项目中文译名
种族名,萨帕,,种族名,韩文音译
种族名,도람,多兰,种族名,沿用项目中文译名
种族名,라피네,拉菲妮,种族名,沿用项目中文译名
篇章名称,메모리레코드,记忆记录,篇章名称,Episode 15.2
篇章名称,판타스마고리카,幻影梦境,篇章名称,Episode 15.1
系统名,PvP,PvP,系统名,系统名称保留原样
系统术语,일루전,幻象,系统术语,幻影副本与提示分类名称
系统术语,큐펫,宠物,系统术语,沿用客户端宠物系统译法
系统术语,특수인챈트,特殊附魔,系统术语,itemInfo_true chunk-0066
系统术语,풀 페니트레이션 쉐도우,全穿透影子,系统术语,影子装备套装名
组织,현상금 연합,悬赏联合会,组织,悬赏任务组织
组织名,kRO OngoingQuestInfoList chunk-0001,沃姆教授,组织名,稳定中文译名
组织名,kRO OngoingQuestInfoList chunk-0006,蛙王七世,组织名,稳定中文译名
组织名,kRO OngoingQuestInfoList chunk-0022,洛克里奇,组织名,稳定中文译名
组织名,雷肯贝尔,,组织名,沿用项目中文译名
组织名,나눔의 손길,分享之手,组织名,援助活动组织名统一译法
组织名,낙원단,乐园团,组织名,委托任务统一译名
组织名,낙향단,归乡团,组织名,活动组织名统一译法
组织名,너구리 만세단,浣熊万岁团,组织名,节日任务组织名统一译法
组织名,레켄베르,雷根贝勒,组织名,沿用官方译名
组织名,삼국 연합 조사단,三国联合调查团,组织名,组织名统一译法
组织名,일루시온,伊露希温,组织名,沿用项目中文译名
组织名,카프라,卡普拉,组织名,沿用项目中文译名
职业/角色,영혼의인도자,灵魂引导者,职业/角色,失踪者搜索任务角色
职业名,太阳、月亮与星星的战士,,职业名,沿用项目中文译名
职业名,术士,,职业名,沿用项目中文译名
职业名,超级初心者,,职业名,沿用项目中文译名
职业名,노비스,初心者,职业名,沿用项目中文译名
职业名,로얄가드,皇家卫队,职业名,职业石名称统一译名
职业名,룬나이트,符文骑士,职业名,转职任务统一译名
职业名,리벨리온,叛乱者,职业名,任务职业统一译名
职业名,민스트럴 송,宫廷乐师宋,职业名,任务角色统一译名
职业名,소서러,元素使,职业名,职业石名称统一译名
职业名,원더러、민스트럴,舞娘吟游诗人,职业名,职业石名称统一译名
职业名,제네릭,基因学者,职业名,职业石名称统一译名
职业名,치안대원,治安队员,职业名,任务职业名统一译法
职业名,치안대장,治安队长,职业名,任务职业名统一译法
职位,大师,,职位,沿用项目中文译名
职位,战场大师,,职位,沿用项目中文译名
职位,攻城大师,,职位,沿用项目中文译名
职位,猎人公会会长,,职位,沿用项目中文译名
职位,米德加尔特联盟警卫队长,,职位,沿用项目中文译名
职位,组队招募大师,,职位,沿用项目中文译名
职位,节庆委员长,,职位,沿用项目中文译名
职位,魔力探测装置管理员,,职位,沿用项目中文译名
职位名,诺顿,,职位名,韩文音译
船名,康·基利纳号,,船名,沿用项目中文译名
装备名,时间守护者长袍,,装备名,沿用项目中文译名
装备名,무중암영,无中暗影,装备名,沿用音译意译名
装备名,바야니 버코너워 비늘 갑옷,巴亚尼巴库纳瓦鳞甲,装备名,统一装备译名
装备名,베스퍼,维斯帕,装备名,沿用项目中文译名
装备名,베스퍼코어,维斯帕核心,装备名,饰品名称统一译名
装备名,브륀힐트,布伦希尔德,装备名,沿用官方译名
装备名,스테빌리티 쉴드 쉐도우,稳定盾牌影子,装备名,统一状态抗性译名
装备名,시즈 로브,攻城长袍,装备名,统一装备译名
装备名,시즈 슈츠,攻城战斗服,装备名,统一装备译名
装备名,시즈 플레이트,攻城铠甲,装备名,统一装备译名
装备名,아스프리카,阿斯普里卡,装备名,沿用项目中文译名
装备名,요르문간드,约尔姆冈德,装备名,沿用稳定中文译名
装备名,타나토스의 목걸이,塔纳托斯项链,装备名,kRO 装备名
装备名,특수 닌자 슈츠,特殊忍者服,装备名,统一装备译名
装备名,피데스,菲德斯,装备名,图纸名称统一译名
装备名称,레이싱 캡,竞速帽,装备名称,itemInfo_true chunk-0066
装备类别,쉐도우 장비,影子装备,装备类别,统一装备类别译名
装备类别,오토매틱 개량 장치,自动改良装置,装备类别,自动模块道具名称
装备系列,고대 영웅,古代英雄,装备系列,武器与道具系列名称
装备系列,부스터,增幅,装备系列,活动装备与礼包名称
装备系列,시간의 초월자,超越时间者,装备系列,道具名称与影子装备系列
装备系列名,드래곤 스케일,龙鳞,装备系列名,统一装备译名
装备系列名,레지아,雷吉亚,装备系列名,沿用音译名
装备系列名,베어러즈,承受者,装备系列名,统一装备系列译名
装备系列名,베이시스,基础,装备系列名,统一属性系列译名
装备系列名,비바투스,维瓦图斯,装备系列名,沿用项目稳定译名
装备系列名,비바투스 피데스,维瓦图斯·菲德斯,装备系列名,沿用项目稳定译名
装备系列名,사념,心念,装备系列名,统一装备系列译名
装备系列名,사하릭,撒哈力,装备系列名,沿用音译名
装备系列名,스펠플로우,法术流动,装备系列名,统一装备系列译名
装备系列名,아둘테르,阿杜尔特尔,装备系列名,沿用项目稳定译名
装备系列名,아둘테르 피데스,阿杜尔特尔·菲德斯,装备系列名,沿用项目稳定译名
装备系列名,젬스톤 쉐도우,宝石影子,装备系列名,统一装备系列译名
装备系列名,진홍,绯红,装备系列名,统一装备系列译名
装备系列名,페니텐티아,佩尼忒提亚,装备系列名,按音译登记
装备限制,전직업,全职业,装备限制,itemInfo_true chunk-0050
角色名,GM 씨앗,GM种子,角色名,活动角色名统一译法
角色名,GM 열매,GM果实,角色名,活动角色名统一译法
设施名,대장간,铁匠铺,设施名,城镇 NPC 类型名称
设施名,도구점,道具店,设施名,城镇 NPC 类型名称
设施名,무기점,武器店,设施名,城镇 NPC 类型名称
设施名,방어구점,防具店,设施名,城镇 NPC 类型名称
设施名,상점,商店,设施名,城镇 NPC 类型名称
设施名,스타일링샵,造型店,设施名,城镇 NPC 类型名称
设施名,안내원,向导,设施名,城镇 NPC 类型名称
设施名,여관,旅馆,设施名,城镇 NPC 类型名称
设施名,편의서비스,便利服务,设施名,城镇 NPC 类型名称
货币名,제니,Zeny,货币名,沿用项目保留项
赛事名,RWC,RWC,赛事名,保留赛事缩写
道具,환상석,幻影石,道具,幻影副本兑换材料
道具/货币名,kRO tipbox chunk-0003,无名岛,道具/货币名,稳定中文译名
道具名,3월의 의상 인챈트스톤 뚝딱상자,3月服装附魔石即开箱,道具名,kRO 道具名
道具名,云朵绒毛,,道具名,沿用项目中文译名
道具名,刺猬的刺,,道具名,沿用项目中文译名
道具名,卡鲁涅克,,道具名,韩文音译
道具名,啪嗒啪嗒草,,道具名,韩文音译
道具名,坚硬的角,,道具名,沿用项目中文译名
道具名,大地之精华,,道具名,沿用项目中文译名
道具名,巴吉拉克,,道具名,韩文音译
道具名,晒干的星星,,道具名,沿用项目中文译名
道具名,栗子红薯,,道具名,沿用项目中文译名
道具名,毒蘑菇孢子,,道具名,沿用项目中文译名
道具名,沙德奥尼克斯,,道具名,韩文音译
道具名,火焰心脏,,道具名,沿用项目中文译名
道具名,灵验的爪子,,道具名,沿用项目中文译名
道具名,玛丝黛拉果实,,道具名,沿用项目中文译名
道具名,盗虫卵,,道具名,沿用项目中文译名
道具名,红薯,,道具名,沿用项目中文译名
道具名,蛹壳,,道具名,沿用项目中文译名
道具名,迪特里敏,,道具名,沿用项目中文译名
道具名,魔力之角,,道具名,沿用项目中文译名
道具名,魔法烘干机,,道具名,沿用项目中文译名
道具名,간장 비빔 국수,酱油拌面,道具名,按料理名称翻译
道具名,고양이건빵,猫咪饼干,道具名,任务道具统一译名
道具名,대장장이의 축복,铁匠的祝福,道具名,沿用精炼系统译名
道具名,듀러블 쉐도우 뚝딱상자,坚韧影子啪嗒箱,道具名,按影子装备语境翻译
道具名,마칭햇,行军帽,道具名,采用稳定中文译名
道具名,만능부적,万能符,道具名,按功能翻译
道具名,배리언트 슈즈,变异长靴,道具名,沿用稳定中文译名
道具名,세계수의 어린잎,世界树幼叶,道具名,附魔券目标道具统一译名
道具名,쉐도우 체인져,影子转换器,道具名,按功能翻译
道具名,스나이핑 슈트,狙击服,道具名,采用职业语境译名
道具名,스테이터스초기화 쿠폰,属性重置优惠券,道具名,活动道具名统一译法
道具名,심연의 정수,深渊精华,道具名,任务道具统一译名
道具名,엠펠리움,Emperium,道具名,保留游戏专名
道具名,엠펠리움G,Emperium G,道具名,沿用游戏通用译名
道具名,오를레앙의 장갑,奥尔良的手套,道具名,沿用稳定中文译名
道具名,의상 인챈트 스톤 상자25,服装附魔石箱 25,道具名,按服装附魔语境翻译
道具名,이계 언어 변환기,异界语言转换器,道具名,任务道具名统一译法
道具名,잔치 국수,宴会面,道具名,按料理名称翻译
道具名,지크프리드의 증표,齐格弗里德的证明,道具名,复活道具名称统一译名
道具名,치유의 지팡이,治愈之杖,道具名,沿用技能语义译名
道具名,콰그스크롤,泥沼卷轴,道具名,按技能名称翻译
道具名,크림 국수,奶油面,道具名,按料理名称翻译
道具名,크림 새우 파스타,奶油虾仁意面,道具名,按料理名称翻译
道具名,클레버 쉐도우 뚝딱상자,聪颖影子啪嗒箱,道具名,按影子装备语境翻译
道具名,토마토 국수,番茄面,道具名,按料理名称翻译
道具名,특별한 듀얼 인챈트 스톤 상자,特别双重附魔石箱,道具名,按服装附魔语境翻译
道具名,특별한 의상 인챈트 스톤 상자,特别服装附魔石箱,道具名,按服装附魔语境翻译
道具名,펫 푸드,宠物食品,道具名,统一宠物饲料译法
道具名,프락시너스,普拉克西努斯,道具名,采用稳定音译
道具名,피지컬 매지컬 쉐도우 상자,物理魔法影子箱,道具名,按影子装备语境翻译
道具名,홀그렌의 쉐도우 제련망치,霍尔格伦影子精炼锤,道具名,按精炼系统语义翻译
道具名,흐베르겔미르의 술,赫瓦格密尔的酒,道具名,料理名称统一译名
道具名称,풍마수리검,风魔手里剑,道具名称,itemInfo_true chunk-0042
道具名称,프레야 영혼 장비,芙蕾雅灵魂装备,道具名称,itemInfo_true chunk-0042
道具名称稳定译名,광휘의 격노,光辉之怒,道具名称稳定译名,
道具名称稳定译名,금관모자,金冠帽,道具名称稳定译名,
道具名称稳定译名,새색시의 리본,新娘丝带,道具名称稳定译名,
道具名称稳定译名,트라이앵글 룬 캡,三角符文帽,道具名称稳定译名,
道具类别,kRO itemInfo_true chunk-0072,卡片,道具类别,稳定中文术语
道具类别,kRO itemInfo_true chunk-0080,猩红龙皮弓,道具类别,稳定中文术语
道具类别,개조 오브,改造宝珠,道具类别,itemInfo_true chunk-0066
道具类别,개틀링건,加特林机枪,道具类别,itemInfo_true chunk-0034
道具类别,그레네이드런쳐,榴弹发射器,道具类别,itemInfo_true chunk-0034
道具类别,단검,短剑,道具类别,itemInfo_true chunk-0034
道具类别,라이플,步枪,道具类别,itemInfo_true chunk-0034
道具类别,리볼버,左轮手枪,道具类别,itemInfo_true chunk-0034
道具类别,샷건,霰弹枪,道具类别,itemInfo_true chunk-0034
道具类别,수리검,手里剑,道具类别,itemInfo_true chunk-0034
道具类别,스톤,职业石,道具类别,统一装备类别译名
道具类别,오토매틱 개조 오브,自动改造球,道具类别,统一装备类别译名
道具类别,오토매틱 오브,自动球,道具类别,统一装备类别译名
道具类别,울프 오브,狼宝珠,道具类别,itemInfo_true chunk-0074
道具类别,의상 인챈트 스톤,服装附魔石,道具类别,服装附魔道具名称
道具类别,의상장비,服饰装备,道具类别,itemInfo_true chunk-0050
道具类别,총알,子弹,道具类别,itemInfo_true chunk-0034
道具类别,쿠나이,苦无,道具类别,itemInfo_true chunk-0034
道具类别,투사체,投射物,道具类别,itemInfo_true chunk-0034
道具类别,펫 교환 티켓,宠物交换券,道具类别,itemInfo_true chunk-0042
阵营名,악마진영,恶魔阵营,阵营名,任务阵营名统一译法
阵营名,천사진영,天使阵营,阵营名,任务阵营名统一译法
附魔名,니브,尼夫,附魔名,沿用音译名
附魔名称,공감,共鸣,附魔名称,itemInfo_true chunk-0074
附魔名称,역린,逆鳞,附魔名称,itemInfo_true chunk-0074
附魔名称,용린,龙鳞,附魔名称,itemInfo_true chunk-0074
附魔名称,행복,幸福,附魔名称,itemInfo_true chunk-0074
食材名,鳀鱼,,食材名,沿用项目中文译名
食物名,年糕汤,,食物名,沿用项目中文译名
魔物名,kRO OngoingQuestInfoList_True chunk-0039,苏吉尔,魔物名,沿用项目译名
魔物名,나흐트지거,纳赫特希格,魔物名,成就目标统一译名
魔物名,벙웅곳 영혼의 기둥,邦翁戈灵魂之柱,魔物名,成就目标统一译名
魔物名,펜릴,芬里尔,魔物名,成就目标统一译名
魔物名,포링,波利,魔物名,宠物和气球道具统一译名
