agent_id	repo	path	domain	text_scope	status	notes
agent-01	client	applications/api/api.html	client-application	unknown	待处理	
agent-02	client	applications/api/api.js	client-application	unknown	待处理	
agent-03	client	applications/browser-examples/api-effectiewer-popup.html	client-application	unknown	待处理	
agent-04	client	applications/browser-examples/api-effectviewer-frame.html	client-application	unknown	待处理	
agent-01	client	applications/browser-examples/api-grfviewer-frame.html	client-application	unknown	待处理	
agent-02	client	applications/browser-examples/api-grfviewer-popup.html	client-application	unknown	待处理	
agent-03	client	applications/browser-examples/api-mapviewer-frame.html	client-application	unknown	待处理	
agent-04	client	applications/browser-examples/api-mapviewer-popup.html	client-application	unknown	待处理	
agent-01	client	applications/browser-examples/api-modelviewer-frame.html	client-application	unknown	待处理	
agent-02	client	applications/browser-examples/api-modelviewer-popup.html	client-application	unknown	待处理	
agent-03	client	applications/browser-examples/api-online-frame.html	client-application	unknown	待处理	
agent-04	client	applications/browser-examples/api-online-popup.html	client-application	unknown	待处理	
agent-01	client	applications/browser-examples/api-strviewer-frame.html	client-application	unknown	待处理	
agent-02	client	applications/browser-examples/api-strviewer-popup.html	client-application	unknown	待处理	
agent-03	client	applications/browser-examples/demo.html	client-application	unknown	待处理	
agent-04	client	applications/electron/index.html	client-application	unknown	待处理	
agent-01	client	applications/electron/main.js	client-application	unknown	待处理	
agent-02	client	applications/electron/preload.mjs	client-application	unknown	待处理	
agent-03	client	applications/pwa/Config.happyro.js	client-application	unknown	待处理	
agent-04	client	applications/pwa/Config.js	client-application	unknown	待处理	
agent-01	client	applications/pwa/index.html	client-application	unknown	待处理	
agent-02	client	applications/shared/importmap.js	client-application	unknown	待处理	
agent-03	client	src/App/EffectViewer.js	client-source	unknown	待处理	
agent-04	client	src/App/GrannyModelViewer.js	client-source	unknown	待处理	
agent-01	client	src/App/GrfViewer.js	client-source	unknown	待处理	
agent-02	client	src/App/MapViewer.js	client-source	unknown	待处理	
agent-03	client	src/App/ModelViewer.js	client-source	unknown	待处理	
agent-04	client	src/App/Online.js	client-source	unknown	待处理	
agent-01	client	src/App/PreLoader.js	client-source	unknown	待处理	
agent-02	client	src/App/StrViewer.js	client-source	unknown	待处理	
agent-03	client	src/Audio/BGM.js	client-source	unknown	待处理	
agent-04	client	src/Audio/SoundManager.js	client-source	unknown	待处理	
agent-01	client	src/Controls/BattleMode.js	client-source	unknown	待处理	
agent-02	client	src/Controls/EntityControl.js	client-source	unknown	待处理	
agent-03	client	src/Controls/KeyEventHandler.js	client-source	unknown	待处理	
agent-04	client	src/Controls/MapControl.js	client-source	unknown	待处理	
agent-01	client	src/Controls/MouseEventHandler.js	client-source	unknown	待处理	
agent-02	client	src/Controls/ProcessCommand.js	client-source	unknown	待处理	
agent-03	client	src/Controls/ScreenShot.js	client-source	unknown	待处理	
agent-04	client	src/Core/AIDriver.js	client-source	unknown	待处理	
agent-01	client	src/Core/Client.js	client-source	unknown	待处理	
agent-02	client	src/Core/Configs.js	client-source	unknown	待处理	
agent-03	client	src/Core/Context.js	client-source	unknown	待处理	
agent-04	client	src/Core/FileManager.js	client-source	unknown	待处理	
agent-01	client	src/Core/FileSystem.js	client-source	unknown	待处理	
agent-02	client	src/Core/MemoryItem.js	client-source	unknown	待处理	
agent-03	client	src/Core/MemoryManager.js	client-source	unknown	待处理	
agent-04	client	src/Core/Mobile.js	client-source	unknown	待处理	
agent-01	client	src/Core/Thread.js	client-source	unknown	待处理	
agent-02	client	src/Core/ThreadEventHandler.js	client-source	unknown	待处理	
agent-03	client	src/DB/DBManager.js	client-database	player-data	待处理	
agent-04	client	src/DB/Effects/EffectConst.js	client-database	player-data	待处理	
agent-01	client	src/DB/Effects/EffectTable.js	client-database	player-data	待处理	
agent-02	client	src/DB/Effects/WeatherEffect.js	client-database	player-data	待处理	
agent-03	client	src/DB/Emotions.js	client-database	player-data	待处理	
agent-04	client	src/DB/Items/HatTable.js	client-database	player-data	待处理	
agent-01	client	src/DB/Items/ItemEffect.js	client-database	player-data	待处理	
agent-02	client	src/DB/Items/ItemRandomOptionTable.js	client-database	player-data	待处理	
agent-03	client	src/DB/Items/RobeTable.js	client-database	player-data	待处理	
agent-04	client	src/DB/Items/ShieldTable.js	client-database	player-data	待处理	
agent-01	client	src/DB/Items/WeaponHitSoundTable.js	client-database	player-data	待处理	
agent-02	client	src/DB/Items/WeaponSoundTable.js	client-database	player-data	待处理	
agent-03	client	src/DB/Items/WeaponTable.js	client-database	player-data	待处理	
agent-04	client	src/DB/Items/WeaponTrailTable.js	client-database	player-data	待处理	
agent-01	client	src/DB/Items/WeaponTypeExpansion.js	client-database	player-data	待处理	
agent-02	client	src/DB/Jobs/AllMountTable.js	client-database	player-data	待处理	
agent-03	client	src/DB/Jobs/BabyTable.js	client-database	player-data	待处理	
agent-04	client	src/DB/Jobs/JobHitSoundTable.js	client-database	player-data	待处理	
agent-01	client	src/DB/Jobs/JobNameTable.js	client-database	player-data	待处理	
agent-02	client	src/DB/Jobs/JobPropertyTable.js	client-database	player-data	待处理	
agent-03	client	src/DB/Jobs/MountTable.js	client-database	player-data	待处理	
agent-04	client	src/DB/Jobs/PalNameTable.js	client-database	player-data	待处理	
agent-01	client	src/DB/Jobs/WeaponAction.js	client-database	player-data	待处理	
agent-02	client	src/DB/Jobs/WeaponJobTable.js	client-database	player-data	待处理	
agent-03	client	src/DB/Map/MapState.js	client-database	player-data	待处理	
agent-04	client	src/DB/Map/MapTable.js	client-database	player-data	待处理	
agent-01	client	src/DB/Map/WorldMap.js	client-database	player-data	待处理	
agent-02	client	src/DB/Monsters/AttackEffectTable.js	client-database	player-data	待处理	
agent-03	client	src/DB/Monsters/MonsterNameTable.js	client-database	player-data	待处理	
agent-04	client	src/DB/Monsters/MonsterTable.js	client-database	player-data	待处理	
agent-01	client	src/DB/Pets/PetAction.js	client-database	player-data	待处理	
agent-02	client	src/DB/Pets/PetEmotionTable.js	client-database	player-data	待处理	
agent-03	client	src/DB/Pets/PetIllustration.js	client-database	player-data	待处理	
agent-04	client	src/DB/Pets/PetMessageConst.js	client-database	player-data	待处理	
agent-01	client	src/DB/Skills/SkillAction.js	client-database	player-data	待处理	
agent-02	client	src/DB/Skills/SkillConst.js	client-database	player-data	待处理	
agent-03	client	src/DB/Skills/SkillEffect.js	client-database	player-data	待处理	
agent-04	client	src/DB/Skills/SkillInfo.js	client-database	player-data	待处理	
agent-01	client	src/DB/Skills/SkillTreeView.js	client-database	player-data	待处理	
agent-02	client	src/DB/Skills/SkillUnit.js	client-database	player-data	待处理	
agent-03	client	src/DB/Status/StatusConst.js	client-database	player-data	待处理	
agent-04	client	src/DB/Status/StatusInfo.js	client-database	player-data	待处理	
agent-01	client	src/DB/Status/StatusProperty.js	client-database	player-data	待处理	
agent-02	client	src/DB/Status/StatusState.js	client-database	player-data	待处理	
agent-03	client	src/DB/TownInfo.js	client-database	player-data	待处理	
agent-04	client	src/Engine/CharEngine.js	client-source	unknown	待处理	
agent-01	client	src/Engine/GameEngine.js	client-source	unknown	待处理	
agent-02	client	src/Engine/LoginEngine.js	client-source	unknown	待处理	
agent-03	client	src/Engine/MapEngine.js	client-source	unknown	待处理	
agent-04	client	src/Engine/MapEngine/Achievement.js	client-source	unknown	待处理	
agent-01	client	src/Engine/MapEngine/Bank.js	client-source	unknown	待处理	
agent-02	client	src/Engine/MapEngine/Captcha.js	client-source	unknown	待处理	
agent-03	client	src/Engine/MapEngine/CashShop.js	client-source	unknown	待处理	
agent-04	client	src/Engine/MapEngine/ChatRoom.js	client-source	unknown	待处理	
agent-01	client	src/Engine/MapEngine/Clan.js	client-source	unknown	待处理	
agent-02	client	src/Engine/MapEngine/Entity.js	client-source	unknown	待处理	
agent-03	client	src/Engine/MapEngine/Friends.js	client-source	unknown	待处理	
agent-04	client	src/Engine/MapEngine/Group.js	client-source	unknown	待处理	
agent-01	client	src/Engine/MapEngine/Guild.js	client-source	unknown	待处理	
agent-02	client	src/Engine/MapEngine/Homun.js	client-source	unknown	待处理	
agent-03	client	src/Engine/MapEngine/Item.js	client-source	unknown	待处理	
agent-04	client	src/Engine/MapEngine/Mail.js	client-source	unknown	待处理	
agent-01	client	src/Engine/MapEngine/Main.js	client-source	unknown	待处理	
agent-02	client	src/Engine/MapEngine/MapState.js	client-source	unknown	待处理	
agent-03	client	src/Engine/MapEngine/Mercenary.js	client-source	unknown	待处理	
agent-04	client	src/Engine/MapEngine/NPC.js	client-source	unknown	待处理	
agent-01	client	src/Engine/MapEngine/PCGoldTimer.js	client-source	unknown	待处理	
agent-02	client	src/Engine/MapEngine/Pet.js	client-source	unknown	待处理	
agent-03	client	src/Engine/MapEngine/PrivateMessage.js	client-source	unknown	待处理	
agent-04	client	src/Engine/MapEngine/Quest.js	client-source	unknown	待处理	
agent-01	client	src/Engine/MapEngine/Rodex.js	client-source	unknown	待处理	
agent-02	client	src/Engine/MapEngine/Roulette.js	client-source	unknown	待处理	
agent-03	client	src/Engine/MapEngine/Skill.js	client-source	unknown	待处理	
agent-04	client	src/Engine/MapEngine/Storage.js	client-source	unknown	待处理	
agent-01	client	src/Engine/MapEngine/Store.js	client-source	unknown	待处理	
agent-02	client	src/Engine/MapEngine/Trade.js	client-source	unknown	待处理	
agent-03	client	src/Engine/MapEngine/UIOpen.js	client-source	unknown	待处理	
agent-04	client	src/Loaders/Action.js	client-source	unknown	待处理	
agent-01	client	src/Loaders/Altitude.js	client-source	unknown	待处理	
agent-02	client	src/Loaders/GR2Loader.js	client-source	unknown	待处理	
agent-03	client	src/Loaders/GameFile.js	client-source	unknown	待处理	
agent-04	client	src/Loaders/Ground.js	client-source	unknown	待处理	
agent-01	client	src/Loaders/MapLoader.js	client-source	unknown	待处理	
agent-02	client	src/Loaders/Model.js	client-source	unknown	待处理	
agent-03	client	src/Loaders/Sprite.js	client-source	unknown	待处理	
agent-04	client	src/Loaders/Str.js	client-source	unknown	待处理	
agent-01	client	src/Loaders/Targa.js	client-source	unknown	待处理	
agent-02	client	src/Loaders/World.js	client-source	unknown	待处理	
agent-03	client	src/Network/NetworkManager.js	client-network	internal	待处理	
agent-04	client	src/Network/PacketCrypt.js	client-network	internal	待处理	
agent-01	client	src/Network/PacketLength.js	client-network	internal	待处理	
agent-02	client	src/Network/PacketRegister.js	client-network	internal	待处理	
agent-03	client	src/Network/PacketStructure.js	client-network	internal	待处理	
agent-04	client	src/Network/PacketVerManager.js	client-network	internal	待处理	
agent-01	client	src/Network/PacketVersions.js	client-network	internal	待处理	
agent-02	client	src/Network/SocketHelpers/NodeSocket.js	client-network	internal	待处理	
agent-03	client	src/Network/SocketHelpers/WebSocket.js	client-network	internal	待处理	
agent-04	client	src/Plugins/PluginManager.js	client-source	unknown	待处理	
agent-01	client	src/Preferences/Audio.js	client-source	unknown	待处理	
agent-02	client	src/Preferences/Camera.js	client-source	unknown	待处理	
agent-03	client	src/Preferences/Controls.js	client-source	unknown	待处理	
agent-04	client	src/Preferences/Graphics.js	client-source	unknown	待处理	
agent-01	client	src/Preferences/Map.js	client-source	unknown	待处理	
agent-02	client	src/Preferences/ShortCutControls.js	client-source	unknown	待处理	
agent-03	client	src/Preferences/UI.js	client-source	unknown	待处理	
agent-04	client	src/Renderer/Camera.js	client-source	unknown	待处理	
agent-01	client	src/Renderer/EffectManager.js	client-source	unknown	待处理	
agent-02	client	src/Renderer/Effects/CloudWeatherEffect.js	client-source	unknown	待处理	
agent-03	client	src/Renderer/Effects/Cylinder.js	client-source	unknown	待处理	
agent-04	client	src/Renderer/Effects/Damage.js	client-source	unknown	待处理	
agent-01	client	src/Renderer/Effects/FlatColorTile.js	client-source	unknown	待处理	
agent-02	client	src/Renderer/Effects/GroundAura.js	client-source	unknown	待处理	
agent-03	client	src/Renderer/Effects/GroundEffect.js	client-source	unknown	待处理	
agent-04	client	src/Renderer/Effects/LPEffect.js	client-source	unknown	待处理	
agent-01	client	src/Renderer/Effects/Level99Bubble.js	client-source	unknown	待处理	
agent-02	client	src/Renderer/Effects/LockOnTarget.js	client-source	unknown	待处理	
agent-03	client	src/Renderer/Effects/MagicRing.js	client-source	unknown	待处理	
agent-04	client	src/Renderer/Effects/MagicTarget.js	client-source	unknown	待处理	
agent-01	client	src/Renderer/Effects/MagnumBreak.js	client-source	unknown	待处理	
agent-02	client	src/Renderer/Effects/PoisonEffect.js	client-source	unknown	待处理	
agent-03	client	src/Renderer/Effects/PokJukWeatherEffect.js	client-source	unknown	待处理	
agent-04	client	src/Renderer/Effects/PostProcess.js	client-source	unknown	待处理	
agent-01	client	src/Renderer/Effects/PropertyGround.js	client-source	unknown	待处理	
agent-02	client	src/Renderer/Effects/QuadHorn.js	client-source	unknown	待处理	
agent-03	client	src/Renderer/Effects/RainWeather.js	client-source	unknown	待处理	
agent-04	client	src/Renderer/Effects/RsmEffect.js	client-source	unknown	待处理	
agent-01	client	src/Renderer/Effects/SakuraWeatherEffect.js	client-source	unknown	待处理	
agent-02	client	src/Renderer/Effects/Shaders/Blind.js	client-source	unknown	待处理	
agent-03	client	src/Renderer/Effects/Shaders/Bloom.js	client-source	unknown	待处理	
agent-04	client	src/Renderer/Effects/Shaders/CAS.js	client-source	unknown	待处理	
agent-01	client	src/Renderer/Effects/Shaders/Cartoon.js	client-source	unknown	待处理	
agent-02	client	src/Renderer/Effects/Shaders/FXAA.js	client-source	unknown	待处理	
agent-03	client	src/Renderer/Effects/Shaders/GaussianBlur.js	client-source	unknown	待处理	
agent-04	client	src/Renderer/Effects/Shaders/Upsampling.js	client-source	unknown	待处理	
agent-01	client	src/Renderer/Effects/Shaders/VerticalFlip.js	client-source	unknown	待处理	
agent-02	client	src/Renderer/Effects/Shaders/Vibrance.js	client-source	unknown	待处理	
agent-03	client	src/Renderer/Effects/Sky.js	client-source	unknown	待处理	
agent-04	client	src/Renderer/Effects/SnowWeather.js	client-source	unknown	待处理	
agent-01	client	src/Renderer/Effects/Songs.js	client-source	unknown	待处理	
agent-02	client	src/Renderer/Effects/SpiderWeb.js	client-source	unknown	待处理	
agent-03	client	src/Renderer/Effects/SpiritSphere.js	client-source	unknown	待处理	
agent-04	client	src/Renderer/Effects/StrEffect.js	client-source	unknown	待处理	
agent-01	client	src/Renderer/Effects/SwirlingAura.js	client-source	unknown	待处理	
agent-02	client	src/Renderer/Effects/ThreeDEffect.js	client-source	unknown	待处理	
agent-03	client	src/Renderer/Effects/Tiles.js	client-source	unknown	待处理	
agent-04	client	src/Renderer/Effects/TwoDEffect.js	client-source	unknown	待处理	
agent-01	client	src/Renderer/Effects/WarlockSphere.js	client-source	unknown	待处理	
agent-02	client	src/Renderer/Entity/Entity.js	client-source	unknown	待处理	
agent-03	client	src/Renderer/Entity/EntityAction.js	client-source	unknown	待处理	
agent-04	client	src/Renderer/Entity/EntityAnimations.js	client-source	unknown	待处理	
agent-01	client	src/Renderer/Entity/EntityAttachments.js	client-source	unknown	待处理	
agent-02	client	src/Renderer/Entity/EntityAura.js	client-source	unknown	待处理	
agent-03	client	src/Renderer/Entity/EntityCast.js	client-source	unknown	待处理	
agent-04	client	src/Renderer/Entity/EntityDialog.js	client-source	unknown	待处理	
agent-01	client	src/Renderer/Entity/EntityDisplay.js	client-source	unknown	待处理	
agent-02	client	src/Renderer/Entity/EntityDropEffect.js	client-source	unknown	待处理	
agent-03	client	src/Renderer/Entity/EntityEmblem.js	client-source	unknown	待处理	
agent-04	client	src/Renderer/Entity/EntityLife.js	client-source	unknown	待处理	
agent-01	client	src/Renderer/Entity/EntityRender.js	client-source	unknown	待处理	
agent-02	client	src/Renderer/Entity/EntityRoom.js	client-source	unknown	待处理	
agent-03	client	src/Renderer/Entity/EntitySound.js	client-source	unknown	待处理	
agent-04	client	src/Renderer/Entity/EntityState.js	client-source	unknown	待处理	
agent-01	client	src/Renderer/Entity/EntityView.js	client-source	unknown	待处理	
agent-02	client	src/Renderer/Entity/EntityWalk.js	client-source	unknown	待处理	
agent-03	client	src/Renderer/Entity/Player.js	client-source	unknown	待处理	
agent-04	client	src/Renderer/EntityManager.js	client-source	unknown	待处理	
agent-01	client	src/Renderer/GR2/GR2ModelRenderer.js	client-source	unknown	待处理	
agent-02	client	src/Renderer/GR2/GR2ViewerRenderer.js	client-source	unknown	待处理	
agent-03	client	src/Renderer/GR2/actorAction.js	client-source	unknown	待处理	
agent-04	client	src/Renderer/GR2/gr2Banks.js	client-source	unknown	待处理	
agent-01	client	src/Renderer/GR2/gr2Pack.js	client-source	unknown	待处理	
agent-02	client	src/Renderer/GR2/gr2World.js	client-source	unknown	待处理	
agent-03	client	src/Renderer/ItemObject.js	client-source	unknown	待处理	
agent-04	client	src/Renderer/Map/Altitude.js	client-source	unknown	待处理	
agent-01	client	src/Renderer/Map/AnimatedModels.js	client-source	unknown	待处理	
agent-02	client	src/Renderer/Map/Effects.js	client-source	unknown	待处理	
agent-03	client	src/Renderer/Map/GridSelector.js	client-source	unknown	待处理	
agent-04	client	src/Renderer/Map/Ground.js	client-source	unknown	待处理	
agent-01	client	src/Renderer/Map/Models.js	client-source	unknown	待处理	
agent-02	client	src/Renderer/Map/Sounds.js	client-source	unknown	待处理	
agent-03	client	src/Renderer/Map/Water.js	client-source	unknown	待处理	
agent-04	client	src/Renderer/MapRenderer.js	client-source	unknown	待处理	
agent-01	client	src/Renderer/Renderer.js	client-source	unknown	待处理	
agent-02	client	src/Renderer/ScreenEffectManager.js	client-source	unknown	待处理	
agent-03	client	src/Renderer/SignboardManager.js	client-source	unknown	待处理	
agent-04	client	src/Renderer/SpriteRenderer.js	client-source	unknown	待处理	
agent-01	client	src/UI/Background.js	client-ui	player-visible	待处理	
agent-02	client	src/UI/Common.css	client-ui	player-visible	待处理	
agent-03	client	src/UI/Components/Achievement/Achievement.css	client-ui	player-visible	待处理	
agent-04	client	src/UI/Components/Achievement/Achievement.html	client-ui	player-visible	待处理	
agent-01	client	src/UI/Components/Achievement/Achievement.js	client-ui	player-visible	待处理	
agent-02	client	src/UI/Components/Announce/Announce.css	client-ui	player-visible	待处理	
agent-03	client	src/UI/Components/Announce/Announce.html	client-ui	player-visible	待处理	
agent-04	client	src/UI/Components/Announce/Announce.js	client-ui	player-visible	待处理	
agent-01	client	src/UI/Components/Bank/Bank.css	client-ui	player-visible	待处理	
agent-02	client	src/UI/Components/Bank/Bank.html	client-ui	player-visible	待处理	
agent-03	client	src/UI/Components/Bank/Bank.js	client-ui	player-visible	待处理	
agent-04	client	src/UI/Components/BasicInfo/BasicInfo.js	client-ui	player-visible	待处理	
agent-01	client	src/UI/Components/BasicInfo/BasicInfoCommon.js	client-ui	player-visible	待处理	
agent-02	client	src/UI/Components/BasicInfo/BasicInfoV0/BasicInfoV0.css	client-ui	player-visible	待处理	
agent-03	client	src/UI/Components/BasicInfo/BasicInfoV0/BasicInfoV0.html	client-ui	player-visible	待处理	
agent-04	client	src/UI/Components/BasicInfo/BasicInfoV0/BasicInfoV0.js	client-ui	player-visible	待处理	
agent-01	client	src/UI/Components/BasicInfo/BasicInfoV1/BasicInfoV1.css	client-ui	player-visible	待处理	
agent-02	client	src/UI/Components/BasicInfo/BasicInfoV1/BasicInfoV1.html	client-ui	player-visible	待处理	
agent-03	client	src/UI/Components/BasicInfo/BasicInfoV1/BasicInfoV1.js	client-ui	player-visible	待处理	
agent-04	client	src/UI/Components/BasicInfo/BasicInfoV3/BasicInfoV3.css	client-ui	player-visible	待处理	
agent-01	client	src/UI/Components/BasicInfo/BasicInfoV3/BasicInfoV3.html	client-ui	player-visible	待处理	
agent-02	client	src/UI/Components/BasicInfo/BasicInfoV3/BasicInfoV3.js	client-ui	player-visible	待处理	
agent-03	client	src/UI/Components/BasicInfo/BasicInfoV4/BasicInfoV4.css	client-ui	player-visible	待处理	
agent-04	client	src/UI/Components/BasicInfo/BasicInfoV4/BasicInfoV4.html	client-ui	player-visible	待处理	
agent-01	client	src/UI/Components/BasicInfo/BasicInfoV4/BasicInfoV4.js	client-ui	player-visible	待处理	
agent-02	client	src/UI/Components/BasicInfo/BasicInfoV5/BasicInfoV5.css	client-ui	player-visible	待处理	
agent-03	client	src/UI/Components/BasicInfo/BasicInfoV5/BasicInfoV5.html	client-ui	player-visible	待处理	
agent-04	client	src/UI/Components/BasicInfo/BasicInfoV5/BasicInfoV5.js	client-ui	player-visible	待处理	
agent-01	client	src/UI/Components/Captcha/CaptchaAnswer.css	client-ui	player-visible	待处理	
agent-02	client	src/UI/Components/Captcha/CaptchaAnswer.html	client-ui	player-visible	待处理	
agent-03	client	src/UI/Components/Captcha/CaptchaAnswer.js	client-ui	player-visible	待处理	
agent-04	client	src/UI/Components/Captcha/CaptchaPreview.css	client-ui	player-visible	待处理	
agent-01	client	src/UI/Components/Captcha/CaptchaPreview.html	client-ui	player-visible	待处理	
agent-02	client	src/UI/Components/Captcha/CaptchaPreview.js	client-ui	player-visible	待处理	
agent-03	client	src/UI/Components/Captcha/CaptchaSelector.css	client-ui	player-visible	待处理	
agent-04	client	src/UI/Components/Captcha/CaptchaSelector.html	client-ui	player-visible	待处理	
agent-01	client	src/UI/Components/Captcha/CaptchaSelector.js	client-ui	player-visible	待处理	
agent-02	client	src/UI/Components/Captcha/CaptchaUpload.css	client-ui	player-visible	待处理	
agent-03	client	src/UI/Components/Captcha/CaptchaUpload.html	client-ui	player-visible	待处理	
agent-04	client	src/UI/Components/Captcha/CaptchaUpload.js	client-ui	player-visible	待处理	
agent-01	client	src/UI/Components/CardIllustration/CardIllustration.css	client-ui	player-visible	待处理	
agent-02	client	src/UI/Components/CardIllustration/CardIllustration.html	client-ui	player-visible	待处理	
agent-03	client	src/UI/Components/CardIllustration/CardIllustration.js	client-ui	player-visible	待处理	
agent-04	client	src/UI/Components/CartDecoration/CartDecoration.css	client-ui	player-visible	待处理	
agent-01	client	src/UI/Components/CartDecoration/CartDecoration.html	client-ui	player-visible	待处理	
agent-02	client	src/UI/Components/CartDecoration/CartDecoration.js	client-ui	player-visible	待处理	
agent-03	client	src/UI/Components/CartItems/CartItems.css	client-ui	player-visible	待处理	
agent-04	client	src/UI/Components/CartItems/CartItems.html	client-ui	player-visible	待处理	
agent-01	client	src/UI/Components/CartItems/CartItems.js	client-ui	player-visible	待处理	
agent-02	client	src/UI/Components/CashShop/CashShop.css	client-ui	player-visible	待处理	
agent-03	client	src/UI/Components/CashShop/CashShop.html	client-ui	player-visible	待处理	
agent-04	client	src/UI/Components/CashShop/CashShop.js	client-ui	player-visible	待处理	
agent-01	client	src/UI/Components/CashShopIcon/CashShopIcon.html	client-ui	player-visible	待处理	
agent-02	client	src/UI/Components/CashShopIcon/CashShopIcon.js	client-ui	player-visible	待处理	
agent-03	client	src/UI/Components/ChangeCart/ChangeCart.css	client-ui	player-visible	待处理	
agent-04	client	src/UI/Components/ChangeCart/ChangeCart.html	client-ui	player-visible	待处理	
agent-01	client	src/UI/Components/ChangeCart/ChangeCart.js	client-ui	player-visible	待处理	
agent-02	client	src/UI/Components/CharCreate/CharCreate.js	client-ui	player-visible	待处理	
agent-03	client	src/UI/Components/CharCreate/CharCreate/CharCreate.css	client-ui	player-visible	待处理	
agent-04	client	src/UI/Components/CharCreate/CharCreate/CharCreate.html	client-ui	player-visible	待处理	
agent-01	client	src/UI/Components/CharCreate/CharCreate/CharCreate.js	client-ui	player-visible	待处理	
agent-02	client	src/UI/Components/CharCreate/CharCreateCommon.js	client-ui	player-visible	待处理	
agent-03	client	src/UI/Components/CharCreate/CharCreatev2/CharCreatev2.css	client-ui	player-visible	待处理	
agent-04	client	src/UI/Components/CharCreate/CharCreatev2/CharCreatev2.html	client-ui	player-visible	待处理	
agent-01	client	src/UI/Components/CharCreate/CharCreatev2/CharCreatev2.js	client-ui	player-visible	待处理	
agent-02	client	src/UI/Components/CharCreate/CharCreatev3/CharCreatev3.css	client-ui	player-visible	待处理	
agent-03	client	src/UI/Components/CharCreate/CharCreatev3/CharCreatev3.html	client-ui	player-visible	待处理	
agent-04	client	src/UI/Components/CharCreate/CharCreatev3/CharCreatev3.js	client-ui	player-visible	待处理	
agent-01	client	src/UI/Components/CharCreate/CharCreatev4/CharCreatev4.css	client-ui	player-visible	待处理	
agent-02	client	src/UI/Components/CharCreate/CharCreatev4/CharCreatev4.html	client-ui	player-visible	待处理	
agent-03	client	src/UI/Components/CharCreate/CharCreatev4/CharCreatev4.js	client-ui	player-visible	待处理	
agent-04	client	src/UI/Components/CharSelect/CharSelect.js	client-ui	player-visible	待处理	
agent-01	client	src/UI/Components/CharSelect/CharSelect/CharSelect.css	client-ui	player-visible	待处理	
agent-02	client	src/UI/Components/CharSelect/CharSelect/CharSelect.html	client-ui	player-visible	待处理	
agent-03	client	src/UI/Components/CharSelect/CharSelect/CharSelect.js	client-ui	player-visible	待处理	
agent-04	client	src/UI/Components/CharSelect/CharSelectCommon.js	client-ui	player-visible	待处理	
agent-01	client	src/UI/Components/CharSelect/CharSelectV2/CharSelectV2.css	client-ui	player-visible	待处理	
agent-02	client	src/UI/Components/CharSelect/CharSelectV2/CharSelectV2.html	client-ui	player-visible	待处理	
agent-03	client	src/UI/Components/CharSelect/CharSelectV2/CharSelectV2.js	client-ui	player-visible	待处理	
agent-04	client	src/UI/Components/CharSelect/CharSelectV3/CharSelectV3.css	client-ui	player-visible	待处理	
agent-01	client	src/UI/Components/CharSelect/CharSelectV3/CharSelectV3.html	client-ui	player-visible	待处理	
agent-02	client	src/UI/Components/CharSelect/CharSelectV3/CharSelectV3.js	client-ui	player-visible	待处理	
agent-03	client	src/UI/Components/CharSelect/CharSelectV4/CharSelectV4.css	client-ui	player-visible	待处理	
agent-04	client	src/UI/Components/CharSelect/CharSelectV4/CharSelectV4.html	client-ui	player-visible	待处理	
agent-01	client	src/UI/Components/CharSelect/CharSelectV4/CharSelectV4.js	client-ui	player-visible	待处理	
agent-02	client	src/UI/Components/ChatBox/ChatBox.css	client-ui	player-visible	待处理	
agent-03	client	src/UI/Components/ChatBox/ChatBox.html	client-ui	player-visible	待处理	
agent-04	client	src/UI/Components/ChatBox/ChatBox.js	client-ui	player-visible	待处理	
agent-01	client	src/UI/Components/ChatBox/History.js	client-ui	player-visible	待处理	
agent-02	client	src/UI/Components/ChatBoxSettings/ChatBoxSettings.css	client-ui	player-visible	待处理	
agent-03	client	src/UI/Components/ChatBoxSettings/ChatBoxSettings.html	client-ui	player-visible	待处理	
agent-04	client	src/UI/Components/ChatBoxSettings/ChatBoxSettings.js	client-ui	player-visible	待处理	
agent-01	client	src/UI/Components/ChatRoom/ChatRoom.css	client-ui	player-visible	待处理	
agent-02	client	src/UI/Components/ChatRoom/ChatRoom.html	client-ui	player-visible	待处理	
agent-03	client	src/UI/Components/ChatRoom/ChatRoom.js	client-ui	player-visible	待处理	
agent-04	client	src/UI/Components/ChatRoomCreate/ChatRoomCreate.css	client-ui	player-visible	待处理	
agent-01	client	src/UI/Components/ChatRoomCreate/ChatRoomCreate.html	client-ui	player-visible	待处理	
agent-02	client	src/UI/Components/ChatRoomCreate/ChatRoomCreate.js	client-ui	player-visible	待处理	
agent-03	client	src/UI/Components/CheckAttendance/CheckAttendance.css	client-ui	player-visible	待处理	
agent-04	client	src/UI/Components/CheckAttendance/CheckAttendance.html	client-ui	player-visible	待处理	
agent-01	client	src/UI/Components/CheckAttendance/CheckAttendance.js	client-ui	player-visible	待处理	
agent-02	client	src/UI/Components/Clan/Clan.css	client-ui	player-visible	待处理	
agent-03	client	src/UI/Components/Clan/Clan.html	client-ui	player-visible	待处理	
agent-04	client	src/UI/Components/Clan/Clan.js	client-ui	player-visible	待处理	
agent-01	client	src/UI/Components/ContextMenu/ContextMenu.js	client-ui	player-visible	待处理	
agent-02	client	src/UI/Components/EffectViewer/EffectViewer.css	client-ui	player-visible	待处理	
agent-03	client	src/UI/Components/EffectViewer/EffectViewer.html	client-ui	player-visible	待处理	
agent-04	client	src/UI/Components/EffectViewer/EffectViewer.js	client-ui	player-visible	待处理	
agent-01	client	src/UI/Components/Emoticons/Emoticons.css	client-ui	player-visible	待处理	
agent-02	client	src/UI/Components/Emoticons/Emoticons.html	client-ui	player-visible	待处理	
agent-03	client	src/UI/Components/Emoticons/Emoticons.js	client-ui	player-visible	待处理	
agent-04	client	src/UI/Components/Enchant/Enchant.css	client-ui	player-visible	待处理	
agent-01	client	src/UI/Components/Enchant/Enchant.html	client-ui	player-visible	待处理	
agent-02	client	src/UI/Components/Enchant/Enchant.js	client-ui	player-visible	待处理	
agent-03	client	src/UI/Components/EnchantGrade/EnchantGrade.css	client-ui	player-visible	待处理	
agent-04	client	src/UI/Components/EnchantGrade/EnchantGrade.html	client-ui	player-visible	待处理	
agent-01	client	src/UI/Components/EnchantGrade/EnchantGrade.js	client-ui	player-visible	待处理	
agent-02	client	src/UI/Components/EntityRoom/EntityRoom.css	client-ui	player-visible	待处理	
agent-03	client	src/UI/Components/EntityRoom/EntityRoom.html	client-ui	player-visible	待处理	
agent-04	client	src/UI/Components/EntityRoom/EntityRoom.js	client-ui	player-visible	待处理	
agent-01	client	src/UI/Components/EntitySignboard/EntitySignboard.css	client-ui	player-visible	待处理	
agent-02	client	src/UI/Components/EntitySignboard/EntitySignboard.html	client-ui	player-visible	待处理	
agent-03	client	src/UI/Components/EntitySignboard/EntitySignboard.js	client-ui	player-visible	待处理	
agent-04	client	src/UI/Components/Equipment/Equipment.js	client-ui	player-visible	待处理	
agent-01	client	src/UI/Components/Equipment/EquipmentCommon.js	client-ui	player-visible	待处理	
agent-02	client	src/UI/Components/Equipment/EquipmentV0/EquipmentV0.css	client-ui	player-visible	待处理	
agent-03	client	src/UI/Components/Equipment/EquipmentV0/EquipmentV0.html	client-ui	player-visible	待处理	
agent-04	client	src/UI/Components/Equipment/EquipmentV0/EquipmentV0.js	client-ui	player-visible	待处理	
agent-01	client	src/UI/Components/Equipment/EquipmentV1/EquipmentV1.css	client-ui	player-visible	待处理	
agent-02	client	src/UI/Components/Equipment/EquipmentV1/EquipmentV1.html	client-ui	player-visible	待处理	
agent-03	client	src/UI/Components/Equipment/EquipmentV1/EquipmentV1.js	client-ui	player-visible	待处理	
agent-04	client	src/UI/Components/Equipment/EquipmentV2/EquipmentV2.css	client-ui	player-visible	待处理	
agent-01	client	src/UI/Components/Equipment/EquipmentV2/EquipmentV2.html	client-ui	player-visible	待处理	
agent-02	client	src/UI/Components/Equipment/EquipmentV2/EquipmentV2.js	client-ui	player-visible	待处理	
agent-03	client	src/UI/Components/Equipment/EquipmentV3/EquipmentV3.css	client-ui	player-visible	待处理	
agent-04	client	src/UI/Components/Equipment/EquipmentV3/EquipmentV3.html	client-ui	player-visible	待处理	
agent-01	client	src/UI/Components/Equipment/EquipmentV3/EquipmentV3.js	client-ui	player-visible	待处理	
agent-02	client	src/UI/Components/Equipment/EquipmentV4/EquipmentV4.css	client-ui	player-visible	待处理	
agent-03	client	src/UI/Components/Equipment/EquipmentV4/EquipmentV4.html	client-ui	player-visible	待处理	
agent-04	client	src/UI/Components/Equipment/EquipmentV4/EquipmentV4.js	client-ui	player-visible	待处理	
agent-01	client	src/UI/Components/Error/Error.css	client-ui	player-visible	待处理	
agent-02	client	src/UI/Components/Error/Error.html	client-ui	player-visible	待处理	
agent-03	client	src/UI/Components/Error/Error.js	client-ui	player-visible	待处理	
agent-04	client	src/UI/Components/Escape/Escape.css	client-ui	player-visible	待处理	
agent-01	client	src/UI/Components/Escape/Escape.html	client-ui	player-visible	待处理	
agent-02	client	src/UI/Components/Escape/Escape.js	client-ui	player-visible	待处理	
agent-03	client	src/UI/Components/FPS/FPS.css	client-ui	player-visible	待处理	
agent-04	client	src/UI/Components/FPS/FPS.html	client-ui	player-visible	待处理	
agent-01	client	src/UI/Components/FPS/FPS.js	client-ui	player-visible	待处理	
agent-02	client	src/UI/Components/GrannyModelViewer/GrannyModelViewer.css	client-ui	player-visible	待处理	
agent-03	client	src/UI/Components/GrannyModelViewer/GrannyModelViewer.html	client-ui	player-visible	待处理	
agent-04	client	src/UI/Components/GrannyModelViewer/GrannyModelViewer.js	client-ui	player-visible	待处理	
agent-01	client	src/UI/Components/GraphicsOption/GraphicsOption.css	client-ui	player-visible	待处理	
agent-02	client	src/UI/Components/GraphicsOption/GraphicsOption.html	client-ui	player-visible	待处理	
agent-03	client	src/UI/Components/GraphicsOption/GraphicsOption.js	client-ui	player-visible	待处理	
agent-04	client	src/UI/Components/GrfViewer/GrfViewer.css	client-ui	player-visible	待处理	
agent-01	client	src/UI/Components/GrfViewer/GrfViewer.html	client-ui	player-visible	待处理	
agent-02	client	src/UI/Components/GrfViewer/GrfViewer.js	client-ui	player-visible	待处理	
agent-03	client	src/UI/Components/Guild/Guild.css	client-ui	player-visible	待处理	
agent-04	client	src/UI/Components/Guild/Guild.html	client-ui	player-visible	待处理	
agent-01	client	src/UI/Components/Guild/Guild.js	client-ui	player-visible	待处理	
agent-02	client	src/UI/Components/GuildCompanion/GuildCompanion.css	client-ui	player-visible	待处理	
agent-03	client	src/UI/Components/GuildCompanion/GuildCompanion.html	client-ui	player-visible	待处理	
agent-04	client	src/UI/Components/GuildCompanion/GuildCompanion.js	client-ui	player-visible	待处理	
agent-01	client	src/UI/Components/HomunInformations/HomunInformations.css	client-ui	player-visible	待处理	
agent-02	client	src/UI/Components/HomunInformations/HomunInformations.html	client-ui	player-visible	待处理	
agent-03	client	src/UI/Components/HomunInformations/HomunInformations.js	client-ui	player-visible	待处理	
agent-04	client	src/UI/Components/InputBox/InputBox.html	client-ui	player-visible	待处理	
agent-01	client	src/UI/Components/InputBox/InputBox.js	client-ui	player-visible	待处理	
agent-02	client	src/UI/Components/Intro/FileSystem.js	client-ui	player-visible	待处理	
agent-03	client	src/UI/Components/Intro/Intro.css	client-ui	player-visible	待处理	
agent-04	client	src/UI/Components/Intro/Intro.html	client-ui	player-visible	待处理	
agent-01	client	src/UI/Components/Intro/Intro.js	client-ui	player-visible	待处理	
agent-02	client	src/UI/Components/Intro/Particle.js	client-ui	player-visible	待处理	
agent-03	client	src/UI/Components/Intro/Preferences.js	client-ui	player-visible	待处理	
agent-04	client	src/UI/Components/Inventory/Inventory.js	client-ui	player-visible	待处理	
agent-01	client	src/UI/Components/Inventory/InventoryCommon.js	client-ui	player-visible	待处理	
agent-02	client	src/UI/Components/Inventory/InventoryV0/InventoryV0.css	client-ui	player-visible	待处理	
agent-03	client	src/UI/Components/Inventory/InventoryV0/InventoryV0.html	client-ui	player-visible	待处理	
agent-04	client	src/UI/Components/Inventory/InventoryV0/InventoryV0.js	client-ui	player-visible	待处理	
agent-01	client	src/UI/Components/Inventory/InventoryV1/InventoryV1.css	client-ui	player-visible	待处理	
agent-02	client	src/UI/Components/Inventory/InventoryV1/InventoryV1.html	client-ui	player-visible	待处理	
agent-03	client	src/UI/Components/Inventory/InventoryV1/InventoryV1.js	client-ui	player-visible	待处理	
agent-04	client	src/UI/Components/Inventory/InventoryV2/InventoryV2.css	client-ui	player-visible	待处理	
agent-01	client	src/UI/Components/Inventory/InventoryV2/InventoryV2.html	client-ui	player-visible	待处理	
agent-02	client	src/UI/Components/Inventory/InventoryV2/InventoryV2.js	client-ui	player-visible	待处理	
agent-03	client	src/UI/Components/Inventory/InventoryV3/InventoryV3.css	client-ui	player-visible	待处理	
agent-04	client	src/UI/Components/Inventory/InventoryV3/InventoryV3.html	client-ui	player-visible	待处理	
agent-01	client	src/UI/Components/Inventory/InventoryV3/InventoryV3.js	client-ui	player-visible	待处理	
agent-02	client	src/UI/Components/ItemCompare/ItemCompare.css	client-ui	player-visible	待处理	
agent-03	client	src/UI/Components/ItemCompare/ItemCompare.html	client-ui	player-visible	待处理	
agent-04	client	src/UI/Components/ItemCompare/ItemCompare.js	client-ui	player-visible	待处理	
agent-01	client	src/UI/Components/ItemInfo/ItemInfo.css	client-ui	player-visible	待处理	
agent-02	client	src/UI/Components/ItemInfo/ItemInfo.html	client-ui	player-visible	待处理	
agent-03	client	src/UI/Components/ItemInfo/ItemInfo.js	client-ui	player-visible	待处理	
agent-04	client	src/UI/Components/ItemObtain/ItemObtain.html	client-ui	player-visible	待处理	
agent-01	client	src/UI/Components/ItemObtain/ItemObtain.js	client-ui	player-visible	待处理	
agent-02	client	src/UI/Components/ItemPreview/ItemPreview.css	client-ui	player-visible	待处理	
agent-03	client	src/UI/Components/ItemPreview/ItemPreview.html	client-ui	player-visible	待处理	
agent-04	client	src/UI/Components/ItemPreview/ItemPreview.js	client-ui	player-visible	待处理	
agent-01	client	src/UI/Components/ItemReform/ItemReform.css	client-ui	player-visible	待处理	
agent-02	client	src/UI/Components/ItemReform/ItemReform.html	client-ui	player-visible	待处理	
agent-03	client	src/UI/Components/ItemReform/ItemReform.js	client-ui	player-visible	待处理	
agent-04	client	src/UI/Components/ItemSelection/ItemSelection.css	client-ui	player-visible	待处理	
agent-01	client	src/UI/Components/ItemSelection/ItemSelection.html	client-ui	player-visible	待处理	
agent-02	client	src/UI/Components/ItemSelection/ItemSelection.js	client-ui	player-visible	待处理	
agent-03	client	src/UI/Components/JoystickUI/JoystickAxisInput.js	client-ui	player-visible	待处理	
agent-04	client	src/UI/Components/JoystickUI/JoystickButtonInput.js	client-ui	player-visible	待处理	
agent-01	client	src/UI/Components/JoystickUI/JoystickCharacterControl.js	client-ui	player-visible	待处理	
agent-02	client	src/UI/Components/JoystickUI/JoystickInputService.js	client-ui	player-visible	待处理	
agent-03	client	src/UI/Components/JoystickUI/JoystickInteractionService.js	client-ui	player-visible	待处理	
agent-04	client	src/UI/Components/JoystickUI/JoystickModule.js	client-ui	player-visible	待处理	
agent-01	client	src/UI/Components/JoystickUI/JoystickMouseCursorAdapter.js	client-ui	player-visible	待处理	
agent-02	client	src/UI/Components/JoystickUI/JoystickPollingLoop.js	client-ui	player-visible	待处理	
agent-03	client	src/UI/Components/JoystickUI/JoystickSelectionUI.css	client-ui	player-visible	待处理	
agent-04	client	src/UI/Components/JoystickUI/JoystickSelectionUI.html	client-ui	player-visible	待处理	
agent-01	client	src/UI/Components/JoystickUI/JoystickSelectionUI.js	client-ui	player-visible	待处理	
agent-02	client	src/UI/Components/JoystickUI/JoystickShortcutMapper.js	client-ui	player-visible	待处理	
agent-03	client	src/UI/Components/JoystickUI/JoystickTargetService.js	client-ui	player-visible	待处理	
agent-04	client	src/UI/Components/JoystickUI/JoystickUI.css	client-ui	player-visible	待处理	
agent-01	client	src/UI/Components/JoystickUI/JoystickUI.html	client-ui	player-visible	待处理	
agent-02	client	src/UI/Components/JoystickUI/JoystickUI.js	client-ui	player-visible	待处理	
agent-03	client	src/UI/Components/JoystickUI/JoystickUIRenderer.js	client-ui	player-visible	待处理	
agent-04	client	src/UI/Components/LaphineSys/LaphineSys.css	client-ui	player-visible	待处理	
agent-01	client	src/UI/Components/LaphineSys/LaphineSys.html	client-ui	player-visible	待处理	
agent-02	client	src/UI/Components/LaphineSys/LaphineSys.js	client-ui	player-visible	待处理	
agent-03	client	src/UI/Components/LaphineUpg/LaphineUpg.css	client-ui	player-visible	待处理	
agent-04	client	src/UI/Components/LaphineUpg/LaphineUpg.html	client-ui	player-visible	待处理	
agent-01	client	src/UI/Components/LaphineUpg/LaphineUpg.js	client-ui	player-visible	待处理	
agent-02	client	src/UI/Components/Mail/Mail.css	client-ui	player-visible	待处理	
agent-03	client	src/UI/Components/Mail/Mail.html	client-ui	player-visible	待处理	
agent-04	client	src/UI/Components/Mail/Mail.js	client-ui	player-visible	待处理	
agent-01	client	src/UI/Components/Mail/ReadMail.css	client-ui	player-visible	待处理	
agent-02	client	src/UI/Components/Mail/ReadMail.html	client-ui	player-visible	待处理	
agent-03	client	src/UI/Components/Mail/ReadMail.js	client-ui	player-visible	待处理	
agent-04	client	src/UI/Components/MakeArrowSelection/MakeArrowSelection.css	client-ui	player-visible	待处理	
agent-01	client	src/UI/Components/MakeArrowSelection/MakeArrowSelection.html	client-ui	player-visible	待处理	
agent-02	client	src/UI/Components/MakeArrowSelection/MakeArrowSelection.js	client-ui	player-visible	待处理	
agent-03	client	src/UI/Components/MakeItemSelection/ItemConvertSelection/ConvertItems.css	client-ui	player-visible	待处理	
agent-04	client	src/UI/Components/MakeItemSelection/ItemConvertSelection/ConvertItems.html	client-ui	player-visible	待处理	
agent-01	client	src/UI/Components/MakeItemSelection/ItemConvertSelection/ConvertItems.js	client-ui	player-visible	待处理	
agent-02	client	src/UI/Components/MakeItemSelection/ItemConvertSelection/MakeModelMessage/MakeModelMessage.css	client-ui	player-visible	待处理	
agent-03	client	src/UI/Components/MakeItemSelection/ItemConvertSelection/MakeModelMessage/MakeModelMessage.html	client-ui	player-visible	待处理	
agent-04	client	src/UI/Components/MakeItemSelection/ItemConvertSelection/MakeModelMessage/MakeModelMessage.js	client-ui	player-visible	待处理	
agent-01	client	src/UI/Components/MakeItemSelection/ItemListWindowSelection.css	client-ui	player-visible	待处理	
agent-02	client	src/UI/Components/MakeItemSelection/ItemListWindowSelection.html	client-ui	player-visible	待处理	
agent-03	client	src/UI/Components/MakeItemSelection/ItemListWindowSelection.js	client-ui	player-visible	待处理	
agent-04	client	src/UI/Components/MakeItemSelection/MakeItemSelection.css	client-ui	player-visible	待处理	
agent-01	client	src/UI/Components/MakeItemSelection/MakeItemSelection.html	client-ui	player-visible	待处理	
agent-02	client	src/UI/Components/MakeItemSelection/MakeItemSelection.js	client-ui	player-visible	待处理	
agent-03	client	src/UI/Components/MakeReadBook/MakeReadBook.css	client-ui	player-visible	待处理	
agent-04	client	src/UI/Components/MakeReadBook/MakeReadBook.html	client-ui	player-visible	待处理	
agent-01	client	src/UI/Components/MakeReadBook/MakeReadBook.js	client-ui	player-visible	待处理	
agent-02	client	src/UI/Components/MapName/MapName.css	client-ui	player-visible	待处理	
agent-03	client	src/UI/Components/MapName/MapName.html	client-ui	player-visible	待处理	
agent-04	client	src/UI/Components/MapName/MapName.js	client-ui	player-visible	待处理	
agent-01	client	src/UI/Components/MercenaryInformations/MercenaryInformations.css	client-ui	player-visible	待处理	
agent-02	client	src/UI/Components/MercenaryInformations/MercenaryInformations.html	client-ui	player-visible	待处理	
agent-03	client	src/UI/Components/MercenaryInformations/MercenaryInformations.js	client-ui	player-visible	待处理	
agent-04	client	src/UI/Components/MiniMap/MiniMap.js	client-ui	player-visible	待处理	
agent-01	client	src/UI/Components/MiniMap/MiniMap/MiniMap.html	client-ui	player-visible	待处理	
agent-02	client	src/UI/Components/MiniMap/MiniMap/MiniMap.js	client-ui	player-visible	待处理	
agent-03	client	src/UI/Components/MiniMap/MiniMapCommon.js	client-ui	player-visible	待处理	
agent-04	client	src/UI/Components/MiniMap/MiniMapV2/MiniMapV2.css	client-ui	player-visible	待处理	
agent-01	client	src/UI/Components/MiniMap/MiniMapV2/MiniMapV2.html	client-ui	player-visible	待处理	
agent-02	client	src/UI/Components/MiniMap/MiniMapV2/MiniMapV2.js	client-ui	player-visible	待处理	
agent-03	client	src/UI/Components/MobileUI/MobileUI.css	client-ui	player-visible	待处理	
agent-04	client	src/UI/Components/MobileUI/MobileUI.html	client-ui	player-visible	待处理	
agent-01	client	src/UI/Components/MobileUI/MobileUI.js	client-ui	player-visible	待处理	
agent-02	client	src/UI/Components/ModelViewer/ModelViewer.css	client-ui	player-visible	待处理	
agent-03	client	src/UI/Components/ModelViewer/ModelViewer.html	client-ui	player-visible	待处理	
agent-04	client	src/UI/Components/ModelViewer/ModelViewer.js	client-ui	player-visible	待处理	
agent-01	client	src/UI/Components/Navigation/MapPathFinder.js	client-ui	player-visible	待处理	
agent-02	client	src/UI/Components/Navigation/Navigation.css	client-ui	player-visible	待处理	
agent-03	client	src/UI/Components/Navigation/Navigation.html	client-ui	player-visible	待处理	
agent-04	client	src/UI/Components/Navigation/Navigation.js	client-ui	player-visible	待处理	
agent-01	client	src/UI/Components/Navigation/PathFindingWorker.js	client-ui	player-visible	待处理	
agent-02	client	src/UI/Components/NpcBox/NpcBox.css	client-ui	player-visible	待处理	
agent-03	client	src/UI/Components/NpcBox/NpcBox.html	client-ui	player-visible	待处理	
agent-04	client	src/UI/Components/NpcBox/NpcBox.js	client-ui	player-visible	待处理	
agent-01	client	src/UI/Components/NpcMenu/NpcMenu.css	client-ui	player-visible	待处理	
agent-02	client	src/UI/Components/NpcMenu/NpcMenu.html	client-ui	player-visible	待处理	
agent-03	client	src/UI/Components/NpcMenu/NpcMenu.js	client-ui	player-visible	待处理	
agent-04	client	src/UI/Components/NpcStore/NpcStore.css	client-ui	player-visible	待处理	
agent-01	client	src/UI/Components/NpcStore/NpcStore.html	client-ui	player-visible	待处理	
agent-02	client	src/UI/Components/NpcStore/NpcStore.js	client-ui	player-visible	待处理	
agent-03	client	src/UI/Components/PCGoldTimer/PCGoldTimer.html	client-ui	player-visible	待处理	
agent-04	client	src/UI/Components/PCGoldTimer/PCGoldTimer.js	client-ui	player-visible	待处理	
agent-01	client	src/UI/Components/PartyFriends/PartyFriends.js	client-ui	player-visible	待处理	
agent-02	client	src/UI/Components/PartyFriends/PartyFriendsCommon.js	client-ui	player-visible	待处理	
agent-03	client	src/UI/Components/PartyFriends/PartyFriendsV0/PartyFriendsV0.css	client-ui	player-visible	待处理	
agent-04	client	src/UI/Components/PartyFriends/PartyFriendsV0/PartyFriendsV0.html	client-ui	player-visible	待处理	
agent-01	client	src/UI/Components/PartyFriends/PartyFriendsV0/PartyFriendsV0.js	client-ui	player-visible	待处理	
agent-02	client	src/UI/Components/PartyFriends/PartyFriendsV1/PartyFriendsV1.css	client-ui	player-visible	待处理	
agent-03	client	src/UI/Components/PartyFriends/PartyFriendsV1/PartyFriendsV1.html	client-ui	player-visible	待处理	
agent-04	client	src/UI/Components/PartyFriends/PartyFriendsV1/PartyFriendsV1.js	client-ui	player-visible	待处理	
agent-01	client	src/UI/Components/PartyFriends/PartyHelper/PartyHelper.css	client-ui	player-visible	待处理	
agent-02	client	src/UI/Components/PartyFriends/PartyHelper/PartyHelper.html	client-ui	player-visible	待处理	
agent-03	client	src/UI/Components/PartyFriends/PartyHelper/PartyHelper.js	client-ui	player-visible	待处理	
agent-04	client	src/UI/Components/PartyFriends/PartyMemberExternal/PartyMemberExternal.css	client-ui	player-visible	待处理	
agent-01	client	src/UI/Components/PartyFriends/PartyMemberExternal/PartyMemberExternal.html	client-ui	player-visible	待处理	
agent-02	client	src/UI/Components/PartyFriends/PartyMemberExternal/PartyMemberExternal.js	client-ui	player-visible	待处理	
agent-03	client	src/UI/Components/PetEvolution/PetEvolution.css	client-ui	player-visible	待处理	
agent-04	client	src/UI/Components/PetEvolution/PetEvolution.html	client-ui	player-visible	待处理	
agent-01	client	src/UI/Components/PetEvolution/PetEvolution.js	client-ui	player-visible	待处理	
agent-02	client	src/UI/Components/PetInformations/PetInformations.css	client-ui	player-visible	待处理	
agent-03	client	src/UI/Components/PetInformations/PetInformations.html	client-ui	player-visible	待处理	
agent-04	client	src/UI/Components/PetInformations/PetInformations.js	client-ui	player-visible	待处理	
agent-01	client	src/UI/Components/PincodeWindow/PincodeWindow.css	client-ui	player-visible	待处理	
agent-02	client	src/UI/Components/PincodeWindow/PincodeWindow.html	client-ui	player-visible	待处理	
agent-03	client	src/UI/Components/PincodeWindow/PincodeWindow.js	client-ui	player-visible	待处理	
agent-04	client	src/UI/Components/PlayerViewEquip/PlayerViewEquip.css	client-ui	player-visible	待处理	
agent-01	client	src/UI/Components/PlayerViewEquip/PlayerViewEquip.js	client-ui	player-visible	待处理	
agent-02	client	src/UI/Components/PlayerViewEquip/PlayerViewEquipCommon.js	client-ui	player-visible	待处理	
agent-03	client	src/UI/Components/PlayerViewEquip/PlayerViewEquipV0/PlayerViewEquipV0.js	client-ui	player-visible	待处理	
agent-04	client	src/UI/Components/PlayerViewEquip/PlayerViewEquipV1/PlayerViewEquipV1.js	client-ui	player-visible	待处理	
agent-01	client	src/UI/Components/PlayerViewEquip/PlayerViewEquipV2/PlayerViewEquipV2.js	client-ui	player-visible	待处理	
agent-02	client	src/UI/Components/PvPCount/PvPCount.css	client-ui	player-visible	待处理	
agent-03	client	src/UI/Components/PvPCount/PvPCount.html	client-ui	player-visible	待处理	
agent-04	client	src/UI/Components/PvPCount/PvPCount.js	client-ui	player-visible	待处理	
agent-01	client	src/UI/Components/PvPTimer/PvPTimer.css	client-ui	player-visible	待处理	
agent-02	client	src/UI/Components/PvPTimer/PvPTimer.html	client-ui	player-visible	待处理	
agent-03	client	src/UI/Components/PvPTimer/PvPTimer.js	client-ui	player-visible	待处理	
agent-04	client	src/UI/Components/Quest/Quest.js	client-ui	player-visible	待处理	
agent-01	client	src/UI/Components/Quest/Quest/Quest.css	client-ui	player-visible	待处理	
agent-02	client	src/UI/Components/Quest/Quest/Quest.html	client-ui	player-visible	待处理	
agent-03	client	src/UI/Components/Quest/Quest/Quest.js	client-ui	player-visible	待处理	
agent-04	client	src/UI/Components/Quest/Quest/QuestHelper.css	client-ui	player-visible	待处理	
agent-01	client	src/UI/Components/Quest/Quest/QuestHelper.html	client-ui	player-visible	待处理	
agent-02	client	src/UI/Components/Quest/Quest/QuestHelper.js	client-ui	player-visible	待处理	
agent-03	client	src/UI/Components/Quest/Quest/QuestWindow.css	client-ui	player-visible	待处理	
agent-04	client	src/UI/Components/Quest/Quest/QuestWindow.html	client-ui	player-visible	待处理	
agent-01	client	src/UI/Components/Quest/Quest/QuestWindow.js	client-ui	player-visible	待处理	
agent-02	client	src/UI/Components/Quest/QuestCommon.js	client-ui	player-visible	待处理	
agent-03	client	src/UI/Components/Quest/QuestHelperCommon.js	client-ui	player-visible	待处理	
agent-04	client	src/UI/Components/Quest/QuestV1/QuestHelperV1.css	client-ui	player-visible	待处理	
agent-01	client	src/UI/Components/Quest/QuestV1/QuestHelperV1.html	client-ui	player-visible	待处理	
agent-02	client	src/UI/Components/Quest/QuestV1/QuestHelperV1.js	client-ui	player-visible	待处理	
agent-03	client	src/UI/Components/Quest/QuestV1/QuestV1.css	client-ui	player-visible	待处理	
agent-04	client	src/UI/Components/Quest/QuestV1/QuestV1.html	client-ui	player-visible	待处理	
agent-01	client	src/UI/Components/Quest/QuestV1/QuestV1.js	client-ui	player-visible	待处理	
agent-02	client	src/UI/Components/Refine/Refine.css	client-ui	player-visible	待处理	
agent-03	client	src/UI/Components/Refine/Refine.html	client-ui	player-visible	待处理	
agent-04	client	src/UI/Components/Refine/Refine.js	client-ui	player-visible	待处理	
agent-01	client	src/UI/Components/RefineWeaponSelection/RefineWeaponSelection.css	client-ui	player-visible	待处理	
agent-02	client	src/UI/Components/RefineWeaponSelection/RefineWeaponSelection.html	client-ui	player-visible	待处理	
agent-03	client	src/UI/Components/RefineWeaponSelection/RefineWeaponSelection.js	client-ui	player-visible	待处理	
agent-04	client	src/UI/Components/Reputation/Reputation.css	client-ui	player-visible	待处理	
agent-01	client	src/UI/Components/Reputation/Reputation.html	client-ui	player-visible	待处理	
agent-02	client	src/UI/Components/Reputation/Reputation.js	client-ui	player-visible	待处理	
agent-03	client	src/UI/Components/Rodex/ReadRodex.css	client-ui	player-visible	待处理	
agent-04	client	src/UI/Components/Rodex/ReadRodex.html	client-ui	player-visible	待处理	
agent-01	client	src/UI/Components/Rodex/ReadRodex.js	client-ui	player-visible	待处理	
agent-02	client	src/UI/Components/Rodex/Rodex.css	client-ui	player-visible	待处理	
agent-03	client	src/UI/Components/Rodex/Rodex.html	client-ui	player-visible	待处理	
agent-04	client	src/UI/Components/Rodex/Rodex.js	client-ui	player-visible	待处理	
agent-01	client	src/UI/Components/Rodex/RodexIcon.html	client-ui	player-visible	待处理	
agent-02	client	src/UI/Components/Rodex/RodexIcon.js	client-ui	player-visible	待处理	
agent-03	client	src/UI/Components/Rodex/WriteRodex.css	client-ui	player-visible	待处理	
agent-04	client	src/UI/Components/Rodex/WriteRodex.html	client-ui	player-visible	待处理	
agent-01	client	src/UI/Components/Rodex/WriteRodex.js	client-ui	player-visible	待处理	
agent-02	client	src/UI/Components/Roulette/Roulette.css	client-ui	player-visible	待处理	
agent-03	client	src/UI/Components/Roulette/Roulette.html	client-ui	player-visible	待处理	
agent-04	client	src/UI/Components/Roulette/Roulette.js	client-ui	player-visible	待处理	
agent-01	client	src/UI/Components/Sense/Sense.css	client-ui	player-visible	待处理	
agent-02	client	src/UI/Components/Sense/Sense.html	client-ui	player-visible	待处理	
agent-03	client	src/UI/Components/Sense/Sense.js	client-ui	player-visible	待处理	
agent-04	client	src/UI/Components/ShortCut/ShortCut.css	client-ui	player-visible	待处理	
agent-01	client	src/UI/Components/ShortCut/ShortCut.html	client-ui	player-visible	待处理	
agent-02	client	src/UI/Components/ShortCut/ShortCut.js	client-ui	player-visible	待处理	
agent-03	client	src/UI/Components/ShortCutOption/ShortCutOption.css	client-ui	player-visible	待处理	
agent-04	client	src/UI/Components/ShortCutOption/ShortCutOption.html	client-ui	player-visible	待处理	
agent-01	client	src/UI/Components/ShortCutOption/ShortCutOption.js	client-ui	player-visible	待处理	
agent-02	client	src/UI/Components/ShortCuts/ShortCuts.css	client-ui	player-visible	待处理	
agent-03	client	src/UI/Components/ShortCuts/ShortCuts.html	client-ui	player-visible	待处理	
agent-04	client	src/UI/Components/ShortCuts/ShortCuts.js	client-ui	player-visible	待处理	
agent-01	client	src/UI/Components/SkillDescription/SkillDescription.css	client-ui	player-visible	待处理	
agent-02	client	src/UI/Components/SkillDescription/SkillDescription.html	client-ui	player-visible	待处理	
agent-03	client	src/UI/Components/SkillDescription/SkillDescription.js	client-ui	player-visible	待处理	
agent-04	client	src/UI/Components/SkillList/SkillList.js	client-ui	player-visible	待处理	
agent-01	client	src/UI/Components/SkillList/SkillList/SkillList.css	client-ui	player-visible	待处理	
agent-02	client	src/UI/Components/SkillList/SkillList/SkillList.html	client-ui	player-visible	待处理	
agent-03	client	src/UI/Components/SkillList/SkillList/SkillList.js	client-ui	player-visible	待处理	
agent-04	client	src/UI/Components/SkillList/SkillListCommon.js	client-ui	player-visible	待处理	
agent-01	client	src/UI/Components/SkillList/SkillListV2/SkillListV2.css	client-ui	player-visible	待处理	
agent-02	client	src/UI/Components/SkillList/SkillListV2/SkillListV2.html	client-ui	player-visible	待处理	
agent-03	client	src/UI/Components/SkillList/SkillListV2/SkillListV2.js	client-ui	player-visible	待处理	
agent-04	client	src/UI/Components/SkillListMH/SkillListMH.js	client-ui	player-visible	待处理	
agent-01	client	src/UI/Components/SkillTargetSelection/SkillTargetSelection.css	client-ui	player-visible	待处理	
agent-02	client	src/UI/Components/SkillTargetSelection/SkillTargetSelection.html	client-ui	player-visible	待处理	
agent-03	client	src/UI/Components/SkillTargetSelection/SkillTargetSelection.js	client-ui	player-visible	待处理	
agent-04	client	src/UI/Components/SlotMachine/SlotMachine.css	client-ui	player-visible	待处理	
agent-01	client	src/UI/Components/SlotMachine/SlotMachine.html	client-ui	player-visible	待处理	
agent-02	client	src/UI/Components/SlotMachine/SlotMachine.js	client-ui	player-visible	待处理	
agent-03	client	src/UI/Components/SoundOption/SoundOption.css	client-ui	player-visible	待处理	
agent-04	client	src/UI/Components/SoundOption/SoundOption.html	client-ui	player-visible	待处理	
agent-01	client	src/UI/Components/SoundOption/SoundOption.js	client-ui	player-visible	待处理	
agent-02	client	src/UI/Components/StatusIcons/StatusIcons.css	client-ui	player-visible	待处理	
agent-03	client	src/UI/Components/StatusIcons/StatusIcons.html	client-ui	player-visible	待处理	
agent-04	client	src/UI/Components/StatusIcons/StatusIcons.js	client-ui	player-visible	待处理	
agent-01	client	src/UI/Components/Storage/Storage.js	client-ui	player-visible	待处理	
agent-02	client	src/UI/Components/Storage/StorageCommon.js	client-ui	player-visible	待处理	
agent-03	client	src/UI/Components/Storage/StorageV0/Storage.css	client-ui	player-visible	待处理	
agent-04	client	src/UI/Components/Storage/StorageV0/Storage.html	client-ui	player-visible	待处理	
agent-01	client	src/UI/Components/Storage/StorageV0/Storage.js	client-ui	player-visible	待处理	
agent-02	client	src/UI/Components/Storage/StorageV3/Storage.css	client-ui	player-visible	待处理	
agent-03	client	src/UI/Components/Storage/StorageV3/Storage.html	client-ui	player-visible	待处理	
agent-04	client	src/UI/Components/Storage/StorageV3/Storage.js	client-ui	player-visible	待处理	
agent-01	client	src/UI/Components/Storage/StorageV3/StorageFilter.css	client-ui	player-visible	待处理	
agent-02	client	src/UI/Components/Storage/StorageV3/StorageFilter.html	client-ui	player-visible	待处理	
agent-03	client	src/UI/Components/Storage/StorageV3/StorageFilter.js	client-ui	player-visible	待处理	
agent-04	client	src/UI/Components/StrViewer/StrViewer.css	client-ui	player-visible	待处理	
agent-01	client	src/UI/Components/StrViewer/StrViewer.html	client-ui	player-visible	待处理	
agent-02	client	src/UI/Components/StrViewer/StrViewer.js	client-ui	player-visible	待处理	
agent-03	client	src/UI/Components/SwitchEquip/SwitchEquip.css	client-ui	player-visible	待处理	
agent-04	client	src/UI/Components/SwitchEquip/SwitchEquip.html	client-ui	player-visible	待处理	
agent-01	client	src/UI/Components/SwitchEquip/SwitchEquip.js	client-ui	player-visible	待处理	
agent-02	client	src/UI/Components/Trade/Trade.css	client-ui	player-visible	待处理	
agent-03	client	src/UI/Components/Trade/Trade.html	client-ui	player-visible	待处理	
agent-04	client	src/UI/Components/Trade/Trade.js	client-ui	player-visible	待处理	
agent-01	client	src/UI/Components/Vending/Vending.css	client-ui	player-visible	待处理	
agent-02	client	src/UI/Components/Vending/Vending.html	client-ui	player-visible	待处理	
agent-03	client	src/UI/Components/Vending/Vending.js	client-ui	player-visible	待处理	
agent-04	client	src/UI/Components/Vending/VendingModelMessage/VendingModelMessage.css	client-ui	player-visible	待处理	
agent-01	client	src/UI/Components/Vending/VendingModelMessage/VendingModelMessage.html	client-ui	player-visible	待处理	
agent-02	client	src/UI/Components/Vending/VendingModelMessage/VendingModelMessage.js	client-ui	player-visible	待处理	
agent-03	client	src/UI/Components/VendingReport/VendingReport.css	client-ui	player-visible	待处理	
agent-04	client	src/UI/Components/VendingReport/VendingReport.html	client-ui	player-visible	待处理	
agent-01	client	src/UI/Components/VendingReport/VendingReport.js	client-ui	player-visible	待处理	
agent-02	client	src/UI/Components/VendingShop/VendingShop.css	client-ui	player-visible	待处理	
agent-03	client	src/UI/Components/VendingShop/VendingShop.html	client-ui	player-visible	待处理	
agent-04	client	src/UI/Components/VendingShop/VendingShop.js	client-ui	player-visible	待处理	
agent-01	client	src/UI/Components/WhisperBox/WhisperBox.css	client-ui	player-visible	待处理	
agent-02	client	src/UI/Components/WhisperBox/WhisperBox.html	client-ui	player-visible	待处理	
agent-03	client	src/UI/Components/WhisperBox/WhisperBox.js	client-ui	player-visible	待处理	
agent-04	client	src/UI/Components/WinList/WinList.css	client-ui	player-visible	待处理	
agent-01	client	src/UI/Components/WinList/WinList.html	client-ui	player-visible	待处理	
agent-02	client	src/UI/Components/WinList/WinList.js	client-ui	player-visible	待处理	
agent-03	client	src/UI/Components/WinLogin/WinLogin.js	client-ui	player-visible	待处理	
agent-04	client	src/UI/Components/WinLogin/WinLogin/WinLogin.css	client-ui	player-visible	待处理	
agent-01	client	src/UI/Components/WinLogin/WinLogin/WinLogin.html	client-ui	player-visible	待处理	
agent-02	client	src/UI/Components/WinLogin/WinLogin/WinLogin.js	client-ui	player-visible	待处理	
agent-03	client	src/UI/Components/WinLogin/WinLoginCommon.js	client-ui	player-visible	待处理	
agent-04	client	src/UI/Components/WinLogin/WinLoginV2/WinLoginV2.css	client-ui	player-visible	待处理	
agent-01	client	src/UI/Components/WinLogin/WinLoginV2/WinLoginV2.html	client-ui	player-visible	待处理	
agent-02	client	src/UI/Components/WinLogin/WinLoginV2/WinLoginV2.js	client-ui	player-visible	待处理	
agent-03	client	src/UI/Components/WinLogin/WinLoginV3/WinLoginV3.js	client-ui	player-visible	待处理	
agent-04	client	src/UI/Components/WinPopup/WinPopup.html	client-ui	player-visible	待处理	
agent-01	client	src/UI/Components/WinPopup/WinPopup.js	client-ui	player-visible	待处理	
agent-02	client	src/UI/Components/WinPrompt/WinPrompt.js	client-ui	player-visible	待处理	
agent-03	client	src/UI/Components/WinStats/WinStats.js	client-ui	player-visible	待处理	
agent-04	client	src/UI/Components/WinStats/WinStats/WinStats.css	client-ui	player-visible	待处理	
agent-01	client	src/UI/Components/WinStats/WinStats/WinStats.html	client-ui	player-visible	待处理	
agent-02	client	src/UI/Components/WinStats/WinStats/WinStats.js	client-ui	player-visible	待处理	
agent-03	client	src/UI/Components/WinStats/WinStatsCommon.js	client-ui	player-visible	待处理	
agent-04	client	src/UI/Components/WinStats/WinStatsV1/WinStatsV1.css	client-ui	player-visible	待处理	
agent-01	client	src/UI/Components/WinStats/WinStatsV1/WinStatsV1.html	client-ui	player-visible	待处理	
agent-02	client	src/UI/Components/WinStats/WinStatsV1/WinStatsV1.js	client-ui	player-visible	待处理	
agent-03	client	src/UI/Components/WinStats/WinStatsV2/WinStatsV2.css	client-ui	player-visible	待处理	
agent-04	client	src/UI/Components/WinStats/WinStatsV2/WinStatsV2.html	client-ui	player-visible	待处理	
agent-01	client	src/UI/Components/WinStats/WinStatsV2/WinStatsV2.js	client-ui	player-visible	待处理	
agent-02	client	src/UI/Components/WorldMap/WorldMap.css	client-ui	player-visible	待处理	
agent-03	client	src/UI/Components/WorldMap/WorldMap.html	client-ui	player-visible	待处理	
agent-04	client	src/UI/Components/WorldMap/WorldMap.js	client-ui	player-visible	待处理	
agent-01	client	src/UI/CursorManager.js	client-ui	player-visible	待处理	
agent-02	client	src/UI/Elements/Elements.js	client-ui	player-visible	待处理	
agent-03	client	src/UI/Elements/UIButton.js	client-ui	player-visible	待处理	
agent-04	client	src/UI/Elements/UIImage.js	client-ui	player-visible	待处理	
agent-01	client	src/UI/Elements/UIText.js	client-ui	player-visible	待处理	
agent-02	client	src/UI/GUIComponent.js	client-ui	player-visible	待处理	
agent-03	client	src/UI/Scrollbar.js	client-ui	player-visible	待处理	
agent-04	client	src/UI/UIManager.js	client-ui	player-visible	待处理	
agent-01	client	src/UI/UIVersionManager.js	client-ui	player-visible	待处理	
agent-02	client	src/Utils/Base62.js	client-source	unknown	待处理	
agent-03	client	src/Utils/BinaryReader.js	client-source	unknown	待处理	
agent-04	client	src/Utils/BinaryWriter.js	client-source	unknown	待处理	
agent-01	client	src/Utils/CRC32.js	client-source	unknown	待处理	
agent-02	client	src/Utils/CodepageManager.js	client-source	unknown	待处理	
agent-03	client	src/Utils/ConsoleManager.js	client-source	unknown	待处理	
agent-04	client	src/Utils/Executable.js	client-source	unknown	待处理	
agent-01	client	src/Utils/HTMLEntity.js	client-source	unknown	待处理	
agent-02	client	src/Utils/HtmlHelper.js	client-source	unknown	待处理	
agent-03	client	src/Utils/Inflate.js	client-source	unknown	待处理	
agent-04	client	src/Utils/PathFinding.js	client-source	unknown	待处理	
agent-01	client	src/Utils/Queue.js	client-source	unknown	待处理	
agent-02	client	src/Utils/Rijndael.js	client-source	unknown	待处理	
agent-03	client	src/Utils/Struct.js	client-source	unknown	待处理	
agent-04	client	src/Utils/Texture.js	client-source	unknown	待处理	
agent-01	client	src/Utils/WebGL.js	client-source	unknown	待处理	
agent-02	client	src/Utils/gl-matrix.js	client-source	unknown	待处理	
agent-03	client	src/Utils/partyColors.js	client-source	unknown	待处理	
agent-04	client	src/main.js	client-source	unknown	待处理	
agent-01	root	configs/Config.happyro.js	root-config	unknown	待处理	
agent-02	root	deploy/mariadb/compose.yml	root-config	unknown	待处理	
agent-03	root	scripts/scan-localization-inventory.py	root-config	unknown	待处理	
agent-04	server	conf/atcommands.yml	server-config	unknown	待处理	
agent-01	server	conf/battle/battle.conf	server-config	unknown	待处理	
agent-02	server	conf/battle/battleground.conf	server-config	unknown	待处理	
agent-03	server	conf/battle/client.conf	server-config	unknown	待处理	
agent-04	server	conf/battle/drops.conf	server-config	unknown	待处理	
agent-01	server	conf/battle/exp.conf	server-config	unknown	待处理	
agent-02	server	conf/battle/feature.conf	server-config	unknown	待处理	
agent-03	server	conf/battle/gm.conf	server-config	unknown	待处理	
agent-04	server	conf/battle/guild.conf	server-config	unknown	待处理	
agent-01	server	conf/battle/homunc.conf	server-config	unknown	待处理	
agent-02	server	conf/battle/instance.conf	server-config	unknown	待处理	
agent-03	server	conf/battle/items.conf	server-config	unknown	待处理	
agent-04	server	conf/battle/misc.conf	server-config	unknown	待处理	
agent-01	server	conf/battle/monster.conf	server-config	unknown	待处理	
agent-02	server	conf/battle/party.conf	server-config	unknown	待处理	
agent-03	server	conf/battle/pet.conf	server-config	unknown	待处理	
agent-04	server	conf/battle/player.conf	server-config	unknown	待处理	
agent-01	server	conf/battle/skill.conf	server-config	unknown	待处理	
agent-02	server	conf/battle/status.conf	server-config	unknown	待处理	
agent-03	server	conf/channels.conf	server-config	unknown	待处理	
agent-04	server	conf/char_athena.conf	server-config	unknown	待处理	
agent-01	server	conf/charhelp.txt	server-config	unknown	待处理	
agent-02	server	conf/groups.yml	server-config	unknown	待处理	
agent-03	server	conf/import-tmpl/atcommands.yml	server-config	unknown	待处理	
agent-04	server	conf/import-tmpl/inter_server.yml	server-config	unknown	待处理	
agent-01	server	conf/inter_athena.conf	server-config	unknown	待处理	
agent-02	server	conf/inter_server.yml	server-config	unknown	待处理	
agent-03	server	conf/log_athena.conf	server-config	unknown	待处理	
agent-04	server	conf/login_athena.conf	server-config	unknown	待处理	
agent-01	server	conf/map_athena.conf	server-config	unknown	待处理	
agent-02	server	conf/maps_athena.conf	server-config	unknown	待处理	
agent-03	server	conf/msg_conf/char_msg.conf	server-messages	player-visible	待处理	
agent-04	server	conf/msg_conf/login_msg.conf	server-messages	player-visible	待处理	
agent-01	server	conf/msg_conf/map_msg.conf	server-messages	player-visible	待处理	
agent-02	server	conf/msg_conf/map_msg_chn.conf	server-messages	player-visible	待处理	
agent-03	server	conf/msg_conf/map_msg_frn.conf	server-messages	player-visible	待处理	
agent-04	server	conf/msg_conf/map_msg_grm.conf	server-messages	player-visible	待处理	
agent-01	server	conf/msg_conf/map_msg_idn.conf	server-messages	player-visible	待处理	
agent-02	server	conf/msg_conf/map_msg_por.conf	server-messages	player-visible	待处理	
agent-03	server	conf/msg_conf/map_msg_rus.conf	server-messages	player-visible	待处理	
agent-04	server	conf/msg_conf/map_msg_spn.conf	server-messages	player-visible	待处理	
agent-01	server	conf/msg_conf/map_msg_tha.conf	server-messages	player-visible	待处理	
agent-02	server	conf/msg_conf/web_msg.conf	server-messages	player-visible	待处理	
agent-03	server	conf/packet_athena.conf	server-config	unknown	待处理	
agent-04	server	conf/readme.md	server-config	unknown	待处理	
agent-01	server	conf/script_athena.conf	server-config	unknown	待处理	
agent-02	server	conf/web_athena.conf	server-config	unknown	待处理	
agent-03	server	db/abra_db.yml	game-database	player-data	待处理	
agent-04	server	db/achievement_db.yml	game-database	player-data	待处理	
agent-01	server	db/enchantgrade.yml	game-database	player-data	待处理	
agent-02	server	db/import-tmpl/achievement_db.yml	game-database	player-data	待处理	
agent-03	server	db/import-tmpl/enchantgrade.yml	game-database	player-data	待处理	
agent-04	server	db/import-tmpl/instance_db.yml	game-database	player-data	待处理	
agent-01	server	db/import-tmpl/item_db.yml	game-database	player-data	待处理	
agent-02	server	db/import-tmpl/map_index.txt	game-database	player-data	待处理	
agent-03	server	db/import-tmpl/mob_chat_db.yml	game-database	player-data	待处理	
agent-04	server	db/import-tmpl/mob_db.yml	game-database	player-data	待处理	
agent-01	server	db/import-tmpl/mob_skill_db.txt	game-database	player-data	待处理	
agent-02	server	db/import-tmpl/pet_db.yml	game-database	player-data	待处理	
agent-03	server	db/import-tmpl/quest_db.yml	game-database	player-data	待处理	
agent-04	server	db/import-tmpl/skill_db.yml	game-database	player-data	待处理	
agent-01	server	db/import-tmpl/status.yml	game-database	player-data	待处理	
agent-02	server	db/instance_db.yml	game-database	player-data	待处理	
agent-03	server	db/item_db.yml	game-database	player-data	待处理	
agent-04	server	db/map_index.txt	game-database	player-data	待处理	
agent-01	server	db/mob_chat_db.yml	game-database	player-data	待处理	
agent-02	server	db/mob_db.yml	game-database	player-data	待处理	
agent-03	server	db/pre-re/achievement_db.yml	game-database	player-data	待处理	
agent-04	server	db/pre-re/instance_db.yml	game-database	player-data	待处理	
agent-01	server	db/pre-re/item_combos.yml	game-database	player-data	待处理	
agent-02	server	db/pre-re/item_db.yml	game-database	player-data	待处理	
agent-03	server	db/pre-re/item_db_equip.yml	game-database	player-data	待处理	
agent-04	server	db/pre-re/item_db_etc.yml	game-database	player-data	待处理	
agent-01	server	db/pre-re/item_db_usable.yml	game-database	player-data	待处理	
agent-02	server	db/pre-re/item_group_db.yml	game-database	player-data	待处理	
agent-03	server	db/pre-re/mob_db.yml	game-database	player-data	待处理	
agent-04	server	db/pre-re/mob_skill_db.txt	game-database	player-data	待处理	
agent-01	server	db/pre-re/mob_summon.yml	game-database	player-data	待处理	
agent-02	server	db/pre-re/pet_db.yml	game-database	player-data	待处理	
agent-03	server	db/pre-re/quest_db.yml	game-database	player-data	待处理	
agent-04	server	db/pre-re/skill_db.yml	game-database	player-data	待处理	
agent-01	server	db/pre-re/skill_tree.yml	game-database	player-data	待处理	
agent-02	server	db/pre-re/status.yml	game-database	player-data	待处理	
agent-03	server	db/quest_db.yml	game-database	player-data	待处理	
agent-04	server	db/re/achievement_db.yml	game-database	player-data	待处理	
agent-01	server	db/re/enchantgrade.yml	game-database	player-data	待处理	
agent-02	server	db/re/instance_db.yml	game-database	player-data	待处理	
agent-03	server	db/re/item_combos.yml	game-database	player-data	待处理	
agent-04	server	db/re/item_db.yml	game-database	player-data	待处理	
agent-01	server	db/re/item_db_equip.yml	game-database	player-data	待处理	
agent-02	server	db/re/item_db_etc.yml	game-database	player-data	待处理	
agent-03	server	db/re/item_db_usable.yml	game-database	player-data	待处理	
agent-04	server	db/re/item_enchant.yml	game-database	player-data	待处理	
agent-01	server	db/re/item_group_db.yml	game-database	player-data	待处理	
agent-02	server	db/re/item_reform.yml	game-database	player-data	待处理	
agent-03	server	db/re/laphine_synthesis.yml	game-database	player-data	待处理	
agent-04	server	db/re/laphine_upgrade.yml	game-database	player-data	待处理	
agent-01	server	db/re/map_drops.yml	game-database	player-data	待处理	
agent-02	server	db/re/mob_db.yml	game-database	player-data	待处理	
agent-03	server	db/re/mob_skill_db.txt	game-database	player-data	待处理	
agent-04	server	db/re/mob_summon.yml	game-database	player-data	待处理	
agent-01	server	db/re/pet_db.yml	game-database	player-data	待处理	
agent-02	server	db/re/quest_db.yml	game-database	player-data	待处理	
agent-03	server	db/re/skill_db.yml	game-database	player-data	待处理	
agent-04	server	db/re/skill_tree.yml	game-database	player-data	待处理	
agent-01	server	db/re/status.yml	game-database	player-data	待处理	
agent-02	server	db/readme.md	game-database	player-data	待处理	
agent-03	server	db/skill_db.yml	game-database	player-data	待处理	
agent-04	server	db/status.yml	game-database	player-data	待处理	
agent-01	server	npc/airports/airships.txt	npc-and-quest	player-visible	待处理	
agent-02	server	npc/airports/einbroch.txt	npc-and-quest	player-visible	待处理	
agent-03	server	npc/airports/hugel.txt	npc-and-quest	player-visible	待处理	
agent-04	server	npc/airports/izlude.txt	npc-and-quest	player-visible	待处理	
agent-01	server	npc/airports/lighthalzen.txt	npc-and-quest	player-visible	待处理	
agent-02	server	npc/airports/rachel.txt	npc-and-quest	player-visible	待处理	
agent-03	server	npc/airports/yuno.txt	npc-and-quest	player-visible	待处理	
agent-04	server	npc/battleground/bg_common.txt	npc-and-quest	player-visible	待处理	
agent-01	server	npc/battleground/flavius/flavius01.txt	npc-and-quest	player-visible	待处理	
agent-02	server	npc/battleground/flavius/flavius02.txt	npc-and-quest	player-visible	待处理	
agent-03	server	npc/battleground/flavius/flavius_enter.txt	npc-and-quest	player-visible	待处理	
agent-04	server	npc/battleground/kvm/kvm01.txt	npc-and-quest	player-visible	待处理	
agent-01	server	npc/battleground/kvm/kvm02.txt	npc-and-quest	player-visible	待处理	
agent-02	server	npc/battleground/kvm/kvm03.txt	npc-and-quest	player-visible	待处理	
agent-03	server	npc/battleground/kvm/kvm_enter.txt	npc-and-quest	player-visible	待处理	
agent-04	server	npc/battleground/kvm/kvm_item_pay.txt	npc-and-quest	player-visible	待处理	
agent-01	server	npc/battleground/tierra/tierra01.txt	npc-and-quest	player-visible	待处理	
agent-02	server	npc/battleground/tierra/tierra02.txt	npc-and-quest	player-visible	待处理	
agent-03	server	npc/battleground/tierra/tierra_enter.txt	npc-and-quest	player-visible	待处理	
agent-04	server	npc/cities/alberta.txt	npc-and-quest	player-visible	待处理	
agent-01	server	npc/cities/aldebaran.txt	npc-and-quest	player-visible	待处理	
agent-02	server	npc/cities/amatsu.txt	npc-and-quest	player-visible	待处理	
agent-03	server	npc/cities/ayothaya.txt	npc-and-quest	player-visible	待处理	
agent-04	server	npc/cities/brasilis.txt	npc-and-quest	player-visible	待处理	
agent-01	server	npc/cities/comodo.txt	npc-and-quest	player-visible	待处理	
agent-02	server	npc/cities/einbech.txt	npc-and-quest	player-visible	待处理	
agent-03	server	npc/cities/einbroch.txt	npc-and-quest	player-visible	待处理	
agent-04	server	npc/cities/geffen.txt	npc-and-quest	player-visible	待处理	
agent-01	server	npc/cities/gonryun.txt	npc-and-quest	player-visible	待处理	
agent-02	server	npc/cities/hugel.txt	npc-and-quest	player-visible	待处理	
agent-03	server	npc/cities/izlude.txt	npc-and-quest	player-visible	待处理	
agent-04	server	npc/cities/jawaii.txt	npc-and-quest	player-visible	待处理	
agent-01	server	npc/cities/lighthalzen.txt	npc-and-quest	player-visible	待处理	
agent-02	server	npc/cities/louyang.txt	npc-and-quest	player-visible	待处理	
agent-03	server	npc/cities/lutie.txt	npc-and-quest	player-visible	待处理	
agent-04	server	npc/cities/manuk.txt	npc-and-quest	player-visible	待处理	
agent-01	server	npc/cities/morocc.txt	npc-and-quest	player-visible	待处理	
agent-02	server	npc/cities/moscovia.txt	npc-and-quest	player-visible	待处理	
agent-03	server	npc/cities/niflheim.txt	npc-and-quest	player-visible	待处理	
agent-04	server	npc/cities/payon.txt	npc-and-quest	player-visible	待处理	
agent-01	server	npc/cities/prontera.txt	npc-and-quest	player-visible	待处理	
agent-02	server	npc/cities/rachel.txt	npc-and-quest	player-visible	待处理	
agent-03	server	npc/cities/splendide.txt	npc-and-quest	player-visible	待处理	
agent-04	server	npc/cities/umbala.txt	npc-and-quest	player-visible	待处理	
agent-01	server	npc/cities/veins.txt	npc-and-quest	player-visible	待处理	
agent-02	server	npc/cities/yuno.txt	npc-and-quest	player-visible	待处理	
agent-03	server	npc/custom/battleground/bg_emp.txt	npc-and-quest	player-visible	待处理	
agent-04	server	npc/custom/battleground/bg_pvp.txt	npc-and-quest	player-visible	待处理	
agent-01	server	npc/custom/breeder.txt	npc-and-quest	player-visible	待处理	
agent-02	server	npc/custom/card_remover.txt	npc-and-quest	player-visible	待处理	
agent-03	server	npc/custom/card_seller.txt	npc-and-quest	player-visible	待处理	
agent-04	server	npc/custom/etc/airplane.txt	npc-and-quest	player-visible	待处理	
agent-01	server	npc/custom/etc/autopot.txt	npc-and-quest	player-visible	待处理	
agent-02	server	npc/custom/etc/bank.txt	npc-and-quest	player-visible	待处理	
agent-03	server	npc/custom/etc/bank_kafra.txt	npc-and-quest	player-visible	待处理	
agent-04	server	npc/custom/etc/blackjack.txt	npc-and-quest	player-visible	待处理	
agent-01	server	npc/custom/etc/floating_rates.txt	npc-and-quest	player-visible	待处理	
agent-02	server	npc/custom/etc/lottery.txt	npc-and-quest	player-visible	待处理	
agent-03	server	npc/custom/etc/marriage.txt	npc-and-quest	player-visible	待处理	
agent-04	server	npc/custom/etc/monster_arena.txt	npc-and-quest	player-visible	待处理	
agent-01	server	npc/custom/etc/morroc_raceway.txt	npc-and-quest	player-visible	待处理	
agent-02	server	npc/custom/etc/mvp_arena.txt	npc-and-quest	player-visible	待处理	
agent-03	server	npc/custom/etc/mvp_room.txt	npc-and-quest	player-visible	待处理	
agent-04	server	npc/custom/etc/penal_servitude.txt	npc-and-quest	player-visible	待处理	
agent-01	server	npc/custom/etc/quest_warper.txt	npc-and-quest	player-visible	待处理	
agent-02	server	npc/custom/etc/rpsroulette.txt	npc-and-quest	player-visible	待处理	
agent-03	server	npc/custom/etc/shifty_assassin.txt	npc-and-quest	player-visible	待处理	
agent-04	server	npc/custom/etc/stock_market.txt	npc-and-quest	player-visible	待处理	
agent-01	server	npc/custom/events/cluckers.txt	npc-and-quest	player-visible	待处理	
agent-02	server	npc/custom/events/devil_square.txt	npc-and-quest	player-visible	待处理	
agent-03	server	npc/custom/events/disguise.txt	npc-and-quest	player-visible	待处理	
agent-04	server	npc/custom/events/holiday/hallow06.txt	npc-and-quest	player-visible	待处理	
agent-01	server	npc/custom/events/holiday/uneasy_cemetery.txt	npc-and-quest	player-visible	待处理	
agent-02	server	npc/custom/events/holiday/valentinesdayexp.txt	npc-and-quest	player-visible	待处理	
agent-03	server	npc/custom/events/holiday/xmas_rings_event.txt	npc-and-quest	player-visible	待处理	
agent-04	server	npc/custom/events/mushroom_event.txt	npc-and-quest	player-visible	待处理	
agent-01	server	npc/custom/events/mvp_ladder.txt	npc-and-quest	player-visible	待处理	
agent-02	server	npc/custom/happyro/novice_channel_merge.txt	npc-and-quest	player-visible	待处理	
agent-03	server	npc/custom/healer.txt	npc-and-quest	player-visible	待处理	
agent-04	server	npc/custom/item_signer.txt	npc-and-quest	player-visible	待处理	
agent-01	server	npc/custom/itemmall.txt	npc-and-quest	player-visible	待处理	
agent-02	server	npc/custom/jobmaster.txt	npc-and-quest	player-visible	待处理	
agent-03	server	npc/custom/official/GeffenMagicTournament.txt	npc-and-quest	player-visible	待处理	
agent-04	server	npc/custom/platinum_skills.txt	npc-and-quest	player-visible	待处理	
agent-01	server	npc/custom/quests/bandit_beard.txt	npc-and-quest	player-visible	待处理	
agent-02	server	npc/custom/quests/berzebub.txt	npc-and-quest	player-visible	待处理	
agent-03	server	npc/custom/quests/dead_branch.txt	npc-and-quest	player-visible	待处理	
agent-04	server	npc/custom/quests/elvenear.txt	npc-and-quest	player-visible	待处理	
agent-01	server	npc/custom/quests/event_6_new_hats.txt	npc-and-quest	player-visible	待处理	
agent-02	server	npc/custom/quests/hunting_missions.txt	npc-and-quest	player-visible	待处理	
agent-03	server	npc/custom/quests/jewel_case.txt	npc-and-quest	player-visible	待处理	
agent-04	server	npc/custom/quests/kaho_balmung.txt	npc-and-quest	player-visible	待处理	
agent-01	server	npc/custom/quests/kahohorn.txt	npc-and-quest	player-visible	待处理	
agent-02	server	npc/custom/quests/kings_items.txt	npc-and-quest	player-visible	待处理	
agent-03	server	npc/custom/quests/may_hats.txt	npc-and-quest	player-visible	待处理	
agent-04	server	npc/custom/quests/quest_shop.txt	npc-and-quest	player-visible	待处理	
agent-01	server	npc/custom/quests/questboard.txt	npc-and-quest	player-visible	待处理	
agent-02	server	npc/custom/quests/sphinx_mask.txt	npc-and-quest	player-visible	待处理	
agent-03	server	npc/custom/quests/sunglasses.txt	npc-and-quest	player-visible	待处理	
agent-04	server	npc/custom/quests/tha_statues.txt	npc-and-quest	player-visible	待处理	
agent-01	server	npc/custom/quests/thq/THQS_ChattingNPC.txt	npc-and-quest	player-visible	待处理	
agent-02	server	npc/custom/quests/thq/THQS_GuildNPC.txt	npc-and-quest	player-visible	待处理	
agent-03	server	npc/custom/quests/thq/THQS_QuestNPC.txt	npc-and-quest	player-visible	待处理	
agent-04	server	npc/custom/quests/thq/THQS_Quests.txt	npc-and-quest	player-visible	待处理	
agent-01	server	npc/custom/quests/thq/THQS_TTShop.txt	npc-and-quest	player-visible	待处理	
agent-02	server	npc/custom/quests/umbalian_language.txt	npc-and-quest	player-visible	待处理	
agent-03	server	npc/custom/quests/valhallen.txt	npc-and-quest	player-visible	待处理	
agent-04	server	npc/custom/resetnpc.txt	npc-and-quest	player-visible	待处理	
agent-01	server	npc/custom/stylist.txt	npc-and-quest	player-visible	待处理	
agent-02	server	npc/custom/warper.txt	npc-and-quest	player-visible	待处理	
agent-03	server	npc/custom/woe_controller.txt	npc-and-quest	player-visible	待处理	
agent-04	server	npc/events/MemorialDay_2008.txt	npc-and-quest	player-visible	待处理	
agent-01	server	npc/events/RWC_2011.txt	npc-and-quest	player-visible	待处理	
agent-02	server	npc/events/RWC_2012.txt	npc-and-quest	player-visible	待处理	
agent-03	server	npc/events/StPatrick_2008.txt	npc-and-quest	player-visible	待处理	
agent-04	server	npc/events/bossnia.txt	npc-and-quest	player-visible	待处理	
agent-01	server	npc/events/children_week.txt	npc-and-quest	player-visible	待处理	
agent-02	server	npc/events/christmas_2005.txt	npc-and-quest	player-visible	待处理	
agent-03	server	npc/events/christmas_2008.txt	npc-and-quest	player-visible	待处理	
agent-04	server	npc/events/christmas_2013.txt	npc-and-quest	player-visible	待处理	
agent-01	server	npc/events/dumplingfestival.txt	npc-and-quest	player-visible	待处理	
agent-02	server	npc/events/easter_2008.txt	npc-and-quest	player-visible	待处理	
agent-03	server	npc/events/easter_2010.txt	npc-and-quest	player-visible	待处理	
agent-04	server	npc/events/event_skill_reset.txt	npc-and-quest	player-visible	待处理	
agent-01	server	npc/events/gdevent_aru.txt	npc-and-quest	player-visible	待处理	
agent-02	server	npc/events/gdevent_sch.txt	npc-and-quest	player-visible	待处理	
agent-03	server	npc/events/god_se_festival.txt	npc-and-quest	player-visible	待处理	
agent-04	server	npc/events/halloween_2006.txt	npc-and-quest	player-visible	待处理	
agent-01	server	npc/events/halloween_2008.txt	npc-and-quest	player-visible	待处理	
agent-02	server	npc/events/halloween_2009.txt	npc-and-quest	player-visible	待处理	
agent-03	server	npc/events/halloween_2013.txt	npc-and-quest	player-visible	待处理	
agent-04	server	npc/events/idul_fitri.txt	npc-and-quest	player-visible	待处理	
agent-01	server	npc/events/lunar_2008.txt	npc-and-quest	player-visible	待处理	
agent-02	server	npc/events/nguild/nguild_dunsw.txt	npc-and-quest	player-visible	待处理	
agent-03	server	npc/events/nguild/nguild_ev_agit.txt	npc-and-quest	player-visible	待处理	
agent-04	server	npc/events/nguild/nguild_flags.txt	npc-and-quest	player-visible	待处理	
agent-01	server	npc/events/nguild/nguild_guardians.txt	npc-and-quest	player-visible	待处理	
agent-02	server	npc/events/nguild/nguild_kafras.txt	npc-and-quest	player-visible	待处理	
agent-03	server	npc/events/nguild/nguild_managers.txt	npc-and-quest	player-visible	待处理	
agent-04	server	npc/events/nguild/nguild_treas.txt	npc-and-quest	player-visible	待处理	
agent-01	server	npc/events/nguild/nguild_warper.txt	npc-and-quest	player-visible	待处理	
agent-02	server	npc/events/twintowers.txt	npc-and-quest	player-visible	待处理	
agent-03	server	npc/events/valentinesday.txt	npc-and-quest	player-visible	待处理	
agent-04	server	npc/events/valentinesday_2009.txt	npc-and-quest	player-visible	待处理	
agent-01	server	npc/events/valentinesday_2012.txt	npc-and-quest	player-visible	待处理	
agent-02	server	npc/events/whiteday.txt	npc-and-quest	player-visible	待处理	
agent-03	server	npc/events/xmas.txt	npc-and-quest	player-visible	待处理	
agent-04	server	npc/guild/agit_controller.txt	npc-and-quest	player-visible	待处理	
agent-01	server	npc/guild/agit_main.txt	npc-and-quest	player-visible	待处理	
agent-02	server	npc/guild/aldeg_cas01.txt	npc-and-quest	player-visible	待处理	
agent-03	server	npc/guild/aldeg_cas02.txt	npc-and-quest	player-visible	待处理	
agent-04	server	npc/guild/aldeg_cas03.txt	npc-and-quest	player-visible	待处理	
agent-01	server	npc/guild/aldeg_cas04.txt	npc-and-quest	player-visible	待处理	
agent-02	server	npc/guild/aldeg_cas05.txt	npc-and-quest	player-visible	待处理	
agent-03	server	npc/guild/gefg_cas01.txt	npc-and-quest	player-visible	待处理	
agent-04	server	npc/guild/gefg_cas02.txt	npc-and-quest	player-visible	待处理	
agent-01	server	npc/guild/gefg_cas03.txt	npc-and-quest	player-visible	待处理	
agent-02	server	npc/guild/gefg_cas04.txt	npc-and-quest	player-visible	待处理	
agent-03	server	npc/guild/gefg_cas05.txt	npc-and-quest	player-visible	待处理	
agent-04	server	npc/guild/payg_cas01.txt	npc-and-quest	player-visible	待处理	
agent-01	server	npc/guild/payg_cas02.txt	npc-and-quest	player-visible	待处理	
agent-02	server	npc/guild/payg_cas03.txt	npc-and-quest	player-visible	待处理	
agent-03	server	npc/guild/payg_cas04.txt	npc-and-quest	player-visible	待处理	
agent-04	server	npc/guild/payg_cas05.txt	npc-and-quest	player-visible	待处理	
agent-01	server	npc/guild/prtg_cas01.txt	npc-and-quest	player-visible	待处理	
agent-02	server	npc/guild/prtg_cas02.txt	npc-and-quest	player-visible	待处理	
agent-03	server	npc/guild/prtg_cas03.txt	npc-and-quest	player-visible	待处理	
agent-04	server	npc/guild/prtg_cas04.txt	npc-and-quest	player-visible	待处理	
agent-01	server	npc/guild/prtg_cas05.txt	npc-and-quest	player-visible	待处理	
agent-02	server	npc/guild/trs_rp.txt	npc-and-quest	player-visible	待处理	
agent-03	server	npc/guild2/agit_main_se.txt	npc-and-quest	player-visible	待处理	
agent-04	server	npc/guild2/agit_start_se.txt	npc-and-quest	player-visible	待处理	
agent-01	server	npc/guild2/arug_cas01.txt	npc-and-quest	player-visible	待处理	
agent-02	server	npc/guild2/arug_cas02.txt	npc-and-quest	player-visible	待处理	
agent-03	server	npc/guild2/arug_cas03.txt	npc-and-quest	player-visible	待处理	
agent-04	server	npc/guild2/arug_cas04.txt	npc-and-quest	player-visible	待处理	
agent-01	server	npc/guild2/arug_cas05.txt	npc-and-quest	player-visible	待处理	
agent-02	server	npc/guild2/guild_flags.txt	npc-and-quest	player-visible	待处理	
agent-03	server	npc/guild2/schg_cas01.txt	npc-and-quest	player-visible	待处理	
agent-04	server	npc/guild2/schg_cas02.txt	npc-and-quest	player-visible	待处理	
agent-01	server	npc/guild2/schg_cas03.txt	npc-and-quest	player-visible	待处理	
agent-02	server	npc/guild2/schg_cas04.txt	npc-and-quest	player-visible	待处理	
agent-03	server	npc/guild2/schg_cas05.txt	npc-and-quest	player-visible	待处理	
agent-04	server	npc/instances/EndlessTower.txt	npc-and-quest	player-visible	待处理	
agent-01	server	npc/instances/NydhoggsNest.txt	npc-and-quest	player-visible	待处理	
agent-02	server	npc/instances/OrcsMemory.txt	npc-and-quest	player-visible	待处理	
agent-03	server	npc/instances/SealedShrine.txt	npc-and-quest	player-visible	待处理	
agent-04	server	npc/jobs/1-1e/gunslinger.txt	npc-and-quest	player-visible	待处理	
agent-01	server	npc/jobs/1-1e/ninja.txt	npc-and-quest	player-visible	待处理	
agent-02	server	npc/jobs/1-1e/taekwon.txt	npc-and-quest	player-visible	待处理	
agent-03	server	npc/jobs/2-1/assassin.txt	npc-and-quest	player-visible	待处理	
agent-04	server	npc/jobs/2-1/blacksmith.txt	npc-and-quest	player-visible	待处理	
agent-01	server	npc/jobs/2-1/hunter.txt	npc-and-quest	player-visible	待处理	
agent-02	server	npc/jobs/2-1/knight.txt	npc-and-quest	player-visible	待处理	
agent-03	server	npc/jobs/2-1/priest.txt	npc-and-quest	player-visible	待处理	
agent-04	server	npc/jobs/2-1/wizard.txt	npc-and-quest	player-visible	待处理	
agent-01	server	npc/jobs/2-1a/AssassinCross.txt	npc-and-quest	player-visible	待处理	
agent-02	server	npc/jobs/2-1a/HighPriest.txt	npc-and-quest	player-visible	待处理	
agent-03	server	npc/jobs/2-1a/HighWizard.txt	npc-and-quest	player-visible	待处理	
agent-04	server	npc/jobs/2-1a/LordKnight.txt	npc-and-quest	player-visible	待处理	
agent-01	server	npc/jobs/2-1a/Sniper.txt	npc-and-quest	player-visible	待处理	
agent-02	server	npc/jobs/2-1a/WhiteSmith.txt	npc-and-quest	player-visible	待处理	
agent-03	server	npc/jobs/2-1e/StarGladiator.txt	npc-and-quest	player-visible	待处理	
agent-04	server	npc/jobs/2-2/alchemist.txt	npc-and-quest	player-visible	待处理	
agent-01	server	npc/jobs/2-2/bard.txt	npc-and-quest	player-visible	待处理	
agent-02	server	npc/jobs/2-2/crusader.txt	npc-and-quest	player-visible	待处理	
agent-03	server	npc/jobs/2-2/dancer.txt	npc-and-quest	player-visible	待处理	
agent-04	server	npc/jobs/2-2/monk.txt	npc-and-quest	player-visible	待处理	
agent-01	server	npc/jobs/2-2/rogue.txt	npc-and-quest	player-visible	待处理	
agent-02	server	npc/jobs/2-2/sage.txt	npc-and-quest	player-visible	待处理	
agent-03	server	npc/jobs/2-2a/Champion.txt	npc-and-quest	player-visible	待处理	
agent-04	server	npc/jobs/2-2a/Clown.txt	npc-and-quest	player-visible	待处理	
agent-01	server	npc/jobs/2-2a/Creator.txt	npc-and-quest	player-visible	待处理	
agent-02	server	npc/jobs/2-2a/Gypsy.txt	npc-and-quest	player-visible	待处理	
agent-03	server	npc/jobs/2-2a/Paladin.txt	npc-and-quest	player-visible	待处理	
agent-04	server	npc/jobs/2-2a/Professor.txt	npc-and-quest	player-visible	待处理	
agent-01	server	npc/jobs/2-2a/Stalker.txt	npc-and-quest	player-visible	待处理	
agent-02	server	npc/jobs/2-2e/SoulLinker.txt	npc-and-quest	player-visible	待处理	
agent-03	server	npc/jobs/novice/supernovice.txt	npc-and-quest	player-visible	待处理	
agent-04	server	npc/jobs/valkyrie.txt	npc-and-quest	player-visible	待处理	
agent-01	server	npc/kafras/cool_event_corp.txt	npc-and-quest	player-visible	待处理	
agent-02	server	npc/kafras/dts_warper.txt	npc-and-quest	player-visible	待处理	
agent-03	server	npc/kafras/functions_kafras.txt	npc-and-quest	player-visible	待处理	
agent-04	server	npc/kafras/kafras.txt	npc-and-quest	player-visible	待处理	
agent-01	server	npc/mapflag/battleground.txt	npc-and-quest	player-visible	待处理	
agent-02	server	npc/mapflag/gvg.txt	npc-and-quest	player-visible	待处理	
agent-03	server	npc/mapflag/gvg_noparty.txt	npc-and-quest	player-visible	待处理	
agent-04	server	npc/mapflag/hidemobhpbar.txt	npc-and-quest	player-visible	待处理	
agent-01	server	npc/mapflag/jail.txt	npc-and-quest	player-visible	待处理	
agent-02	server	npc/mapflag/night.txt	npc-and-quest	player-visible	待处理	
agent-03	server	npc/mapflag/nightmare.txt	npc-and-quest	player-visible	待处理	
agent-04	server	npc/mapflag/nobranch.txt	npc-and-quest	player-visible	待处理	
agent-01	server	npc/mapflag/nocostume.txt	npc-and-quest	player-visible	待处理	
agent-02	server	npc/mapflag/nodynamicnpc.txt	npc-and-quest	player-visible	待处理	
agent-03	server	npc/mapflag/noicewall.txt	npc-and-quest	player-visible	待处理	
agent-04	server	npc/mapflag/nomemo.txt	npc-and-quest	player-visible	待处理	
agent-01	server	npc/mapflag/nopenalty.txt	npc-and-quest	player-visible	待处理	
agent-02	server	npc/mapflag/nopvp.txt	npc-and-quest	player-visible	待处理	
agent-03	server	npc/mapflag/noreturn.txt	npc-and-quest	player-visible	待处理	
agent-04	server	npc/mapflag/nosave.txt	npc-and-quest	player-visible	待处理	
agent-01	server	npc/mapflag/noskill.txt	npc-and-quest	player-visible	待处理	
agent-02	server	npc/mapflag/noteleport.txt	npc-and-quest	player-visible	待处理	
agent-03	server	npc/mapflag/nowarp.txt	npc-and-quest	player-visible	待处理	
agent-04	server	npc/mapflag/nowarpto.txt	npc-and-quest	player-visible	待处理	
agent-01	server	npc/mapflag/partylock.txt	npc-and-quest	player-visible	待处理	
agent-02	server	npc/mapflag/pvp.txt	npc-and-quest	player-visible	待处理	
agent-03	server	npc/mapflag/pvp_noguild.txt	npc-and-quest	player-visible	待处理	
agent-04	server	npc/mapflag/pvp_noparty.txt	npc-and-quest	player-visible	待处理	
agent-01	server	npc/mapflag/reset.txt	npc-and-quest	player-visible	待处理	
agent-02	server	npc/mapflag/restricted.txt	npc-and-quest	player-visible	待处理	
agent-03	server	npc/mapflag/skill_damage.txt	npc-and-quest	player-visible	待处理	
agent-04	server	npc/mapflag/skill_duration.txt	npc-and-quest	player-visible	待处理	
agent-01	server	npc/mapflag/town.txt	npc-and-quest	player-visible	待处理	
agent-02	server	npc/merchants/advanced_refiner.txt	npc-and-quest	player-visible	待处理	
agent-03	server	npc/merchants/alchemist.txt	npc-and-quest	player-visible	待处理	
agent-04	server	npc/merchants/buying_shops.txt	npc-and-quest	player-visible	待处理	
agent-01	server	npc/merchants/cash_trader.txt	npc-and-quest	player-visible	待处理	
agent-02	server	npc/merchants/cashheadgear_dye.txt	npc-and-quest	player-visible	待处理	
agent-03	server	npc/merchants/clothes_dyer.txt	npc-and-quest	player-visible	待处理	
agent-04	server	npc/merchants/coin_exchange.txt	npc-and-quest	player-visible	待处理	
agent-01	server	npc/merchants/dye_maker.txt	npc-and-quest	player-visible	待处理	
agent-02	server	npc/merchants/elemental_trader.txt	npc-and-quest	player-visible	待处理	
agent-03	server	npc/merchants/enchan_arm.txt	npc-and-quest	player-visible	待处理	
agent-04	server	npc/merchants/gemstone.txt	npc-and-quest	player-visible	待处理	
agent-01	server	npc/merchants/hair_dyer.txt	npc-and-quest	player-visible	待处理	
agent-02	server	npc/merchants/hair_style.txt	npc-and-quest	player-visible	待处理	
agent-03	server	npc/merchants/icecream.txt	npc-and-quest	player-visible	待处理	
agent-04	server	npc/merchants/inn.txt	npc-and-quest	player-visible	待处理	
agent-01	server	npc/merchants/kunai_maker.txt	npc-and-quest	player-visible	待处理	
agent-02	server	npc/merchants/milk_trader.txt	npc-and-quest	player-visible	待处理	
agent-03	server	npc/merchants/novice_exchange.txt	npc-and-quest	player-visible	待处理	
agent-04	server	npc/merchants/old_pharmacist.txt	npc-and-quest	player-visible	待处理	
agent-01	server	npc/merchants/quivers.txt	npc-and-quest	player-visible	待处理	
agent-02	server	npc/merchants/refine.txt	npc-and-quest	player-visible	待处理	
agent-03	server	npc/merchants/renters.txt	npc-and-quest	player-visible	待处理	
agent-04	server	npc/merchants/shops.txt	npc-and-quest	player-visible	待处理	
agent-01	server	npc/merchants/socket_enchant.txt	npc-and-quest	player-visible	待处理	
agent-02	server	npc/merchants/socket_enchant2.txt	npc-and-quest	player-visible	待处理	
agent-03	server	npc/merchants/wander_pet_food.txt	npc-and-quest	player-visible	待处理	
agent-04	server	npc/mobs/jail.txt	npc-and-quest	player-visible	待处理	
agent-01	server	npc/mobs/towns.txt	npc-and-quest	player-visible	待处理	
agent-02	server	npc/other/CashShop_Functions.txt	npc-and-quest	player-visible	待处理	
agent-03	server	npc/other/Global_Functions.txt	npc-and-quest	player-visible	待处理	
agent-04	server	npc/other/acolyte_warp.txt	npc-and-quest	player-visible	待处理	
agent-01	server	npc/other/arena/arena_aco.txt	npc-and-quest	player-visible	待处理	
agent-02	server	npc/other/arena/arena_lvl50.txt	npc-and-quest	player-visible	待处理	
agent-03	server	npc/other/arena/arena_lvl60.txt	npc-and-quest	player-visible	待处理	
agent-04	server	npc/other/arena/arena_lvl70.txt	npc-and-quest	player-visible	待处理	
agent-01	server	npc/other/arena/arena_lvl80.txt	npc-and-quest	player-visible	待处理	
agent-02	server	npc/other/arena/arena_party.txt	npc-and-quest	player-visible	待处理	
agent-03	server	npc/other/arena/arena_point.txt	npc-and-quest	player-visible	待处理	
agent-04	server	npc/other/arena/arena_room.txt	npc-and-quest	player-visible	待处理	
agent-01	server	npc/other/auction.txt	npc-and-quest	player-visible	待处理	
agent-02	server	npc/other/books.txt	npc-and-quest	player-visible	待处理	
agent-03	server	npc/other/bulletin_boards.txt	npc-and-quest	player-visible	待处理	
agent-04	server	npc/other/card_trader.txt	npc-and-quest	player-visible	待处理	
agent-01	server	npc/other/comodo_gambling.txt	npc-and-quest	player-visible	待处理	
agent-02	server	npc/other/divorce.txt	npc-and-quest	player-visible	待处理	
agent-03	server	npc/other/fortune.txt	npc-and-quest	player-visible	待处理	
agent-04	server	npc/other/gm_npcs.txt	npc-and-quest	player-visible	待处理	
agent-01	server	npc/other/guildpvp.txt	npc-and-quest	player-visible	待处理	
agent-02	server	npc/other/gympass.txt	npc-and-quest	player-visible	待处理	
agent-03	server	npc/other/hugel_bingo.txt	npc-and-quest	player-visible	待处理	
agent-04	server	npc/other/mail.txt	npc-and-quest	player-visible	待处理	
agent-01	server	npc/other/marriage.txt	npc-and-quest	player-visible	待处理	
agent-02	server	npc/other/mercenary_rent.txt	npc-and-quest	player-visible	待处理	
agent-03	server	npc/other/monster_museum.txt	npc-and-quest	player-visible	待处理	
agent-04	server	npc/other/monster_race.txt	npc-and-quest	player-visible	待处理	
agent-01	server	npc/other/msg_boards.txt	npc-and-quest	player-visible	待处理	
agent-02	server	npc/other/poring_war.txt	npc-and-quest	player-visible	待处理	
agent-03	server	npc/other/powernpc.txt	npc-and-quest	player-visible	待处理	
agent-04	server	npc/other/pvp.txt	npc-and-quest	player-visible	待处理	
agent-01	server	npc/other/turbo_track.txt	npc-and-quest	player-visible	待处理	
agent-02	server	npc/pre-re/airports/izlude.txt	npc-and-quest	player-visible	待处理	
agent-03	server	npc/pre-re/cities/alberta.txt	npc-and-quest	player-visible	待处理	
agent-04	server	npc/pre-re/cities/brasilis.txt	npc-and-quest	player-visible	待处理	
agent-01	server	npc/pre-re/cities/izlude.txt	npc-and-quest	player-visible	待处理	
agent-02	server	npc/pre-re/cities/jawaii.txt	npc-and-quest	player-visible	待处理	
agent-03	server	npc/pre-re/cities/lutie.txt	npc-and-quest	player-visible	待处理	
agent-04	server	npc/pre-re/cities/prontera.txt	npc-and-quest	player-visible	待处理	
agent-01	server	npc/pre-re/cities/yuno.txt	npc-and-quest	player-visible	待处理	
agent-02	server	npc/pre-re/guides/guides_alberta.txt	npc-and-quest	player-visible	待处理	
agent-03	server	npc/pre-re/guides/guides_aldebaran.txt	npc-and-quest	player-visible	待处理	
agent-04	server	npc/pre-re/guides/guides_amatsu.txt	npc-and-quest	player-visible	待处理	
agent-01	server	npc/pre-re/guides/guides_ayothaya.txt	npc-and-quest	player-visible	待处理	
agent-02	server	npc/pre-re/guides/guides_brasilis.txt	npc-and-quest	player-visible	待处理	
agent-03	server	npc/pre-re/guides/guides_comodo.txt	npc-and-quest	player-visible	待处理	
agent-04	server	npc/pre-re/guides/guides_einbroch.txt	npc-and-quest	player-visible	待处理	
agent-01	server	npc/pre-re/guides/guides_geffen.txt	npc-and-quest	player-visible	待处理	
agent-02	server	npc/pre-re/guides/guides_gonryun.txt	npc-and-quest	player-visible	待处理	
agent-03	server	npc/pre-re/guides/guides_hugel.txt	npc-and-quest	player-visible	待处理	
agent-04	server	npc/pre-re/guides/guides_izlude.txt	npc-and-quest	player-visible	待处理	
agent-01	server	npc/pre-re/guides/guides_juno.txt	npc-and-quest	player-visible	待处理	
agent-02	server	npc/pre-re/guides/guides_lighthalzen.txt	npc-and-quest	player-visible	待处理	
agent-03	server	npc/pre-re/guides/guides_louyang.txt	npc-and-quest	player-visible	待处理	
agent-04	server	npc/pre-re/guides/guides_morroc.txt	npc-and-quest	player-visible	待处理	
agent-01	server	npc/pre-re/guides/guides_moscovia.txt	npc-and-quest	player-visible	待处理	
agent-02	server	npc/pre-re/guides/guides_niflheim.txt	npc-and-quest	player-visible	待处理	
agent-03	server	npc/pre-re/guides/guides_payon.txt	npc-and-quest	player-visible	待处理	
agent-04	server	npc/pre-re/guides/guides_prontera.txt	npc-and-quest	player-visible	待处理	
agent-01	server	npc/pre-re/guides/guides_rachel.txt	npc-and-quest	player-visible	待处理	
agent-02	server	npc/pre-re/guides/guides_umbala.txt	npc-and-quest	player-visible	待处理	
agent-03	server	npc/pre-re/guides/guides_veins.txt	npc-and-quest	player-visible	待处理	
agent-04	server	npc/pre-re/jobs/1-1/acolyte.txt	npc-and-quest	player-visible	待处理	
agent-01	server	npc/pre-re/jobs/1-1/archer.txt	npc-and-quest	player-visible	待处理	
agent-02	server	npc/pre-re/jobs/1-1/mage.txt	npc-and-quest	player-visible	待处理	
agent-03	server	npc/pre-re/jobs/1-1/merchant.txt	npc-and-quest	player-visible	待处理	
agent-04	server	npc/pre-re/jobs/1-1/swordman.txt	npc-and-quest	player-visible	待处理	
agent-01	server	npc/pre-re/jobs/1-1/thief.txt	npc-and-quest	player-visible	待处理	
agent-02	server	npc/pre-re/jobs/1-1e/taekwon.txt	npc-and-quest	player-visible	待处理	
agent-03	server	npc/pre-re/jobs/2-2/crusader.txt	npc-and-quest	player-visible	待处理	
agent-04	server	npc/pre-re/jobs/novice/novice.txt	npc-and-quest	player-visible	待处理	
agent-01	server	npc/pre-re/kafras/kafras.txt	npc-and-quest	player-visible	待处理	
agent-02	server	npc/pre-re/mapflag/gvg.txt	npc-and-quest	player-visible	待处理	
agent-03	server	npc/pre-re/mapflag/hidemobhpbar.txt	npc-and-quest	player-visible	待处理	
agent-04	server	npc/pre-re/mapflag/invincible_time.txt	npc-and-quest	player-visible	待处理	
agent-01	server	npc/pre-re/mapflag/nosave.txt	npc-and-quest	player-visible	待处理	
agent-02	server	npc/pre-re/merchants/ammo_boxes.txt	npc-and-quest	player-visible	待处理	
agent-03	server	npc/pre-re/merchants/ammo_dealer.txt	npc-and-quest	player-visible	待处理	
agent-04	server	npc/pre-re/merchants/hair_dyer.txt	npc-and-quest	player-visible	待处理	
agent-01	server	npc/pre-re/merchants/hair_style.txt	npc-and-quest	player-visible	待处理	
agent-02	server	npc/pre-re/merchants/shops.txt	npc-and-quest	player-visible	待处理	
agent-03	server	npc/pre-re/merchants/socket_enchant2.txt	npc-and-quest	player-visible	待处理	
agent-04	server	npc/pre-re/mobs/citycleaners.txt	npc-and-quest	player-visible	待处理	
agent-01	server	npc/pre-re/mobs/dungeons/bra_dun.txt	npc-and-quest	player-visible	待处理	
agent-02	server	npc/pre-re/mobs/dungeons/gef_dun.txt	npc-and-quest	player-visible	待处理	
agent-03	server	npc/pre-re/mobs/dungeons/lhz_dun.txt	npc-and-quest	player-visible	待处理	
agent-04	server	npc/pre-re/mobs/dungeons/mag_dun.txt	npc-and-quest	player-visible	待处理	
agent-01	server	npc/pre-re/mobs/dungeons/mosk_dun.txt	npc-and-quest	player-visible	待处理	
agent-02	server	npc/pre-re/mobs/dungeons/thor_v.txt	npc-and-quest	player-visible	待处理	
agent-03	server	npc/pre-re/mobs/fields/brasilis.txt	npc-and-quest	player-visible	待处理	
agent-04	server	npc/pre-re/mobs/fields/geffen.txt	npc-and-quest	player-visible	待处理	
agent-01	server	npc/pre-re/mobs/fields/niflheim.txt	npc-and-quest	player-visible	待处理	
agent-02	server	npc/pre-re/mobs/fields/yuno.txt	npc-and-quest	player-visible	待处理	
agent-03	server	npc/pre-re/other/bulletin_boards.txt	npc-and-quest	player-visible	待处理	
agent-04	server	npc/pre-re/other/mercenary_rent.txt	npc-and-quest	player-visible	待处理	
agent-01	server	npc/pre-re/other/msg_boards.txt	npc-and-quest	player-visible	待处理	
agent-02	server	npc/pre-re/other/pvp.txt	npc-and-quest	player-visible	待处理	
agent-03	server	npc/pre-re/other/resetskill.txt	npc-and-quest	player-visible	待处理	
agent-04	server	npc/pre-re/other/turbo_track.txt	npc-and-quest	player-visible	待处理	
agent-01	server	npc/pre-re/quests/collection/quest_alligator.txt	npc-and-quest	player-visible	待处理	
agent-02	server	npc/pre-re/quests/collection/quest_caramel.txt	npc-and-quest	player-visible	待处理	
agent-03	server	npc/pre-re/quests/collection/quest_coco.txt	npc-and-quest	player-visible	待处理	
agent-04	server	npc/pre-re/quests/collection/quest_creamy.txt	npc-and-quest	player-visible	待处理	
agent-01	server	npc/pre-re/quests/collection/quest_demonpungus.txt	npc-and-quest	player-visible	待处理	
agent-02	server	npc/pre-re/quests/collection/quest_disguiseloliruri.txt	npc-and-quest	player-visible	待处理	
agent-03	server	npc/pre-re/quests/collection/quest_dokebi.txt	npc-and-quest	player-visible	待处理	
agent-04	server	npc/pre-re/quests/collection/quest_dryad.txt	npc-and-quest	player-visible	待处理	
agent-01	server	npc/pre-re/quests/collection/quest_fabre.txt	npc-and-quest	player-visible	待处理	
agent-02	server	npc/pre-re/quests/collection/quest_frilldora.txt	npc-and-quest	player-visible	待处理	
agent-03	server	npc/pre-re/quests/collection/quest_goat.txt	npc-and-quest	player-visible	待处理	
agent-04	server	npc/pre-re/quests/collection/quest_golem.txt	npc-and-quest	player-visible	待处理	
agent-01	server	npc/pre-re/quests/collection/quest_hode.txt	npc-and-quest	player-visible	待处理	
agent-02	server	npc/pre-re/quests/collection/quest_leafcat.txt	npc-and-quest	player-visible	待处理	
agent-03	server	npc/pre-re/quests/collection/quest_mantis.txt	npc-and-quest	player-visible	待处理	
agent-04	server	npc/pre-re/quests/collection/quest_pecopeco.txt	npc-and-quest	player-visible	待处理	
agent-01	server	npc/pre-re/quests/collection/quest_pupa.txt	npc-and-quest	player-visible	待处理	
agent-02	server	npc/pre-re/quests/collection/quest_zhupolong.txt	npc-and-quest	player-visible	待处理	
agent-03	server	npc/pre-re/quests/cooking_quest.txt	npc-and-quest	player-visible	待处理	
agent-04	server	npc/pre-re/quests/first_class/tu_archer.txt	npc-and-quest	player-visible	待处理	
agent-01	server	npc/pre-re/quests/monstertamers.txt	npc-and-quest	player-visible	待处理	
agent-02	server	npc/pre-re/quests/mrsmile.txt	npc-and-quest	player-visible	待处理	
agent-03	server	npc/pre-re/quests/quests_13_1.txt	npc-and-quest	player-visible	待处理	
agent-04	server	npc/pre-re/quests/quests_izlude.txt	npc-and-quest	player-visible	待处理	
agent-01	server	npc/pre-re/quests/quests_lighthalzen.txt	npc-and-quest	player-visible	待处理	
agent-02	server	npc/pre-re/quests/quests_morocc.txt	npc-and-quest	player-visible	待处理	
agent-03	server	npc/pre-re/quests/quests_nameless.txt	npc-and-quest	player-visible	待处理	
agent-04	server	npc/pre-re/quests/quests_niflheim.txt	npc-and-quest	player-visible	待处理	
agent-01	server	npc/pre-re/quests/quests_veins.txt	npc-and-quest	player-visible	待处理	
agent-02	server	npc/pre-re/quests/seals/brisingamen_seal.txt	npc-and-quest	player-visible	待处理	
agent-03	server	npc/pre-re/quests/seals/megingard_seal.txt	npc-and-quest	player-visible	待处理	
agent-04	server	npc/pre-re/quests/skills/swordman_skills.txt	npc-and-quest	player-visible	待处理	
agent-01	server	npc/pre-re/quests/the_sign_quest.txt	npc-and-quest	player-visible	待处理	
agent-02	server	npc/pre-re/scripts_main.conf	npc-and-quest	player-visible	待处理	
agent-03	server	npc/pre-re/warps/cities/einbroch.txt	npc-and-quest	player-visible	待处理	
agent-04	server	npc/pre-re/warps/cities/izlude.txt	npc-and-quest	player-visible	待处理	
agent-01	server	npc/pre-re/warps/cities/prontera.txt	npc-and-quest	player-visible	待处理	
agent-02	server	npc/pre-re/warps/cities/rachel.txt	npc-and-quest	player-visible	待处理	
agent-03	server	npc/pre-re/warps/cities/yggdrasil.txt	npc-and-quest	player-visible	待处理	
agent-04	server	npc/pre-re/warps/fields/com_fild.txt	npc-and-quest	player-visible	待处理	
agent-01	server	npc/pre-re/warps/fields/geffen_fild.txt	npc-and-quest	player-visible	待处理	
agent-02	server	npc/pre-re/warps/fields/hugel_fild.txt	npc-and-quest	player-visible	待处理	
agent-03	server	npc/pre-re/warps/fields/morroc_fild.txt	npc-and-quest	player-visible	待处理	
agent-04	server	npc/pre-re/warps/fields/payon_fild.txt	npc-and-quest	player-visible	待处理	
agent-01	server	npc/pre-re/warps/fields/prontera_fild.txt	npc-and-quest	player-visible	待处理	
agent-02	server	npc/pre-re/warps/fields/rachel_fild.txt	npc-and-quest	player-visible	待处理	
agent-03	server	npc/pre-re/warps/fields/veins_fild.txt	npc-and-quest	player-visible	待处理	
agent-04	server	npc/pre-re/warps/fields/yuno_fild.txt	npc-and-quest	player-visible	待处理	
agent-01	server	npc/pre-re/warps/guildcastles.txt	npc-and-quest	player-visible	待处理	
agent-02	server	npc/pre-re/warps/other/arena.txt	npc-and-quest	player-visible	待处理	
agent-03	server	npc/pre-re/warps/other/sign.txt	npc-and-quest	player-visible	待处理	
agent-04	server	npc/quests/bard_quest.txt	npc-and-quest	player-visible	待处理	
agent-01	server	npc/quests/bunnyband.txt	npc-and-quest	player-visible	待处理	
agent-02	server	npc/quests/cooking_quest.txt	npc-and-quest	player-visible	待处理	
agent-03	server	npc/quests/counteragent_mixture.txt	npc-and-quest	player-visible	待处理	
agent-04	server	npc/quests/dandelion_request.txt	npc-and-quest	player-visible	待处理	
agent-01	server	npc/quests/doomed_swords.txt	npc-and-quest	player-visible	待处理	
agent-02	server	npc/quests/doomed_swords_quest.txt	npc-and-quest	player-visible	待处理	
agent-03	server	npc/quests/eye_of_hellion.txt	npc-and-quest	player-visible	待处理	
agent-04	server	npc/quests/first_class/tu_acolyte.txt	npc-and-quest	player-visible	待处理	
agent-01	server	npc/quests/first_class/tu_archer.txt	npc-and-quest	player-visible	待处理	
agent-02	server	npc/quests/first_class/tu_ma_th01.txt	npc-and-quest	player-visible	待处理	
agent-03	server	npc/quests/first_class/tu_magician01.txt	npc-and-quest	player-visible	待处理	
agent-04	server	npc/quests/first_class/tu_merchant.txt	npc-and-quest	player-visible	待处理	
agent-01	server	npc/quests/first_class/tu_sword.txt	npc-and-quest	player-visible	待处理	
agent-02	server	npc/quests/first_class/tu_thief01.txt	npc-and-quest	player-visible	待处理	
agent-03	server	npc/quests/guildrelay.txt	npc-and-quest	player-visible	待处理	
agent-04	server	npc/quests/gunslinger_quests.txt	npc-and-quest	player-visible	待处理	
agent-01	server	npc/quests/juice_maker.txt	npc-and-quest	player-visible	待处理	
agent-02	server	npc/quests/kiel_hyre_quest.txt	npc-and-quest	player-visible	待处理	
agent-03	server	npc/quests/lvl4_weapon_quest.txt	npc-and-quest	player-visible	待处理	
agent-04	server	npc/quests/mage_solution.txt	npc-and-quest	player-visible	待处理	
agent-01	server	npc/quests/monstertamers.txt	npc-and-quest	player-visible	待处理	
agent-02	server	npc/quests/mrsmile.txt	npc-and-quest	player-visible	待处理	
agent-03	server	npc/quests/newgears/2004_headgears.txt	npc-and-quest	player-visible	待处理	
agent-04	server	npc/quests/newgears/2005_headgears.txt	npc-and-quest	player-visible	待处理	
agent-01	server	npc/quests/newgears/2006_headgears.txt	npc-and-quest	player-visible	待处理	
agent-02	server	npc/quests/newgears/2008_headgears.txt	npc-and-quest	player-visible	待处理	
agent-03	server	npc/quests/ninja_quests.txt	npc-and-quest	player-visible	待处理	
agent-04	server	npc/quests/obb_quest.txt	npc-and-quest	player-visible	待处理	
agent-01	server	npc/quests/okolnir.txt	npc-and-quest	player-visible	待处理	
agent-02	server	npc/quests/partyrelay.txt	npc-and-quest	player-visible	待处理	
agent-03	server	npc/quests/quests_13_1.txt	npc-and-quest	player-visible	待处理	
agent-04	server	npc/quests/quests_13_2.txt	npc-and-quest	player-visible	待处理	
agent-01	server	npc/quests/quests_airship.txt	npc-and-quest	player-visible	待处理	
agent-02	server	npc/quests/quests_alberta.txt	npc-and-quest	player-visible	待处理	
agent-03	server	npc/quests/quests_aldebaran.txt	npc-and-quest	player-visible	待处理	
agent-04	server	npc/quests/quests_amatsu.txt	npc-and-quest	player-visible	待处理	
agent-01	server	npc/quests/quests_ayothaya.txt	npc-and-quest	player-visible	待处理	
agent-02	server	npc/quests/quests_brasilis.txt	npc-and-quest	player-visible	待处理	
agent-03	server	npc/quests/quests_comodo.txt	npc-and-quest	player-visible	待处理	
agent-04	server	npc/quests/quests_ein.txt	npc-and-quest	player-visible	待处理	
agent-01	server	npc/quests/quests_geffen.txt	npc-and-quest	player-visible	待处理	
agent-02	server	npc/quests/quests_gonryun.txt	npc-and-quest	player-visible	待处理	
agent-03	server	npc/quests/quests_hugel.txt	npc-and-quest	player-visible	待处理	
agent-04	server	npc/quests/quests_izlude.txt	npc-and-quest	player-visible	待处理	
agent-01	server	npc/quests/quests_juperos.txt	npc-and-quest	player-visible	待处理	
agent-02	server	npc/quests/quests_lighthalzen.txt	npc-and-quest	player-visible	待处理	
agent-03	server	npc/quests/quests_louyang.txt	npc-and-quest	player-visible	待处理	
agent-04	server	npc/quests/quests_lutie.txt	npc-and-quest	player-visible	待处理	
agent-01	server	npc/quests/quests_morocc.txt	npc-and-quest	player-visible	待处理	
agent-02	server	npc/quests/quests_moscovia.txt	npc-and-quest	player-visible	待处理	
agent-03	server	npc/quests/quests_nameless.txt	npc-and-quest	player-visible	待处理	
agent-04	server	npc/quests/quests_niflheim.txt	npc-and-quest	player-visible	待处理	
agent-01	server	npc/quests/quests_payon.txt	npc-and-quest	player-visible	待处理	
agent-02	server	npc/quests/quests_prontera.txt	npc-and-quest	player-visible	待处理	
agent-03	server	npc/quests/quests_rachel.txt	npc-and-quest	player-visible	待处理	
agent-04	server	npc/quests/quests_umbala.txt	npc-and-quest	player-visible	待处理	
agent-01	server	npc/quests/quests_veins.txt	npc-and-quest	player-visible	待处理	
agent-02	server	npc/quests/quests_yuno.txt	npc-and-quest	player-visible	待处理	
agent-03	server	npc/quests/seals/brisingamen_seal.txt	npc-and-quest	player-visible	待处理	
agent-04	server	npc/quests/seals/god_global.txt	npc-and-quest	player-visible	待处理	
agent-01	server	npc/quests/seals/god_weapon_creation.txt	npc-and-quest	player-visible	待处理	
agent-02	server	npc/quests/seals/megingard_seal.txt	npc-and-quest	player-visible	待处理	
agent-03	server	npc/quests/seals/mjolnir_seal.txt	npc-and-quest	player-visible	待处理	
agent-04	server	npc/quests/seals/seal_status.txt	npc-and-quest	player-visible	待处理	
agent-01	server	npc/quests/seals/sleipnir_seal.txt	npc-and-quest	player-visible	待处理	
agent-02	server	npc/quests/skills/acolyte_skills.txt	npc-and-quest	player-visible	待处理	
agent-03	server	npc/quests/skills/alchemist_skills.txt	npc-and-quest	player-visible	待处理	
agent-04	server	npc/quests/skills/archer_skills.txt	npc-and-quest	player-visible	待处理	
agent-01	server	npc/quests/skills/assassin_skills.txt	npc-and-quest	player-visible	待处理	
agent-02	server	npc/quests/skills/bard_skills.txt	npc-and-quest	player-visible	待处理	
agent-03	server	npc/quests/skills/blacksmith_skills.txt	npc-and-quest	player-visible	待处理	
agent-04	server	npc/quests/skills/crusader_skills.txt	npc-and-quest	player-visible	待处理	
agent-01	server	npc/quests/skills/dancer_skills.txt	npc-and-quest	player-visible	待处理	
agent-02	server	npc/quests/skills/hunter_skills.txt	npc-and-quest	player-visible	待处理	
agent-03	server	npc/quests/skills/knight_skills.txt	npc-and-quest	player-visible	待处理	
agent-04	server	npc/quests/skills/mage_skills.txt	npc-and-quest	player-visible	待处理	
agent-01	server	npc/quests/skills/merchant_skills.txt	npc-and-quest	player-visible	待处理	
agent-02	server	npc/quests/skills/monk_skills.txt	npc-and-quest	player-visible	待处理	
agent-03	server	npc/quests/skills/novice_skills.txt	npc-and-quest	player-visible	待处理	
agent-04	server	npc/quests/skills/priest_skills.txt	npc-and-quest	player-visible	待处理	
agent-01	server	npc/quests/skills/rogue_skills.txt	npc-and-quest	player-visible	待处理	
agent-02	server	npc/quests/skills/sage_skills.txt	npc-and-quest	player-visible	待处理	
agent-03	server	npc/quests/skills/swordman_skills.txt	npc-and-quest	player-visible	待处理	
agent-04	server	npc/quests/skills/thief_skills.txt	npc-and-quest	player-visible	待处理	
agent-01	server	npc/quests/skills/wizard_skills.txt	npc-and-quest	player-visible	待处理	
agent-02	server	npc/quests/thana_quest.txt	npc-and-quest	player-visible	待处理	
agent-03	server	npc/quests/the_sign_quest.txt	npc-and-quest	player-visible	待处理	
agent-04	server	npc/re/airports/izlude.txt	npc-and-quest	player-visible	待处理	
agent-01	server	npc/re/battleground/bg_common.txt	npc-and-quest	player-visible	待处理	
agent-02	server	npc/re/cities/alberta.txt	npc-and-quest	player-visible	待处理	
agent-03	server	npc/re/cities/comodo.txt	npc-and-quest	player-visible	待处理	
agent-04	server	npc/re/cities/dewata.txt	npc-and-quest	player-visible	待处理	
agent-01	server	npc/re/cities/dicastes.txt	npc-and-quest	player-visible	待处理	
agent-02	server	npc/re/cities/eclage.txt	npc-and-quest	player-visible	待处理	
agent-03	server	npc/re/cities/izlude.txt	npc-and-quest	player-visible	待处理	
agent-04	server	npc/re/cities/jawaii.txt	npc-and-quest	player-visible	待处理	
agent-01	server	npc/re/cities/lutie.txt	npc-and-quest	player-visible	待处理	
agent-02	server	npc/re/cities/malangdo.txt	npc-and-quest	player-visible	待处理	
agent-03	server	npc/re/cities/malaya.txt	npc-and-quest	player-visible	待处理	
agent-04	server	npc/re/cities/mora.txt	npc-and-quest	player-visible	待处理	
agent-01	server	npc/re/cities/prontera.txt	npc-and-quest	player-visible	待处理	
agent-02	server	npc/re/cities/yuno.txt	npc-and-quest	player-visible	待处理	
agent-03	server	npc/re/custom/lasagna/lasagna_npcs.txt	npc-and-quest	player-visible	待处理	
agent-04	server	npc/re/guides/guides_alberta.txt	npc-and-quest	player-visible	待处理	
agent-01	server	npc/re/guides/guides_aldebaran.txt	npc-and-quest	player-visible	待处理	
agent-02	server	npc/re/guides/guides_amatsu.txt	npc-and-quest	player-visible	待处理	
agent-03	server	npc/re/guides/guides_ayothaya.txt	npc-and-quest	player-visible	待处理	
agent-04	server	npc/re/guides/guides_brasilis.txt	npc-and-quest	player-visible	待处理	
agent-01	server	npc/re/guides/guides_comodo.txt	npc-and-quest	player-visible	待处理	
agent-02	server	npc/re/guides/guides_dewata.txt	npc-and-quest	player-visible	待处理	
agent-03	server	npc/re/guides/guides_dicastes.txt	npc-and-quest	player-visible	待处理	
agent-04	server	npc/re/guides/guides_eclage.txt	npc-and-quest	player-visible	待处理	
agent-01	server	npc/re/guides/guides_einbroch.txt	npc-and-quest	player-visible	待处理	
agent-02	server	npc/re/guides/guides_geffen.txt	npc-and-quest	player-visible	待处理	
agent-03	server	npc/re/guides/guides_gonryun.txt	npc-and-quest	player-visible	待处理	
agent-04	server	npc/re/guides/guides_hugel.txt	npc-and-quest	player-visible	待处理	
agent-01	server	npc/re/guides/guides_izlude.txt	npc-and-quest	player-visible	待处理	
agent-02	server	npc/re/guides/guides_juno.txt	npc-and-quest	player-visible	待处理	
agent-03	server	npc/re/guides/guides_lighthalzen.txt	npc-and-quest	player-visible	待处理	
agent-04	server	npc/re/guides/guides_louyang.txt	npc-and-quest	player-visible	待处理	
agent-01	server	npc/re/guides/guides_lutie.txt	npc-and-quest	player-visible	待处理	
agent-02	server	npc/re/guides/guides_malangdo.txt	npc-and-quest	player-visible	待处理	
agent-03	server	npc/re/guides/guides_malaya.txt	npc-and-quest	player-visible	待处理	
agent-04	server	npc/re/guides/guides_mora.txt	npc-and-quest	player-visible	待处理	
agent-01	server	npc/re/guides/guides_morroc.txt	npc-and-quest	player-visible	待处理	
agent-02	server	npc/re/guides/guides_moscovia.txt	npc-and-quest	player-visible	待处理	
agent-03	server	npc/re/guides/guides_niflheim.txt	npc-and-quest	player-visible	待处理	
agent-04	server	npc/re/guides/guides_payon.txt	npc-and-quest	player-visible	待处理	
agent-01	server	npc/re/guides/guides_prontera.txt	npc-and-quest	player-visible	待处理	
agent-02	server	npc/re/guides/guides_rachel.txt	npc-and-quest	player-visible	待处理	
agent-03	server	npc/re/guides/guides_rockridge.txt	npc-and-quest	player-visible	待处理	
agent-04	server	npc/re/guides/guides_umbala.txt	npc-and-quest	player-visible	待处理	
agent-01	server	npc/re/guides/guides_veins.txt	npc-and-quest	player-visible	待处理	
agent-02	server	npc/re/guides/guides_woe_te.txt	npc-and-quest	player-visible	待处理	
agent-03	server	npc/re/guides/navigation.txt	npc-and-quest	player-visible	待处理	
agent-04	server	npc/re/guild/invest_main.txt	npc-and-quest	player-visible	待处理	
agent-01	server	npc/re/guild/invest_npc.txt	npc-and-quest	player-visible	待处理	
agent-02	server	npc/re/guild/mission_main.txt	npc-and-quest	player-visible	待处理	
agent-03	server	npc/re/guild/mission_npc.txt	npc-and-quest	player-visible	待处理	
agent-04	server	npc/re/guild3/agit_main_te.txt	npc-and-quest	player-visible	待处理	
agent-01	server	npc/re/guild3/agit_start_te.txt	npc-and-quest	player-visible	待处理	
agent-02	server	npc/re/guild3/te_aldecas1.txt	npc-and-quest	player-visible	待处理	
agent-03	server	npc/re/guild3/te_aldecas2.txt	npc-and-quest	player-visible	待处理	
agent-04	server	npc/re/guild3/te_aldecas3.txt	npc-and-quest	player-visible	待处理	
agent-01	server	npc/re/guild3/te_aldecas4.txt	npc-and-quest	player-visible	待处理	
agent-02	server	npc/re/guild3/te_aldecas5.txt	npc-and-quest	player-visible	待处理	
agent-03	server	npc/re/guild3/te_prtcas01.txt	npc-and-quest	player-visible	待处理	
agent-04	server	npc/re/guild3/te_prtcas02.txt	npc-and-quest	player-visible	待处理	
agent-01	server	npc/re/guild3/te_prtcas03.txt	npc-and-quest	player-visible	待处理	
agent-02	server	npc/re/guild3/te_prtcas04.txt	npc-and-quest	player-visible	待处理	
agent-03	server	npc/re/guild3/te_prtcas05.txt	npc-and-quest	player-visible	待处理	
agent-04	server	npc/re/instances/AirshipAssault.txt	npc-and-quest	player-visible	待处理	
agent-01	server	npc/re/instances/BakonawaLake.txt	npc-and-quest	player-visible	待处理	
agent-02	server	npc/re/instances/BangungotHospital.txt	npc-and-quest	player-visible	待处理	
agent-03	server	npc/re/instances/BuwayaCave.txt	npc-and-quest	player-visible	待处理	
agent-04	server	npc/re/instances/CentralLaboratory.txt	npc-and-quest	player-visible	待处理	
agent-01	server	npc/re/instances/CharlestonCrisis.txt	npc-and-quest	player-visible	待处理	
agent-02	server	npc/re/instances/CorOperation.txt	npc-and-quest	player-visible	待处理	
agent-03	server	npc/re/instances/DeepForest.txt	npc-and-quest	player-visible	待处理	
agent-04	server	npc/re/instances/DevilTower.txt	npc-and-quest	player-visible	待处理	
agent-01	server	npc/re/instances/EclageInterior.txt	npc-and-quest	player-visible	待处理	
agent-02	server	npc/re/instances/EddaHalfMoonInTheDaylight.txt	npc-and-quest	player-visible	待处理	
agent-03	server	npc/re/instances/FacewormsNest.txt	npc-and-quest	player-visible	待处理	
agent-04	server	npc/re/instances/FridayDungeon.txt	npc-and-quest	player-visible	待处理	
agent-01	server	npc/re/instances/GhostPalace.txt	npc-and-quest	player-visible	待处理	
agent-02	server	npc/re/instances/HazyForest.txt	npc-and-quest	player-visible	待处理	
agent-03	server	npc/re/instances/HeartHunterWarBase.txt	npc-and-quest	player-visible	待处理	
agent-04	server	npc/re/instances/HiddenGarden.txt	npc-and-quest	player-visible	待处理	
agent-01	server	npc/re/instances/HorrorToyFactory.txt	npc-and-quest	player-visible	待处理	
agent-02	server	npc/re/instances/InfiniteSpace.txt	npc-and-quest	player-visible	待处理	
agent-03	server	npc/re/instances/IsleOfBios.txt	npc-and-quest	player-visible	待处理	
agent-04	server	npc/re/instances/LastRoom.txt	npc-and-quest	player-visible	待处理	
agent-01	server	npc/re/instances/LostFarm.txt	npc-and-quest	player-visible	待处理	
agent-02	server	npc/re/instances/MalangdoCulvert.txt	npc-and-quest	player-visible	待处理	
agent-03	server	npc/re/instances/MazeofOz.txt	npc-and-quest	player-visible	待处理	
agent-04	server	npc/re/instances/MorseCave.txt	npc-and-quest	player-visible	待处理	
agent-01	server	npc/re/instances/NightmarishJitterbug.txt	npc-and-quest	player-visible	待处理	
agent-02	server	npc/re/instances/OctopusCave.txt	npc-and-quest	player-visible	待处理	
agent-03	server	npc/re/instances/OldGlastHeim.txt	npc-and-quest	player-visible	待处理	
agent-04	server	npc/re/instances/OsOccupation.txt	npc-and-quest	player-visible	待处理	
agent-01	server	npc/re/instances/PoringVillage.txt	npc-and-quest	player-visible	待处理	
agent-02	server	npc/re/instances/Regenschirm.txt	npc-and-quest	player-visible	待处理	
agent-03	server	npc/re/instances/RitualOfBlessing.txt	npc-and-quest	player-visible	待处理	
agent-04	server	npc/re/instances/RoomOfConsciousness.txt	npc-and-quest	player-visible	待处理	
agent-01	server	npc/re/instances/SaraMemory.txt	npc-and-quest	player-visible	待处理	
agent-02	server	npc/re/instances/SarahAndFenrir.txt	npc-and-quest	player-visible	待处理	
agent-03	server	npc/re/instances/SealedOs.txt	npc-and-quest	player-visible	待处理	
agent-04	server	npc/re/instances/SkyFortress.txt	npc-and-quest	player-visible	待处理	
agent-01	server	npc/re/instances/TempleOfDemonGod.txt	npc-and-quest	player-visible	待处理	
agent-02	server	npc/re/instances/ThorGunsuBase.txt	npc-and-quest	player-visible	待处理	
agent-03	server	npc/re/instances/TwilightGarden.txt	npc-and-quest	player-visible	待处理	
agent-04	server	npc/re/instances/VillaofDeception.txt	npc-and-quest	player-visible	待处理	
agent-01	server	npc/re/instances/VillaofHighPriest.txt	npc-and-quest	player-visible	待处理	
agent-02	server	npc/re/instances/WaterGarden.txt	npc-and-quest	player-visible	待处理	
agent-03	server	npc/re/instances/WaveMode.txt	npc-and-quest	player-visible	待处理	
agent-04	server	npc/re/instances/WeekendDungeon.txt	npc-and-quest	player-visible	待处理	
agent-01	server	npc/re/instances/WernerLaboratoryCentralRoom.txt	npc-and-quest	player-visible	待处理	
agent-02	server	npc/re/instances/WolfchevLaboratory.txt	npc-and-quest	player-visible	待处理	
agent-03	server	npc/re/instances/Wolves.txt	npc-and-quest	player-visible	待处理	
agent-04	server	npc/re/jobs/1-1/acolyte.txt	npc-and-quest	player-visible	待处理	
agent-01	server	npc/re/jobs/1-1/archer.txt	npc-and-quest	player-visible	待处理	
agent-02	server	npc/re/jobs/1-1/mage.txt	npc-and-quest	player-visible	待处理	
agent-03	server	npc/re/jobs/1-1/merchant.txt	npc-and-quest	player-visible	待处理	
agent-04	server	npc/re/jobs/1-1/swordman.txt	npc-and-quest	player-visible	待处理	
agent-01	server	npc/re/jobs/1-1/thief.txt	npc-and-quest	player-visible	待处理	
agent-02	server	npc/re/jobs/1-1e/taekwon.txt	npc-and-quest	player-visible	待处理	
agent-03	server	npc/re/jobs/2-2/crusader.txt	npc-and-quest	player-visible	待处理	
agent-04	server	npc/re/jobs/2e/kagerou_oboro.txt	npc-and-quest	player-visible	待处理	
agent-01	server	npc/re/jobs/2e/rebellion.txt	npc-and-quest	player-visible	待处理	
agent-02	server	npc/re/jobs/3-1/archbishop.txt	npc-and-quest	player-visible	待处理	
agent-03	server	npc/re/jobs/3-1/guillotine_cross.txt	npc-and-quest	player-visible	待处理	
agent-04	server	npc/re/jobs/3-1/mechanic.txt	npc-and-quest	player-visible	待处理	
agent-01	server	npc/re/jobs/3-1/ranger.txt	npc-and-quest	player-visible	待处理	
agent-02	server	npc/re/jobs/3-1/rune_knight.txt	npc-and-quest	player-visible	待处理	
agent-03	server	npc/re/jobs/3-1/warlock.txt	npc-and-quest	player-visible	待处理	
agent-04	server	npc/re/jobs/3-2/genetic.txt	npc-and-quest	player-visible	待处理	
agent-01	server	npc/re/jobs/3-2/minstrel.txt	npc-and-quest	player-visible	待处理	
agent-02	server	npc/re/jobs/3-2/royal_guard.txt	npc-and-quest	player-visible	待处理	
agent-03	server	npc/re/jobs/3-2/shadow_chaser.txt	npc-and-quest	player-visible	待处理	
agent-04	server	npc/re/jobs/3-2/sorcerer.txt	npc-and-quest	player-visible	待处理	
agent-01	server	npc/re/jobs/3-2/sura.txt	npc-and-quest	player-visible	待处理	
agent-02	server	npc/re/jobs/3-2/wanderer.txt	npc-and-quest	player-visible	待处理	
agent-03	server	npc/re/jobs/doram/spirit_handler.txt	npc-and-quest	player-visible	待处理	
agent-04	server	npc/re/jobs/novice/academy.txt	npc-and-quest	player-visible	待处理	
agent-01	server	npc/re/jobs/novice/novice.txt	npc-and-quest	player-visible	待处理	
agent-02	server	npc/re/jobs/novice/supernovice_ex.txt	npc-and-quest	player-visible	待处理	
agent-03	server	npc/re/jobs/repair.txt	npc-and-quest	player-visible	待处理	
agent-04	server	npc/re/kafras/Kafra_Teleportation_Services.txt	npc-and-quest	player-visible	待处理	
agent-01	server	npc/re/kafras/Zonda_Teleportation_Services.txt	npc-and-quest	player-visible	待处理	
agent-02	server	npc/re/kafras/cool_event_corp.txt	npc-and-quest	player-visible	待处理	
agent-03	server	npc/re/kafras/kafras.txt	npc-and-quest	player-visible	待处理	
agent-04	server	npc/re/mapflag/gvg.txt	npc-and-quest	player-visible	待处理	
agent-01	server	npc/re/mapflag/hidemobhpbar.txt	npc-and-quest	player-visible	待处理	
agent-02	server	npc/re/mapflag/night.txt	npc-and-quest	player-visible	待处理	
agent-03	server	npc/re/mapflag/nobranch.txt	npc-and-quest	player-visible	待处理	
agent-04	server	npc/re/mapflag/nocostume.txt	npc-and-quest	player-visible	待处理	
agent-01	server	npc/re/mapflag/nodynamicnpc.txt	npc-and-quest	player-visible	待处理	
agent-02	server	npc/re/mapflag/noicewall.txt	npc-and-quest	player-visible	待处理	
agent-03	server	npc/re/mapflag/nolockon.txt	npc-and-quest	player-visible	待处理	
agent-04	server	npc/re/mapflag/nomemo.txt	npc-and-quest	player-visible	待处理	
agent-01	server	npc/re/mapflag/nopenalty.txt	npc-and-quest	player-visible	待处理	
agent-02	server	npc/re/mapflag/nopvp.txt	npc-and-quest	player-visible	待处理	
agent-03	server	npc/re/mapflag/norenewalpenalty.txt	npc-and-quest	player-visible	待处理	
agent-04	server	npc/re/mapflag/nosave.txt	npc-and-quest	player-visible	待处理	
agent-01	server	npc/re/mapflag/noteleport.txt	npc-and-quest	player-visible	待处理	
agent-02	server	npc/re/mapflag/nowarp.txt	npc-and-quest	player-visible	待处理	
agent-03	server	npc/re/mapflag/nowarpto.txt	npc-and-quest	player-visible	待处理	
agent-04	server	npc/re/mapflag/partylock.txt	npc-and-quest	player-visible	待处理	
agent-01	server	npc/re/mapflag/privateairship.txt	npc-and-quest	player-visible	待处理	
agent-02	server	npc/re/mapflag/reset.txt	npc-and-quest	player-visible	待处理	
agent-03	server	npc/re/mapflag/restricted.txt	npc-and-quest	player-visible	待处理	
agent-04	server	npc/re/mapflag/skill_duration.txt	npc-and-quest	player-visible	待处理	
agent-01	server	npc/re/mapflag/specialpopup.txt	npc-and-quest	player-visible	待处理	
agent-02	server	npc/re/mapflag/town.txt	npc-and-quest	player-visible	待处理	
agent-03	server	npc/re/merchants/3rd_trader.txt	npc-and-quest	player-visible	待处理	
agent-04	server	npc/re/merchants/Dealer_Update.txt	npc-and-quest	player-visible	待处理	
agent-01	server	npc/re/merchants/Emperium_Seller.txt	npc-and-quest	player-visible	待处理	
agent-02	server	npc/re/merchants/Extended_Ammunition.txt	npc-and-quest	player-visible	待处理	
agent-03	server	npc/re/merchants/Extended_Stylist.txt	npc-and-quest	player-visible	待处理	
agent-04	server	npc/re/merchants/Gemstone_Bagger.txt	npc-and-quest	player-visible	待处理	
agent-01	server	npc/re/merchants/HorrorToyFactory_merchants.txt	npc-and-quest	player-visible	待处理	
agent-02	server	npc/re/merchants/InfiniteSpace_merchants.txt	npc-and-quest	player-visible	待处理	
agent-03	server	npc/re/merchants/OldGlastHeim_merchants.txt	npc-and-quest	player-visible	待处理	
agent-04	server	npc/re/merchants/Slot_Move_Card_Sales.txt	npc-and-quest	player-visible	待处理	
agent-01	server	npc/re/merchants/advanced_refiner.txt	npc-and-quest	player-visible	待处理	
agent-02	server	npc/re/merchants/alchemist.txt	npc-and-quest	player-visible	待处理	
agent-03	server	npc/re/merchants/ammo_boxes.txt	npc-and-quest	player-visible	待处理	
agent-04	server	npc/re/merchants/barters/enchan_illusion_dungeons.yml	npc-and-quest	player-visible	待处理	
agent-01	server	npc/re/merchants/barters/mysterious_cookie_shop.yml	npc-and-quest	player-visible	待处理	
agent-02	server	npc/re/merchants/bio4_reward.txt	npc-and-quest	player-visible	待处理	
agent-03	server	npc/re/merchants/blessed_refiner.txt	npc-and-quest	player-visible	待处理	
agent-04	server	npc/re/merchants/card_exchange.txt	npc-and-quest	player-visible	待处理	
agent-01	server	npc/re/merchants/card_separation.txt	npc-and-quest	player-visible	待处理	
agent-02	server	npc/re/merchants/cash_trader-idRO.txt	npc-and-quest	player-visible	待处理	
agent-03	server	npc/re/merchants/cashmall.txt	npc-and-quest	player-visible	待处理	
agent-04	server	npc/re/merchants/catalog.txt	npc-and-quest	player-visible	待处理	
agent-01	server	npc/re/merchants/clothing_buff_removal.txt	npc-and-quest	player-visible	待处理	
agent-02	server	npc/re/merchants/coin_exchange.txt	npc-and-quest	player-visible	待处理	
agent-03	server	npc/re/merchants/diamond.txt	npc-and-quest	player-visible	待处理	
agent-04	server	npc/re/merchants/eden_market.txt	npc-and-quest	player-visible	待处理	
agent-01	server	npc/re/merchants/enchan_edda_half_moon.txt	npc-and-quest	player-visible	待处理	
agent-02	server	npc/re/merchants/enchan_illusion_17_1.txt	npc-and-quest	player-visible	待处理	
agent-03	server	npc/re/merchants/enchan_illusion_dungeons.txt	npc-and-quest	player-visible	待处理	
agent-04	server	npc/re/merchants/enchan_ko.txt	npc-and-quest	player-visible	待处理	
agent-01	server	npc/re/merchants/enchan_mal.txt	npc-and-quest	player-visible	待处理	
agent-02	server	npc/re/merchants/enchan_mora.txt	npc-and-quest	player-visible	待处理	
agent-03	server	npc/re/merchants/enchan_rockridge.txt	npc-and-quest	player-visible	待处理	
agent-04	server	npc/re/merchants/enchan_sage_legacy_17_2.txt	npc-and-quest	player-visible	待处理	
agent-01	server	npc/re/merchants/enchan_upg.txt	npc-and-quest	player-visible	待处理	
agent-02	server	npc/re/merchants/enchan_verus.txt	npc-and-quest	player-visible	待处理	
agent-03	server	npc/re/merchants/enchantgrade.txt	npc-and-quest	player-visible	待处理	
agent-04	server	npc/re/merchants/flute.txt	npc-and-quest	player-visible	待处理	
agent-01	server	npc/re/merchants/ghost_palace_exchange.txt	npc-and-quest	player-visible	待处理	
agent-02	server	npc/re/merchants/gld_mission_exchange.txt	npc-and-quest	player-visible	待处理	
agent-03	server	npc/re/merchants/guild_warehouse.txt	npc-and-quest	player-visible	待处理	
agent-04	server	npc/re/merchants/hd_refiner.txt	npc-and-quest	player-visible	待处理	
agent-01	server	npc/re/merchants/malangdo_costume.txt	npc-and-quest	player-visible	待处理	
agent-02	server	npc/re/merchants/moro_cav_exchange.txt	npc-and-quest	player-visible	待处理	
agent-03	server	npc/re/merchants/mysterious_cookie_shop.txt	npc-and-quest	player-visible	待处理	
agent-04	server	npc/re/merchants/new_insurance.txt	npc-and-quest	player-visible	待处理	
agent-01	server	npc/re/merchants/nightmare_biolab.txt	npc-and-quest	player-visible	待处理	
agent-02	server	npc/re/merchants/novice_vending_machine.txt	npc-and-quest	player-visible	待处理	
agent-03	server	npc/re/merchants/pet_groomer.txt	npc-and-quest	player-visible	待处理	
agent-04	server	npc/re/merchants/pet_trader.txt	npc-and-quest	player-visible	待处理	
agent-01	server	npc/re/merchants/quests_exp_175.txt	npc-and-quest	player-visible	待处理	
agent-02	server	npc/re/merchants/quivers.txt	npc-and-quest	player-visible	待处理	
agent-03	server	npc/re/merchants/refine.txt	npc-and-quest	player-visible	待处理	
agent-04	server	npc/re/merchants/renters.txt	npc-and-quest	player-visible	待处理	
agent-01	server	npc/re/merchants/rgsr_in.txt	npc-and-quest	player-visible	待处理	
agent-02	server	npc/re/merchants/shadow_refiner.txt	npc-and-quest	player-visible	待处理	
agent-03	server	npc/re/merchants/shopping_boards.txt	npc-and-quest	player-visible	待处理	
agent-04	server	npc/re/merchants/shops.txt	npc-and-quest	player-visible	待处理	
agent-01	server	npc/re/merchants/socket_enchant2.txt	npc-and-quest	player-visible	待处理	
agent-02	server	npc/re/merchants/te_merchant.txt	npc-and-quest	player-visible	待处理	
agent-03	server	npc/re/merchants/ticket_refiner.txt	npc-and-quest	player-visible	待处理	
agent-04	server	npc/re/mobs/championmobs.txt	npc-and-quest	player-visible	待处理	
agent-01	server	npc/re/mobs/dungeons/amicitia.txt	npc-and-quest	player-visible	待处理	
agent-02	server	npc/re/mobs/dungeons/anthell.txt	npc-and-quest	player-visible	待处理	
agent-03	server	npc/re/mobs/dungeons/beach_dun.txt	npc-and-quest	player-visible	待处理	
agent-04	server	npc/re/mobs/dungeons/dew_dun.txt	npc-and-quest	player-visible	待处理	
agent-01	server	npc/re/mobs/dungeons/dic_dun.txt	npc-and-quest	player-visible	待处理	
agent-02	server	npc/re/mobs/dungeons/ecl_tdun.txt	npc-and-quest	player-visible	待处理	
agent-03	server	npc/re/mobs/dungeons/ein_dun.txt	npc-and-quest	player-visible	待处理	
agent-04	server	npc/re/mobs/dungeons/for_dun.txt	npc-and-quest	player-visible	待处理	
agent-01	server	npc/re/mobs/dungeons/iz_dun.txt	npc-and-quest	player-visible	待处理	
agent-02	server	npc/re/mobs/dungeons/lhz_dun.txt	npc-and-quest	player-visible	待处理	
agent-03	server	npc/re/mobs/dungeons/lhz_dun_n.txt	npc-and-quest	player-visible	待处理	
agent-04	server	npc/re/mobs/dungeons/ma_dun.txt	npc-and-quest	player-visible	待处理	
agent-01	server	npc/re/mobs/dungeons/mag_dun.txt	npc-and-quest	player-visible	待处理	
agent-02	server	npc/re/mobs/dungeons/mal_dun.txt	npc-and-quest	player-visible	待处理	
agent-03	server	npc/re/mobs/dungeons/moro_vol.txt	npc-and-quest	player-visible	待处理	
agent-04	server	npc/re/mobs/dungeons/mosk_dun.txt	npc-and-quest	player-visible	待处理	
agent-01	server	npc/re/mobs/dungeons/nif_dun.txt	npc-and-quest	player-visible	待处理	
agent-02	server	npc/re/mobs/dungeons/pay_dun.txt	npc-and-quest	player-visible	待处理	
agent-03	server	npc/re/mobs/dungeons/prt_prison.txt	npc-and-quest	player-visible	待处理	
agent-04	server	npc/re/mobs/dungeons/prt_q.txt	npc-and-quest	player-visible	待处理	
agent-01	server	npc/re/mobs/dungeons/slabw01.txt	npc-and-quest	player-visible	待处理	
agent-02	server	npc/re/mobs/dungeons/sp_rudus.txt	npc-and-quest	player-visible	待处理	
agent-03	server	npc/re/mobs/dungeons/teg_dun.txt	npc-and-quest	player-visible	待处理	
agent-04	server	npc/re/mobs/dungeons/thor_v.txt	npc-and-quest	player-visible	待处理	
agent-01	server	npc/re/mobs/dungeons/tur_dun.txt	npc-and-quest	player-visible	待处理	
agent-02	server	npc/re/mobs/fields/bifrost.txt	npc-and-quest	player-visible	待处理	
agent-03	server	npc/re/mobs/fields/dewata.txt	npc-and-quest	player-visible	待处理	
agent-04	server	npc/re/mobs/fields/eclage.txt	npc-and-quest	player-visible	待处理	
agent-01	server	npc/re/mobs/fields/geffen.txt	npc-and-quest	player-visible	待处理	
agent-02	server	npc/re/mobs/fields/malaya.txt	npc-and-quest	player-visible	待处理	
agent-03	server	npc/re/mobs/fields/niflheim.txt	npc-and-quest	player-visible	待处理	
agent-04	server	npc/re/mobs/fields/yuno.txt	npc-and-quest	player-visible	待处理	
agent-01	server	npc/re/mobs/prt_cas.txt	npc-and-quest	player-visible	待处理	
agent-02	server	npc/re/mobs/special_border_area.txt	npc-and-quest	player-visible	待处理	
agent-03	server	npc/re/mobs/towns.txt	npc-and-quest	player-visible	待处理	
agent-04	server	npc/re/mobs/tra_fild.txt	npc-and-quest	player-visible	待处理	
agent-01	server	npc/re/mobs/tra_fild_123.txt	npc-and-quest	player-visible	待处理	
agent-02	server	npc/re/mobs/verus.txt	npc-and-quest	player-visible	待处理	
agent-03	server	npc/re/other/CashShop_Functions.txt	npc-and-quest	player-visible	待处理	
agent-04	server	npc/re/other/Global_Functions.txt	npc-and-quest	player-visible	待处理	
agent-01	server	npc/re/other/TrainingZone123.txt	npc-and-quest	player-visible	待处理	
agent-02	server	npc/re/other/achievements.txt	npc-and-quest	player-visible	待处理	
agent-03	server	npc/re/other/adven_boards.txt	npc-and-quest	player-visible	待处理	
agent-04	server	npc/re/other/bulletin_boards.txt	npc-and-quest	player-visible	待处理	
agent-01	server	npc/re/other/clans.txt	npc-and-quest	player-visible	待处理	
agent-02	server	npc/re/other/dimensional_gap.txt	npc-and-quest	player-visible	待处理	
agent-03	server	npc/re/other/global_npcs.txt	npc-and-quest	player-visible	待处理	
agent-04	server	npc/re/other/item_merge.txt	npc-and-quest	player-visible	待处理	
agent-01	server	npc/re/other/kachua_key.txt	npc-and-quest	player-visible	待处理	
agent-02	server	npc/re/other/mail.txt	npc-and-quest	player-visible	待处理	
agent-03	server	npc/re/other/mercenary_rent.txt	npc-and-quest	player-visible	待处理	
agent-04	server	npc/re/other/pvp.txt	npc-and-quest	player-visible	待处理	
agent-01	server	npc/re/other/resetskill.txt	npc-and-quest	player-visible	待处理	
agent-02	server	npc/re/other/stone_change.txt	npc-and-quest	player-visible	待处理	
agent-03	server	npc/re/other/turbo_track.txt	npc-and-quest	player-visible	待处理	
agent-04	server	npc/re/quests/HelpMeShorty.txt	npc-and-quest	player-visible	待处理	
agent-01	server	npc/re/quests/cooking_quest.txt	npc-and-quest	player-visible	待处理	
agent-02	server	npc/re/quests/cupet.txt	npc-and-quest	player-visible	待处理	
agent-03	server	npc/re/quests/eden/11-25.txt	npc-and-quest	player-visible	待处理	
agent-04	server	npc/re/quests/eden/26-40.txt	npc-and-quest	player-visible	待处理	
agent-01	server	npc/re/quests/eden/41-55.txt	npc-and-quest	player-visible	待处理	
agent-02	server	npc/re/quests/eden/56-70.txt	npc-and-quest	player-visible	待处理	
agent-03	server	npc/re/quests/eden/71-85.txt	npc-and-quest	player-visible	待处理	
agent-04	server	npc/re/quests/eden/86-90.txt	npc-and-quest	player-visible	待处理	
agent-01	server	npc/re/quests/eden/91-99.txt	npc-and-quest	player-visible	待处理	
agent-02	server	npc/re/quests/eden/eden_100_111.txt	npc-and-quest	player-visible	待处理	
agent-03	server	npc/re/quests/eden/eden_111_120.txt	npc-and-quest	player-visible	待处理	
agent-04	server	npc/re/quests/eden/eden_121_130.txt	npc-and-quest	player-visible	待处理	
agent-01	server	npc/re/quests/eden/eden_131_140.txt	npc-and-quest	player-visible	待处理	
agent-02	server	npc/re/quests/eden/eden_common.txt	npc-and-quest	player-visible	待处理	
agent-03	server	npc/re/quests/eden/eden_iro.txt	npc-and-quest	player-visible	待处理	
agent-04	server	npc/re/quests/eden/eden_quests.txt	npc-and-quest	player-visible	待处理	
agent-01	server	npc/re/quests/eden/eden_service.txt	npc-and-quest	player-visible	待处理	
agent-02	server	npc/re/quests/eden/eden_tutorial.txt	npc-and-quest	player-visible	待处理	
agent-03	server	npc/re/quests/first_class/tu_archer.txt	npc-and-quest	player-visible	待处理	
agent-04	server	npc/re/quests/garden_of_time.txt	npc-and-quest	player-visible	待处理	
agent-01	server	npc/re/quests/homun_s.txt	npc-and-quest	player-visible	待处理	
agent-02	server	npc/re/quests/illusion_investigation.txt	npc-and-quest	player-visible	待处理	
agent-03	server	npc/re/quests/juno_monster_society.txt	npc-and-quest	player-visible	待处理	
agent-04	server	npc/re/quests/magic_books.txt	npc-and-quest	player-visible	待处理	
agent-01	server	npc/re/quests/monstertamers.txt	npc-and-quest	player-visible	待处理	
agent-02	server	npc/re/quests/mrsmile.txt	npc-and-quest	player-visible	待处理	
agent-03	server	npc/re/quests/newgears/2010_headgears.txt	npc-and-quest	player-visible	待处理	
agent-04	server	npc/re/quests/newgears/2012_headgears.txt	npc-and-quest	player-visible	待处理	
agent-01	server	npc/re/quests/ninja_quests.txt	npc-and-quest	player-visible	待处理	
agent-02	server	npc/re/quests/pile_bunker.txt	npc-and-quest	player-visible	待处理	
agent-03	server	npc/re/quests/quests_13_1.txt	npc-and-quest	player-visible	待处理	
agent-04	server	npc/re/quests/quests_14_3.txt	npc-and-quest	player-visible	待处理	
agent-01	server	npc/re/quests/quests_14_3_bis.txt	npc-and-quest	player-visible	待处理	
agent-02	server	npc/re/quests/quests_15_1.txt	npc-and-quest	player-visible	待处理	
agent-03	server	npc/re/quests/quests_15_2.txt	npc-and-quest	player-visible	待处理	
agent-04	server	npc/re/quests/quests_16_1.txt	npc-and-quest	player-visible	待处理	
agent-01	server	npc/re/quests/quests_16_2.txt	npc-and-quest	player-visible	待处理	
agent-02	server	npc/re/quests/quests_17_1.txt	npc-and-quest	player-visible	待处理	
agent-03	server	npc/re/quests/quests_17_2.txt	npc-and-quest	player-visible	待处理	
agent-04	server	npc/re/quests/quests_18.txt	npc-and-quest	player-visible	待处理	
agent-01	server	npc/re/quests/quests_aldebaran.txt	npc-and-quest	player-visible	待处理	
agent-02	server	npc/re/quests/quests_dewata.txt	npc-and-quest	player-visible	待处理	
agent-03	server	npc/re/quests/quests_dicastes.txt	npc-and-quest	player-visible	待处理	
agent-04	server	npc/re/quests/quests_dungeons_200.txt	npc-and-quest	player-visible	待处理	
agent-01	server	npc/re/quests/quests_eclage.txt	npc-and-quest	player-visible	待处理	
agent-02	server	npc/re/quests/quests_exp_175.txt	npc-and-quest	player-visible	待处理	
agent-03	server	npc/re/quests/quests_glastheim.txt	npc-and-quest	player-visible	待处理	
agent-04	server	npc/re/quests/quests_illusion_dungeons.txt	npc-and-quest	player-visible	待处理	
agent-01	server	npc/re/quests/quests_izlude.txt	npc-and-quest	player-visible	待处理	
agent-02	server	npc/re/quests/quests_lighthalzen.txt	npc-and-quest	player-visible	待处理	
agent-03	server	npc/re/quests/quests_malangdo.txt	npc-and-quest	player-visible	待处理	
agent-04	server	npc/re/quests/quests_malaya.txt	npc-and-quest	player-visible	待处理	
agent-01	server	npc/re/quests/quests_mora.txt	npc-and-quest	player-visible	待处理	
agent-02	server	npc/re/quests/quests_morocc.txt	npc-and-quest	player-visible	待处理	
agent-03	server	npc/re/quests/quests_nameless.txt	npc-and-quest	player-visible	待处理	
agent-04	server	npc/re/quests/quests_niflheim.txt	npc-and-quest	player-visible	待处理	
agent-01	server	npc/re/quests/quests_rockridge.txt	npc-and-quest	player-visible	待处理	
agent-02	server	npc/re/quests/quests_veins.txt	npc-and-quest	player-visible	待处理	
agent-03	server	npc/re/quests/seals/brisingamen_seal.txt	npc-and-quest	player-visible	待处理	
agent-04	server	npc/re/quests/seals/megingard_seal.txt	npc-and-quest	player-visible	待处理	
agent-01	server	npc/re/quests/skills/merchant_skills.txt	npc-and-quest	player-visible	待处理	
agent-02	server	npc/re/quests/skills/swordman_skills.txt	npc-and-quest	player-visible	待处理	
agent-03	server	npc/re/quests/the_sign_quest.txt	npc-and-quest	player-visible	待处理	
agent-04	server	npc/re/quests/woe_te/te_goditem_alde1.txt	npc-and-quest	player-visible	待处理	
agent-01	server	npc/re/quests/woe_te/te_goditem_prt01.txt	npc-and-quest	player-visible	待处理	
agent-02	server	npc/re/quests/woe_te/te_mission_alde.txt	npc-and-quest	player-visible	待处理	
agent-03	server	npc/re/quests/woe_te/te_mission_main.txt	npc-and-quest	player-visible	待处理	
agent-04	server	npc/re/quests/woe_te/te_mission_prt.txt	npc-and-quest	player-visible	待处理	
agent-01	server	npc/re/scripts_athena.conf	npc-and-quest	player-visible	待处理	
agent-02	server	npc/re/scripts_main.conf	npc-and-quest	player-visible	待处理	
agent-03	server	npc/re/warps/cities/dewata.txt	npc-and-quest	player-visible	待处理	
agent-04	server	npc/re/warps/cities/dicastes.txt	npc-and-quest	player-visible	待处理	
agent-01	server	npc/re/warps/cities/eclage.txt	npc-and-quest	player-visible	待处理	
agent-02	server	npc/re/warps/cities/einbech.txt	npc-and-quest	player-visible	待处理	
agent-03	server	npc/re/warps/cities/einbroch.txt	npc-and-quest	player-visible	待处理	
agent-04	server	npc/re/warps/cities/izlude.txt	npc-and-quest	player-visible	待处理	
agent-01	server	npc/re/warps/cities/lighthalzen.txt	npc-and-quest	player-visible	待处理	
agent-02	server	npc/re/warps/cities/malangdo.txt	npc-and-quest	player-visible	待处理	
agent-03	server	npc/re/warps/cities/malaya.txt	npc-and-quest	player-visible	待处理	
agent-04	server	npc/re/warps/cities/prontera.txt	npc-and-quest	player-visible	待处理	
agent-01	server	npc/re/warps/cities/rachel.txt	npc-and-quest	player-visible	待处理	
agent-02	server	npc/re/warps/cities/yggdrasil.txt	npc-and-quest	player-visible	待处理	
agent-03	server	npc/re/warps/dungeons/amicitia.txt	npc-and-quest	player-visible	待处理	
agent-04	server	npc/re/warps/dungeons/dic_dun.txt	npc-and-quest	player-visible	待处理	
agent-01	server	npc/re/warps/dungeons/ecl_dun.txt	npc-and-quest	player-visible	待处理	
agent-02	server	npc/re/warps/dungeons/ecl_tdun.txt	npc-and-quest	player-visible	待处理	
agent-03	server	npc/re/warps/dungeons/ein_dun.txt	npc-and-quest	player-visible	待处理	
agent-04	server	npc/re/warps/dungeons/iz_dun.txt	npc-and-quest	player-visible	待处理	
agent-01	server	npc/re/warps/dungeons/mag_dun.txt	npc-and-quest	player-visible	待处理	
agent-02	server	npc/re/warps/dungeons/moc_pryd.txt	npc-and-quest	player-visible	待处理	
agent-03	server	npc/re/warps/dungeons/nif_dun.txt	npc-and-quest	player-visible	待处理	
agent-04	server	npc/re/warps/dungeons/oz_dun.txt	npc-and-quest	player-visible	待处理	
agent-01	server	npc/re/warps/dungeons/thor_v.txt	npc-and-quest	player-visible	待处理	
agent-02	server	npc/re/warps/fields/bif_fild.txt	npc-and-quest	player-visible	待处理	
agent-03	server	npc/re/warps/fields/com_fild.txt	npc-and-quest	player-visible	待处理	
agent-04	server	npc/re/warps/fields/dic_fild.txt	npc-and-quest	player-visible	待处理	
agent-01	server	npc/re/warps/fields/geffen_fild.txt	npc-and-quest	player-visible	待处理	
agent-02	server	npc/re/warps/fields/gw_fild.txt	npc-and-quest	player-visible	待处理	
agent-03	server	npc/re/warps/fields/hugel_fild.txt	npc-and-quest	player-visible	待处理	
agent-04	server	npc/re/warps/fields/morroc_fild.txt	npc-and-quest	player-visible	待处理	
agent-01	server	npc/re/warps/fields/payon_fild.txt	npc-and-quest	player-visible	待处理	
agent-02	server	npc/re/warps/fields/prontera_fild.txt	npc-and-quest	player-visible	待处理	
agent-03	server	npc/re/warps/fields/rachel_fild.txt	npc-and-quest	player-visible	待处理	
agent-04	server	npc/re/warps/fields/veins_fild.txt	npc-and-quest	player-visible	待处理	
agent-01	server	npc/re/warps/fields/yuno_fild.txt	npc-and-quest	player-visible	待处理	
agent-02	server	npc/re/warps/guildcastles.txt	npc-and-quest	player-visible	待处理	
agent-03	server	npc/re/warps/other/TrainingZone.txt	npc-and-quest	player-visible	待处理	
agent-04	server	npc/re/warps/other/TrainingZone123.txt	npc-and-quest	player-visible	待处理	
agent-01	server	npc/re/warps/other/arena.txt	npc-and-quest	player-visible	待处理	
agent-02	server	npc/re/warps/other/ba_2whs.txt	npc-and-quest	player-visible	待处理	
agent-03	server	npc/re/warps/other/ba_maison.txt	npc-and-quest	player-visible	待处理	
agent-04	server	npc/re/warps/other/ba_pw.txt	npc-and-quest	player-visible	待处理	
agent-01	server	npc/re/warps/other/dimensional_gap.txt	npc-and-quest	player-visible	待处理	
agent-02	server	npc/re/warps/other/jobquests.txt	npc-and-quest	player-visible	待处理	
agent-03	server	npc/re/warps/other/paradise.txt	npc-and-quest	player-visible	待处理	
agent-04	server	npc/re/warps/other/s_workshop.txt	npc-and-quest	player-visible	待处理	
agent-01	server	npc/re/warps/other/sign.txt	npc-and-quest	player-visible	待处理	
agent-02	server	npc/re/warps/other/special_border_area.txt	npc-and-quest	player-visible	待处理	
agent-03	server	npc/re/warps/other/un_myst.txt	npc-and-quest	player-visible	待处理	
agent-04	server	npc/re/warps/other/verus.txt	npc-and-quest	player-visible	待处理	
agent-01	server	npc/scripts_custom.conf	npc-and-quest	player-visible	待处理	
agent-02	server	npc/test/OnInterInit.txt	npc-and-quest	player-visible	待处理	
agent-03	server	npc/test/ci/0000_funcs.txt	npc-and-quest	player-visible	待处理	
agent-04	server	npc/test/ci/5573.txt	npc-and-quest	player-visible	待处理	
agent-01	server	npc/test/ci/7291.txt	npc-and-quest	player-visible	待处理	
agent-02	server	npc/test/ci/8886.txt	npc-and-quest	player-visible	待处理	
agent-03	server	npc/test/infinite_warp.txt	npc-and-quest	player-visible	待处理	
agent-04	server	npc/test/npc_test_checkweight.txt	npc-and-quest	player-visible	待处理	
agent-01	server	npc/test/npc_test_longvar.txt	npc-and-quest	player-visible	待处理	
agent-02	server	npc/warps/cities/alberta.txt	npc-and-quest	player-visible	待处理	
agent-03	server	npc/warps/cities/aldebaran.txt	npc-and-quest	player-visible	待处理	
agent-04	server	npc/warps/cities/amatsu.txt	npc-and-quest	player-visible	待处理	
agent-01	server	npc/warps/cities/ayothaya.txt	npc-and-quest	player-visible	待处理	
agent-02	server	npc/warps/cities/comodo.txt	npc-and-quest	player-visible	待处理	
agent-03	server	npc/warps/cities/einbech.txt	npc-and-quest	player-visible	待处理	
agent-04	server	npc/warps/cities/einbroch.txt	npc-and-quest	player-visible	待处理	
agent-01	server	npc/warps/cities/geffen.txt	npc-and-quest	player-visible	待处理	
agent-02	server	npc/warps/cities/gonryun.txt	npc-and-quest	player-visible	待处理	
agent-03	server	npc/warps/cities/hugel.txt	npc-and-quest	player-visible	待处理	
agent-04	server	npc/warps/cities/lighthalzen.txt	npc-and-quest	player-visible	待处理	
agent-01	server	npc/warps/cities/louyang.txt	npc-and-quest	player-visible	待处理	
agent-02	server	npc/warps/cities/lutie.txt	npc-and-quest	player-visible	待处理	
agent-03	server	npc/warps/cities/manuk.txt	npc-and-quest	player-visible	待处理	
agent-04	server	npc/warps/cities/mid_camp.txt	npc-and-quest	player-visible	待处理	
agent-01	server	npc/warps/cities/morroc.txt	npc-and-quest	player-visible	待处理	
agent-02	server	npc/warps/cities/moscovia.txt	npc-and-quest	player-visible	待处理	
agent-03	server	npc/warps/cities/nameless.txt	npc-and-quest	player-visible	待处理	
agent-04	server	npc/warps/cities/niflheim.txt	npc-and-quest	player-visible	待处理	
agent-01	server	npc/warps/cities/payon.txt	npc-and-quest	player-visible	待处理	
agent-02	server	npc/warps/cities/prontera.txt	npc-and-quest	player-visible	待处理	
agent-03	server	npc/warps/cities/splendide.txt	npc-and-quest	player-visible	待处理	
agent-04	server	npc/warps/cities/umbala.txt	npc-and-quest	player-visible	待处理	
agent-01	server	npc/warps/cities/veins.txt	npc-and-quest	player-visible	待处理	
agent-02	server	npc/warps/cities/yuno.txt	npc-and-quest	player-visible	待处理	
agent-03	server	npc/warps/dungeons/abbey.txt	npc-and-quest	player-visible	待处理	
agent-04	server	npc/warps/dungeons/abyss.txt	npc-and-quest	player-visible	待处理	
agent-01	server	npc/warps/dungeons/alde_dun.txt	npc-and-quest	player-visible	待处理	
agent-02	server	npc/warps/dungeons/ama_dun.txt	npc-and-quest	player-visible	待处理	
agent-03	server	npc/warps/dungeons/anthell.txt	npc-and-quest	player-visible	待处理	
agent-04	server	npc/warps/dungeons/ayo_dun.txt	npc-and-quest	player-visible	待处理	
agent-01	server	npc/warps/dungeons/beach_dun.txt	npc-and-quest	player-visible	待处理	
agent-02	server	npc/warps/dungeons/c_tower.txt	npc-and-quest	player-visible	待处理	
agent-03	server	npc/warps/dungeons/ein_dun.txt	npc-and-quest	player-visible	待处理	
agent-04	server	npc/warps/dungeons/gef_dun.txt	npc-and-quest	player-visible	待处理	
agent-01	server	npc/warps/dungeons/gon_dun.txt	npc-and-quest	player-visible	待处理	
agent-02	server	npc/warps/dungeons/ice_dun.txt	npc-and-quest	player-visible	待处理	
agent-03	server	npc/warps/dungeons/in_sphinx.txt	npc-and-quest	player-visible	待处理	
agent-04	server	npc/warps/dungeons/iz_dun.txt	npc-and-quest	player-visible	待处理	
agent-01	server	npc/warps/dungeons/juperos.txt	npc-and-quest	player-visible	待处理	
agent-02	server	npc/warps/dungeons/kh_dun.txt	npc-and-quest	player-visible	待处理	
agent-03	server	npc/warps/dungeons/lhz_dun.txt	npc-and-quest	player-visible	待处理	
agent-04	server	npc/warps/dungeons/lou_dun.txt	npc-and-quest	player-visible	待处理	
agent-01	server	npc/warps/dungeons/mag_dun.txt	npc-and-quest	player-visible	待处理	
agent-02	server	npc/warps/dungeons/mjo_dun.txt	npc-and-quest	player-visible	待处理	
agent-03	server	npc/warps/dungeons/moc_pryd.txt	npc-and-quest	player-visible	待处理	
agent-04	server	npc/warps/dungeons/mosk_dun.txt	npc-and-quest	player-visible	待处理	
agent-01	server	npc/warps/dungeons/odin.txt	npc-and-quest	player-visible	待处理	
agent-02	server	npc/warps/dungeons/orcsdun.txt	npc-and-quest	player-visible	待处理	
agent-03	server	npc/warps/dungeons/pay_dun.txt	npc-and-quest	player-visible	待处理	
agent-04	server	npc/warps/dungeons/prt_maze.txt	npc-and-quest	player-visible	待处理	
agent-01	server	npc/warps/dungeons/ra_san.txt	npc-and-quest	player-visible	待处理	
agent-02	server	npc/warps/dungeons/tha_t.txt	npc-and-quest	player-visible	待处理	
agent-03	server	npc/warps/dungeons/thor_v.txt	npc-and-quest	player-visible	待处理	
agent-04	server	npc/warps/dungeons/treasure.txt	npc-and-quest	player-visible	待处理	
agent-01	server	npc/warps/dungeons/tur_dun.txt	npc-and-quest	player-visible	待处理	
agent-02	server	npc/warps/dungeons/um_dun.txt	npc-and-quest	player-visible	待处理	
agent-03	server	npc/warps/dungeons/xmas_dun.txt	npc-and-quest	player-visible	待处理	
agent-04	server	npc/warps/fields/abyss_warper.txt	npc-and-quest	player-visible	待处理	
agent-01	server	npc/warps/fields/amatsu_fild.txt	npc-and-quest	player-visible	待处理	
agent-02	server	npc/warps/fields/ein_fild.txt	npc-and-quest	player-visible	待处理	
agent-03	server	npc/warps/fields/gefenia.txt	npc-and-quest	player-visible	待处理	
agent-04	server	npc/warps/fields/glastheim.txt	npc-and-quest	player-visible	待处理	
agent-01	server	npc/warps/fields/jawaii.txt	npc-and-quest	player-visible	待处理	
agent-02	server	npc/warps/fields/lhalzen_fild.txt	npc-and-quest	player-visible	待处理	
agent-03	server	npc/warps/fields/lutie_fild.txt	npc-and-quest	player-visible	待处理	
agent-04	server	npc/warps/fields/man_fild.txt	npc-and-quest	player-visible	待处理	
agent-01	server	npc/warps/fields/mtmjolnir.txt	npc-and-quest	player-visible	待处理	
agent-02	server	npc/warps/fields/spl_fild.txt	npc-and-quest	player-visible	待处理	
agent-03	server	npc/warps/fields/umbala_fild.txt	npc-and-quest	player-visible	待处理	
agent-04	server	npc/warps/guildcastles.txt	npc-and-quest	player-visible	待处理	
agent-01	server	npc/warps/other/airplane.txt	npc-and-quest	player-visible	待处理	
agent-02	server	npc/warps/other/arena.txt	npc-and-quest	player-visible	待处理	
agent-03	server	npc/warps/other/god.txt	npc-and-quest	player-visible	待处理	
agent-04	server	npc/warps/other/jobquests.txt	npc-and-quest	player-visible	待处理	
agent-01	server	npc/warps/other/kiel.txt	npc-and-quest	player-visible	待处理	
agent-02	server	npc/warps/other/other.txt	npc-and-quest	player-visible	待处理	
agent-03	server	npc/warps/pvp.txt	npc-and-quest	player-visible	待处理	
agent-04	server	sql-files/README.md	database-migration	internal	待处理	
agent-01	server	sql-files/compatibility/item_db2_compat.sql	database-migration	internal	待处理	
agent-02	server	sql-files/compatibility/item_db2_re_compat.sql	database-migration	internal	待处理	
agent-03	server	sql-files/compatibility/item_db_compat.sql	database-migration	internal	待处理	
agent-04	server	sql-files/compatibility/item_db_re_compat.sql	database-migration	internal	待处理	
agent-01	server	sql-files/logs.sql	database-migration	internal	待处理	
agent-02	server	sql-files/main.sql	database-migration	internal	待处理	
agent-03	server	sql-files/mob_db.sql	database-migration	internal	待处理	
agent-04	server	sql-files/mob_db2.sql	database-migration	internal	待处理	
agent-01	server	sql-files/mob_db2_re.sql	database-migration	internal	待处理	
agent-02	server	sql-files/mob_db_re.sql	database-migration	internal	待处理	
agent-03	server	sql-files/tools/item_db2_re_to_txt.sql	database-migration	internal	待处理	
agent-04	server	sql-files/tools/item_db2_to_txt.sql	database-migration	internal	待处理	
agent-01	server	sql-files/tools/item_db_re_to_txt.sql	database-migration	internal	待处理	
agent-02	server	sql-files/tools/item_db_to_txt.sql	database-migration	internal	待处理	
agent-03	server	sql-files/upgrades/upgrade_20200303.sql	database-migration	internal	待处理	
agent-04	server	sql-files/upgrades/upgrade_20200622.sql	database-migration	internal	待处理	
agent-01	server	sql-files/upgrades/upgrade_20200811.sql	database-migration	internal	待处理	
agent-02	server	sql-files/upgrades/upgrade_20210308.sql	database-migration	internal	待处理	
agent-03	server	sql-files/upgrades/upgrade_20221220.sql	database-migration	internal	待处理	
agent-04	server	sql-files/upgrades/upgrade_20240803.sql	database-migration	internal	待处理	
agent-01	server	sql-files/upgrades/upgrade_20250525.sql	database-migration	internal	待处理	
agent-02	server	sql-files/upgrades/upgrade_20250803.sql	database-migration	internal	待处理	
agent-03	server	src/CMakeLists.txt	server-source	internal	待处理	
agent-04	server	src/char/CMakeLists.txt	server-runtime	mixed	待处理	
agent-01	server	src/char/Makefile.in	server-runtime	mixed	待处理	
agent-02	server	src/char/char.cpp	server-runtime	mixed	待处理	
agent-03	server	src/char/char.hpp	server-runtime	mixed	待处理	
agent-04	server	src/char/char_clif.cpp	server-runtime	mixed	待处理	
agent-01	server	src/char/char_clif.hpp	server-runtime	mixed	待处理	
agent-02	server	src/char/char_cnslif.cpp	server-runtime	mixed	待处理	
agent-03	server	src/char/char_logif.cpp	server-runtime	mixed	待处理	
agent-04	server	src/char/char_logif.hpp	server-runtime	mixed	待处理	
agent-01	server	src/char/char_mapif.cpp	server-runtime	mixed	待处理	
agent-02	server	src/char/int_achievement.cpp	server-runtime	mixed	待处理	
agent-03	server	src/char/int_auction.cpp	server-runtime	mixed	待处理	
agent-04	server	src/char/int_clan.cpp	server-runtime	mixed	待处理	
agent-01	server	src/char/int_elemental.cpp	server-runtime	mixed	待处理	
agent-02	server	src/char/int_guild.cpp	server-runtime	mixed	待处理	
agent-03	server	src/char/int_guild.hpp	server-runtime	mixed	待处理	
agent-04	server	src/char/int_homun.cpp	server-runtime	mixed	待处理	
agent-01	server	src/char/int_mail.cpp	server-runtime	mixed	待处理	
agent-02	server	src/char/int_mail.hpp	server-runtime	mixed	待处理	
agent-03	server	src/char/int_mercenary.cpp	server-runtime	mixed	待处理	
agent-04	server	src/char/int_party.cpp	server-runtime	mixed	待处理	
agent-01	server	src/char/int_pet.cpp	server-runtime	mixed	待处理	
agent-02	server	src/char/int_quest.cpp	server-runtime	mixed	待处理	
agent-03	server	src/char/int_storage.cpp	server-runtime	mixed	待处理	
agent-04	server	src/char/inter.cpp	server-runtime	mixed	待处理	
agent-01	server	src/char/inter.hpp	server-runtime	mixed	待处理	
agent-02	server	src/common/CMakeLists.txt	server-source	internal	待处理	
agent-03	server	src/common/Makefile.in	server-source	internal	待处理	
agent-04	server	src/common/cbasetypes.hpp	server-source	internal	待处理	
agent-01	server	src/common/cli.cpp	server-source	internal	待处理	
agent-02	server	src/common/cli.hpp	server-source	internal	待处理	
agent-03	server	src/common/conf.cpp	server-source	internal	待处理	
agent-04	server	src/common/core.cpp	server-source	internal	待处理	
agent-01	server	src/common/core.hpp	server-source	internal	待处理	
agent-02	server	src/common/database.cpp	server-source	internal	待处理	
agent-03	server	src/common/database.hpp	server-source	internal	待处理	
agent-04	server	src/common/db.cpp	server-source	internal	待处理	
agent-01	server	src/common/db.hpp	server-source	internal	待处理	
agent-02	server	src/common/ers.cpp	server-source	internal	待处理	
agent-03	server	src/common/ers.hpp	server-source	internal	待处理	
agent-04	server	src/common/grfio.cpp	server-source	internal	待处理	
agent-01	server	src/common/malloc.cpp	server-source	internal	待处理	
agent-02	server	src/common/mapindex.cpp	server-source	internal	待处理	
agent-03	server	src/common/md5calc.cpp	server-source	internal	待处理	
agent-04	server	src/common/mmo.hpp	server-source	internal	待处理	
agent-01	server	src/common/msg_conf.cpp	server-source	internal	待处理	
agent-02	server	src/common/msg_conf.hpp	server-source	internal	待处理	
agent-03	server	src/common/nullpo.cpp	server-source	internal	待处理	
agent-04	server	src/common/nullpo.hpp	server-source	internal	待处理	
agent-01	server	src/common/packets.hpp	server-source	internal	待处理	
agent-02	server	src/common/showmsg.cpp	server-source	internal	待处理	
agent-03	server	src/common/showmsg.hpp	server-source	internal	待处理	
agent-04	server	src/common/socket.cpp	server-source	internal	待处理	
agent-01	server	src/common/sql.cpp	server-source	internal	待处理	
agent-02	server	src/common/sql.hpp	server-source	internal	待处理	
agent-03	server	src/common/strlib.cpp	server-source	internal	待处理	
agent-04	server	src/common/strlib.hpp	server-source	internal	待处理	
agent-01	server	src/common/timer.cpp	server-source	internal	待处理	
agent-02	server	src/common/timer.hpp	server-source	internal	待处理	
agent-03	server	src/common/utilities.cpp	server-source	internal	待处理	
agent-04	server	src/common/utilities.hpp	server-source	internal	待处理	
agent-01	server	src/common/utils.cpp	server-source	internal	待处理	
agent-02	server	src/common/winapi.cpp	server-source	internal	待处理	
agent-03	server	src/common/winapi.hpp	server-source	internal	待处理	
agent-04	server	src/config/const.hpp	server-source	internal	待处理	
agent-01	server	src/config/core.hpp	server-source	internal	待处理	
agent-02	server	src/config/packets.hpp	server-source	internal	待处理	
agent-03	server	src/config/secure.hpp	server-source	internal	待处理	
agent-04	server	src/custom/atcommand.inc	server-source	internal	待处理	
agent-01	server	src/login/CMakeLists.txt	server-runtime	mixed	待处理	
agent-02	server	src/login/Makefile.in	server-runtime	mixed	待处理	
agent-03	server	src/login/account.cpp	server-runtime	mixed	待处理	
agent-04	server	src/login/account.hpp	server-runtime	mixed	待处理	
agent-01	server	src/login/ipban.cpp	server-runtime	mixed	待处理	
agent-02	server	src/login/ipban.hpp	server-runtime	mixed	待处理	
agent-03	server	src/login/login.cpp	server-runtime	mixed	待处理	
agent-04	server	src/login/login.hpp	server-runtime	mixed	待处理	
agent-01	server	src/login/loginchrif.cpp	server-runtime	mixed	待处理	
agent-02	server	src/login/loginclif.cpp	server-runtime	mixed	待处理	
agent-03	server	src/login/logincnslif.cpp	server-runtime	mixed	待处理	
agent-04	server	src/login/loginlog.cpp	server-runtime	mixed	待处理	
agent-01	server	src/login/loginlog.hpp	server-runtime	mixed	待处理	
agent-02	server	src/map/CMakeLists.txt	server-runtime	mixed	待处理	
agent-03	server	src/map/Makefile.in	server-runtime	mixed	待处理	
agent-04	server	src/map/achievement.cpp	server-runtime	mixed	待处理	
agent-01	server	src/map/achievement.hpp	server-runtime	mixed	待处理	
agent-02	server	src/map/atcommand.cpp	server-runtime	mixed	待处理	
agent-03	server	src/map/atcommand.hpp	server-runtime	mixed	待处理	
agent-04	server	src/map/battle.cpp	server-runtime	mixed	待处理	
agent-01	server	src/map/battle.hpp	server-runtime	mixed	待处理	
agent-02	server	src/map/battleground.cpp	server-runtime	mixed	待处理	
agent-03	server	src/map/battleground.hpp	server-runtime	mixed	待处理	
agent-04	server	src/map/buyingstore.cpp	server-runtime	mixed	待处理	
agent-01	server	src/map/buyingstore.hpp	server-runtime	mixed	待处理	
agent-02	server	src/map/cashshop.cpp	server-runtime	mixed	待处理	
agent-03	server	src/map/cashshop.hpp	server-runtime	mixed	待处理	
agent-04	server	src/map/channel.cpp	server-runtime	mixed	待处理	
agent-01	server	src/map/channel.hpp	server-runtime	mixed	待处理	
agent-02	server	src/map/chat.cpp	server-runtime	mixed	待处理	
agent-03	server	src/map/chat.hpp	server-runtime	mixed	待处理	
agent-04	server	src/map/chrif.cpp	server-runtime	mixed	待处理	
agent-01	server	src/map/chrif.hpp	server-runtime	mixed	待处理	
agent-02	server	src/map/clan.cpp	server-runtime	mixed	待处理	
agent-03	server	src/map/clan.hpp	server-runtime	mixed	待处理	
agent-04	server	src/map/clif.cpp	server-runtime	mixed	待处理	
agent-01	server	src/map/clif.hpp	server-runtime	mixed	待处理	
agent-02	server	src/map/clif_obfuscation.hpp	server-runtime	mixed	待处理	
agent-03	server	src/map/clif_packetdb.hpp	server-runtime	mixed	待处理	
agent-04	server	src/map/duel.cpp	server-runtime	mixed	待处理	
agent-01	server	src/map/elemental.cpp	server-runtime	mixed	待处理	
agent-02	server	src/map/elemental.hpp	server-runtime	mixed	待处理	
agent-03	server	src/map/guild.cpp	server-runtime	mixed	待处理	
agent-04	server	src/map/guild.hpp	server-runtime	mixed	待处理	
agent-01	server	src/map/homunculus.cpp	server-runtime	mixed	待处理	
agent-02	server	src/map/homunculus.hpp	server-runtime	mixed	待处理	
agent-03	server	src/map/instance.cpp	server-runtime	mixed	待处理	
agent-04	server	src/map/instance.hpp	server-runtime	mixed	待处理	
agent-01	server	src/map/intif.cpp	server-runtime	mixed	待处理	
agent-02	server	src/map/intif.hpp	server-runtime	mixed	待处理	
agent-03	server	src/map/itemdb.cpp	server-runtime	mixed	待处理	
agent-04	server	src/map/itemdb.hpp	server-runtime	mixed	待处理	
agent-01	server	src/map/log.cpp	server-runtime	mixed	待处理	
agent-02	server	src/map/log.hpp	server-runtime	mixed	待处理	
agent-03	server	src/map/mail.cpp	server-runtime	mixed	待处理	
agent-04	server	src/map/mail.hpp	server-runtime	mixed	待处理	
agent-01	server	src/map/map.cpp	server-runtime	mixed	待处理	
agent-02	server	src/map/map.hpp	server-runtime	mixed	待处理	
agent-03	server	src/map/mapreg.cpp	server-runtime	mixed	待处理	
agent-04	server	src/map/mapreg.hpp	server-runtime	mixed	待处理	
agent-01	server	src/map/mercenary.cpp	server-runtime	mixed	待处理	
agent-02	server	src/map/mercenary.hpp	server-runtime	mixed	待处理	
agent-03	server	src/map/mob.cpp	server-runtime	mixed	待处理	
agent-04	server	src/map/mob.hpp	server-runtime	mixed	待处理	
agent-01	server	src/map/navi.cpp	server-runtime	mixed	待处理	
agent-02	server	src/map/npc.cpp	server-runtime	mixed	待处理	
agent-03	server	src/map/npc.hpp	server-runtime	mixed	待处理	
agent-04	server	src/map/npc_chat.cpp	server-runtime	mixed	待处理	
agent-01	server	src/map/packets.hpp	server-runtime	mixed	待处理	
agent-02	server	src/map/packets_struct.hpp	server-runtime	mixed	待处理	
agent-03	server	src/map/party.cpp	server-runtime	mixed	待处理	
agent-04	server	src/map/party.hpp	server-runtime	mixed	待处理	
agent-01	server	src/map/path.cpp	server-runtime	mixed	待处理	
agent-02	server	src/map/pc.cpp	server-runtime	mixed	待处理	
agent-03	server	src/map/pc.hpp	server-runtime	mixed	待处理	
agent-04	server	src/map/pc_groups.cpp	server-runtime	mixed	待处理	
agent-01	server	src/map/pc_groups.hpp	server-runtime	mixed	待处理	
agent-02	server	src/map/pet.cpp	server-runtime	mixed	待处理	
agent-03	server	src/map/pet.hpp	server-runtime	mixed	待处理	
agent-04	server	src/map/quest.cpp	server-runtime	mixed	待处理	
agent-01	server	src/map/quest.hpp	server-runtime	mixed	待处理	
agent-02	server	src/map/script.cpp	server-runtime	mixed	待处理	
agent-03	server	src/map/script.hpp	server-runtime	mixed	待处理	
agent-04	server	src/map/script_constants.hpp	server-runtime	mixed	待处理	
agent-01	server	src/map/searchstore.cpp	server-runtime	mixed	待处理	
agent-02	server	src/map/searchstore.hpp	server-runtime	mixed	待处理	
agent-03	server	src/map/skill.cpp	server-runtime	mixed	待处理	
agent-04	server	src/map/skill.hpp	server-runtime	mixed	待处理	
agent-01	server	src/map/skills/acolyte/clearance.cpp	server-runtime	mixed	待处理	
agent-02	server	src/map/skills/acolyte/dilectioheal.cpp	server-runtime	mixed	待处理	
agent-03	server	src/map/skills/acolyte/heal.cpp	server-runtime	mixed	待处理	
agent-04	server	src/map/skills/acolyte/highnessheal.cpp	server-runtime	mixed	待处理	
agent-01	server	src/map/skills/acolyte/ragingpalmstrike.cpp	server-runtime	mixed	待处理	
agent-02	server	src/map/skills/acolyte/ragingthrust.cpp	server-runtime	mixed	待处理	
agent-03	server	src/map/skills/acolyte/teleport.cpp	server-runtime	mixed	待处理	
agent-04	server	src/map/skills/archer/dazzler.cpp	server-runtime	mixed	待处理	
agent-01	server	src/map/skills/archer/unbarringoctave.cpp	server-runtime	mixed	待处理	
agent-02	server	src/map/skills/gunslinger/banishingbuster.cpp	server-runtime	mixed	待处理	
agent-03	server	src/map/skills/gunslinger/grounddrift.cpp	server-runtime	mixed	待处理	
agent-04	server	src/map/skills/homunculus/homunculus_healingtouch.cpp	server-runtime	mixed	待处理	
agent-01	server	src/map/skills/homunculus/homunculus_stylechange.cpp	server-runtime	mixed	待处理	
agent-02	server	src/map/skills/mage/allbloom.cpp	server-runtime	mixed	待处理	
agent-03	server	src/map/skills/mage/deluge.cpp	server-runtime	mixed	待处理	
agent-04	server	src/map/skills/mage/destructivehurricane.cpp	server-runtime	mixed	待处理	
agent-01	server	src/map/skills/mage/dispell.cpp	server-runtime	mixed	待处理	
agent-02	server	src/map/skills/mage/dispell.hpp	server-runtime	mixed	待处理	
agent-03	server	src/map/skills/mage/siennaexecrate.cpp	server-runtime	mixed	待处理	
agent-04	server	src/map/skills/mage/skill_factory_mage.cpp	server-runtime	mixed	待处理	
agent-01	server	src/map/skills/mage/stonecurse.cpp	server-runtime	mixed	待处理	
agent-02	server	src/map/skills/mage/violentquake.cpp	server-runtime	mixed	待处理	
agent-03	server	src/map/skills/mage/volcano.cpp	server-runtime	mixed	待处理	
agent-04	server	src/map/skills/mage/whirlwind.cpp	server-runtime	mixed	待处理	
agent-01	server	src/map/skills/mercenary/mercenary_magnumbreak.cpp	server-runtime	mixed	待处理	
agent-02	server	src/map/skills/merchant/acidterror.cpp	server-runtime	mixed	待处理	
agent-03	server	src/map/skills/merchant/acidterror.hpp	server-runtime	mixed	待处理	
agent-04	server	src/map/skills/merchant/skill_factory_merchant.cpp	server-runtime	mixed	待处理	
agent-01	server	src/map/skills/ninja/infiltrate.cpp	server-runtime	mixed	待处理	
agent-02	server	src/map/skills/npc/suicidebombing.cpp	server-runtime	mixed	待处理	
agent-03	server	src/map/skills/other/odinsrecall.cpp	server-runtime	mixed	待处理	
agent-04	server	src/map/skills/skill_factory.cpp	server-runtime	mixed	待处理	
agent-01	server	src/map/skills/swordman/magnum.cpp	server-runtime	mixed	待处理	
agent-02	server	src/map/skills/taekwon/gravitycontrol.cpp	server-runtime	mixed	待处理	
agent-03	server	src/map/skills/taekwon/jumpkick.cpp	server-runtime	mixed	待处理	
agent-04	server	src/map/skills/taekwon/soulunity.cpp	server-runtime	mixed	待处理	
agent-01	server	src/map/skills/thief/backstab.cpp	server-runtime	mixed	待处理	
agent-02	server	src/map/skills/thief/divestall.cpp	server-runtime	mixed	待处理	
agent-03	server	src/map/skills/thief/findstone.cpp	server-runtime	mixed	待处理	
agent-04	server	src/map/status.cpp	server-runtime	mixed	待处理	
agent-01	server	src/map/status.hpp	server-runtime	mixed	待处理	
agent-02	server	src/map/storage.cpp	server-runtime	mixed	待处理	
agent-03	server	src/map/trade.cpp	server-runtime	mixed	待处理	
agent-04	server	src/map/unit.cpp	server-runtime	mixed	待处理	
agent-01	server	src/map/unit.hpp	server-runtime	mixed	待处理	
agent-02	server	src/map/vending.cpp	server-runtime	mixed	待处理	
agent-03	server	src/map/vending.hpp	server-runtime	mixed	待处理	
agent-04	server	src/tool/CMakeLists.txt	server-source	internal	待处理	
agent-01	server	src/tool/Makefile.in	server-source	internal	待处理	
agent-02	server	src/tool/csv2yaml.cpp	server-source	internal	待处理	
agent-03	server	src/tool/csv2yaml.hpp	server-source	internal	待处理	
agent-04	server	src/tool/mapcache.cpp	server-source	internal	待处理	
agent-01	server	src/tool/readme.md	server-source	internal	待处理	
agent-02	server	src/tool/yaml.hpp	server-source	internal	待处理	
agent-03	server	src/tool/yaml2sql.cpp	server-source	internal	待处理	
agent-04	server	src/tool/yamlupgrade.cpp	server-source	internal	待处理	
agent-01	server	src/tool/yamlupgrade.hpp	server-source	internal	待处理	
agent-02	server	src/web/CMakeLists.txt	server-runtime	mixed	待处理	
agent-03	server	src/web/Makefile.in	server-runtime	mixed	待处理	
agent-04	server	src/web/auth.cpp	server-runtime	mixed	待处理	
agent-01	server	src/web/charconfig_controller.cpp	server-runtime	mixed	待处理	
agent-02	server	src/web/emblem_controller.cpp	server-runtime	mixed	待处理	
agent-03	server	src/web/merchantstore_controller.cpp	server-runtime	mixed	待处理	
agent-04	server	src/web/partybooking_controller.cpp	server-runtime	mixed	待处理	
agent-01	server	src/web/userconfig_controller.cpp	server-runtime	mixed	待处理	
agent-02	server	src/web/web.cpp	server-runtime	mixed	待处理	
agent-03	server	src/web/web.hpp	server-runtime	mixed	待处理	
