"status","source","maps","proposed_zh","evidence"
"dialog_title_candidate","A Random Customer","mora","天真的顾客","unique translated dialog title"
"dialog_title_candidate","Absorbed Coyote","rockrdg1","吸收中的郊狼","unique translated dialog title"
"dialog_title_candidate","Adept Adventurer","iz_ac01|iz_ac01_a|iz_ac01_b|iz_ac01_c|iz_ac01_d|new_1-3","老练的冒险者","unique translated dialog title"
"dialog_title_candidate","Administrator Michael","moc_para01","迈克尔","unique translated dialog title"
"dialog_title_candidate","Advance Base Defender","moro_vol","前线基地守卫","unique translated dialog title"
"dialog_title_candidate","Adventurer ?","verus04","冒险者","unique translated dialog title"
"dialog_title_candidate","Adventurer Bamdaku","un_bk_q","冒险者班达库","unique translated dialog title"
"dialog_title_candidate","Adventurer Cat","verus04","冒险者猫","unique translated dialog title"
"dialog_title_candidate","Adventurer Dally","un_bk_q","冒险者达莉","unique translated dialog title"
"dialog_title_candidate","Adventurer Leon","dali02|dali","冒险家莱昂","unique translated dialog title"
"dialog_title_candidate","Aged Stranger","mosk_fild01","老者","unique translated dialog title"
"dialog_title_candidate","Ahir","wolfvill","阿希尔","unique translated dialog title"
"dialog_title_candidate","Aibakthing","ayothaya|alberta","艾巴克辛","unique translated dialog title"
"dialog_title_candidate","Aide Arioss","spl_in01","阿里奥斯助手","unique translated dialog title"
"dialog_title_candidate","Aigu","1@jtb|moc_para01","艾古","unique translated dialog title"
"dialog_title_candidate","Aile","job_duncer","艾尔","unique translated dialog title"
"dialog_title_candidate","Airship Cafeteria Manager","1@air1|1@air2","飞艇餐厅经理","unique translated dialog title"
"dialog_title_candidate","Airship Captain","airplane_01|airplane","塔洛克","unique translated dialog title"
"dialog_title_candidate","Airship Crew","airplane|1@air1","飞艇船员","unique translated dialog title"
"dialog_title_candidate","Akagi","alberta","赤木","unique translated dialog title"
"dialog_title_candidate","Akkie","geffen","阿奇","unique translated dialog title"
"dialog_title_candidate","Alain Morlein","harboro1","银行职员","unique translated dialog title"
"dialog_title_candidate","Albert Ford","rockrdg1|rockrdg2","阿尔伯特·福特","unique translated dialog title"
"dialog_title_candidate","Alchemist Spirit","job_soul","炼金术士灵魂","unique translated dialog title"
"dialog_title_candidate","Allied Forces Soldier","dali","联盟军士兵","unique translated dialog title"
"dialog_title_candidate","Allysia","kh_mansion","保安","unique translated dialog title"
"dialog_title_candidate","Alonie","alberta","阿洛尼","unique translated dialog title"
"dialog_title_candidate","Alph","1@uns|verus04|un_bunker","阿尔夫","unique translated dialog title"
"dialog_title_candidate","Amateur Collector","gef_tower","业余收藏家","unique translated dialog title"
"dialog_title_candidate","Anna","mosk_in|1@adv","安娜","unique translated dialog title"
"dialog_title_candidate","Ansuriya","pub_cat","安苏莉亚","unique translated dialog title"
"dialog_title_candidate","Antonio junior","in_rogue","安东尼奥·二世","unique translated dialog title"
"dialog_title_candidate","Apprentice Monk","prt_monk","武僧","unique translated dialog title"
"dialog_title_candidate","Aragham Junior","in_rogue","阿拉甘 Jr.","unique translated dialog title"
"dialog_title_candidate","Arang","1@jtb|iz_ac02|iz_ac02_a|iz_ac02_b|iz_ac02_c|iz_ac02_d","阿朗","unique translated dialog title"
"dialog_title_candidate","Arcade Helper","que_bingo","助手","unique translated dialog title"
"dialog_title_candidate","Arcade Owner","que_bingo","游乐场老板","unique translated dialog title"
"dialog_title_candidate","Archaeologist","verus04","考古学家","unique translated dialog title"
"dialog_title_candidate","Archaeologist Aures","moc_para01|verus04","奥尔斯","unique translated dialog title"
"dialog_title_candidate","Archer Guildsman","payon_in02","弓箭手公会成员","unique translated dialog title"
"dialog_title_candidate","Arena Assistant","job_wiz","竞技场助手","unique translated dialog title"
"dialog_title_candidate","Arena Manager","sec_in02","竞技场管理员","unique translated dialog title"
"dialog_title_candidate","Arena Record Staff","arena_room","欧文·基尤夫","unique translated dialog title"
"dialog_title_candidate","Armor Merchant Naphara","ecl_in01","护甲商人","unique translated dialog title"
"dialog_title_candidate","Artifact Crafter","mora","神器工匠","unique translated dialog title"
"dialog_title_candidate","Arunafeltz Linguist","mid_campin","救生博士","unique translated dialog title"
"dialog_title_candidate","Assassin Cross","valkyrie","十字刺客","unique translated dialog title"
"dialog_title_candidate","Assistant","ama_test|morocc_in|rgsr_in|sec_in02|spl_in02","哟普","unique translated dialog title"
"dialog_title_candidate","Assistant Professor","dali02","首席助手","unique translated dialog title"
"dialog_title_candidate","Asthe","prt_monk","阿丝黛","unique translated dialog title"
"dialog_title_candidate","Aure Dupon","geffen","奥尔·杜邦","unique translated dialog title"
"dialog_title_candidate","Aver De Dosh","mal_in01","艾弗·德·多什","unique translated dialog title"
"dialog_title_candidate","Baba Yaga, the Horrible","mosk_in","可怕的芭芭雅嘎","unique translated dialog title"
"dialog_title_candidate","Baisulist","geffen","拜苏利斯特","unique translated dialog title"
"dialog_title_candidate","Balumin","ecl_fild01|ecl_in04","巴鲁明","unique translated dialog title"
"dialog_title_candidate","Baphomet","job_prist","巴风特","unique translated dialog title"
"dialog_title_candidate","Bar Master","que_job01","老板","unique translated dialog title"
"dialog_title_candidate","Bard Jet","payon_in02","杰特","unique translated dialog title"
"dialog_title_candidate","Base Investigator","moro_vol","基地调查员","unique translated dialog title"
"dialog_title_candidate","Basshu","que_ng","巴修","unique translated dialog title"
"dialog_title_candidate","Battle Instructor","iz_ac01|iz_ac01_a|iz_ac01_b|iz_ac01_c|iz_ac01_d","战斗教官苏比诺","unique translated dialog title"
"dialog_title_candidate","Bazett Teablack","mid_camp","勤劳的人","unique translated dialog title"
"dialog_title_candidate","Beeryu","job_star","苏伊·斯莉尔","unique translated dialog title"
"dialog_title_candidate","Benknee","manuk","本克尼","unique translated dialog title"
"dialog_title_candidate","Bent Old Lady","malaya","驼背老太太","unique translated dialog title"
"dialog_title_candidate","Bertan","umbala","贝尔坦","unique translated dialog title"
"dialog_title_candidate","Big Meow","1@lost","大喵","unique translated dialog title"
"dialog_title_candidate","Bijou","job_duncer|1@mir","碧珠","unique translated dialog title"
"dialog_title_candidate","Billik","umbala","比利克","unique translated dialog title"
"dialog_title_candidate","Biochemist","valkyrie","生化学家","unique translated dialog title"
"dialog_title_candidate","Biologist","xmas_fild01","生物学家","unique translated dialog title"
"dialog_title_candidate","Bishop Maugins","monk_in","雷丁·科斯","unique translated dialog title"
"dialog_title_candidate","Blacksmith Pandoi","malaya","潘多伊","unique translated dialog title"
"dialog_title_candidate","Boaster","mora","吹嘘者","unique translated dialog title"
"dialog_title_candidate","Boiler","ba_in01|ba_bath","锅炉","unique translated dialog title"
"dialog_title_candidate","Bonubonu","amatsu","波努波努","unique translated dialog title"
"dialog_title_candidate","Botanist","mid_camp","植物学家","unique translated dialog title"
"dialog_title_candidate","Botanist Karmen","brasilis","卡门","unique translated dialog title"
"dialog_title_candidate","Bounty Hunter","harboro1","赏金猎人","unique translated dialog title"
"dialog_title_candidate","Bourbon","ecl_in03","波旁","unique translated dialog title"
"dialog_title_candidate","Brie","mal_in02","布里","unique translated dialog title"
"dialog_title_candidate","Buddha Statue","pay_arche","回声","unique translated dialog title"
"dialog_title_candidate","Buffalo Bandit","harboro2","水牛强盗","unique translated dialog title"
"dialog_title_candidate","Bulberry Westhood","mora","布尔贝里·韦斯特胡德","unique translated dialog title"
"dialog_title_candidate","Butler for the Walthers","alberta","沃尔特家族管家","unique translated dialog title"
"dialog_title_candidate","Butler Karlex","job_gun","卡莱克斯管家","unique translated dialog title"
"dialog_title_candidate","Butterfly Merchant","sp_cor|ba_in01|rebel_in","蝴蝶商人","unique translated dialog title"
"dialog_title_candidate","Cactus Girl","rockrdg1","仙人掌少女","unique translated dialog title"
"dialog_title_candidate","Carola Firth","harboro1","卡罗拉·菲尔斯","unique translated dialog title"
"dialog_title_candidate","Cart Remodel Expert","alberta","杰森","unique translated dialog title"
"dialog_title_candidate","Cat Gamers Director","mal_in01","猫咪玩家协会会长","unique translated dialog title"
"dialog_title_candidate","Cat Trainer","malangdo","猫咪训练师","unique translated dialog title"
"dialog_title_candidate","Catalog Magician","moc_para01","目录魔法师","unique translated dialog title"
"dialog_title_candidate","Catherine Jet Johnson","xmas|1@xm_d","凯瑟琳·杰特·约翰逊","unique translated dialog title"
"dialog_title_candidate","Cave Settler","cave","洞穴居民","unique translated dialog title"
"dialog_title_candidate","Cecilia","ecl_in01","塞西莉亚","unique translated dialog title"
"dialog_title_candidate","Celine Kimi","1@xm_d","塞琳·琪米","unique translated dialog title"
"dialog_title_candidate","Central_room","slabw01","新手","unique translated dialog title"
"dialog_title_candidate","Cetsu","morocc","切苏","unique translated dialog title"
"dialog_title_candidate","Chef Nyas","mal_in02","尼亚斯厨师","unique translated dialog title"
"dialog_title_candidate","Chemical Substance Specialist Karsten","un_bk_q","化学物质专家卡斯滕","unique translated dialog title"
"dialog_title_candidate","Chemical Substance Specialist Kori","un_bk_q","化学物质专家科莉","unique translated dialog title"
"dialog_title_candidate","Cherokee","alberta_in","切罗基","unique translated dialog title"
"dialog_title_candidate","Chi Wu Ping","louyang","齐武平","unique translated dialog title"
"dialog_title_candidate","Chief of Staff","ecl_hub01|ecl_in03","申米","unique translated dialog title"
"dialog_title_candidate","ChowAnAn","gon_test","周安安","unique translated dialog title"
"dialog_title_candidate","Civilization Explorer","verus01","文明探索家","unique translated dialog title"
"dialog_title_candidate","Civilization Researcher","verus04","文明研究员","unique translated dialog title"
"dialog_title_candidate","Colonel Vito","thor_camp","维托上校","unique translated dialog title"
"dialog_title_candidate","Combat Square Staff","pvp_2vs2","战斗场地工作人员","unique translated dialog title"
"dialog_title_candidate","Commander Lebiordirr","spl_in01","莱比奥迪尔指挥官","unique translated dialog title"
"dialog_title_candidate","Commander Louis","verus04","路易斯","unique translated dialog title"
"dialog_title_candidate","Confused Thief","dali02","困惑的盗贼","unique translated dialog title"
"dialog_title_candidate","Cook","ayo_in01","辣妹玛莉","unique translated dialog title"
"dialog_title_candidate","Cotnes","1@os_b|rebel_in|ba_in01","科特内斯","unique translated dialog title"
"dialog_title_candidate","Craftsman Kaibara","que_ng","凯巴拉","unique translated dialog title"
"dialog_title_candidate","Crewman","brasilis|airplane|alberta|conch_in","船员","unique translated dialog title"
"dialog_title_candidate","Croix Knight","bat_room","克鲁瓦骑士","unique translated dialog title"
"dialog_title_candidate","Crouched Horse","rockrdg1","蹲伏马","unique translated dialog title"
"dialog_title_candidate","Cruyan","ecl_in04|eclage","克鲁扬","unique translated dialog title"
"dialog_title_candidate","Csar Alexsay III","mosk_in","迪米特里首相","unique translated dialog title"
"dialog_title_candidate","Curator","bra_in01","管理员","unique translated dialog title"
"dialog_title_candidate","Curious Coyote","rockrdg1","好奇的郊狼","unique translated dialog title"
"dialog_title_candidate","Curious Knight","dali02","好奇的骑士","unique translated dialog title"
"dialog_title_candidate","Curt Snake","rockrdg1","柯特·斯内克","unique translated dialog title"
"dialog_title_candidate","Daewoon","payon_in03","大文","unique translated dialog title"
"dialog_title_candidate","Dangerous-Looking Device","1@os_b","迪恩","unique translated dialog title"
"dialog_title_candidate","Dark Lord","que_sign01|job_prist","黑暗领主","unique translated dialog title"
"dialog_title_candidate","Daru","job_star","达鲁","unique translated dialog title"
"dialog_title_candidate","Dashia","payon","达希娅","unique translated dialog title"
"dialog_title_candidate","Daughter Luen","ecl_in04","巴鲁敏","unique translated dialog title"
"dialog_title_candidate","Decoy","mora","诱饵","unique translated dialog title"
"dialog_title_candidate","Demi Calberine","job3_gen01","德米·卡尔贝琳","unique translated dialog title"
"dialog_title_candidate","Demon","harboro2","恶魔","unique translated dialog title"
"dialog_title_candidate","Depressing Man","niflheim","格恩","unique translated dialog title"
"dialog_title_candidate","Dequ'ee","geffen","德奎","unique translated dialog title"
"dialog_title_candidate","Desalination Facility Manager","harboro1","海水淡化设施管理员","unique translated dialog title"
"dialog_title_candidate","Designer Heidam","mal_in01","设计师海达姆","unique translated dialog title"
"dialog_title_candidate","Desk","kh_vila|kh_rossi|que_avan01","保安","unique translated dialog title"
"dialog_title_candidate","Dien","1@os_b|rebel_in|sp_os|ba_in01","迪恩","unique translated dialog title"
"dialog_title_candidate","Dimensional Device","dali02|1@face|dali","阿尔蒂","unique translated dialog title"
"dialog_title_candidate","Dispatched Nun","harboro2","派遣修女","unique translated dialog title"
"dialog_title_candidate","Dispatched Sapha","dali","派遣的萨帕","unique translated dialog title"
"dialog_title_candidate","Dollshoi","pay_arche","魔法师公会成员","unique translated dialog title"
"dialog_title_candidate","Dolores","harboro1","多洛莉丝","unique translated dialog title"
"dialog_title_candidate","Donovan","harboro1","多诺万","unique translated dialog title"
"dialog_title_candidate","Doppelganger","job_prist","分身","unique translated dialog title"
"dialog_title_candidate","DR Artemia","1@lab","阿尔忒弥娅博士","unique translated dialog title"
"dialog_title_candidate","DR Federico","1@lab","费德里科博士","unique translated dialog title"
"dialog_title_candidate","DR Silvia","1@lab","西尔维娅博士","unique translated dialog title"
"dialog_title_candidate","DR Vincent","1@lab","文森特博士","unique translated dialog title"
"dialog_title_candidate","Dragon Breeder","job3_rune01","飞龙饲养员","unique translated dialog title"
"dialog_title_candidate","Drama Teacher","amatsu","加拉卡梅老师","unique translated dialog title"
"dialog_title_candidate","Du","1@uns|verus04|verus03|verus01|un_myst","玛姬","unique translated dialog title"
"dialog_title_candidate","Duffle","xmas_in","达夫尔","unique translated dialog title"
"dialog_title_candidate","Dummy","thor_camp","维托上校","unique translated dialog title"
"dialog_title_candidate","Dwarf","arug_dun01|schg_dun01","矮人","unique translated dialog title"
"dialog_title_candidate","Eclage Guard","ecl_in01|ecl_in02","艾可拉珠卫兵","unique translated dialog title"
"dialog_title_candidate","Eden's Chief","moc_para01","伊甸园主管","unique translated dialog title"
"dialog_title_candidate","Eden's Intern","moc_para01","伊甸园实习生","unique translated dialog title"
"dialog_title_candidate","Einon","ayothaya","艾农","unique translated dialog title"
"dialog_title_candidate","Eirinn","ecl_in02","艾琳","unique translated dialog title"
"dialog_title_candidate","Eisen Werner","1@slw|ba_maison","艾森·维尔纳","unique translated dialog title"
"dialog_title_candidate","Elder Jagyeom","payon"," 佳严 ","unique translated dialog title"
"dialog_title_candidate","Elder Sanyul","payon"," 山裕 ","unique translated dialog title"
"dialog_title_candidate","Elegant Door","1@adv","舒朗","unique translated dialog title"
"dialog_title_candidate","Elena Volkova","1@cor|rebel_in|sp_rudus|sp_cor|pub_cat","埃琳娜·沃尔科娃","unique translated dialog title"
"dialog_title_candidate","Elly","kh_school","保安","unique translated dialog title"
"dialog_title_candidate","Erekter","rockrdg1","埃雷克特","unique translated dialog title"
"dialog_title_candidate","Eri","rebel_in","艾莉","unique translated dialog title"
"dialog_title_candidate","Eruin","wolfvill","艾露因","unique translated dialog title"
"dialog_title_candidate","Erundek","bat_room","艾伦德克","unique translated dialog title"
"dialog_title_candidate","Eryu","malangdo","艾柳","unique translated dialog title"
"dialog_title_candidate","Est","1@os_a|1@rgsr|1@os_b|sp_cor|ba_in01","埃斯特","unique translated dialog title"
"dialog_title_candidate","Excavator","verus04","挖掘员","unique translated dialog title"
"dialog_title_candidate","Excited Raffle","mora","兴奋的拉弗莱西亚","unique translated dialog title"
"dialog_title_candidate","Exhausted Journalist","verus01","格里尔斯","unique translated dialog title"
"dialog_title_candidate","Exhausted Soldier","splendide","工人","unique translated dialog title"
"dialog_title_candidate","Exit Guide","p_track01|p_track02|itemmall","离场向导","unique translated dialog title"
"dialog_title_candidate","Expedition Guide","mid_camp|moc_fild22b|bif_fild01|dic_fild02","远征队向导","unique translated dialog title"
"dialog_title_candidate","Extra Story Patch","sec_in02","补丁","unique translated dialog title"
"dialog_title_candidate","Eznia","harboro1","艾兹妮娅","unique translated dialog title"
"dialog_title_candidate","Facilities manager Remodeling","un_bk_q","设施管理员改造","unique translated dialog title"
"dialog_title_candidate","Fallen Angel","mal_in01","堕落天使","unique translated dialog title"
"dialog_title_candidate","Farmhand","sp_cor","农夫","unique translated dialog title"
"dialog_title_candidate","Fastidious Old Man","alberta","弗兰克","unique translated dialog title"
"dialog_title_candidate","Feylin","niflheim","费林","unique translated dialog title"
"dialog_title_candidate","Fight Square Reception","pvp_y_room|pvp_n_room","PVP 竞技场接待员","unique translated dialog title"
"dialog_title_candidate","Fisher","lasa_fild02","渔夫","unique translated dialog title"
"dialog_title_candidate","Fist master","louyang","张小吉","unique translated dialog title"
"dialog_title_candidate","Food Pile","payon","哲浩","unique translated dialog title"
"dialog_title_candidate","Foreign Merchant","moc_ruins","外国商人","unique translated dialog title"
"dialog_title_candidate","Foreman","harboro1","工人","unique translated dialog title"
"dialog_title_candidate","Fortune Teller","payon_in03","利梅托拉","unique translated dialog title"
"dialog_title_candidate","Free Riding Bard","1@air1|1@air2","搭便车的吟游诗人","unique translated dialog title"
"dialog_title_candidate","Friar","payon","拉妮娅","unique translated dialog title"
"dialog_title_candidate","Friar Patrick","monk_test","帕特里克修士","unique translated dialog title"
"dialog_title_candidate","Friendly Looking Lady","lou_in01","洪妙","unique translated dialog title"
"dialog_title_candidate","Friendly Poring","new_1-3","波利","unique translated dialog title"
"dialog_title_candidate","Fruit","verus01","弗鲁特","unique translated dialog title"
"dialog_title_candidate","Galfos","mid_camp","加尔福斯","unique translated dialog title"
"dialog_title_candidate","Gallina","mosk_in","加莉娜","unique translated dialog title"
"dialog_title_candidate","Galtun","manuk","加尔顿","unique translated dialog title"
"dialog_title_candidate","Gambling Spirit","1@air1|1@air2","赌博之灵","unique translated dialog title"
"dialog_title_candidate","Game Guide","p_track01|p_track02","游戏向导","unique translated dialog title"
"dialog_title_candidate","Garrison","que_ng","加里森","unique translated dialog title"
"dialog_title_candidate","Gelka","1@jtb","格尔卡","unique translated dialog title"
"dialog_title_candidate","Gemcutter","pay_d03_i","宝石切割师","unique translated dialog title"
"dialog_title_candidate","General Guillaume","bat_room","吉约姆将军","unique translated dialog title"
"dialog_title_candidate","Geologist Mali","mal_in02","地质学家玛丽","unique translated dialog title"
"dialog_title_candidate","Gerhalt","2@gl_k","格哈特","unique translated dialog title"
"dialog_title_candidate","Ghost Diwata","ma_in01","迪瓦塔","unique translated dialog title"
"dialog_title_candidate","Ghostring","new_1-3","幽灵波利","unique translated dialog title"
"dialog_title_candidate","Gift Supplies Clerk","pay_arche","礼品用品职员","unique translated dialog title"
"dialog_title_candidate","Girocker","pay_d03_i","吉罗克","unique translated dialog title"
"dialog_title_candidate","Gloomy Wizard","gef_tower","劳雷尔","unique translated dialog title"
"dialog_title_candidate","Godly Item Quests","que_god01","紧急情况下使用","unique translated dialog title"
"dialog_title_candidate","Golbal var","sec_in02","检查","unique translated dialog title"
"dialog_title_candidate","Good Capre Budidai","ma_fild02","布达代","unique translated dialog title"
"dialog_title_candidate","Goodman","geffen","古德曼","unique translated dialog title"
"dialog_title_candidate","Gooho Ahn","payon","安九浩","unique translated dialog title"
"dialog_title_candidate","Grace Operator","sp_cor","恩典操作员","unique translated dialog title"
"dialog_title_candidate","Grandpa Turtle","alberta_in","龟爷爷","unique translated dialog title"
"dialog_title_candidate","Grapes","sp_cor","葡萄","unique translated dialog title"
"dialog_title_candidate","Grave of Baphomet","monk_test","帕特里克修士","unique translated dialog title"
"dialog_title_candidate","Green Beans","sp_cor","四季豆","unique translated dialog title"
"dialog_title_candidate","Grout'he Tuccok","payon","格鲁特赫","unique translated dialog title"
"dialog_title_candidate","Grumbling Soldier","splendide","抱怨的士兵","unique translated dialog title"
"dialog_title_candidate","Grunburti","gld_dun01|gld_dun02|gld_dun03|gld_dun04|que_god01","矮人格伦布尔蒂","unique translated dialog title"
"dialog_title_candidate","Guard Dog Vantai","ma_fild01","万泰","unique translated dialog title"
"dialog_title_candidate","Guardian of Artifacts","mora","神器守护者","unique translated dialog title"
"dialog_title_candidate","Guardian of Power","mora","力量守护者","unique translated dialog title"
"dialog_title_candidate","Guarding Monk","prt_monk","托霍布","unique translated dialog title"
"dialog_title_candidate","Guarnien","alberta_in","瓜尔尼恩","unique translated dialog title"
"dialog_title_candidate","Guild Battle Guide","pvp_y_room","公会战向导","unique translated dialog title"
"dialog_title_candidate","Guillaume Knight","bat_room","纪尧姆骑士","unique translated dialog title"
"dialog_title_candidate","Gunpowder Expert","lou_in01","昊辰流","unique translated dialog title"
"dialog_title_candidate","Gunslinger Posh","harboro1","枪手波什","unique translated dialog title"
"dialog_title_candidate","Gurgur","mora","咕咕","unique translated dialog title"
"dialog_title_candidate","Haijara Greg","in_rogue","海嘉拉·格雷格","unique translated dialog title"
"dialog_title_candidate","Hansenne","mid_camp|mid_campin","汉森","unique translated dialog title"
"dialog_title_candidate","Hashokii","xmas","哈肖基","unique translated dialog title"
"dialog_title_candidate","Hat Merchant","xmas_in","疯狂帽匠","unique translated dialog title"
"dialog_title_candidate","Head Chef","conch_in","主厨","unique translated dialog title"
"dialog_title_candidate","Healer Fama","1@tnm1","法玛治疗师","unique translated dialog title"
"dialog_title_candidate","Healer Miyo","verus04","美代","unique translated dialog title"
"dialog_title_candidate","Heinrich","1@gl_k|2@gl_k","海因里希","unique translated dialog title"
"dialog_title_candidate","Helper Ben","arena_room","本","unique translated dialog title"
"dialog_title_candidate","Helper Epin","arena_room","卢尼克","unique translated dialog title"
"dialog_title_candidate","Helper Lonik","arena_room","竞技场管理员","unique translated dialog title"
"dialog_title_candidate","Helper Lunic","arena_room","洛尼克","unique translated dialog title"
"dialog_title_candidate","Helper Vicious","arena_room","艾宾","unique translated dialog title"
"dialog_title_candidate","Herb Merchant Plafina","ecl_in01","药草商人","unique translated dialog title"
"dialog_title_candidate","Hermit","lou_in02","孙茂","unique translated dialog title"
"dialog_title_candidate","Hibba Agip","mid_campin","希巴·阿吉普","unique translated dialog title"
"dialog_title_candidate","High Laphine","spl_in01","格勒努耶","unique translated dialog title"
"dialog_title_candidate","High Priest","thor_camp|valkyrie|1@pop2|2@nyr","大主教","unique translated dialog title"
"dialog_title_candidate","High Wizard","valkyrie","高阶巫师","unique translated dialog title"
"dialog_title_candidate","Himelmez","1@gl_k|2@gl_k","希梅尔梅兹","unique translated dialog title"
"dialog_title_candidate","Historian Shep","dali02","谢普","unique translated dialog title"
"dialog_title_candidate","Hollgrehenn junior","in_rogue","霍尔格伦·二世","unique translated dialog title"
"dialog_title_candidate","Hue","mid_camp|mid_campin","休","unique translated dialog title"
"dialog_title_candidate","Hunter","payon_in03|payon_in02","猎人公会长","unique translated dialog title"
"dialog_title_candidate","Hyunmoo","job_monk|prt_monk","玄武","unique translated dialog title"
"dialog_title_candidate","Ice-Cream Maker","brasilis","冰淇淋商人","unique translated dialog title"
"dialog_title_candidate","Impatient Man","tur_d03_i","焦躁的男人","unique translated dialog title"
"dialog_title_candidate","Impressed Raffle","mora","印象深刻的拉弗莱西亚","unique translated dialog title"
"dialog_title_candidate","Imril","1@oz|wolfvill","玛拉姆","unique translated dialog title"
"dialog_title_candidate","Indifferent Worker","mora","新手工人","unique translated dialog title"
"dialog_title_candidate","Ingrid","que_ng","英格丽德","unique translated dialog title"
"dialog_title_candidate","Initializing Mora Sanjo","sec_in02","初始化","unique translated dialog title"
"dialog_title_candidate","Instructor","mid_camp","卢根教官","unique translated dialog title"
"dialog_title_candidate","Instructor Boya","moc_para01","博雅","unique translated dialog title"
"dialog_title_candidate","Instructor Romeo","um_fild01","罗密欧","unique translated dialog title"
"dialog_title_candidate","Instructor Rugen","moro_vol","鲁根教官","unique translated dialog title"
"dialog_title_candidate","Instructor Ur","moc_para01","乌尔教官","unique translated dialog title"
"dialog_title_candidate","Interdimensional Device","dali|dali02|ecl_in01","讨厌的皇家卫兵","unique translated dialog title"
"dialog_title_candidate","Intoxicated Patient","moro_vol","中毒的病人","unique translated dialog title"
"dialog_title_candidate","Investment Cat Helper","mal_in02","投资ment Cat Helper","unique translated dialog title"
"dialog_title_candidate","Ivan Sidorenko","job_gun","伊万·西多连科","unique translated dialog title"
"dialog_title_candidate","Ivoka Skudi","har_in01|rockrdg1","伊沃卡·斯库迪","unique translated dialog title"
"dialog_title_candidate","Jamie","harboro1","杰米","unique translated dialog title"
"dialog_title_candidate","Jarute HesLanta","dic_in01","赫斯兰塔","unique translated dialog title"
"dialog_title_candidate","Jay Greg","in_rogue","杰伊·格雷格","unique translated dialog title"
"dialog_title_candidate","Jiang Rong","lou_in02","江荣","unique translated dialog title"
"dialog_title_candidate","Joe","harboro1","乔","unique translated dialog title"
"dialog_title_candidate","John","amatsu|dic_dun01","约翰","unique translated dialog title"
"dialog_title_candidate","Johnny James","har_in01|rockrdg1","伊沃卡·斯库迪","unique translated dialog title"
"dialog_title_candidate","Joyce Leslie","harboro1","乔伊丝·莱斯利","unique translated dialog title"
"dialog_title_candidate","Jyaburo","amatsu","吉亚布罗","unique translated dialog title"
"dialog_title_candidate","Kaci","airplane","卡西","unique translated dialog title"
"dialog_title_candidate","Kafra","morocc","卡普拉员工","unique translated dialog title"
"dialog_title_candidate","Kafra Guide Trainer","iz_ac01|iz_ac01_a|iz_ac01_b|iz_ac01_c|iz_ac01_d|iz_ac02|iz_ac02_a|iz_ac02_b|iz_ac02_c|iz_ac02_d","卡普拉指导员","unique translated dialog title"
"dialog_title_candidate","Karam Pucci","alberta|harboro1","卡拉姆·普奇","unique translated dialog title"
"dialog_title_candidate","Kaya","sp_cor|pub_cat","凯娅","unique translated dialog title"
"dialog_title_candidate","Keeper of Secrets","mora","造物师","unique translated dialog title"
"dialog_title_candidate","Kena","iz_d05_i","凯娜","unique translated dialog title"
"dialog_title_candidate","Kid's Mom","harboro2","妈妈","unique translated dialog title"
"dialog_title_candidate","Kiehl","kh_kiehl02","基尔","unique translated dialog title"
"dialog_title_candidate","Kiel Hyre","kh_mansion","基尔·海勒","unique translated dialog title"
"dialog_title_candidate","Killer","in_rogue","海嘉拉·格雷格","unique translated dialog title"
"dialog_title_candidate","King","1@spa|gef_d01_i","国王","unique translated dialog title"
"dialog_title_candidate","King's Escort","1@air1","国王护卫","unique translated dialog title"
"dialog_title_candidate","Knights Boss","mora","邻里骑士团老大","unique translated dialog title"
"dialog_title_candidate","Knights Chief","mora","邻里骑士团首领","unique translated dialog title"
"dialog_title_candidate","Knights Head","mora","邻里骑士团团长","unique translated dialog title"
"dialog_title_candidate","Koon","mal_in02","库恩","unique translated dialog title"
"dialog_title_candidate","Koshei GlobalVar","mosk_dun01","科谢全局变量","unique translated dialog title"
"dialog_title_candidate","Krotzel","verus02","克罗采尔","unique translated dialog title"
"dialog_title_candidate","Kunai Merchant Kashin","que_ng","卡辛","unique translated dialog title"
"dialog_title_candidate","Kunlun Guide","gonryun","何远哲","unique translated dialog title"
"dialog_title_candidate","Kuuga Gai","que_ng|job_ko","空牙凯","unique translated dialog title"
"dialog_title_candidate","KVM Logistic Officer","bat_room","后勤人员","unique translated dialog title"
"dialog_title_candidate","KVM Officer","bat_c01|bat_c02|bat_c03","KVM军官","unique translated dialog title"
"dialog_title_candidate","Lagi","1@jtb","拉吉","unique translated dialog title"
"dialog_title_candidate","Lame Journalist","verus01","新手记者","unique translated dialog title"
"dialog_title_candidate","Larama","wolfvill","拉拉玛","unique translated dialog title"
"dialog_title_candidate","Leblo","geffen","勒比洛","unique translated dialog title"
"dialog_title_candidate","Lenient Aunt","xmas_in","塔琴泽","unique translated dialog title"
"dialog_title_candidate","Letter","alberta_in","探险者的信","unique translated dialog title"
"dialog_title_candidate","Lister","iz_d04_i","利斯特","unique translated dialog title"
"dialog_title_candidate","Liu Jia Lim","lou_in02","刘家林","unique translated dialog title"
"dialog_title_candidate","Local","malaya","当地人","unique translated dialog title"
"dialog_title_candidate","Loki","1@air1|1@air2|1@tnm3|1@ecl|1@mist|1@eom|moro_vol","洛基","unique translated dialog title"
"dialog_title_candidate","Lonely-looking Woman","geffen_in","布伦达·霍华德","unique translated dialog title"
"dialog_title_candidate","Lope","bif_fild01","罗佩","unique translated dialog title"
"dialog_title_candidate","Loretta","harboro1","洛蕾塔","unique translated dialog title"
"dialog_title_candidate","Louitz","alberta_in","商人路易兹","unique translated dialog title"
"dialog_title_candidate","Lowen Ellenen","que_god02","洛温·艾伦恩","unique translated dialog title"
"dialog_title_candidate","Lucas Richie","harboro1","卢卡斯·里奇","unique translated dialog title"
"dialog_title_candidate","Lucky","rebel_in","拉奇","unique translated dialog title"
"dialog_title_candidate","Luoyang Guide","louyang","代表","unique translated dialog title"
"dialog_title_candidate","Lurid Royal Guard","1@spa","蒂亚拉公主","unique translated dialog title"
"dialog_title_candidate","Lusa","iz_ac02|iz_ac02_a|iz_ac02_b|iz_ac02_c|iz_ac02_d","露莎","unique translated dialog title"
"dialog_title_candidate","Lusalka","mosk_fild02","露莎卡","unique translated dialog title"
"dialog_title_candidate","Machinist Lloyd","verus03","劳埃德","unique translated dialog title"
"dialog_title_candidate","Mage Chuck","iz_ac02|iz_ac02_a|iz_ac02_b|iz_ac02_c|iz_ac02_d","法师查克","unique translated dialog title"
"dialog_title_candidate","Magic Scholar Artie","dali02","阿尔蒂","unique translated dialog title"
"dialog_title_candidate","Malangdo Guide","malangdo","马兰多指南员","unique translated dialog title"
"dialog_title_candidate","Malaya Immigrant","ma_fild02|ma_fild01","民间故事概要","unique translated dialog title"
"dialog_title_candidate","Manager","que_god01|mid_camp|job_hunte|ba_maison|harboro1|s_atelier","格雷厄姆","unique translated dialog title"
"dialog_title_candidate","Manager Michelle","ver_eju","米歇尔管理员","unique translated dialog title"
"dialog_title_candidate","Manuk Engineer","man_in01","马努克工程师","unique translated dialog title"
"dialog_title_candidate","Manuk Galtun","manuk","斯特罗姆","unique translated dialog title"
"dialog_title_candidate","Map Expert","moc_para01","地图专家","unique translated dialog title"
"dialog_title_candidate","Marian","mid_camp","玛丽安","unique translated dialog title"
"dialog_title_candidate","Maries","ma_fild01","玛丽丝","unique translated dialog title"
"dialog_title_candidate","Marozka","mosk_fild02","玛罗兹卡","unique translated dialog title"
"dialog_title_candidate","Marry Jay","gef_tower|1@md_gef","玛丽·杰伊","unique translated dialog title"
"dialog_title_candidate","Marx Hansen","payon_in03","商人马克斯·汉森","unique translated dialog title"
"dialog_title_candidate","Master Assist","in_moc_16","助理盖尔·马鲁比茨","unique translated dialog title"
"dialog_title_candidate","Master Kavaruk","payon_in02","卡瓦鲁克大师","unique translated dialog title"
"dialog_title_candidate","Master of Hunting","malaya","狩猎大师","unique translated dialog title"
"dialog_title_candidate","Master of Relics","mora","遗物强化师","unique translated dialog title"
"dialog_title_candidate","Master Tailor","mora","裁缝大师","unique translated dialog title"
"dialog_title_candidate","MasterSmith","valkyrie","神工匠","unique translated dialog title"
"dialog_title_candidate","Max","s_atelier","马克斯","unique translated dialog title"
"dialog_title_candidate","Mechanic","man_in01","机械师","unique translated dialog title"
"dialog_title_candidate","Mechanician Al","un_bk_q","机械师阿尔","unique translated dialog title"
"dialog_title_candidate","Mechanician Mugeosi","un_bk_q","机械师穆高西","unique translated dialog title"
"dialog_title_candidate","Medal Distributor","p_track01|p_track02","奖牌兑换员","unique translated dialog title"
"dialog_title_candidate","Melody-Jack","1@jtb|moc_para01","旋律·杰克","unique translated dialog title"
"dialog_title_candidate","Merchant Prince","dali","凯内特王子","unique translated dialog title"
"dialog_title_candidate","Mergician","itemmall","合并术士","unique translated dialog title"
"dialog_title_candidate","Middle-Ranked Laphine","splendide|spl_in02","中阶拉斐恩","unique translated dialog title"
"dialog_title_candidate","Midnight","harboro2","午夜","unique translated dialog title"
"dialog_title_candidate","Mimi","amatsu|xmas","米米","unique translated dialog title"
"dialog_title_candidate","Mingmin","1@jtb|moc_para01","明敏","unique translated dialog title"
"dialog_title_candidate","Minister Ahat","dic_in01","阿哈特","unique translated dialog title"
"dialog_title_candidate","Minstrel","valkyrie|malangdo","吟游诗人","unique translated dialog title"
"dialog_title_candidate","Missing Person's Mother","malaya","失踪者之母","unique translated dialog title"
"dialog_title_candidate","Missing Person's Son","malaya","失踪者之子","unique translated dialog title"
"dialog_title_candidate","Missing, the Cleaner","mal_in01|1@pump|2@pump","清洁工米辛","unique translated dialog title"
"dialog_title_candidate","Mission [41 - 55]","moc_para01","任务公告板","unique translated dialog title"
"dialog_title_candidate","Mom's Kid","harboro2","小孩","unique translated dialog title"
"dialog_title_candidate","Monk","monk_test|dewata","武僧","unique translated dialog title"
"dialog_title_candidate","Monk Spirit","job_soul","武僧灵魂","unique translated dialog title"
"dialog_title_candidate","Monsterous Man","cave","齐德","unique translated dialog title"
"dialog_title_candidate","Moohyun","payon","武贤","unique translated dialog title"
"dialog_title_candidate","Moonho Ahn","payon","安文虎","unique translated dialog title"
"dialog_title_candidate","Morgenstein","geffen_in","化学家莫根斯坦","unique translated dialog title"
"dialog_title_candidate","Morocc Soldier","dali","梦罗克士兵","unique translated dialog title"
"dialog_title_candidate","Morroc","1@eom","梦罗克","unique translated dialog title"
"dialog_title_candidate","Moscovia Guide","moscovia","莫斯科比亚向导","unique translated dialog title"
"dialog_title_candidate","Moved Raffle","mora","搬家的拉弗莱西亚","unique translated dialog title"
"dialog_title_candidate","Mr. Doppel","poring_w02","多佩尔先生","unique translated dialog title"
"dialog_title_candidate","Mr. Ibanoff","moscovia|mosk_ship","伊万诺夫先生","unique translated dialog title"
"dialog_title_candidate","Mr. McPhy","rockrdg1|harboro1","麦克菲先生","unique translated dialog title"
"dialog_title_candidate","Mr. President","yuno_pre","卡尔","unique translated dialog title"
"dialog_title_candidate","Mr. Smith","in_rogue","史密斯先生","unique translated dialog title"
"dialog_title_candidate","Mrs. McPhy","harboro1","麦克菲夫人","unique translated dialog title"
"dialog_title_candidate","Mungmung","mora","梦梦","unique translated dialog title"
"dialog_title_candidate","Muscular Woman","louyang","芝晴丽","unique translated dialog title"
"dialog_title_candidate","Muyeon","pay_arche|payon_in03"," 沐妍 ","unique translated dialog title"
"dialog_title_candidate","Mysterious Cookie Shop","malangdo","神秘曲奇商店","unique translated dialog title"
"dialog_title_candidate","Namis","malangdo","纳米斯","unique translated dialog title"
"dialog_title_candidate","Necko","alberta","尼科","unique translated dialog title"
"dialog_title_candidate","Nemi","rebel_in","内米","unique translated dialog title"
"dialog_title_candidate","Nemnem","mora","内姆内姆","unique translated dialog title"
"dialog_title_candidate","New Excavator","verus04","新挖掘员","unique translated dialog title"
"dialog_title_candidate","New Mage Manager","geffen","玛娜","unique translated dialog title"
"dialog_title_candidate","Nidhogg","1@eom","尼德霍格","unique translated dialog title"
"dialog_title_candidate","Niflheim Guide","niflheim","尼弗海姆向导","unique translated dialog title"
"dialog_title_candidate","Ninja Guide","iz_ac02|iz_ac02_a|iz_ac02_b|iz_ac02_c|iz_ac02_d","忍者向导","unique translated dialog title"
"dialog_title_candidate","Novice Worker","mora","新手工人","unique translated dialog title"
"dialog_title_candidate","Nurse","ma_dun01|un_bk_q|malaya","护士拉斯","unique translated dialog title"
"dialog_title_candidate","Office Assistant Neede","moc_para01","尼迪","unique translated dialog title"
"dialog_title_candidate","Officer Heim","1@tnm1","海姆军官","unique translated dialog title"
"dialog_title_candidate","Old Adventurer","moc_para01","老冒险者","unique translated dialog title"
"dialog_title_candidate","Old Man in Dilemma","ma_fild01","陷入困境的老人","unique translated dialog title"
"dialog_title_candidate","Old Scholar Tyus","morocc_in","奇利亚斯·泰尤斯爵士","unique translated dialog title"
"dialog_title_candidate","Operation Officer","1@os_a|sp_cor","行动军官","unique translated dialog title"
"dialog_title_candidate","Orc Warrior","in_orcs01","兽人战士","unique translated dialog title"
"dialog_title_candidate","Ore Tester","geffen_in","矿石测试员索蒂","unique translated dialog title"
"dialog_title_candidate","Paa","mal_in01","帕阿","unique translated dialog title"
"dialog_title_candidate","Paladin","valkyrie","圣骑士","unique translated dialog title"
"dialog_title_candidate","Papyrus","dic_in01","帕皮鲁斯","unique translated dialog title"
"dialog_title_candidate","Pasto","umbala","帕斯托","unique translated dialog title"
"dialog_title_candidate","Patient","moro_vol|un_bk_q","病人","unique translated dialog title"
"dialog_title_candidate","Pauchon","splendide","波雄","unique translated dialog title"
"dialog_title_candidate","Pedro the Sailor","malaya","水手佩德罗","unique translated dialog title"
"dialog_title_candidate","Pendant Crafter","mora","吊坠工匠","unique translated dialog title"
"dialog_title_candidate","Peter S. Alberto","job_prist","彼得神父","unique translated dialog title"
"dialog_title_candidate","Petrified Sapha","nyd_dun01","斯诺伦","unique translated dialog title"
"dialog_title_candidate","Pharmacist","alberta_in","老药剂师","unique translated dialog title"
"dialog_title_candidate","Philopontes","sp_cor","特斯","unique translated dialog title"
"dialog_title_candidate","Photo Journalist","verus02","桑妮·金","unique translated dialog title"
"dialog_title_candidate","Picky Crew","mal_in02","挑剔的家伙","unique translated dialog title"
"dialog_title_candidate","Picture Manager","sec_in02","竞技场管理员","unique translated dialog title"
"dialog_title_candidate","Pierrot","verus04","小丑","unique translated dialog title"
"dialog_title_candidate","Pierrot Pier","arug_que01|schg_que01","皮埃罗·皮埃尔","unique translated dialog title"
"dialog_title_candidate","Piled Rags","morocc","塔玛林","unique translated dialog title"
"dialog_title_candidate","Piom","manuk","皮奥姆","unique translated dialog title"
"dialog_title_candidate","Point Exchange Helper","turbo_room","物品兑换助手","unique translated dialog title"
"dialog_title_candidate","Point Manager","turbo_room","加速赛道点数管理员","unique translated dialog title"
"dialog_title_candidate","Poison King","lou_in02","纳加什·阿瑟斯","unique translated dialog title"
"dialog_title_candidate","Police Chief Kesler","verus04","凯斯勒警长","unique translated dialog title"
"dialog_title_candidate","Police Officer Piffs","verus04","警官皮普斯","unique translated dialog title"
"dialog_title_candidate","Police Officer Salgran","verus03","萨尔格兰警员","unique translated dialog title"
"dialog_title_candidate","Ponka-Hontas","moc_ruins","魔法师公会成员","unique translated dialog title"
"dialog_title_candidate","Poor-looking Merchant","alberta","马亨","unique translated dialog title"
"dialog_title_candidate","Poppy","ecl_in04","波比","unique translated dialog title"
"dialog_title_candidate","Poring Fortune Teller","payon_in03","乔卡尔","unique translated dialog title"
"dialog_title_candidate","Port Guard","malaya","港口卫兵","unique translated dialog title"
"dialog_title_candidate","Port Malaya Guide","malaya","马来港向导","unique translated dialog title"
"dialog_title_candidate","Powerful-looking guy","louyang","阿基拉","unique translated dialog title"
"dialog_title_candidate","Powerful-Looking Woman","ayothaya","舒达","unique translated dialog title"
"dialog_title_candidate","Poze","xmas","波泽","unique translated dialog title"
"dialog_title_candidate","President of Meeting","mal_in02","会议主席","unique translated dialog title"
"dialog_title_candidate","Priest from Rachel","job3_guil03","拉赫祭司","unique translated dialog title"
"dialog_title_candidate","Prime Minister Dmitree","mosk_in","迪米特里首相","unique translated dialog title"
"dialog_title_candidate","Prince Croix","bat_room","克鲁瓦王子","unique translated dialog title"
"dialog_title_candidate","Princess Tiara","1@spa","蒂亚拉公主的声音","unique translated dialog title"
"dialog_title_candidate","Prison Guard","ecl_in02","监狱守卫","unique translated dialog title"
"dialog_title_candidate","Prison Ward","morocc","杰西","unique translated dialog title"
"dialog_title_candidate","Probationary researcher","1@lab","见习研究员","unique translated dialog title"
"dialog_title_candidate","Proctor","monk_test","考官","unique translated dialog title"
"dialog_title_candidate","Professor Bernhard","dali02","伯恩哈德教授","unique translated dialog title"
"dialog_title_candidate","Propose Girl","amatsu","胡太郎诗织","unique translated dialog title"
"dialog_title_candidate","Publisher","amatsu","出版商","unique translated dialog title"
"dialog_title_candidate","Pumpkins","sp_cor","南瓜","unique translated dialog title"
"dialog_title_candidate","Purchasing Team","alberta_in","休先生","unique translated dialog title"
"dialog_title_candidate","Purser","conch_in","乘务长","unique translated dialog title"
"dialog_title_candidate","Pursuit Party Leader","mid_campin","紫锥花","unique translated dialog title"
"dialog_title_candidate","Queen of the Dead","que_sign01","地狱女士","unique translated dialog title"
"dialog_title_candidate","Quiver Maker","mora","箭袋制作师","unique translated dialog title"
"dialog_title_candidate","Radimir","gef_d01_i","拉迪米尔","unique translated dialog title"
"dialog_title_candidate","Ranger Master","job3_rang01","游侠大师永不再来","unique translated dialog title"
"dialog_title_candidate","Rangrang","mora","朗朗","unique translated dialog title"
"dialog_title_candidate","Reading Raffle","mora","阅读中的拉弗莱西亚","unique translated dialog title"
"dialog_title_candidate","Receptionist Nara","verus04","纳拉","unique translated dialog title"
"dialog_title_candidate","Red Leopard Joe","job_ko","红豹乔","unique translated dialog title"
"dialog_title_candidate","Refined Steward","alberta_in","玛哈特拉","unique translated dialog title"
"dialog_title_candidate","Registration Staff","pvp_room","PvP 战斗场地登记员","unique translated dialog title"
"dialog_title_candidate","Reidin Corse","pay_arche","莱丁·科西","unique translated dialog title"
"dialog_title_candidate","Relaxing Raffle","mora","放松的拉弗莱西亚","unique translated dialog title"
"dialog_title_candidate","Relieved Raffle","mora","松了口气的拉弗莱西亚","unique translated dialog title"
"dialog_title_candidate","Request Board","com_d02_i|payon","紧急柴薪请求","unique translated dialog title"
"dialog_title_candidate","Research Official","mid_campin","联合研究官员","unique translated dialog title"
"dialog_title_candidate","Reward Manager","sec_in02","竞技场管理员","unique translated dialog title"
"dialog_title_candidate","Rican","mal_in01","里坎","unique translated dialog title"
"dialog_title_candidate","Ridsh","1@os_b|rebel_in|ba_in01","里德什","unique translated dialog title"
"dialog_title_candidate","RimiGX","s_atelier","莉米","unique translated dialog title"
"dialog_title_candidate","Rodel the Guard","malaya","守卫罗德尔","unique translated dialog title"
"dialog_title_candidate","Rogue Investigator","in_rogue","调查员","unique translated dialog title"
"dialog_title_candidate","Roland Burts","harboro1","罗兰·伯茨","unique translated dialog title"
"dialog_title_candidate","Roving Merchant","malangdo","游荡商人","unique translated dialog title"
"dialog_title_candidate","Runane","moc_para01|1@jtb","露安娜","unique translated dialog title"
"dialog_title_candidate","Rune Knight Captain","job3_rune01","提格里斯船长","unique translated dialog title"
"dialog_title_candidate","Rune Knight Velpino","job3_rune01|job3_rune02","符文骑士维尔皮诺","unique translated dialog title"
"dialog_title_candidate","Rust Blackhand","prt_monk","鲁斯特·黑手","unique translated dialog title"
"dialog_title_candidate","Ryosen","mid_camp|mid_campin","良仙","unique translated dialog title"
"dialog_title_candidate","Sage Spirit","job_soul","贤者灵魂","unique translated dialog title"
"dialog_title_candidate","Sage Welshyun","geffen","威尔什云","unique translated dialog title"
"dialog_title_candidate","Sahedi","thor_camp","萨赫迪","unique translated dialog title"
"dialog_title_candidate","Salim Hamid","iz_ac02|iz_ac02_a|iz_ac02_b|iz_ac02_c|iz_ac02_d","萨利姆·哈米德","unique translated dialog title"
"dialog_title_candidate","Scary Crew","mal_in02","可怕的家伙","unique translated dialog title"
"dialog_title_candidate","Scottfold","mal_in02","斯科特福德","unique translated dialog title"
"dialog_title_candidate","Sea Captain","amatsu|alberta","沃尔特·莫尔斯","unique translated dialog title"
"dialog_title_candidate","Secretary Lime Evenor","moc_para01","莱姆·伊维诺","unique translated dialog title"
"dialog_title_candidate","Security Officer","spl_in01|jawaii_in","治安官","unique translated dialog title"
"dialog_title_candidate","Seihyu","ba_maison","西休","unique translated dialog title"
"dialog_title_candidate","Senior researcher","1@lab","高级研究员","unique translated dialog title"
"dialog_title_candidate","Sensei Moohae","monk_in","师范穆海","unique translated dialog title"
"dialog_title_candidate","Ser","mal_in01","塞尔","unique translated dialog title"
"dialog_title_candidate","Shaman","ama_in01|ayo_in01|brasilis|alberta_in","萨满","unique translated dialog title"
"dialog_title_candidate","Shawn McCurdy","harboro1|rockrdg2|rockmi2","肖恩·麦卡迪","unique translated dialog title"
"dialog_title_candidate","Shelby","mid_camp","谢尔比","unique translated dialog title"
"dialog_title_candidate","Shrine","ba_in01|ba_bath","神殿","unique translated dialog title"
"dialog_title_candidate","Sighing Soldier","splendide","叹气的士兵","unique translated dialog title"
"dialog_title_candidate","Silent Mind","lhz_dun_n|lhz_d_n2","寂静之心","unique translated dialog title"
"dialog_title_candidate","Sleepy meow","lasa_fild02","困倦喵","unique translated dialog title"
"dialog_title_candidate","Slot Expert Nattuer","ecl_in01","插槽专家","unique translated dialog title"
"dialog_title_candidate","Smell Maniac","harboro2","恋味狂","unique translated dialog title"
"dialog_title_candidate","Snowman","xmas","雪雪","unique translated dialog title"
"dialog_title_candidate","Soft Feather","rockrdg1","软羽","unique translated dialog title"
"dialog_title_candidate","Sorcerer","mid_camp|lhz_cube","布丁","unique translated dialog title"
"dialog_title_candidate","Sorrowful Soul's Mind","lhz_dun_n|lhz_d_n2","悲伤灵魂的心念","unique translated dialog title"
"dialog_title_candidate","Sous Chef","conch_in","副厨师长","unique translated dialog title"
"dialog_title_candidate","Spledide Soldier","dali","斯普兰迪士兵","unique translated dialog title"
"dialog_title_candidate","Splendide Soldier","splendide","斯普兰迪德士兵","unique translated dialog title"
"dialog_title_candidate","Sponiac","geffen","斯波尼亚克","unique translated dialog title"
"dialog_title_candidate","Sratos","grademk","斯拉托斯","unique translated dialog title"
"dialog_title_candidate","Stalker","valkyrie","神行太保","unique translated dialog title"
"dialog_title_candidate","Steaming Hole","oz_dun01","伊姆里尔","unique translated dialog title"
"dialog_title_candidate","Steep Road","oz_dun01","伊姆里尔","unique translated dialog title"
"dialog_title_candidate","Stello","conch_in","斯特洛","unique translated dialog title"
"dialog_title_candidate","Stew","malangdo","斯图","unique translated dialog title"
"dialog_title_candidate","Stinky Merchant","malangdo","臭臭商人","unique translated dialog title"
"dialog_title_candidate","Storage Keeper","lou_in02","江夏友","unique translated dialog title"
"dialog_title_candidate","Strange Cat","malangdo","游戏管理员猫","unique translated dialog title"
"dialog_title_candidate","Stylish Merchant","alberta","齐克","unique translated dialog title"
"dialog_title_candidate","Suribell","paramk","苏莉贝尔","unique translated dialog title"
"dialog_title_candidate","Susceptible Soldier","tur_d03_i","易受影响的士兵","unique translated dialog title"
"dialog_title_candidate","Suspicious Cat","moc_prydb1|moc_prydn1","可疑的猫","unique translated dialog title"
"dialog_title_candidate","Sweep","ba_in01|ba_bath","清扫","unique translated dialog title"
"dialog_title_candidate","Sweet Devi","poring_w01","恶魔波利","unique translated dialog title"
"dialog_title_candidate","Swordman Assistant","iz_ac02|iz_ac02_a|iz_ac02_b|iz_ac02_c|iz_ac02_d","助理训练师尼尔斯","unique translated dialog title"
"dialog_title_candidate","Swordman Trainer","iz_ac02|iz_ac02_a|iz_ac02_b|iz_ac02_c|iz_ac02_d","训练师阿德里克","unique translated dialog title"
"dialog_title_candidate","Tagliatelle","rockrdg1","塔利亚泰勒","unique translated dialog title"
"dialog_title_candidate","Taho","ma_scene01|1@ma_b","塔霍","unique translated dialog title"
"dialog_title_candidate","Teleporter","bat_room|arena_room","传送员","unique translated dialog title"
"dialog_title_candidate","Temporary Dimension-mov","verus01","临时次元移动员","unique translated dialog title"
"dialog_title_candidate","Test Helper","job_wiz|job_sage","测试助手","unique translated dialog title"
"dialog_title_candidate","Test Supervisor","job3_rang02","测试监督员·弗莉兹","unique translated dialog title"
"dialog_title_candidate","Tetsu","que_ng","铁","unique translated dialog title"
"dialog_title_candidate","Thanks Ticket Machine","malangdo","贩卖机公告","unique translated dialog title"
"dialog_title_candidate","The Blacksmith","moscovia","铁匠","unique translated dialog title"
"dialog_title_candidate","Thief Guide","moc_prydb1","盗贼公会成员","unique translated dialog title"
"dialog_title_candidate","Thin-Faced Bard","morocc","维特尔","unique translated dialog title"
"dialog_title_candidate","Thomas","in_moc_16","托马斯","unique translated dialog title"
"dialog_title_candidate","Thor Volcano Soldier","thor_camp","士兵","unique translated dialog title"
"dialog_title_candidate","Thug","moc_ruins","暴徒","unique translated dialog title"
"dialog_title_candidate","Ticket Helper","p_track01|p_track02","赛票助手","unique translated dialog title"
"dialog_title_candidate","Tikbalang Expert","ma_fild01","玩偶专家","unique translated dialog title"
"dialog_title_candidate","Tired looking dead","niflheim","疲惫的亡者","unique translated dialog title"
"dialog_title_candidate","Titika","s_atelier","蒂蒂卡","unique translated dialog title"
"dialog_title_candidate","Tomoon","monk_test","图门","unique translated dialog title"
"dialog_title_candidate","Tool Shop Master","lou_in02","王翠仪","unique translated dialog title"
"dialog_title_candidate","Totoy","ma_in01","托托伊","unique translated dialog title"
"dialog_title_candidate","Tourist","alberta|dewata|1@air1|dali02|ecl_fild01|ma_fild01","游客","unique translated dialog title"
"dialog_title_candidate","Training Galten","dicastes01","加尔滕","unique translated dialog title"
"dialog_title_candidate","Training Ground Manager","tra_fild01|tra_fild02|tra_fild03","训练场管理员","unique translated dialog title"
"dialog_title_candidate","Traveling Knight","1@air1|1@air2","旅行骑士","unique translated dialog title"
"dialog_title_candidate","Tutorial Instructor","moc_para01","教程教官","unique translated dialog title"
"dialog_title_candidate","Umbala Guide","umbala","乌姆巴拉向导","unique translated dialog title"
"dialog_title_candidate","Uncle Hairy","xmas","坎塔塔","unique translated dialog title"
"dialog_title_candidate","Unemployed Man","harboro2","失业男子","unique translated dialog title"
"dialog_title_candidate","Unpleasant Royal Guard","dali02","令人不快的皇家卫兵","unique translated dialog title"
"dialog_title_candidate","Utan villager","um_in","穆塔库坦","unique translated dialog title"
"dialog_title_candidate","Valkyrie of the heavens","job3_arch02","天界女武神","unique translated dialog title"
"dialog_title_candidate","Valley Ghost","bat_a01|bat_a02","山谷幽灵","unique translated dialog title"
"dialog_title_candidate","Varmundt","1@gl_k|2@gl_k","瓦尔蒙特","unique translated dialog title"
"dialog_title_candidate","Vendigos","arena_room","文迪戈斯","unique translated dialog title"
"dialog_title_candidate","Verity","1@uns|un_myst|verus01","维莉蒂","unique translated dialog title"
"dialog_title_candidate","Veterinarian","amatsu","樱井诚一","unique translated dialog title"
"dialog_title_candidate","Victim","mora","受害者","unique translated dialog title"
"dialog_title_candidate","Victimized Soul's Mind","lhz_dun_n|lhz_d_n2","受害灵魂的心念","unique translated dialog title"
"dialog_title_candidate","Visitor to Mora","mora","莫拉访客","unique translated dialog title"
"dialog_title_candidate","Vito","s_atelier","维托","unique translated dialog title"
"dialog_title_candidate","Vote Globalvar Girl","sec_in02","克里斯蒂女士的女仆","unique translated dialog title"
"dialog_title_candidate","Voyage log","alberta","航海日志","unique translated dialog title"
"dialog_title_candidate","Waiting Cat","mal_in01","等待的猫","unique translated dialog title"
"dialog_title_candidate","Waiting Room","job_hunte|job_cru|job_duncer|job_sage|in_rogue","皮奥金","unique translated dialog title"
"dialog_title_candidate","Wandering Customer","mora","流浪顾客","unique translated dialog title"
"dialog_title_candidate","Wandering Merchant","malangdo|eclage|ecl_in04","流浪商人","unique translated dialog title"
"dialog_title_candidate","Wandering Poet","spl_in01","诗人妮莉欧德","unique translated dialog title"
"dialog_title_candidate","Warehouse Keeper Pik","un_bk_q","仓库管理员皮克","unique translated dialog title"
"dialog_title_candidate","Warehouse Worker","mora","肖特弗尔","unique translated dialog title"
"dialog_title_candidate","Wasteland Cactuten","rockrdg1","荒漠仙人掌怪","unique translated dialog title"
"dialog_title_candidate","White Twig","harboro1","白枝","unique translated dialog title"
"dialog_title_candidate","Witch","nif_in|que_sign01","基尔肯娜","unique translated dialog title"
"dialog_title_candidate","Wooden Floor","payon","石板铭文","unique translated dialog title"
"dialog_title_candidate","Woodworker","payon","木工","unique translated dialog title"
"dialog_title_candidate","Worker","man_in01|manuk|mora|1@xm_d|sp_cor|harboro1|job3_rang01","工人","unique translated dialog title"
"dialog_title_candidate","Wuhuru","ecl_in02","武胡鲁","unique translated dialog title"
"dialog_title_candidate","Wyatt Warp","har_in01|rockrdg1","怀亚特·沃普","unique translated dialog title"
"dialog_title_candidate","Yhelle","niflheim","亨·耶尔","unique translated dialog title"
"dialog_title_candidate","Yoop","spl_in02|job3_war01","哟普","unique translated dialog title"
"dialog_title_candidate","Young Fortune Teller","malaya","年轻占卜师","unique translated dialog title"
"dialog_title_candidate","Young Girl","1@tnm3","小女孩","unique translated dialog title"
"dialog_title_candidate","Young Woman","geffen","盖兹","unique translated dialog title"
"dialog_title_candidate","Yuwooki","umbala","尤沃基","unique translated dialog title"
"pending_review","[Acolyte Classroom]","iz_ac02|iz_ac02_a|iz_ac02_b|iz_ac02_c|iz_ac02_d","","active visible-name candidate"
"pending_review","[Archer Classroom]","iz_ac02|iz_ac02_a|iz_ac02_b|iz_ac02_c|iz_ac02_d","","active visible-name candidate"
"pending_review","[Armory]","iz_ac01|iz_ac01_a|iz_ac01_b|iz_ac01_c|iz_ac01_d","","active visible-name candidate"
"pending_review","[Barcardi]","in_moc_16","","active visible-name candidate"
"pending_review","[Beholder]","in_moc_16","","active visible-name candidate"
"pending_review","[Cafeteria]","iz_ac01|iz_ac01_a|iz_ac01_b|iz_ac01_c|iz_ac01_d","","active visible-name candidate"
"pending_review","[Dispensary]","iz_ac01|iz_ac01_a|iz_ac01_b|iz_ac01_c|iz_ac01_d","","active visible-name candidate"
"pending_review","[Gayle Maroubitz]","in_moc_16","","active visible-name candidate"
"pending_review","[Great Hall]","iz_ac01|iz_ac01_a|iz_ac01_b|iz_ac01_c|iz_ac01_d","","active visible-name candidate"
"pending_review","[Gunslinger Classroom]","iz_ac02|iz_ac02_a|iz_ac02_b|iz_ac02_c|iz_ac02_d","","active visible-name candidate"
"pending_review","[Huey]","in_moc_16","","active visible-name candidate"
"pending_review","[Khai]","in_moc_16","","active visible-name candidate"
"pending_review","[Library]","iz_ac01|iz_ac01_a|iz_ac01_b|iz_ac01_c|iz_ac01_d","","active visible-name candidate"
"pending_review","[Lounge]","iz_ac02|iz_ac02_a|iz_ac02_b|iz_ac02_c|iz_ac02_d","","active visible-name candidate"
"pending_review","[Mage Classroom]","iz_ac02|iz_ac02_a|iz_ac02_b|iz_ac02_c|iz_ac02_d","","active visible-name candidate"
"pending_review","[Meow Team] Charo","malangdo","","active visible-name candidate"
"pending_review","[Meow Team] Roku","malangdo","","active visible-name candidate"
"pending_review","[Meow Team] Rosy","malangdo","","active visible-name candidate"
"pending_review","[Merchant Classroom]","iz_ac02|iz_ac02_a|iz_ac02_b|iz_ac02_c|iz_ac02_d","","active visible-name candidate"
"pending_review","[Ninja Classroom]","iz_ac02|iz_ac02_a|iz_ac02_b|iz_ac02_c|iz_ac02_d","","active visible-name candidate"
"pending_review","[Principal's Office]","iz_ac02|iz_ac02_a|iz_ac02_b|iz_ac02_c|iz_ac02_d","","active visible-name candidate"
"pending_review","[Swordman Classroom]","iz_ac02|iz_ac02_a|iz_ac02_b|iz_ac02_c|iz_ac02_d","","active visible-name candidate"
"pending_review","[Taekwon Classroom]","iz_ac02|iz_ac02_a|iz_ac02_b|iz_ac02_c|iz_ac02_d","","active visible-name candidate"
"pending_review","[The Anonymous One]","in_moc_16","","active visible-name candidate"
"pending_review","[Thief Classroom]","iz_ac02|iz_ac02_a|iz_ac02_b|iz_ac02_c|iz_ac02_d","","active visible-name candidate"
"pending_review","[Thomas]","in_moc_16","","active visible-name candidate"
"pending_review","A blushing girl","ecl_in01","","active visible-name candidate"
"pending_review","A dead man","1@gl_k","","active visible-name candidate"
"pending_review","A dining customer","paramk","","active visible-name candidate"
"pending_review","A dreary man","payon","","active visible-name candidate"
"pending_review","A Fine Gentleman","yuno_pre","","active visible-name candidate"
"pending_review","A Foolish Cat","malangdo","","active visible-name candidate"
"pending_review","A foreign substance","ecl_in04","","active visible-name candidate"
"pending_review","A Girl","1@sara","","active visible-name candidate"
"pending_review","A kneeling boy","ecl_in01","","active visible-name candidate"
"pending_review","A Lady","moscovia","","active visible-name candidate"
"pending_review","A Laphine corpse","ecl_fild01","","active visible-name candidate"
"pending_review","A Little Boy","moscovia","","active visible-name candidate"
"pending_review","A Little Girl","moscovia","","active visible-name candidate"
"pending_review","A Man","moscovia","","active visible-name candidate"
"pending_review","A man with black clothes","job3_guil02","","active visible-name candidate"
"pending_review","A Middle-Aged Man","moscovia","","active visible-name candidate"
"pending_review","A Neat Gentleman","yuno_pre","","active visible-name candidate"
"pending_review","A Nun","iz_ac02|iz_ac02_a|iz_ac02_b|iz_ac02_c|iz_ac02_d","","active visible-name candidate"
"pending_review","A Questionable Device","lhz_dun_n","","active visible-name candidate"
"pending_review","A Spirit","niflheim","","active visible-name candidate"
"pending_review","A tirailleur","1@tnm1","","active visible-name candidate"
"pending_review","A wise customer","paramk","","active visible-name candidate"
"pending_review","A Young Man","moscovia","","active visible-name candidate"
"pending_review","A-0 Zone","un_bk_q","","active visible-name candidate"
"pending_review","Aanos","airplane","","active visible-name candidate"
"pending_review","Abdula","morocc_in","","active visible-name candidate"
"pending_review","Absent Minded Man","p_track01","","active visible-name candidate"
"pending_review","Academy Receptionist","iz_ac01|iz_ac01_a|iz_ac01_b|iz_ac01_c|iz_ac01_d","","active visible-name candidate"
"pending_review","Access Control Guard","un_bk_q","","active visible-name candidate"
"pending_review","Access Controller","1@rgsr","","active visible-name candidate"
"pending_review","Access Controller Damhw","verus03","","active visible-name candidate"
"pending_review","Access Controller Geuma","verus03","","active visible-name candidate"
"pending_review","Access Controller Gyuhw","verus03","","active visible-name candidate"
"pending_review","Accessories Researcher","rgsr_in","","active visible-name candidate"
"pending_review","Acid","ein_d02_i","","active visible-name candidate"
"pending_review","Acidus","1@air1|1@air2","","active visible-name candidate"
"pending_review","Acolyte Leader Alice","iz_ac02|iz_ac02_a|iz_ac02_b|iz_ac02_c|iz_ac02_d","","active visible-name candidate"
"pending_review","Acolyte Waiting Room","arena_room","","active visible-name candidate"
"pending_review","Acorn Dealer","moscovia","","active visible-name candidate"
"pending_review","Activated Warp","1@sthb","","active visible-name candidate"
"pending_review","Adjutant Abidal","moro_vol","","active visible-name candidate"
"pending_review","Adjutant Tiera","moro_vol","","active visible-name candidate"
"pending_review","Administrator","gon_test","","active visible-name candidate"
"pending_review","Admiral Lee Daegam","1@exsh|payon","","active visible-name candidate"
"pending_review","Adore","ba_maison","","active visible-name candidate"
"pending_review","Advance Captain Avaranc","moro_vol","","active visible-name candidate"
"pending_review","Advance Squad","sp_cor","","active visible-name candidate"
"pending_review","Adventurer Breezin","un_bk_q","","active visible-name candidate"
"pending_review","Adventurer Clerk","dic_in01","","active visible-name candidate"
"pending_review","Adventurer Jean","un_bk_q","","active visible-name candidate"
"pending_review","Adventurer Semangat","dewata","","active visible-name candidate"
"pending_review","Adventurer's Pet","iz_ac01|iz_ac01_a|iz_ac01_b|iz_ac01_c|iz_ac01_d","","active visible-name candidate"
"pending_review","Adventurous Rafflesia","dali02","","active visible-name candidate"
"pending_review","Affable Lady","har_in01","","active visible-name candidate"
"pending_review","Agent","kh_kiehl02|airplane_01","","active visible-name candidate"
"pending_review","Ahab","wolfvill","","active visible-name candidate"
"pending_review","AideAmi","nameless_n","","active visible-name candidate"
"pending_review","Aik","ayo_fild02","","active visible-name candidate"
"pending_review","Aira","te_prtcas01|te_aldecas1","","active visible-name candidate"
"pending_review","Aisha","wolfvill","","active visible-name candidate"
"pending_review","Aitra","thor_camp","","active visible-name candidate"
"pending_review","Akuha","harboro1","","active visible-name candidate"
"pending_review","Albert","wolfvill","","active visible-name candidate"
"pending_review","Alberta Sailor","dewata","","active visible-name candidate"
"pending_review","Alberto","man_fild01","","active visible-name candidate"
"pending_review","Albo","mal_in01","","active visible-name candidate"
"pending_review","Alchemist Guildmember","pay_arche","","active visible-name candidate"
"pending_review","Alcouskou","moc_prydb1","","active visible-name candidate"
"pending_review","Alfrik","xmas","","active visible-name candidate"
"pending_review","Allied Manager","moc_fild22b","","active visible-name candidate"
"pending_review","Alp","ba_pw01|ba_maison|ba_in01|ba_lib","","active visible-name candidate"
"pending_review","Alp Ocart","ecl_in04","","active visible-name candidate"
"pending_review","Alphochio Basil","1@lhz","","active visible-name candidate"
"pending_review","Alpores","te_aldecas4","","active visible-name candidate"
"pending_review","Alreg","niflheim","","active visible-name candidate"
"pending_review","Altar boy Domun","1@gl_k","","active visible-name candidate"
"pending_review","Amatsu Guide","amatsu","","active visible-name candidate"
"pending_review","Amatsu Trader","prontera","","active visible-name candidate"
"pending_review","Amira","wolfvill","","active visible-name candidate"
"pending_review","An aide","1@tnm1","","active visible-name candidate"
"pending_review","An Old Woman","payon","","active visible-name candidate"
"pending_review","Ancient Gigantes","1@glast","","active visible-name candidate"
"pending_review","Ancient Grudge","ma_fild01","","active visible-name candidate"
"pending_review","Ancient Hero's Soul","1@cata|2@cata","","active visible-name candidate"
"pending_review","Angeling Guardian","poring_w02","","active visible-name candidate"
"pending_review","Angeling Side Poring","poring_w01","","active visible-name candidate"
"pending_review","Angelo","brasilis","","active visible-name candidate"
"pending_review","Angry Boy","malaya","","active visible-name candidate"
"pending_review","Angry Crowd","1@nyr","","active visible-name candidate"
"pending_review","Angry Gatekeeper","niflheim","","active visible-name candidate"
"pending_review","Angry Man","malaya","","active visible-name candidate"
"pending_review","Announcement","morocc","","active visible-name candidate"
"pending_review","Annoyed Customer","paramk","","active visible-name candidate"
"pending_review","Annoyed Man","gef_tower","","active visible-name candidate"
"pending_review","Anpere","te_aldecas5","","active visible-name candidate"
"pending_review","Antoine","gef_d01_i","","active visible-name candidate"
"pending_review","Antonio","payon|1@xm_d","","active visible-name candidate"
"pending_review","Anxious Man","job_gun","","active visible-name candidate"
"pending_review","Aolatura","job3_gen01","","active visible-name candidate"
"pending_review","Apple Box","kh_vila","","active visible-name candidate"
"pending_review","Apple Merchant","airplane|airplane_01","","active visible-name candidate"
"pending_review","Appointment Point","oz_dun01","","active visible-name candidate"
"pending_review","Aragham","morocc_in","","active visible-name candidate"
"pending_review","Arc","spl_in02","","active visible-name candidate"
"pending_review","Archeologist Leiphen","tur_d03_i|tur_d04_i","","active visible-name candidate"
"pending_review","Archer Teacher","iz_ac02|iz_ac02_a|iz_ac02_b|iz_ac02_c|iz_ac02_d","","active visible-name candidate"
"pending_review","Argen","geffen","","active visible-name candidate"
"pending_review","Arinoa Yurhik","rebel_in","","active visible-name candidate"
"pending_review","Armor Researcher","rgsr_in","","active visible-name candidate"
"pending_review","Arpesto","pay_arche","","active visible-name candidate"
"pending_review","Artifact Collector","mora","","active visible-name candidate"
"pending_review","Artifact Researcher","mora","","active visible-name candidate"
"pending_review","Artisan Tene","que_ng","","active visible-name candidate"
"pending_review","Arunafeltz Crusader","moro_vol","","active visible-name candidate"
"pending_review","Asad","wolfvill","","active visible-name candidate"
"pending_review","Ash Toad","1@oz","","active visible-name candidate"
"pending_review","Ashin","payg_cas01|payg_cas02|payg_cas03|payg_cas04|payg_cas05","","active visible-name candidate"
"pending_review","Aspiring Wanderer, Mimi","xmas","","active visible-name candidate"
"pending_review","Aspiring Wanderer, Soy","xmas","","active visible-name candidate"
"pending_review","Assassin Dewey","1@tnm1","","active visible-name candidate"
"pending_review","Assassin Huey","1@tnm1","","active visible-name candidate"
"pending_review","Assassin Louie","1@tnm1","","active visible-name candidate"
"pending_review","Assistant Dunea","alberta","","active visible-name candidate"
"pending_review","Assistant Kihana","geffen","","active visible-name candidate"
"pending_review","Asudem","com_d02_i","","active visible-name candidate"
"pending_review","Attribute Expert","iz_ac01|iz_ac01_a|iz_ac01_b|iz_ac01_c|iz_ac01_d","","active visible-name candidate"
"pending_review","Auction Broker","auction_01|auction_02","","active visible-name candidate"
"pending_review","Aurora","paramk","","active visible-name candidate"
"pending_review","Auto Anvil","job_gun","","active visible-name candidate"
"pending_review","Automatic Doll Guard Beta","ba_in01","","active visible-name candidate"
"pending_review","Avant","1@ecl","","active visible-name candidate"
"pending_review","Avant Magic Scholar","que_avan01","","active visible-name candidate"
"pending_review","Avant's Summon","que_avan01","","active visible-name candidate"
"pending_review","Awfully Suspious Dealer","malangdo","","active visible-name candidate"
"pending_review","Axe Dealer","nif_in","","active visible-name candidate"
"pending_review","Ayothaya Guide Noa","ayothaya","","active visible-name candidate"
"pending_review","Ayothaya Guide Noi","ayothaya","","active visible-name candidate"
"pending_review","B-1 Warehouse","un_bk_q","","active visible-name candidate"
"pending_review","B1 Area 1","1@orcs","","active visible-name candidate"
"pending_review","B1 Area 2","1@orcs","","active visible-name candidate"
"pending_review","B1 Area 3","1@orcs","","active visible-name candidate"
"pending_review","B1 Area 4","1@orcs","","active visible-name candidate"
"pending_review","Back Gate Guard","job3_guil03","","active visible-name candidate"
"pending_review","Backdancer","job_duncer","","active visible-name candidate"
"pending_review","Backup Generator","1@mcd","","active visible-name candidate"
"pending_review","Bag Seller","payon","","active visible-name candidate"
"pending_review","Bagot","2@nyr","","active visible-name candidate"
"pending_review","Bakery Owner","harboro1","","active visible-name candidate"
"pending_review","Bakonawa Intro Helper","sec_in02","","active visible-name candidate"
"pending_review","Bakonawa's Rage","sec_in02","","active visible-name candidate"
"pending_review","Bamboo Grove Hill","pay_gld|payg_cas05|payon","","active visible-name candidate"
"pending_review","Bamdat","wolfvill","","active visible-name candidate"
"pending_review","Banana Rafflesia","mora","","active visible-name candidate"
"pending_review","Bangungot Gate","sec_in02","","active visible-name candidate"
"pending_review","Bankley","morocc_in","","active visible-name candidate"
"pending_review","Barbed-Wire Entanglement","job3_guil03","","active visible-name candidate"
"pending_review","Barcardi","in_moc_16","","active visible-name candidate"
"pending_review","Barget Tiblack","moro_vol","","active visible-name candidate"
"pending_review","Base Sentry","moro_vol","","active visible-name candidate"
"pending_review","Basilisk Prisoner","lasa_in01","","active visible-name candidate"
"pending_review","Battle Commander","moro_vol","","active visible-name candidate"
"pending_review","Battle Test Control","job_ko","","active visible-name candidate"
"pending_review","Battle Therapist","bat_b01|bat_b02|bat_a01|bat_a02","","active visible-name candidate"
"pending_review","Battleground Master","moc_para01","","active visible-name candidate"
"pending_review","Bazo","umbala","","active visible-name candidate"
"pending_review","Bear Wanting Illusion Stone","ein_d02_i","","active visible-name candidate"
"pending_review","Beat Catching Boy","ma_fild01","","active visible-name candidate"
"pending_review","Beautiful lady","kh_school","","active visible-name candidate"
"pending_review","Beautiful Lady","kh_school","","active visible-name candidate"
"pending_review","Bebete","alberta","","active visible-name candidate"
"pending_review","Bed","kh_rossi|job3_gen01","","active visible-name candidate"
"pending_review","Beginning Compass","malangdo","","active visible-name candidate"
"pending_review","Begnahd","payon","","active visible-name candidate"
"pending_review","Belder","alberta","","active visible-name candidate"
"pending_review","Ben","rebel_in|slabw01","","active visible-name candidate"
"pending_review","Bent Shaman","malaya","","active visible-name candidate"
"pending_review","Berbayeff","moscovia","","active visible-name candidate"
"pending_review","Bercasell","job3_guil01","","active visible-name candidate"
"pending_review","Bertztan","um_in","","active visible-name candidate"
"pending_review","Beta","ba_2whs01","","active visible-name candidate"
"pending_review","Bidblind","sch_gld","","active visible-name candidate"
"pending_review","Big Door","kh_kiehl01","","active visible-name candidate"
"pending_review","Big_Door_1_Warp","kh_kiehl01","","active visible-name candidate"
"pending_review","Big_Door_2_Warp","kh_kiehl01","","active visible-name candidate"
"pending_review","Big_Door_3_Warp","kh_kiehl01","","active visible-name candidate"
"pending_review","Big_Door_4_Warp","kh_kiehl01","","active visible-name candidate"
"pending_review","Big_Door_5_Warp","kh_kiehl01","","active visible-name candidate"
"pending_review","Bigibigi Grass","job3_gen01","","active visible-name candidate"
"pending_review","Billy The Golden Hands","xmas","","active visible-name candidate"
"pending_review","Bingo Waiting Room","que_bingo","","active visible-name candidate"
"pending_review","Bioengineer","un_bk_q","","active visible-name candidate"
"pending_review","Bioengineer Ebrik","un_bk_q","","active visible-name candidate"
"pending_review","Bioengineer Touring","un_bk_q","","active visible-name candidate"
"pending_review","Biological Battery","1@cor","","active visible-name candidate"
"pending_review","Black Bamboo","ma_fild01","","active visible-name candidate"
"pending_review","Black Beard Joe","xmas","","active visible-name candidate"
"pending_review","Blackphone","paramk","","active visible-name candidate"
"pending_review","Blacksmith","geffen_in","","active visible-name candidate"
"pending_review","Blacksmith Basta","itemmall","","active visible-name candidate"
"pending_review","Blacksmith Brock","itemmall","","active visible-name candidate"
"pending_review","Blacksmith Cano","te_aldecas1","","active visible-name candidate"
"pending_review","Blacksmith Kai","te_prtcas01","","active visible-name candidate"
"pending_review","Blacksmith Thorn","moc_para01","","active visible-name candidate"
"pending_review","Bloody Hunter","que_qaru01|que_qaru02|que_qaru03|que_qaru04|que_qaru05|que_qsch01|que_qsch02|que_qsch03|que_qsch04|que_qsch05","","active visible-name candidate"
"pending_review","Blue Flame Compass","malangdo","","active visible-name candidate"
"pending_review","Blue Light Column","1@begi","","active visible-name candidate"
"pending_review","Blue Pipe","harboro2","","active visible-name candidate"
"pending_review","Boatswain","conch_in","","active visible-name candidate"
"pending_review","Bob","mal_in02","","active visible-name candidate"
"pending_review","Bobbing Torch","1@cata","","active visible-name candidate"
"pending_review","Bogi Vine","job3_gen01","","active visible-name candidate"
"pending_review","Boksil","wolfvill|gw_fild01","","active visible-name candidate"
"pending_review","Boohae","prt_monk","","active visible-name candidate"
"pending_review","Book-Touching Man","moc_ruins","","active visible-name candidate"
"pending_review","Boonji","que_ng","","active visible-name candidate"
"pending_review","Boonray","que_ng","","active visible-name candidate"
"pending_review","Borobudur Temple Manager","dewata","","active visible-name candidate"
"pending_review","Boshuu","que_ng","","active visible-name candidate"
"pending_review","Bouy","dic_in01","","active visible-name candidate"
"pending_review","Bow-wow","mora","","active visible-name candidate"
"pending_review","Boy","payon_in02","","active visible-name candidate"
"pending_review","Brace","arug_cas01","","active visible-name candidate"
"pending_review","Brare","dic_fild01","","active visible-name candidate"
"pending_review","Brasilis Boy","bra_in01","","active visible-name candidate"
"pending_review","Brasilis Girl","brasilis","","active visible-name candidate"
"pending_review","Brasilis Guide","brasilis","","active visible-name candidate"
"pending_review","Breeder Taab","mid_camp","","active visible-name candidate"
"pending_review","Brewer Wyn","paramk","","active visible-name candidate"
"pending_review","Brian","dic_dun01","","active visible-name candidate"
"pending_review","Brigan Helper","sec_in02","","active visible-name candidate"
"pending_review","Bright Arbor","pay_gld|payg_cas01|payon","","active visible-name candidate"
"pending_review","Brilliant Article","1@adv","","active visible-name candidate"
"pending_review","Brinaranea","1@eom","","active visible-name candidate"
"pending_review","Broke Trainee","iz_ac01|iz_ac01_a|iz_ac01_b|iz_ac01_c|iz_ac01_d","","active visible-name candidate"
"pending_review","Broken Elevator","rockmi2","","active visible-name candidate"
"pending_review","Broom Grandma","payon","","active visible-name candidate"
"pending_review","Bubbling Swamp","mosk_dun03","","active visible-name candidate"
"pending_review","Budan","wolfvill","","active visible-name candidate"
"pending_review","Building materials","wolfvill","","active visible-name candidate"
"pending_review","Bulk Trader's Camel","harboro1","","active visible-name candidate"
"pending_review","Bullet President","pub_cat","","active visible-name candidate"
"pending_review","Bunker Sayhu","un_bk_q","","active visible-name candidate"
"pending_review","Bush","spl_fild02","","active visible-name candidate"
"pending_review","Bushes","malaya","","active visible-name candidate"
"pending_review","Button Girl","job3_war01|sword_2-1","","active visible-name candidate"
"pending_review","Byohre","gefg_cas05","","active visible-name candidate"
"pending_review","C-0 Zone","un_bk_q","","active visible-name candidate"
"pending_review","Cactus Gunslinger","rockrdg1","","active visible-name candidate"
"pending_review","Cadillac","force_3-1","","active visible-name candidate"
"pending_review","Cafeteria","un_bk_q","","active visible-name candidate"
"pending_review","Cafeteria Lady","un_bk_q","","active visible-name candidate"
"pending_review","Calabash","kh_vila","","active visible-name candidate"
"pending_review","CallCorrectAnswer","job3_rang02","","active visible-name candidate"
"pending_review","CallWrongAnswer","job3_rang02","","active visible-name candidate"
"pending_review","Calm Woman","malaya","","active visible-name candidate"
"pending_review","Calyon","dicastes01","","active visible-name candidate"
"pending_review","Camille","gw_fild01|wolfvill","","active visible-name candidate"
"pending_review","Camp Guard","mid_camp","","active visible-name candidate"
"pending_review","Camp Guard Captain","mid_camp","","active visible-name candidate"
"pending_review","Camper","gw_fild01","","active visible-name candidate"
"pending_review","Can Agency Guard","malangdo","","active visible-name candidate"
"pending_review","Candy Maker","brasilis","","active visible-name candidate"
"pending_review","Canine","ba_in01|ba_bath","","active visible-name candidate"
"pending_review","Capital City Guard","dic_fild01","","active visible-name candidate"
"pending_review","Captain Ferlock","1@air1|1@air2","","active visible-name candidate"
"pending_review","Captain Gamberi","conch_in","","active visible-name candidate"
"pending_review","Captain Janssen","alberta","","active visible-name candidate"
"pending_review","Captain of the Guard","1@spa","","active visible-name candidate"
"pending_review","Captain Tigris","job3_rune02","","active visible-name candidate"
"pending_review","Captain's Corpse","1@spa","","active visible-name candidate"
"pending_review","Captured Laphine","man_in01","","active visible-name candidate"
"pending_review","Captured Santa","1@xm_d","","active visible-name candidate"
"pending_review","Carmen O'Neil","harboro1","","active visible-name candidate"
"pending_review","Carpet","bra_in01","","active visible-name candidate"
"pending_review","Casate","te_prtcas04","","active visible-name candidate"
"pending_review","Cassie","paramk","","active visible-name candidate"
"pending_review","Cassis","com_d02_i","","active visible-name candidate"
"pending_review","Cassoulet","wolfvill","","active visible-name candidate"
"pending_review","Cat Detective","malangdo","","active visible-name candidate"
"pending_review","Cat Hand Salesman Macaroon","itemmall","","active visible-name candidate"
"pending_review","Cat Hand Salesman Tunkarom","itemmall","","active visible-name candidate"
"pending_review","Cat Paw Agent","mid_camp|spl_fild02|man_fild02|moc_para01|moc_fild22b","","active visible-name candidate"
"pending_review","Cat Paw Merchant Phecda","pay_gld","","active visible-name candidate"
"pending_review","Cat Paw Merchants Notice","malangdo","","active visible-name candidate"
"pending_review","Cat Paw Mining Agent","mid_camp","","active visible-name candidate"
"pending_review","Catering","ecl_fild01","","active visible-name candidate"
"pending_review","Catfoii","z_agit","","active visible-name candidate"
"pending_review","Catherine D. Geoborg","2@mir","","active visible-name candidate"
"pending_review","Caution","mosk_fild02","","active visible-name candidate"
"pending_review","Cave Entrance","ma_fild02","","active visible-name candidate"
"pending_review","Cave Girl","cave","","active visible-name candidate"
"pending_review","Cecile Damon","1@lhz","","active visible-name candidate"
"pending_review","Celia Alde","1@lhz","","active visible-name candidate"
"pending_review","Central Entrance","1@slw","","active visible-name candidate"
"pending_review","Central Room","1@rgsr","","active visible-name candidate"
"pending_review","Chabimatan","umbala","","active visible-name candidate"
"pending_review","Champion","valkyrie","","active visible-name candidate"
"pending_review","Chanmo","payon_in01","","active visible-name candidate"
"pending_review","Chaos","1@air1|1@air2|1@face","","active visible-name candidate"
"pending_review","Charleston","verus04|sec_in02","","active visible-name candidate"
"pending_review","Charleston 1","1@mcd","","active visible-name candidate"
"pending_review","Charleston 2","1@mcd","","active visible-name candidate"
"pending_review","Charleston 3","1@mcd","","active visible-name candidate"
"pending_review","Charleston Assistant","1@mcd","","active visible-name candidate"
"pending_review","Charlotte","harboro1","","active visible-name candidate"
"pending_review","Charlron","alberta","","active visible-name candidate"
"pending_review","Cheehee","job_star","","active visible-name candidate"
"pending_review","Cheerful Leaf","harboro1","","active visible-name candidate"
"pending_review","Chemical Poison","1@cor","","active visible-name candidate"
"pending_review","Chen Liu","1@lhz","","active visible-name candidate"
"pending_review","Cherieos","payg_cas02","","active visible-name candidate"
"pending_review","Cherto","bra_in01","","active visible-name candidate"
"pending_review","Cheshire","dic_in01|bif_fild01|dicastes02","","active visible-name candidate"
"pending_review","Chief Balrog","morocc","","active visible-name candidate"
"pending_review","Child","nif_in","","active visible-name candidate"
"pending_review","Chirp","ba_2whs01","","active visible-name candidate"
"pending_review","Chivas Lugal","que_ng","","active visible-name candidate"
"pending_review","Choir Conductor","ecl_in01","","active visible-name candidate"
"pending_review","Choir member","ecl_in01","","active visible-name candidate"
"pending_review","Christopher","geffen_in","","active visible-name candidate"
"pending_review","Chungwolmang","payon","","active visible-name candidate"
"pending_review","Chungye","payg_cas01|payg_cas02|payg_cas03|payg_cas04|payg_cas05","","active visible-name candidate"
"pending_review","City Hall Officer","lou_in02","","active visible-name candidate"
"pending_review","Clarice","airplane_01","","active visible-name candidate"
"pending_review","Cleaning Robot","tra_fild01|tra_fild02|tra_fild03|ba_maison","","active visible-name candidate"
"pending_review","Cleaning Staff","mal_in02","","active visible-name candidate"
"pending_review","Cleanyang","mal_in02","","active visible-name candidate"
"pending_review","Cleope Verce","prt_monk","","active visible-name candidate"
"pending_review","Clever","ecl_in02","","active visible-name candidate"
"pending_review","Clinic","un_bk_q","","active visible-name candidate"
"pending_review","Clink","malangdo","","active visible-name candidate"
"pending_review","Clode","te_aldecas1","","active visible-name candidate"
"pending_review","Cloud Compass","malangdo","","active visible-name candidate"
"pending_review","Coach","ama_test","","active visible-name candidate"
"pending_review","Coarse-haired Sheep","harboro1","","active visible-name candidate"
"pending_review","Cocktail Master","paramk","","active visible-name candidate"
"pending_review","Coco","paramk|tra_fild03","","active visible-name candidate"
"pending_review","Coin Exchanger CX-1","malangdo","","active visible-name candidate"
"pending_review","Cold Mana Crystalline","1@eom","","active visible-name candidate"
"pending_review","Cold Spring","ba_bath","","active visible-name candidate"
"pending_review","Collapsed Girl","1@mist","","active visible-name candidate"
"pending_review","Collection Dealer Woeon","malaya","","active visible-name candidate"
"pending_review","Combat Laphine","ecl_in01|moro_vol","","active visible-name candidate"
"pending_review","Command Timer","mid_camp","","active visible-name candidate"
"pending_review","Commander Hibba Agip","moro_vol","","active visible-name candidate"
"pending_review","Commander Laphine","ecl_in01","","active visible-name candidate"
"pending_review","Commodities Dealer","mora","","active visible-name candidate"
"pending_review","Complaining Galten","dicastes01","","active visible-name candidate"
"pending_review","Concaved Rock","rockrdg2","","active visible-name candidate"
"pending_review","Congra","job3_gen01","","active visible-name candidate"
"pending_review","Constance","harboro1","","active visible-name candidate"
"pending_review","Contact Officer","splendide","","active visible-name candidate"
"pending_review","Continental Official","morocc","","active visible-name candidate"
"pending_review","Contraband Processor","har_in01","","active visible-name candidate"
"pending_review","Contribution Certificate Vending Machine","morocc","","active visible-name candidate"
"pending_review","Control Device","1@rgsr","","active visible-name candidate"
"pending_review","Control Device01","arug_cas01|arug_cas02|arug_cas03|arug_cas04|arug_cas05|schg_cas01|schg_cas02|schg_cas03|schg_cas04|schg_cas05","","active visible-name candidate"
"pending_review","Control Device02","arug_cas01|arug_cas02|arug_cas03|arug_cas04|arug_cas05|schg_cas01|schg_cas02|schg_cas03|schg_cas04|schg_cas05","","active visible-name candidate"
"pending_review","Control Device03","arug_cas01|arug_cas02|arug_cas03|arug_cas04|arug_cas05|schg_cas01|schg_cas02|schg_cas03|schg_cas04|schg_cas05","","active visible-name candidate"
"pending_review","Control Panel","thor_camp","","active visible-name candidate"
"pending_review","Control room","un_bk_q","","active visible-name candidate"
"pending_review","Controller","arug_que01|schg_que01","","active visible-name candidate"
"pending_review","Cookie Basket","kh_school","","active visible-name candidate"
"pending_review","Cooking Soldier","mid_camp","","active visible-name candidate"
"pending_review","Coral Excavation team C","verus03","","active visible-name candidate"
"pending_review","Cordell","harboro1","","active visible-name candidate"
"pending_review","CoreDialog","1@mcd","","active visible-name candidate"
"pending_review","Cornus","mid_camp","","active visible-name candidate"
"pending_review","Corona","rebel_in","","active visible-name candidate"
"pending_review","Corpse","que_dan01","","active visible-name candidate"
"pending_review","Corrupt Orc Zombie","1@dth3","","active visible-name candidate"
"pending_review","Costello","harboro1","","active visible-name candidate"
"pending_review","Cotton","ba_maison","","active visible-name candidate"
"pending_review","Cowardly Poring","new_1-3","","active visible-name candidate"
"pending_review","Cowardly Worker","ma_scene01","","active visible-name candidate"
"pending_review","Crack","malangdo","","active visible-name candidate"
"pending_review","Crafting Tools","job_ko","","active visible-name candidate"
"pending_review","Crayu","nif_in","","active visible-name candidate"
"pending_review","Crazy Venknick","dicastes01","","active visible-name candidate"
"pending_review","Cream Puff","iz_ac02|iz_ac02_a|iz_ac02_b|iz_ac02_c|iz_ac02_d","","active visible-name candidate"
"pending_review","Crime Prevention Staff","malangdo","","active visible-name candidate"
"pending_review","Croix Blacksmith","bat_a01|bat_a02","","active visible-name candidate"
"pending_review","Croix Camp","bat_b01|bat_b02|bat_a01|bat_a02","","active visible-name candidate"
"pending_review","Croix Camp Soldier","bat_a01|bat_a02","","active visible-name candidate"
"pending_review","Croix Vintenar","bat_b01|bat_b02|bat_a01|bat_a02","","active visible-name candidate"
"pending_review","Crushed Corpse","que_dan02","","active visible-name candidate"
"pending_review","Cube Lane","ba_in01","","active visible-name candidate"
"pending_review","Culvert Entrance","1@pump|2@pump","","active visible-name candidate"
"pending_review","Curious Person","harboro1","","active visible-name candidate"
"pending_review","Curious Sapha","dic_dun01","","active visible-name candidate"
"pending_review","Cursed Spirit","niflheim","","active visible-name candidate"
"pending_review","Cute","wolfvill","","active visible-name candidate"
"pending_review","Cute Girl","geffen_in","","active visible-name candidate"
"pending_review","Cute Laphine","ecl_fild01","","active visible-name candidate"
"pending_review","Cute Student","kh_school","","active visible-name candidate"
"pending_review","Cyan","rebel_in|slabw01|ba_in01|ba_bath","","active visible-name candidate"
"pending_review","Dacquoise","iz_ac01|iz_ac01_a|iz_ac01_b|iz_ac01_c|iz_ac01_d","","active visible-name candidate"
"pending_review","Danae","rebel_in|slabw01|ba_in01|ba_bath","","active visible-name candidate"
"pending_review","Dance Instructor","job_duncer","","active visible-name candidate"
"pending_review","Dancing Cello","nif_dun01","","active visible-name candidate"
"pending_review","Dancing Laphine","ecl_fild01","","active visible-name candidate"
"pending_review","Dandelion Member","que_dan01","","active visible-name candidate"
"pending_review","Dandy","ecl_in01","","active visible-name candidate"
"pending_review","Daniel","brasilis","","active visible-name candidate"
"pending_review","Daora","job3_guil01","","active visible-name candidate"
"pending_review","Daphrer","splendide","","active visible-name candidate"
"pending_review","Dark MachineTX100","malangdo","","active visible-name candidate"
"pending_review","Dark Merchant K","malangdo","","active visible-name candidate"
"pending_review","Daryl","rebel_in","","active visible-name candidate"
"pending_review","Davi","mid_campin","","active visible-name candidate"
"pending_review","Deactivated Warp","1@sthb","","active visible-name candidate"
"pending_review","Dead Laphine","bif_fild02","","active visible-name candidate"
"pending_review","Death Cave","sec_in02","","active visible-name candidate"
"pending_review","Debong","mal_in01","","active visible-name candidate"
"pending_review","Deckhand Bubi","malangdo","","active visible-name candidate"
"pending_review","Decomposed body","2@gl_k","","active visible-name candidate"
"pending_review","Defaria","mid_camp","","active visible-name candidate"
"pending_review","Defense Manager Luanda","com_d02_i","","active visible-name candidate"
"pending_review","Delbert Lake","harboro1","","active visible-name candidate"
"pending_review","Delivery Box","job3_gen01","","active visible-name candidate"
"pending_review","Delivery Man","ecl_in01","","active visible-name candidate"
"pending_review","Demon God's Apostle Aha","1@eom","","active visible-name candidate"
"pending_review","Demon Morocc","1@tnm2","","active visible-name candidate"
"pending_review","Demonic Shade","1@tnm3","","active visible-name candidate"
"pending_review","Denny","rebel_in|slabw01|sp_cor|ba_in01|ba_bath","","active visible-name candidate"
"pending_review","Detained Researcher","1@rgsr","","active visible-name candidate"
"pending_review","Devil Enchant Master","itemmall","","active visible-name candidate"
"pending_review","Deviling Guardian","poring_w02","","active visible-name candidate"
"pending_review","Deviling Side Marin","poring_w01","","active visible-name candidate"
"pending_review","Devotee","1@pop1|1@pop2","","active visible-name candidate"
"pending_review","Devries","job3_gen01","","active visible-name candidate"
"pending_review","Dew","ba_pw02|ba_pw01|ba_in01|ba_maison|ba_lib","","active visible-name candidate"
"pending_review","Dewata Guide","dewata","","active visible-name candidate"
"pending_review","Dewata Sailor","alberta","","active visible-name candidate"
"pending_review","Dianne","airplane_01","","active visible-name candidate"
"pending_review","Diary Frog No. 30","ecl_fild01","","active visible-name candidate"
"pending_review","Diary Frog No. 6","ecl_tdun01","","active visible-name candidate"
"pending_review","Diary Frog No.3","ecl_tdun03","","active visible-name candidate"
"pending_review","Dicastes Elite","moro_vol","","active visible-name candidate"
"pending_review","Dicastes Garten","moro_vol","","active visible-name candidate"
"pending_review","Diego","mid_camp","","active visible-name candidate"
"pending_review","Diel Guard","dic_in01","","active visible-name candidate"
"pending_review","Dieshin Man","moc_ruins","","active visible-name candidate"
"pending_review","Dieting Lady","dewata","","active visible-name candidate"
"pending_review","Dimension move Portal","un_bk_q","","active visible-name candidate"
"pending_review","Dimension Traveler","dali02","","active visible-name candidate"
"pending_review","Dimensional barrier","xmas_fild01","","active visible-name candidate"
"pending_review","Dimensional Barrier","t_garden","","active visible-name candidate"
"pending_review","Dinar","wolfvill","","active visible-name candidate"
"pending_review","Dining Laphine","spl_in01","","active visible-name candidate"
"pending_review","Director","rgsr_in|wolfvill","","active visible-name candidate"
"pending_review","Dirt","mid_camp","","active visible-name candidate"
"pending_review","Dirt Pile","dic_fild02","","active visible-name candidate"
"pending_review","Dirty Bed","mal_in02","","active visible-name candidate"
"pending_review","Dirty Vigilante","dic_dun01","","active visible-name candidate"
"pending_review","Discarded Mechanical Device","un_bk_q","","active visible-name candidate"
"pending_review","Discarded Person","sp_rudus","","active visible-name candidate"
"pending_review","Disfigured Corpse","que_dan02","","active visible-name candidate"
"pending_review","Dismembered Corpse","que_dan02","","active visible-name candidate"
"pending_review","Dispatched Rune Knight","mid_camp|spl_fild01","","active visible-name candidate"
"pending_review","Displayed sample","1@slw","","active visible-name candidate"
"pending_review","Distribution Chief Avrandi","un_bk_q","","active visible-name candidate"
"pending_review","Doctor Laphine","ecl_in02","","active visible-name candidate"
"pending_review","Document Package","dic_in01","","active visible-name candidate"
"pending_review","Document pile","un_bunker","","active visible-name candidate"
"pending_review","Domestic Boarding","y_airport","","active visible-name candidate"
"pending_review","Dominic","ecl_in01","","active visible-name candidate"
"pending_review","Dong","tra_fild03","","active visible-name candidate"
"pending_review","Doom Prayer","moro_vol","","active visible-name candidate"
"pending_review","Doom Prayers Leader","moro_vol","","active visible-name candidate"
"pending_review","Doom Prayers Second-in-command","moro_vol","","active visible-name candidate"
"pending_review","Dorian","izlude_in","","active visible-name candidate"
"pending_review","Dosuhlji","payg_cas01|payg_cas02|payg_cas03|payg_cas04|payg_cas05","","active visible-name candidate"
"pending_review","Doyen Irene","1@sara","","active visible-name candidate"
"pending_review","Dozing Sheep","harboro1","","active visible-name candidate"
"pending_review","Dr. Boon","malaya","","active visible-name candidate"
"pending_review","Dr. Ve","1@mcd","","active visible-name candidate"
"pending_review","Dr.Fresa","un_bk_q","","active visible-name candidate"
"pending_review","Dracula","gef_d01_i","","active visible-name candidate"
"pending_review","Dragon Egg","nyd_dun01|nyd_dun02","","active visible-name candidate"
"pending_review","Drawing Room","sword_1-1","","active visible-name candidate"
"pending_review","Dreaming Kid","dewata","","active visible-name candidate"
"pending_review","Dried Fish","payon","","active visible-name candidate"
"pending_review","Drumming Young Man","malaya|ma_fild01","","active visible-name candidate"
"pending_review","Drunk","paramk","","active visible-name candidate"
"pending_review","Drunk Doram","harboro1","","active visible-name candidate"
"pending_review","Dry Machine","mal_in01","","active visible-name candidate"
"pending_review","Du Lian","ecl_in04","","active visible-name candidate"
"pending_review","Dungeon gateway","lhz_dun_n","","active visible-name candidate"
"pending_review","Dus the Smith","paramk","","active visible-name candidate"
"pending_review","Dusit","ayothaya","","active visible-name candidate"
"pending_review","Dye the Alchemist","paramk","","active visible-name candidate"
"pending_review","Earl the Alchemist","paramk","","active visible-name candidate"
"pending_review","Eating Adventurer","dic_in01","","active visible-name candidate"
"pending_review","Ebein","job3_war01","","active visible-name candidate"
"pending_review","Ebel","1@swat","","active visible-name candidate"
"pending_review","Eccentric Scholar","p_track02","","active visible-name candidate"
"pending_review","Eclage Guard Leo","eclage","","active visible-name candidate"
"pending_review","Eclage Messenger Roy","ecl_fild01","","active visible-name candidate"
"pending_review","Eclage Resident","eclage","","active visible-name candidate"
"pending_review","Eclage Teleporter","moro_vol","","active visible-name candidate"
"pending_review","Eclaire","iz_ac01|iz_ac01_a|iz_ac01_b|iz_ac01_c|iz_ac01_d","","active visible-name candidate"
"pending_review","Edel Peppina","harboro1","","active visible-name candidate"
"pending_review","Eden Member Hooksha","in_orcs01","","active visible-name candidate"
"pending_review","Eden Member Karl","pay_arche","","active visible-name candidate"
"pending_review","Edith Richie","harboro1","","active visible-name candidate"
"pending_review","Eduare","te_prtcas03","","active visible-name candidate"
"pending_review","Educated Traveller","morocc","","active visible-name candidate"
"pending_review","Eeos","arug_cas05","","active visible-name candidate"
"pending_review","Ef","schg_cas01|schg_cas04|schg_cas05","","active visible-name candidate"
"pending_review","Eff","malangdo","","active visible-name candidate"
"pending_review","Egg Bomb","job3_rang02","","active visible-name candidate"
"pending_review","Egg Keeper Draco","nyd_dun02","","active visible-name candidate"
"pending_review","Egnigem","niflheim","","active visible-name candidate"
"pending_review","Egring","har_in01","","active visible-name candidate"
"pending_review","Elena Bolkova","ba_maison|ba_in01","","active visible-name candidate"
"pending_review","Elephantine","mora","","active visible-name candidate"
"pending_review","Elevator","dic_in01","","active visible-name candidate"
"pending_review","Elin","alberta","","active visible-name candidate"
"pending_review","Eloise McCurdy","harboro1","","active visible-name candidate"
"pending_review","Elsie","harboro1","","active visible-name candidate"
"pending_review","Elwin Conick","job_gun","","active visible-name candidate"
"pending_review","Elyumina","1@cor|sp_cor|ba_maison|ba_in01","","active visible-name candidate"
"pending_review","Elzee","schg_cas03","","active visible-name candidate"
"pending_review","Emergency Key","ba_2whs01","","active visible-name candidate"
"pending_review","Emmet","wolfvill","","active visible-name candidate"
"pending_review","Employees' Uniform Box","1@xm_d","","active visible-name candidate"
"pending_review","Empty Soul Globe","1@eom","","active visible-name candidate"
"pending_review","Enchant Researcher","rgsr_in","","active visible-name candidate"
"pending_review","Endeef","schg_cas02","","active visible-name candidate"
"pending_review","Energetic Kid","dewata","","active visible-name candidate"
"pending_review","Engineer","conch_in","","active visible-name candidate"
"pending_review","Enthusiastic Job Seeker","harboro1","","active visible-name candidate"
"pending_review","Entrance Manager","manuk","","active visible-name candidate"
"pending_review","Eocatt","airplane","","active visible-name candidate"
"pending_review","Equipment Researcher","alberta","","active visible-name candidate"
"pending_review","Eremes Guile","1@lhz","","active visible-name candidate"
"pending_review","Eric","geffen_in","","active visible-name candidate"
"pending_review","Ericsson Adler","rebel_in","","active visible-name candidate"
"pending_review","Ernst Geoborg","2@mir","","active visible-name candidate"
"pending_review","Eukran","que_bingo","","active visible-name candidate"
"pending_review","Euncheong","ecl_tdun01","","active visible-name candidate"
"pending_review","Euridi","mora","","active visible-name candidate"
"pending_review","Euridi's Friend","mora","","active visible-name candidate"
"pending_review","Europa","ba_maison","","active visible-name candidate"
"pending_review","Event controller","arug_dun01|schg_dun01","","active visible-name candidate"
"pending_review","Evil Shadow","1@tnm3","","active visible-name candidate"
"pending_review","Excited Galten","dicastes01","","active visible-name candidate"
"pending_review","Excited Piom","dicastes01","","active visible-name candidate"
"pending_review","Exciting Cello","nif_dun01","","active visible-name candidate"
"pending_review","Exit","airplane|airplane_01|louyang|ein_d02_i","","active visible-name candidate"
"pending_review","Exit Guard","rgsr_in","","active visible-name candidate"
"pending_review","Exotic Merchant","payon|gw_fild01|harboro1","","active visible-name candidate"
"pending_review","Expedition Assassin","moro_vol","","active visible-name candidate"
"pending_review","Expedition Guard Ben","mid_camp","","active visible-name candidate"
"pending_review","Expedition Guard Maha","mid_camp","","active visible-name candidate"
"pending_review","Expedition Member","mora","","active visible-name candidate"
"pending_review","Expedition Messenger","mid_camp","","active visible-name candidate"
"pending_review","Expedition Scout","man_fild01|man_fild03|spl_fild02|spl_fild03","","active visible-name candidate"
"pending_review","Expert Cat","malangdo","","active visible-name candidate"
"pending_review","Expert Enchanter Byrnes","moro_cav","","active visible-name candidate"
"pending_review","Expert mode - 16 person","turbo_room","","active visible-name candidate"
"pending_review","Expert mode - 4 person","turbo_room","","active visible-name candidate"
"pending_review","Expert mode - 8 person","turbo_room","","active visible-name candidate"
"pending_review","Exterior Guard","job3_guil03","","active visible-name candidate"
"pending_review","Ezekiel","wolfvill","","active visible-name candidate"
"pending_review","Ezella","te_prtcas01|te_aldecas1","","active visible-name candidate"
"pending_review","F-1 Zone","un_bk_q","","active visible-name candidate"
"pending_review","F-2 Zone","un_bk_q","","active visible-name candidate"
"pending_review","Fabio","brasilis","","active visible-name candidate"
"pending_review","Facilities manager Jiko","un_bk_q","","active visible-name candidate"
"pending_review","Factory Dimension Telep","xmas","","active visible-name candidate"
"pending_review","Factory Quest Test","sec_in02","","active visible-name candidate"
"pending_review","Fairy","splendide|spl_fild02","","active visible-name candidate"
"pending_review","Fairy Carpenter","eclage","","active visible-name candidate"
"pending_review","Fallen Man","verus04","","active visible-name candidate"
"pending_review","Fallen Peter","2@mir","","active visible-name candidate"
"pending_review","Familiar-Looking Patient","lou_in02","","active visible-name candidate"
"pending_review","Fang","rebel_in|slabw01","","active visible-name candidate"
"pending_review","Farm","un_bk_q","","active visible-name candidate"
"pending_review","Fashion Stone","malangdo","","active visible-name candidate"
"pending_review","Fast Undead","gef_d01_i","","active visible-name candidate"
"pending_review","Fastidious-Looking Guy","um_in","","active visible-name candidate"
"pending_review","Father Dames","ecl_in04","","active visible-name candidate"
"pending_review","Faucet","bra_in01","","active visible-name candidate"
"pending_review","Favorable Knit","dicastes01","","active visible-name candidate"
"pending_review","Female Researcher","que_ba","","active visible-name candidate"
"pending_review","Fenrir","1@air1|1@air2|1@mir","","active visible-name candidate"
"pending_review","Fenrith Fenrir","1@glast","","active visible-name candidate"
"pending_review","Ferocious Gorurug","mid_camp","","active visible-name candidate"
"pending_review","Ferre","1@jtb","","active visible-name candidate"
"pending_review","Festival Helper Boy","ma_fild01","","active visible-name candidate"
"pending_review","Field Bush Switch","spl_fild02","","active visible-name candidate"
"pending_review","Fili","ecl_fild01","","active visible-name candidate"
"pending_review","Filled Soul Globe","1@eom","","active visible-name candidate"
"pending_review","Find","moscovia","","active visible-name candidate"
"pending_review","Firmly Closed Gate","sp_rudus","","active visible-name candidate"
"pending_review","First Test Timer","job3_rang02","","active visible-name candidate"
"pending_review","First Young","com_d02_i","","active visible-name candidate"
"pending_review","Fisherman","ayothaya","","active visible-name candidate"
"pending_review","Flamel Emul","1@lhz","","active visible-name candidate"
"pending_review","Flasher_Exit_1","turbo_e_4|turbo_e_8|turbo_e_16|turbo_n_4|turbo_n_8|turbo_n_16|turbo_n_1","","active visible-name candidate"
"pending_review","Flasher_Exit_2","turbo_e_4|turbo_e_8|turbo_e_16|turbo_n_4|turbo_n_8|turbo_n_16|turbo_n_1","","active visible-name candidate"
"pending_review","Flavius Officer","bat_room","","active visible-name candidate"
"pending_review","Florin","lasa_fild02","","active visible-name candidate"
"pending_review","Flower Lady","prontera","","active visible-name candidate"
"pending_review","Flower Smelling Lady","mora","","active visible-name candidate"
"pending_review","Flowing Lava","1@eom","","active visible-name candidate"
"pending_review","Fluffy Gyaruk","mid_camp","","active visible-name candidate"
"pending_review","Folklorist Gudra","wolfvill","","active visible-name candidate"
"pending_review","Food Distributer","harboro1","","active visible-name candidate"
"pending_review","Fool 1","sp_cor","","active visible-name candidate"
"pending_review","Fool 2","sp_cor","","active visible-name candidate"
"pending_review","Foolish Poring","new_1-3","","active visible-name candidate"
"pending_review","Footbath","ba_bath","","active visible-name candidate"
"pending_review","Ford","geffen|mid_camp","","active visible-name candidate"
"pending_review","Forest Compass","malangdo","","active visible-name candidate"
"pending_review","Fountain","que_sign01|geffen|ba_maison","","active visible-name candidate"
"pending_review","Fountain of Wisdom","ba_bath","","active visible-name candidate"
"pending_review","Fragile Woman","tur_d04_i","","active visible-name candidate"
"pending_review","Frail Ghast","rockrdg2","","active visible-name candidate"
"pending_review","Frail Sheep","harboro1","","active visible-name candidate"
"pending_review","Frede","dicastes01|dic_in01","","active visible-name candidate"
"pending_review","Fredrik","alberta_in","","active visible-name candidate"
"pending_review","Free Knit","dicastes01","","active visible-name candidate"
"pending_review","Free Venknick","dicastes01","","active visible-name candidate"
"pending_review","Freight Manager","airport","","active visible-name candidate"
"pending_review","Fress","tra_fild01","","active visible-name candidate"
"pending_review","Friend","1@pop2","","active visible-name candidate"
"pending_review","Friend of Detective","malangdo","","active visible-name candidate"
"pending_review","Frightened Boy","malaya","","active visible-name candidate"
"pending_review","Frightened Maiden","malaya","","active visible-name candidate"
"pending_review","Frightened Trainee","iz_ac02|iz_ac02_a|iz_ac02_b|iz_ac02_c|iz_ac02_d","","active visible-name candidate"
"pending_review","Front Gate Guard","job3_guil03","","active visible-name candidate"
"pending_review","Frost Spider","1@eom","","active visible-name candidate"
"pending_review","Frozen Boy","ice_dun04","","active visible-name candidate"
"pending_review","Frozen Tree","man_fild01","","active visible-name candidate"
"pending_review","Functional Vending Machine","t_garden","","active visible-name candidate"
"pending_review","Funny Gatekeeper's Friend","niflheim","","active visible-name candidate"
"pending_review","Furnace Controller","job_gun","","active visible-name candidate"
"pending_review","Fuzzy Fuzz","xmas","","active visible-name candidate"
"pending_review","G-1 Zone","un_bk_q","","active visible-name candidate"
"pending_review","G-2 Zone","un_bk_q","","active visible-name candidate"
"pending_review","Gabriel","ba_maison","","active visible-name candidate"
"pending_review","Gaebolg","te_prtcas01|te_prt_gld","","active visible-name candidate"
"pending_review","Gardener","1@ghg","","active visible-name candidate"
"pending_review","Gate Soldier","amatsu|ama_in02","","active visible-name candidate"
"pending_review","Gatti","dew_fild01","","active visible-name candidate"
"pending_review","Gecko the Trainer","paramk","","active visible-name candidate"
"pending_review","Geffenia Warp","geffen","","active visible-name candidate"
"pending_review","Geil","morocc_in","","active visible-name candidate"
"pending_review","Gelkah","moc_para01","","active visible-name candidate"
"pending_review","Gem","gef_d01_i","","active visible-name candidate"
"pending_review","Gen Garish","gefg_cas01|gefg_cas02|gefg_cas03|gefg_cas04|gefg_cas05","","active visible-name candidate"
"pending_review","Gen. Guillaume's Aide","bat_room","","active visible-name candidate"
"pending_review","General Goods Dealer","mora","","active visible-name candidate"
"pending_review","General Store Owner","iz_ac01|iz_ac01_a|iz_ac01_b|iz_ac01_c|iz_ac01_d","","active visible-name candidate"
"pending_review","GeneratorBroadcast","1@mcd","","active visible-name candidate"
"pending_review","Geologist","verus04","","active visible-name candidate"
"pending_review","Gerard","mid_camp","","active visible-name candidate"
"pending_review","Gerbena","pub_cat","","active visible-name candidate"
"pending_review","Gergath","arug_que01|schg_que01","","active visible-name candidate"
"pending_review","Gershaun","alberta","","active visible-name candidate"
"pending_review","Gertie Wie","1@lhz","","active visible-name candidate"
"pending_review","Gheriot","payg_cas03","","active visible-name candidate"
"pending_review","Ghost","bra_in01","","active visible-name candidate"
"pending_review","Ghostfire","jupe_core2","","active visible-name candidate"
"pending_review","Gift Seller","xmas_in","","active visible-name candidate"
"pending_review","Gigantes","1@glast","","active visible-name candidate"
"pending_review","Gigantia","niflheim","","active visible-name candidate"
"pending_review","Giranni","ecl_fild01","","active visible-name candidate"
"pending_review","Glaces","eclage","","active visible-name candidate"
"pending_review","Glaring Eagle","rockrdg1","","active visible-name candidate"
"pending_review","Gloomy Teddy Bear","ein_d02_i","","active visible-name candidate"
"pending_review","Gloomy Worker","ma_scene01","","active visible-name candidate"
"pending_review","Gloria","prt_monk","","active visible-name candidate"
"pending_review","Gloria Instructor","te_prt_gld","","active visible-name candidate"
"pending_review","Gloria Training Instructor","te_prt_gld","","active visible-name candidate"
"pending_review","Gnahcher","gefg_cas01","","active visible-name candidate"
"pending_review","Goat","wolfvill|gw_fild01","","active visible-name candidate"
"pending_review","Goatie","eclage","","active visible-name candidate"
"pending_review","Gobonge","malangdo","","active visible-name candidate"
"pending_review","Gobulee","malangdo","","active visible-name candidate"
"pending_review","Gobyungee","malangdo","","active visible-name candidate"
"pending_review","Godoree","malangdo","","active visible-name candidate"
"pending_review","Gold Flame Compass","malangdo","","active visible-name candidate"
"pending_review","Golie","ecl_fild01","","active visible-name candidate"
"pending_review","Gonanee","malangdo","","active visible-name candidate"
"pending_review","Goni","1@rgsr|sp_cor","","active visible-name candidate"
"pending_review","Goods","wolfvill","","active visible-name candidate"
"pending_review","Goods Cabinet","moc_para01","","active visible-name candidate"
"pending_review","Gordon","prt_maze02","","active visible-name candidate"
"pending_review","Gosigee","malangdo","","active visible-name candidate"
"pending_review","Gourmet","dewata","","active visible-name candidate"
"pending_review","Gozangee","mal_in02","","active visible-name candidate"
"pending_review","Grandpa","ama_test","","active visible-name candidate"
"pending_review","Grandpa picking up scrap iron","verus04","","active visible-name candidate"
"pending_review","Granny","payon_in01","","active visible-name candidate"
"pending_review","Grass","gw_fild01","","active visible-name candidate"
"pending_review","Great Wizard","geffen_in","","active visible-name candidate"
"pending_review","Greenwood Lake Training Instructor","pay_gld","","active visible-name candidate"
"pending_review","Gremlin","1@air1|1@air2","","active visible-name candidate"
"pending_review","Grim Reaper Ankou","1@dth1|1@dth3|1@rev","","active visible-name candidate"
"pending_review","Grinder","rebel_in|slabw01","","active visible-name candidate"
"pending_review","Grotesque Man","que_ba","","active visible-name candidate"
"pending_review","Grotesque Woman","que_ba","","active visible-name candidate"
"pending_review","Gruffy Worker","ma_fild01","","active visible-name candidate"
"pending_review","Grumpy Worker","ma_fild01","","active visible-name candidate"
"pending_review","Guard Aello","mid_campin","","active visible-name candidate"
"pending_review","Guard Captain Avalanche","man_in01","","active visible-name candidate"
"pending_review","Guard Dog","job3_guil03","","active visible-name candidate"
"pending_review","Guard Leader","malaya","","active visible-name candidate"
"pending_review","Guard of Shadow","que_qaru01|que_qaru02|que_qaru03|que_qaru04|que_qaru05|que_qsch01|que_qsch02|que_qsch03|que_qsch04|que_qsch05","","active visible-name candidate"
"pending_review","Guard-1","jupe_ele","","active visible-name candidate"
"pending_review","Guard-2","jupe_ele","","active visible-name candidate"
"pending_review","Guard-3","jupe_ele","","active visible-name candidate"
"pending_review","Guard-4","jupe_ele","","active visible-name candidate"
"pending_review","GuardEnd","jupe_ele","","active visible-name candidate"
"pending_review","Guardian Nidhogg","moro_cav|moro_vol","","active visible-name candidate"
"pending_review","Guest","pub_cat|wolfvill","","active visible-name candidate"
"pending_review","Guest Lecturer Mayssel","iz_ac02|iz_ac02_a|iz_ac02_b|iz_ac02_c|iz_ac02_d","","active visible-name candidate"
"pending_review","Guidance for quest","malangdo","","active visible-name candidate"
"pending_review","Guide Alias","arena_room","","active visible-name candidate"
"pending_review","Guide Scarlet","verus04","","active visible-name candidate"
"pending_review","Guidev","gonryun","","active visible-name candidate"
"pending_review","Guild Master","spl_in02","","active visible-name candidate"
"pending_review","Guild Member","que_job01|in_rogue","","active visible-name candidate"
"pending_review","Guild Staff","iz_ac02|iz_ac02_a|iz_ac02_b|iz_ac02_c|iz_ac02_d","","active visible-name candidate"
"pending_review","Guildmaster","in_moc_16","","active visible-name candidate"
"pending_review","Guile Marovitz","que_job01","","active visible-name candidate"
"pending_review","Guillaume Blacksmith","bat_a01|bat_a02","","active visible-name candidate"
"pending_review","Guillaume Camp","bat_b01|bat_b02|bat_a01|bat_a02","","active visible-name candidate"
"pending_review","Guillaume Camp Soldier","bat_a01|bat_a02","","active visible-name candidate"
"pending_review","Guillaume Vintenar","bat_b01|bat_b02|bat_a01|bat_a02","","active visible-name candidate"
"pending_review","Guitar Song","xmas","","active visible-name candidate"
"pending_review","Gypsy","valkyrie","","active visible-name candidate"
"pending_review","H-0 Zone","un_bk_q","","active visible-name candidate"
"pending_review","Hagin","payon","","active visible-name candidate"
"pending_review","Hakhim","payon","","active visible-name candidate"
"pending_review","Half-buried Gem","spl_fild02|man_fild03","","active visible-name candidate"
"pending_review","Hall of Honor","turbo_room","","active visible-name candidate"
"pending_review","Hallen","airplane","","active visible-name candidate"
"pending_review","Halo","verus04","","active visible-name candidate"
"pending_review","Han Garam","payon_in03","","active visible-name candidate"
"pending_review","Han Ran Jiao","gonryun","","active visible-name candidate"
"pending_review","Hans","morocc|1@adv|paramk","","active visible-name candidate"
"pending_review","Happily Married Grandma","dewata","","active visible-name candidate"
"pending_review","Happily Married Grandpa","dewata","","active visible-name candidate"
"pending_review","Happy Cello","nif_dun01","","active visible-name candidate"
"pending_review","Harad","ba_maison","","active visible-name candidate"
"pending_review","Hardened Lava","1@eom","","active visible-name candidate"
"pending_review","Harold","har_in01","","active visible-name candidate"
"pending_review","Hat store girl","alberta","","active visible-name candidate"
"pending_review","Head Pharmacist","paramk","","active visible-name candidate"
"pending_review","Heap of Dry Soil","ice_d03_i","","active visible-name candidate"
"pending_review","Heating Furnace","job_gun","","active visible-name candidate"
"pending_review","Hedrick","prt_monk","","active visible-name candidate"
"pending_review","Heel and Toe","force_1-1","","active visible-name candidate"
"pending_review","Heimhunter","paramk","","active visible-name candidate"
"pending_review","Hein","niflheim","","active visible-name candidate"
"pending_review","Helmsman","conch_in","","active visible-name candidate"
"pending_review","Helper Pat","arena_room","","active visible-name candidate"
"pending_review","Helpful Gatekeeper","nif_dun01","","active visible-name candidate"
"pending_review","Henjinne","moro_vol","","active visible-name candidate"
"pending_review","Henry Clifford","mid_camp","","active visible-name candidate"
"pending_review","Herman Farland","harboro1","","active visible-name candidate"
"pending_review","Hermanthorn Jr","in_rogue","","active visible-name candidate"
"pending_review","Hero Token Exchanger","moro_cav","","active visible-name candidate"
"pending_review","Hibilaithan","umbala","","active visible-name candidate"
"pending_review","HiddenActivator","odin_tem01","","active visible-name candidate"
"pending_review","HiddenExplosion","lhz_dun02","","active visible-name candidate"
"pending_review","HiddenHugel","odin_tem01","","active visible-name candidate"
"pending_review","Hiding researcher","slabw01","","active visible-name candidate"
"pending_review","Hiel","ecl_in04","","active visible-name candidate"
"pending_review","High-Ranked Soldier","spl_in01","","active visible-name candidate"
"pending_review","Hilliard","harboro1","","active visible-name candidate"
"pending_review","Hillsrion","mid_camp","","active visible-name candidate"
"pending_review","Hishieh","moro_vol","","active visible-name candidate"
"pending_review","Hisie","1@ecl|ecl_tdun04|que_avan01","","active visible-name candidate"
"pending_review","Historian Magnifier","mid_camp","","active visible-name candidate"
"pending_review","Hit","moc_fild12","","active visible-name candidate"
"pending_review","Hiyares","wolfvill","","active visible-name candidate"
"pending_review","Hogar","rebel_in","","active visible-name candidate"
"pending_review","Hole","rockrdg1","","active visible-name candidate"
"pending_review","Holgren the Destroyer","1@gl_k","","active visible-name candidate"
"pending_review","Holink","malangdo","","active visible-name candidate"
"pending_review","Holy Shadow","pay_gld|payg_cas03|payon","","active visible-name candidate"
"pending_review","Horen","iz_d04_i","","active visible-name candidate"
"pending_review","Horim","oz_dun01","","active visible-name candidate"
"pending_review","Horrified Patient","1@ma_h","","active visible-name candidate"
"pending_review","Hospital Door","malaya","","active visible-name candidate"
"pending_review","Hostess","gon_in","","active visible-name candidate"
"pending_review","Hotcha","mora","","active visible-name candidate"
"pending_review","Hotel Keeper","bra_in01","","active visible-name candidate"
"pending_review","Hound","mid_campin","","active visible-name candidate"
"pending_review","Howard","har_in01","","active visible-name candidate"
"pending_review","Howard Alt-Eisen","1@lhz","","active visible-name candidate"
"pending_review","Howling Patient","1@ma_h","","active visible-name candidate"
"pending_review","Huey","1@tnm1","","active visible-name candidate"
"pending_review","Huge Vortex","e_tower","","active visible-name candidate"
"pending_review","Hugh","moro_vol","","active visible-name candidate"
"pending_review","Hugin's Follower","gl_chyard_|gl_cas02_","","active visible-name candidate"
"pending_review","Human Guinea pig","que_lhz","","active visible-name candidate"
"pending_review","Humming","mora","","active visible-name candidate"
"pending_review","Hungry Laborer","harboro1","","active visible-name candidate"
"pending_review","Hungry Trainee","iz_ac01|iz_ac01_a|iz_ac01_b|iz_ac01_c|iz_ac01_d","","active visible-name candidate"
"pending_review","Hunter Info","in_hunter","","active visible-name candidate"
"pending_review","Hunter Sherine","payon_in03","","active visible-name candidate"
"pending_review","Hunting Dept. 1 Manager","dic_in01","","active visible-name candidate"
"pending_review","Hunting Dept. 2 Manager","dic_in01","","active visible-name candidate"
"pending_review","Hwaran","paramk","","active visible-name candidate"
"pending_review","I-0 Zone","un_bk_q","","active visible-name candidate"
"pending_review","Ibrahim","moc_ruins","","active visible-name candidate"
"pending_review","Ice Cream Guy","jawaii","","active visible-name candidate"
"pending_review","Idle Knight","que_job01","","active visible-name candidate"
"pending_review","Ill Girl","prt_monk","","active visible-name candidate"
"pending_review","Ilya Lebedev","rebel_in","","active visible-name candidate"
"pending_review","Imelda","malaya","","active visible-name candidate"
"pending_review","Immigration Officer","ecl_fild01","","active visible-name candidate"
"pending_review","Immortal Brazier","1@tower","","active visible-name candidate"
"pending_review","Immortal Cursed Knight","1@sthc","","active visible-name candidate"
"pending_review","Immortal Furnace","2@tower|3@tower|4@tower","","active visible-name candidate"
"pending_review","Immortal Wind Ghost","1@sthc","","active visible-name candidate"
"pending_review","Imperial Operator","rebel_in","","active visible-name candidate"
"pending_review","Injured","wolfvill","","active visible-name candidate"
"pending_review","Injured Laphine","ecl_in02","","active visible-name candidate"
"pending_review","Injured Soldier","1@tnm1","","active visible-name candidate"
"pending_review","Inn Keeper","ma_in01","","active visible-name candidate"
"pending_review","Innkeeper","malangdo|mora|harboro1","","active visible-name candidate"
"pending_review","Inspector Doha","mid_campin","","active visible-name candidate"
"pending_review","Instructor Jakken","moro_vol","","active visible-name candidate"
"pending_review","Interior Guard","job3_guil03","","active visible-name candidate"
"pending_review","International Boarding","y_airport","","active visible-name candidate"
"pending_review","Interview Cat","mal_in01","","active visible-name candidate"
"pending_review","Intruder","2@mir","","active visible-name candidate"
"pending_review","Inventor Jaax","payon_in01","","active visible-name candidate"
"pending_review","Ipore","geffen","","active visible-name candidate"
"pending_review","Ira","1@adv","","active visible-name candidate"
"pending_review","Irene","harboro1","","active visible-name candidate"
"pending_review","Irina","moscovia","","active visible-name candidate"
"pending_review","Iris","1@air1|1@air2|1@face|1@mir","","active visible-name candidate"
"pending_review","Iromo","alberta_in","","active visible-name candidate"
"pending_review","Iromo's Mother","alberta_in","","active visible-name candidate"
"pending_review","Iron man","gonryun","","active visible-name candidate"
"pending_review","It is closed shut.","ecl_hub01","","active visible-name candidate"
"pending_review","Item Collector","alberta_in|moc_ruins|morocc","","active visible-name candidate"
"pending_review","Item Storage","dic_in01","","active visible-name candidate"
"pending_review","Ivan Ivanov","rebel_in","","active visible-name candidate"
"pending_review","J-0 Zone","un_bk_q","","active visible-name candidate"
"pending_review","Jacob","moc_ruins","","active visible-name candidate"
"pending_review","Jader","harboro1","","active visible-name candidate"
"pending_review","Jaeda","cave","","active visible-name candidate"
"pending_review","Jaguar","bra_fild01","","active visible-name candidate"
"pending_review","Jagyeom","payon_in03","","active visible-name candidate"
"pending_review","Jahbong","dic_fild01","","active visible-name candidate"
"pending_review","Jalapeno","dic_fild01","","active visible-name candidate"
"pending_review","Jan","mid_camp","","active visible-name candidate"
"pending_review","Jana Levedeva","rebel_in","","active visible-name candidate"
"pending_review","Jane","iz_d04_i","","active visible-name candidate"
"pending_review","Jar Cat","tra_fild02","","active visible-name candidate"
"pending_review","Jason","payon","","active visible-name candidate"
"pending_review","Jaty Tribe Gatekeeper","dew_fild01","","active visible-name candidate"
"pending_review","Jaty Tribe Warrior","dew_fild01","","active visible-name candidate"
"pending_review","Java Dullihan","morocc_in","","active visible-name candidate"
"pending_review","Jawaii Resident","jawaii","","active visible-name candidate"
"pending_review","Jeepney Driver","malaya","","active visible-name candidate"
"pending_review","Jeffrey","paramk","","active visible-name candidate"
"pending_review","Jeremy","malangdo","","active visible-name candidate"
"pending_review","Jeruth Hesranta","moro_vol","","active visible-name candidate"
"pending_review","Jeruth Vehanus","moro_vol","","active visible-name candidate"
"pending_review","Jesqurienne","geffen_in","","active visible-name candidate"
"pending_review","Jeyna","que_house_s","","active visible-name candidate"
"pending_review","Jhonnita","alberta","","active visible-name candidate"
"pending_review","Ji Chung Zhe","gon_in","","active visible-name candidate"
"pending_review","Jian Chung Xun","gonryun","","active visible-name candidate"
"pending_review","Jihu","payon","","active visible-name candidate"
"pending_review","Jindou","lasa_in01","","active visible-name candidate"
"pending_review","Jing Wen Zhen","gonryun","","active visible-name candidate"
"pending_review","Jiu Chi Ling","louyang","","active visible-name candidate"
"pending_review","Jiu Lian Bu","lou_fild01","","active visible-name candidate"
"pending_review","Job Repair","sec_in02","","active visible-name candidate"
"pending_review","Jody","gefg_cas01|gefg_cas02|gefg_cas03|gefg_cas04|gefg_cas05","","active visible-name candidate"
"pending_review","Johanna","paramk","","active visible-name candidate"
"pending_review","Johnny Waiker","que_ng","","active visible-name candidate"
"pending_review","Jojo","gef_d01_i","","active visible-name candidate"
"pending_review","Jonathan","que_house_s","","active visible-name candidate"
"pending_review","Jones","mora","","active visible-name candidate"
"pending_review","Juanitas","rockrdg1","","active visible-name candidate"
"pending_review","Jumpy Knight","dali","","active visible-name candidate"
"pending_review","Junk","ba_2whs02","","active visible-name candidate"
"pending_review","Juperos Manager","sec_in02","","active visible-name candidate"
"pending_review","Juslan","sp_cor","","active visible-name candidate"
"pending_review","Jyang","gefg_cas03","","active visible-name candidate"
"pending_review","K-0 Zone","un_bk_q","","active visible-name candidate"
"pending_review","Kachua's Secret Box","sec_in02","","active visible-name candidate"
"pending_review","Kafragarten Instructor","te_alde_gld","","active visible-name candidate"
"pending_review","Kafragarten Training Instructor","te_alde_gld","","active visible-name candidate"
"pending_review","Kahlamanlith","alberta_in","","active visible-name candidate"
"pending_review","Kalin","paramk","","active visible-name candidate"
"pending_review","Kalipo","dicastes01","","active visible-name candidate"
"pending_review","Kamiyu","te_prtcas02","","active visible-name candidate"
"pending_review","Karacas","gef_tower","","active visible-name candidate"
"pending_review","Kareka","dic_in01","","active visible-name candidate"
"pending_review","Karintas","rockrdg1","","active visible-name candidate"
"pending_review","Karr","wolfvill","","active visible-name candidate"
"pending_review","Karven","monk_in","","active visible-name candidate"
"pending_review","Kathryne Keyron","1@lhz","","active visible-name candidate"
"pending_review","Kaya Toss","ba_in01|ba_maison","","active visible-name candidate"
"pending_review","Kayron","niflheim","","active visible-name candidate"
"pending_review","Keedz","niflheim","","active visible-name candidate"
"pending_review","Keeper of the Door","in_moc_16","","active visible-name candidate"
"pending_review","Kekekekereurur","tra_fild02","","active visible-name candidate"
"pending_review","Kellvahni","gefg_cas04","","active visible-name candidate"
"pending_review","Ketchup","malangdo","","active visible-name candidate"
"pending_review","Khahris","ant_d02_i","","active visible-name candidate"
"pending_review","Khalitzburg Knightage","1@gl_k","","active visible-name candidate"
"pending_review","Kidnapped People","1@ma_c","","active visible-name candidate"
"pending_review","Kiehl_Room_Exit","kh_kiehl02","","active visible-name candidate"
"pending_review","Kiehl_Room_Warp","kh_mansion","","active visible-name candidate"
"pending_review","Kimchi","ba_maison","","active visible-name candidate"
"pending_review","Kimeunbang","payon","","active visible-name candidate"
"pending_review","King of a Small Country","1@air1","","active visible-name candidate"
"pending_review","King's Corpse","1@spa","","active visible-name candidate"
"pending_review","Kinsey","alberta","","active visible-name candidate"
"pending_review","Kisul","1@exsh","","active visible-name candidate"
"pending_review","Kitsune Mask","ama_in01","","active visible-name candidate"
"pending_review","Kitty","ba_maison","","active visible-name candidate"
"pending_review","Knight Aylvar","alberta","","active visible-name candidate"
"pending_review","Knight De Thomas","izlude_in","","active visible-name candidate"
"pending_review","Knights Leader","mora","","active visible-name candidate"
"pending_review","Kong","malangdo","","active visible-name candidate"
"pending_review","Kouji","amatsu","","active visible-name candidate"
"pending_review","Kruger","2@orcs","","active visible-name candidate"
"pending_review","Kuka","mal_in01","","active visible-name candidate"
"pending_review","Kulbertinov","job_gun","","active visible-name candidate"
"pending_review","Kuluna","te_prtcas01|te_aldecas1","","active visible-name candidate"
"pending_review","Kun","1@nyr|2@nyr|wolfvill","","active visible-name candidate"
"pending_review","KungKung","mal_in01","","active visible-name candidate"
"pending_review","Kunlun Envoy","gon_fild01|gonryun|alberta","","active visible-name candidate"
"pending_review","Kunmun's Remains","1@mist","","active visible-name candidate"
"pending_review","Kurbe","te_prtcas01","","active visible-name candidate"
"pending_review","Kurunnadi","payg_cas01","","active visible-name candidate"
"pending_review","Kusmi","splendide","","active visible-name candidate"
"pending_review","Kuzkahina","nif_in","","active visible-name candidate"
"pending_review","KVM Mercenary Officer","bat_room","","active visible-name candidate"
"pending_review","KVM Waiting Room","bat_room","","active visible-name candidate"
"pending_review","Kwang Saeng","1@exsh|payon","","active visible-name candidate"
"pending_review","L-1 Zone","un_bk_q","","active visible-name candidate"
"pending_review","L-2 Zone","un_bk_q","","active visible-name candidate"
"pending_review","Lab Director","que_ng","","active visible-name candidate"
"pending_review","Laboratory Administrator","verus01","","active visible-name candidate"
"pending_review","Laboratory Entrance","lhz_dun04","","active visible-name candidate"
"pending_review","Laboratory Staff","rgsr_in","","active visible-name candidate"
"pending_review","Lace La Zard","mal_in01","","active visible-name candidate"
"pending_review","Lafiki","ecl_in01","","active visible-name candidate"
"pending_review","Lamacus","1@nyr|2@nyr","","active visible-name candidate"
"pending_review","Landlord","mosk_in","","active visible-name candidate"
"pending_review","Lapelt","paramk","","active visible-name candidate"
"pending_review","Laphine Craftsman","spl_in01","","active visible-name candidate"
"pending_review","Laphine Magician","moro_vol","","active visible-name candidate"
"pending_review","Laphine official duty","ecl_in03","","active visible-name candidate"
"pending_review","Laphine Prisoner","man_in01","","active visible-name candidate"
"pending_review","Laphine Soldier","spl_in01|bif_fild01|splendide","","active visible-name candidate"
"pending_review","Laphine Staff","spl_in01","","active visible-name candidate"
"pending_review","Laphine taking notes","spl_in01","","active visible-name candidate"
"pending_review","Laphines Conversation","eclage","","active visible-name candidate"
"pending_review","Laponte","dicastes01","","active visible-name candidate"
"pending_review","Lares","te_aldecas2","","active visible-name candidate"
"pending_review","Larissa","mosk_in","","active visible-name candidate"
"pending_review","Lash","dic_dun01","","active visible-name candidate"
"pending_review","Lasis","ba_pw01|ba_in01","","active visible-name candidate"
"pending_review","Lazy Young Man","dewata","","active visible-name candidate"
"pending_review","Lea","geffen_in","","active visible-name candidate"
"pending_review","Leader","mal_in01","","active visible-name candidate"
"pending_review","Leader Gion","job_ko","","active visible-name candidate"
"pending_review","Leader Phong in Mumbaki","malaya","","active visible-name candidate"
"pending_review","LeftA-0","un_bk_q","","active visible-name candidate"
"pending_review","LeftH-0","un_bk_q","","active visible-name candidate"
"pending_review","Legendary Tree","amatsu","","active visible-name candidate"
"pending_review","Leland Wenkins","harboro1","","active visible-name candidate"
"pending_review","Lensis","ba_pw02","","active visible-name candidate"
"pending_review","Leria","paramk","","active visible-name candidate"
"pending_review","Lero","dew_fild01","","active visible-name candidate"
"pending_review","Leticia","t_garden","","active visible-name candidate"
"pending_review","Lever","jupe_area1|jupe_area2","","active visible-name candidate"
"pending_review","LeverWarp","jupe_area1|jupe_area2","","active visible-name candidate"
"pending_review","Li Min","lou_in02","","active visible-name candidate"
"pending_review","Liang Zhun Bu","gonryun","","active visible-name candidate"
"pending_review","Libs","mal_in01","","active visible-name candidate"
"pending_review","Lieutenant Ator","bat_room","","active visible-name candidate"
"pending_review","Lieutenant Eyor","bat_room","","active visible-name candidate"
"pending_review","Lieutenant Guerrit","bat_room","","active visible-name candidate"
"pending_review","Lieutenant Huvas","bat_room","","active visible-name candidate"
"pending_review","Lieutenant Kalos","bat_room","","active visible-name candidate"
"pending_review","Lieutenant Rundel","bat_room","","active visible-name candidate"
"pending_review","Lieutenant Thelokus","bat_room","","active visible-name candidate"
"pending_review","Lieutenant Yukon","bat_room","","active visible-name candidate"
"pending_review","Life Spring","6@tower","","active visible-name candidate"
"pending_review","Lightning","harboro1","","active visible-name candidate"
"pending_review","Lilitia","mora","","active visible-name candidate"
"pending_review","Lime Evenor","moc_para01","","active visible-name candidate"
"pending_review","Limpy Piom","dicastes01","","active visible-name candidate"
"pending_review","Litis","rockrdg1","","active visible-name candidate"
"pending_review","Little Curdie","que_thor","","active visible-name candidate"
"pending_review","Little Helper","1@eom","","active visible-name candidate"
"pending_review","Little Kid in Town","dewata","","active visible-name candidate"
"pending_review","Little Lecter","rockrdg1","","active visible-name candidate"
"pending_review","Little One","tra_fild02","","active visible-name candidate"
"pending_review","Live Broadcast","sec_in02","","active visible-name candidate"
"pending_review","Loading Dock Foreman","harboro1","","active visible-name candidate"
"pending_review","Lock","ba_2whs01","","active visible-name candidate"
"pending_review","Lock Device","1@tcamp","","active visible-name candidate"
"pending_review","Locked Door","1@adv","","active visible-name candidate"
"pending_review","Lodge Employee","dewata","","active visible-name candidate"
"pending_review","Lodge Owner","dewata","","active visible-name candidate"
"pending_review","Log Tunnel","bif_fild01","","active visible-name candidate"
"pending_review","Lord","lou_in01","","active visible-name candidate"
"pending_review","Lord Imuk","lasa_dun03","","active visible-name candidate"
"pending_review","Lord Knight","valkyrie","","active visible-name candidate"
"pending_review","Lord of Palace","ama_in02","","active visible-name candidate"
"pending_review","Lost Child","ma_fild01","","active visible-name candidate"
"pending_review","Lost Galten","dic_in01","","active visible-name candidate"
"pending_review","Lost Soul","6@tower","","active visible-name candidate"
"pending_review","Louis","z_agit","","active visible-name candidate"
"pending_review","Louis Greg","in_rogue","","active visible-name candidate"
"pending_review","Lucas","mid_campin","","active visible-name candidate"
"pending_review","Lucia","brasilis","","active visible-name candidate"
"pending_review","Lucid Crystal","5@tower","","active visible-name candidate"
"pending_review","Lucile","1@tnm1|1@tnm2","","active visible-name candidate"
"pending_review","Lucky Day Napeed","paramk","","active visible-name candidate"
"pending_review","Lucy","paramk","","active visible-name candidate"
"pending_review","Luik","man_in01","","active visible-name candidate"
"pending_review","Luina","ba_maison","","active visible-name candidate"
"pending_review","Lumberjack","tra_fild03","","active visible-name candidate"
"pending_review","Lune","te_prtcas01|te_aldecas1","","active visible-name candidate"
"pending_review","Lusa's Desk","iz_ac02|iz_ac02_a|iz_ac02_b|iz_ac02_c|iz_ac02_d","","active visible-name candidate"
"pending_review","Lutie Guide","xmas","","active visible-name candidate"
"pending_review","Luwmin","1@pop1|1@pop2|1@pop3","","active visible-name candidate"
"pending_review","Lv50 Waiting Room","arena_room","","active visible-name candidate"
"pending_review","Lv60 Waiting Room","arena_room","","active visible-name candidate"
"pending_review","Lv70 Waiting Room","arena_room","","active visible-name candidate"
"pending_review","Lv80 Waiting Room","arena_room","","active visible-name candidate"
"pending_review","Machie","lasa_dun01","","active visible-name candidate"
"pending_review","Machine","verus04","","active visible-name candidate"
"pending_review","Machine Remains","un_bunker","","active visible-name candidate"
"pending_review","Machine Remnant","verus03","","active visible-name candidate"
"pending_review","Machine Warehouse","un_bk_q","","active visible-name candidate"
"pending_review","Machoko","ein_d02_i","","active visible-name candidate"
"pending_review","Mad Man","niflheim","","active visible-name candidate"
"pending_review","Madam","gon_in","","active visible-name candidate"
"pending_review","Madeca","mal_in01","","active visible-name candidate"
"pending_review","Madoha","paramk","","active visible-name candidate"
"pending_review","Maelin","airplane","","active visible-name candidate"
"pending_review","Magazine Dealer Kenny","que_ng|alberta|izlude_in","","active visible-name candidate"
"pending_review","Mage Guildsman","geffen_in","","active visible-name candidate"
"pending_review","Mage Paje","brasilis","","active visible-name candidate"
"pending_review","Magenta","rebel_in|slabw01|sp_cor|ba_in01|ba_bath","","active visible-name candidate"
"pending_review","Maggi","1@uns|1@oz|verus04|verus03","","active visible-name candidate"
"pending_review","Maggi Steen","ecl_in04","","active visible-name candidate"
"pending_review","Magic Board","que_house_s","","active visible-name candidate"
"pending_review","Magic Scholar","dali|moro_vol","","active visible-name candidate"
"pending_review","Magic Scholar Armandi","ecl_in01","","active visible-name candidate"
"pending_review","Magic Scholar Dophe","moro_vol","","active visible-name candidate"
"pending_review","Magic Scholar Konpana","moro_vol","","active visible-name candidate"
"pending_review","Magic Scholar Lemony","ecl_in01","","active visible-name candidate"
"pending_review","Magic Scholar Makia","moro_vol","","active visible-name candidate"
"pending_review","Magic Sword Tartanos","1@spa","","active visible-name candidate"
"pending_review","Magic Swordman","1@tnm1|1@tnm2","","active visible-name candidate"
"pending_review","Magical Seal","2@cata","","active visible-name candidate"
"pending_review","Magiha","paramk","","active visible-name candidate"
"pending_review","Mahua Kaya","harboro1","","active visible-name candidate"
"pending_review","Maia","job_soul","","active visible-name candidate"
"pending_review","Main Computer","1@mcd","","active visible-name candidate"
"pending_review","Main Switch","1@lab","","active visible-name candidate"
"pending_review","Majya","dewata","","active visible-name candidate"
"pending_review","Mallina","te_prtcas01|te_aldecas1","","active visible-name candidate"
"pending_review","Malnourished Sheep","harboro1","","active visible-name candidate"
"pending_review","Man in hangover","gon_in","","active visible-name candidate"
"pending_review","Manager Beta Almond","ba_in01","","active visible-name candidate"
"pending_review","Manager Parayo","paramk","","active visible-name candidate"
"pending_review","Manbok","paramk","","active visible-name candidate"
"pending_review","Mancho","dic_fild01","","active visible-name candidate"
"pending_review","Manual Sheet","1@lhz","","active visible-name candidate"
"pending_review","Manuk Benknee","manuk","","active visible-name candidate"
"pending_review","Manuk Defender","moro_vol","","active visible-name candidate"
"pending_review","Manuk Guard","man_in01","","active visible-name candidate"
"pending_review","Manuk Piom","manuk|dic_in01","","active visible-name candidate"
"pending_review","Map","kh_vila","","active visible-name candidate"
"pending_review","Mara","paramk","","active visible-name candidate"
"pending_review","Margaretha Sorin","1@lhz","","active visible-name candidate"
"pending_review","Mariana","brasilis","","active visible-name candidate"
"pending_review","Marik","morocc_in","","active visible-name candidate"
"pending_review","Marina","gef_d01_i","","active visible-name candidate"
"pending_review","Mariner","jawaii","","active visible-name candidate"
"pending_review","Marjana","que_job01","","active visible-name candidate"
"pending_review","Mark Esha","ecl_in04","","active visible-name candidate"
"pending_review","Market Group Guide","paramk","","active visible-name candidate"
"pending_review","Market Group Hustler","moc_para01","","active visible-name candidate"
"pending_review","Market Guard","paramk","","active visible-name candidate"
"pending_review","Markman","rebel_in","","active visible-name candidate"
"pending_review","Markoza","eclage","","active visible-name candidate"
"pending_review","Marry Jae","pay_arche|1@md_pay","","active visible-name candidate"
"pending_review","Marta","bra_in01","","active visible-name candidate"
"pending_review","Martha","z_agit","","active visible-name candidate"
"pending_review","Marybell","in_rogue","","active visible-name candidate"
"pending_review","Masione","eclage","","active visible-name candidate"
"pending_review","Mason Bender","rebel_in","","active visible-name candidate"
"pending_review","Mass Charleston","verus04","","active visible-name candidate"
"pending_review","Master Armor Craftsman","que_ng","","active visible-name candidate"
"pending_review","Master Miller","que_ng","","active visible-name candidate"
"pending_review","Master Velofos","geffen_in","","active visible-name candidate"
"pending_review","Master Weapon Craftsman","que_ng","","active visible-name candidate"
"pending_review","Matina","paramk","","active visible-name candidate"
"pending_review","Maurice","harboro1","","active visible-name candidate"
"pending_review","Maybell","harboro1","","active visible-name candidate"
"pending_review","Maymay","rebel_in|slabw01","","active visible-name candidate"
"pending_review","Mayomayo","malangdo","","active visible-name candidate"
"pending_review","Mayor Jun Kardui","ecl_in03","","active visible-name candidate"
"pending_review","Mayshell","job3_guil01","","active visible-name candidate"
"pending_review","Maze Assistant","in_moc_16","","active visible-name candidate"
"pending_review","Mechanician Bukal","un_bk_q","","active visible-name candidate"
"pending_review","Medicine Chest","kh_vila","","active visible-name candidate"
"pending_review","Medusa","com_d02_i","","active visible-name candidate"
"pending_review","Memo","dewata","","active visible-name candidate"
"pending_review","Memorial Dungeon Expert","moc_para01","","active visible-name candidate"
"pending_review","Memory Record player","un_bk_q","","active visible-name candidate"
"pending_review","Memory Seal","thana_boss","","active visible-name candidate"
"pending_review","Mendel","airplane_01","","active visible-name candidate"
"pending_review","Mendel's Remains","1@mist","","active visible-name candidate"
"pending_review","Meowbell","malangdo","","active visible-name candidate"
"pending_review","Mercenary","ba_maison","","active visible-name candidate"
"pending_review","Merchant of Manuk","man_in01","","active visible-name candidate"
"pending_review","Merchant of Splendide","spl_in01","","active visible-name candidate"
"pending_review","Merchant Prince's Box","1@face","","active visible-name candidate"
"pending_review","Merchant's Chest","harboro1","","active visible-name candidate"
"pending_review","Merito","gef_tower","","active visible-name candidate"
"pending_review","Meshir's Remains","1@mist","","active visible-name candidate"
"pending_review","Midgard Alliance Soldier","moro_vol","","active visible-name candidate"
"pending_review","Miffy","paramk","","active visible-name candidate"
"pending_review","Mijani","ecl_in01","","active visible-name candidate"
"pending_review","Mikhail","mosk_in","","active visible-name candidate"
"pending_review","Milebit's Remains","1@mist","","active visible-name candidate"
"pending_review","Miles Wiesner","harboro1","","active visible-name candidate"
"pending_review","Mille Feuille","iz_ac01|iz_ac01_a|iz_ac01_b|iz_ac01_c|iz_ac01_d","","active visible-name candidate"
"pending_review","Milo River","rebel_in","","active visible-name candidate"
"pending_review","Minho Doh","paramk","","active visible-name candidate"
"pending_review","Minilover","force_2-1","","active visible-name candidate"
"pending_review","Missing Child","dewata","","active visible-name candidate"
"pending_review","Missing Person's Father","malaya","","active visible-name candidate"
"pending_review","Missing Person's Friend","malaya","","active visible-name candidate"
"pending_review","Mission [11 - 25]","moc_para01","","active visible-name candidate"
"pending_review","Mission [26 - 40]","moc_para01","","active visible-name candidate"
"pending_review","Mission [56 - 70]","moc_para01","","active visible-name candidate"
"pending_review","Mission [71 - 85]","moc_para01","","active visible-name candidate"
"pending_review","Mist the Hunter","paramk","","active visible-name candidate"
"pending_review","Mitchell","kh_kiehl02","","active visible-name candidate"
"pending_review","Moaning Patient","1@ma_h","","active visible-name candidate"
"pending_review","Molar","ba_in01|ba_bath","","active visible-name candidate"
"pending_review","Moltuka","dicastes01","","active visible-name candidate"
"pending_review","Momotoro Publisher","amatsu","","active visible-name candidate"
"pending_review","Mona's Garden","1@mist","","active visible-name candidate"
"pending_review","Mona's Garden Tree","1@mist","","active visible-name candidate"
"pending_review","Monitoring room","un_bk_q","","active visible-name candidate"
"pending_review","Monster Controler","arug_dun01|schg_dun01","","active visible-name candidate"
"pending_review","Monster Controler1","arug_dun01|schg_dun01","","active visible-name candidate"
"pending_review","Monster Summon","job_cru","","active visible-name candidate"
"pending_review","Mora Chef","mora","","active visible-name candidate"
"pending_review","Mora Villager","mora","","active visible-name candidate"
"pending_review","Morana Rudel","rebel_in","","active visible-name candidate"
"pending_review","Moreng","eclage","","active visible-name candidate"
"pending_review","Morin","te_prtcas01|te_aldecas1","","active visible-name candidate"
"pending_review","Morning","sp_rudus","","active visible-name candidate"
"pending_review","Morocc GlobalVar Admin","sec_in02|moc_fild21","","active visible-name candidate"
"pending_review","Morocc Lord Knight","1@tnm3","","active visible-name candidate"
"pending_review","Morocc Necromancer","1@rev","","active visible-name candidate"
"pending_review","Morocc Villager","morocc","","active visible-name candidate"
"pending_review","Mortimer","harboro1","","active visible-name candidate"
"pending_review","Moscovia P.R. Officer","alberta","","active visible-name candidate"
"pending_review","Mother Rosa","ecl_in04","","active visible-name candidate"
"pending_review","Mr. Jun","ayothaya","","active visible-name candidate"
"pending_review","Mr. Kidd","mid_camp|que_dan02","","active visible-name candidate"
"pending_review","Mrs. Cacturon","rockrdg1","","active visible-name candidate"
"pending_review","Muetro","morocc","","active visible-name candidate"
"pending_review","Muka Tree","job3_gen01","","active visible-name candidate"
"pending_review","Mum","dewata","","active visible-name candidate"
"pending_review","Mummy_Generator","job_prist","","active visible-name candidate"
"pending_review","Murah","ecl_in01","","active visible-name candidate"
"pending_review","Murdered Yggdrasilid","1@nyd","","active visible-name candidate"
"pending_review","Mushroom","gef_d01_i","","active visible-name candidate"
"pending_review","Mutated Corpse","que_dan02","","active visible-name candidate"
"pending_review","Mutilated Corpse","que_dan02","","active visible-name candidate"
"pending_review","Mysterious Device","un_bunker","","active visible-name candidate"
"pending_review","Mysterious Documents","dic_in01","","active visible-name candidate"
"pending_review","Mysterious Flower","1@mist|bif_fild01","","active visible-name candidate"
"pending_review","Mysterious Rock","man_fild01|man_fild03|man_fild02","","active visible-name candidate"
"pending_review","Mysterious Sunflower","arug_cas01|arug_cas02|arug_cas03|arug_cas04|arug_cas05|schg_cas01|schg_cas02|schg_cas03|schg_cas04|schg_cas05","","active visible-name candidate"
"pending_review","Mysterious Young Man","1@mist","","active visible-name candidate"
"pending_review","Mystic Lady","payon_in01","","active visible-name candidate"
"pending_review","Nahari","harboro1","","active visible-name candidate"
"pending_review","Nain","izlude_in","","active visible-name candidate"
"pending_review","Naizar's Remains","1@mist","","active visible-name candidate"
"pending_review","Nameless Catacomb","gef_d01_i","","active visible-name candidate"
"pending_review","Nameless Spring","ba_bath","","active visible-name candidate"
"pending_review","Namon's Garden","1@mist","","active visible-name candidate"
"pending_review","Namon's Garden Tree","1@mist","","active visible-name candidate"
"pending_review","Nanhyang","payon_in03","","active visible-name candidate"
"pending_review","Nasarin","te_prtcas01|te_aldecas1","","active visible-name candidate"
"pending_review","Native","umbala","","active visible-name candidate"
"pending_review","Native Warrior","bra_fild01","","active visible-name candidate"
"pending_review","Neat Crew","mal_in02","","active visible-name candidate"
"pending_review","Neat Etorr","man_in01","","active visible-name candidate"
"pending_review","Need","ba_maison","","active visible-name candidate"
"pending_review","Neighborhood Grandmother","tra_fild01","","active visible-name candidate"
"pending_review","Neko Neko","payon","","active visible-name candidate"
"pending_review","Nelsha","paramk","","active visible-name candidate"
"pending_review","New Oz","ecl_tdun03","","active visible-name candidate"
"pending_review","New Oz Image","sec_in02","","active visible-name candidate"
"pending_review","Newoz","1@mcd|1@jtb","","active visible-name candidate"
"pending_review","Nia","geffen","","active visible-name candidate"
"pending_review","Nice Looking Gun","rebel_in","","active visible-name candidate"
"pending_review","Nick","iz_d04_i","","active visible-name candidate"
"pending_review","Nidhoggur Manager","sec_in02","","active visible-name candidate"
"pending_review","Nidhoggur Training Instructor","sch_gld","","active visible-name candidate"
"pending_review","Nils","airplane_01","","active visible-name candidate"
"pending_review","Nine Oranges","tra_fild01","","active visible-name candidate"
"pending_review","Nine Tail Spirit","payon_in03","","active visible-name candidate"
"pending_review","Nios","arug_cas04","","active visible-name candidate"
"pending_review","NOBJ_mob","bat_a01|bat_a02","","active visible-name candidate"
"pending_review","Noirit's Remains","1@mist","","active visible-name candidate"
"pending_review","Noisy Machine","malangdo","","active visible-name candidate"
"pending_review","Noisy Trainee","iz_ac02|iz_ac02_a|iz_ac02_b|iz_ac02_c|iz_ac02_d","","active visible-name candidate"
"pending_review","Nono","ba_maison","","active visible-name candidate"
"pending_review","Normal mode - 16 person","turbo_room","","active visible-name candidate"
"pending_review","Normal mode - 4 person","turbo_room","","active visible-name candidate"
"pending_review","Normal mode - 8 person","turbo_room","","active visible-name candidate"
"pending_review","Normal Mode Record","turbo_room","","active visible-name candidate"
"pending_review","Normal Yai","eclage","","active visible-name candidate"
"pending_review","Notice Board","malangdo","","active visible-name candidate"
"pending_review","Nudor","airplane","","active visible-name candidate"
"pending_review","Nurse Lapplad","un_bk_q","","active visible-name candidate"
"pending_review","Nydhog","1@ecl","","active visible-name candidate"
"pending_review","Octus","force_4-1","","active visible-name candidate"
"pending_review","Odd Novice","iz_ac01|iz_ac01_a|iz_ac01_b|iz_ac01_c|iz_ac01_d","","active visible-name candidate"
"pending_review","Off Limits","un_bk_q","","active visible-name candidate"
"pending_review","Oha","wolfvill","","active visible-name candidate"
"pending_review","Old Fortune Teller","malaya","","active visible-name candidate"
"pending_review","Old Legend Teller","malaya","","active visible-name candidate"
"pending_review","Old Man Nardo","malaya","","active visible-name candidate"
"pending_review","Old Man's Granddaughter","malaya","","active visible-name candidate"
"pending_review","Old milestone","gw_fild01","","active visible-name candidate"
"pending_review","Old scholar","moc_para01","","active visible-name candidate"
"pending_review","Old Sign","dali","","active visible-name candidate"
"pending_review","Open Book","que_house_s","","active visible-name candidate"
"pending_review","Open Manhole","bra_in01","","active visible-name candidate"
"pending_review","Opened Book","job3_gen01","","active visible-name candidate"
"pending_review","Optamara Crew","alberta|malaya","","active visible-name candidate"
"pending_review","Orb of Seal","ice_d03_i","","active visible-name candidate"
"pending_review","Orc Hero","in_orcs01","","active visible-name candidate"
"pending_review","Orc Lady","in_orcs01","","active visible-name candidate"
"pending_review","Ore Researcher","rgsr_in","","active visible-name candidate"
"pending_review","Organized food tray","un_bunker","","active visible-name candidate"
"pending_review","Orian","tur_d03_i","","active visible-name candidate"
"pending_review","Ornate Door","1@adv","","active visible-name candidate"
"pending_review","Oscar","1@rgsr","","active visible-name candidate"
"pending_review","Otter Samssoon","iz_ac01|iz_ac01_a|iz_ac01_b|iz_ac01_c|iz_ac01_d","","active visible-name candidate"
"pending_review","Otto","mid_camp","","active visible-name candidate"
"pending_review","Packaged Present","1@xm_d","","active visible-name candidate"
"pending_review","Pajama God's Remains","1@mist","","active visible-name candidate"
"pending_review","Palm Tree","dew_fild01","","active visible-name candidate"
"pending_review","Pambo","ecl_in02","","active visible-name candidate"
"pending_review","Pando","wolfvill","","active visible-name candidate"
"pending_review","Panel","paramk","","active visible-name candidate"
"pending_review","Panna","lasa_dun02","","active visible-name candidate"
"pending_review","Part-Timer","s_atelier","","active visible-name candidate"
"pending_review","Party Leader","dali","","active visible-name candidate"
"pending_review","Party Member","dali","","active visible-name candidate"
"pending_review","Party Recruiting Expert","moc_para01","","active visible-name candidate"
"pending_review","Passed out Drunkard","1@air1|1@air2","","active visible-name candidate"
"pending_review","Passed Out Patient","1@ma_h","","active visible-name candidate"
"pending_review","Passenger","conch_in","","active visible-name candidate"
"pending_review","Patient in Cold Sweat","1@ma_h","","active visible-name candidate"
"pending_review","Patient in Pain","1@ma_h","","active visible-name candidate"
"pending_review","Patient in Sorrow","1@ma_h","","active visible-name candidate"
"pending_review","Patient with Nightmare","1@ma_h","","active visible-name candidate"
"pending_review","Patrol Leader","malangdo","","active visible-name candidate"
"pending_review","Payon Soldier","pay_arche","","active visible-name candidate"
"pending_review","Peco","wolfvill","","active visible-name candidate"
"pending_review","Pedro","brasilis","","active visible-name candidate"
"pending_review","Performance Manager","xmas","","active visible-name candidate"
"pending_review","Perishing Blessing Assistant","moro_vol","","active visible-name candidate"
"pending_review","Perishing blessing society","verus04","","active visible-name candidate"
"pending_review","Pet Breeder","mid_camp","","active visible-name candidate"
"pending_review","Pet child","1@slw","","active visible-name candidate"
"pending_review","Philofontes","pub_cat|ba_in01","","active visible-name candidate"
"pending_review","Phoenix","payon_in01","","active visible-name candidate"
"pending_review","Phrenetan","um_in","","active visible-name candidate"
"pending_review","Piamette","que_qaru01|que_qaru02|que_qaru03|que_qaru04|que_qaru05|que_qsch01|que_qsch02|que_qsch03|que_qsch04|que_qsch05","","active visible-name candidate"
"pending_review","Piano","nif_dun01","","active visible-name candidate"
"pending_review","Piece of crack","sec_in02","","active visible-name candidate"
"pending_review","Pile of gunpowder","1@swat","","active visible-name candidate"
"pending_review","Pile of Stone","payon","","active visible-name candidate"
"pending_review","Pilot","airplane|airplane_01","","active visible-name candidate"
"pending_review","Pintados Manager","ma_fild01","","active visible-name candidate"
"pending_review","Pion","sp_rudus3","","active visible-name candidate"
"pending_review","Pipielle","malangdo","","active visible-name candidate"
"pending_review","Pisaro","te_prtcas05","","active visible-name candidate"
"pending_review","Pitt","mora","","active visible-name candidate"
"pending_review","Plant Guide","job3_gen01","","active visible-name candidate"
"pending_review","Pleasant-Featured Lady","niflheim","","active visible-name candidate"
"pending_review","Pleur","prt_maze02","","active visible-name candidate"
"pending_review","Poby","dew_fild01","","active visible-name candidate"
"pending_review","Police Officer Gerev","verus03","","active visible-name candidate"
"pending_review","Police Officer Seiden","verus03","","active visible-name candidate"
"pending_review","Pomegranate","paramk","","active visible-name candidate"
"pending_review","Pompe","eclage","","active visible-name candidate"
"pending_review","Ponox","arena_room","","active visible-name candidate"
"pending_review","Pool","kh_vila","","active visible-name candidate"
"pending_review","Poppa","dewata","","active visible-name candidate"
"pending_review","Porcelain Doll Craftsman","ein_d02_i","","active visible-name candidate"
"pending_review","Poring","poring_w01|brasilis","","active visible-name candidate"
"pending_review","Poring Vending Machine","poring_w01","","active visible-name candidate"
"pending_review","Port Malaya Villager","malaya","","active visible-name candidate"
"pending_review","Portal","tur_d03_i","","active visible-name candidate"
"pending_review","Portali","malangdo","","active visible-name candidate"
"pending_review","Portnias","harboro1","","active visible-name candidate"
"pending_review","Post","mid_camp","","active visible-name candidate"
"pending_review","Pot","kh_vila|lou_in02","","active visible-name candidate"
"pending_review","Powerful Flame Energy","thor_v01","","active visible-name candidate"
"pending_review","Powerful Fossil Energy","ein_dun02","","active visible-name candidate"
"pending_review","Powerful Glacier Energy","ice_dun03","","active visible-name candidate"
"pending_review","Powerful Lava Energy","thor_v02","","active visible-name candidate"
"pending_review","Powerful Storm Energy","gon_dun02","","active visible-name candidate"
"pending_review","Pretty Lindsay","xmas","","active visible-name candidate"
"pending_review","Priest Gardron","monk_in","","active visible-name candidate"
"pending_review","Prince Croix's Aide","bat_room","","active visible-name candidate"
"pending_review","Private Officer","2@nyr","","active visible-name candidate"
"pending_review","Professor Aide","sec_in02","","active visible-name candidate"
"pending_review","Professor Worm","ecl_tdun04","","active visible-name candidate"
"pending_review","Prok","lasa_fild02","","active visible-name candidate"
"pending_review","Prop Vending Machine","job_gun","","active visible-name candidate"
"pending_review","Pub Owner","mosk_in","","active visible-name candidate"
"pending_review","Public Security Officer","morocc_in","","active visible-name candidate"
"pending_review","Puddle","bif_fild02","","active visible-name candidate"
"pending_review","Pumba's Garden","1@mist","","active visible-name candidate"
"pending_review","Pumba's Garden Tree","1@mist","","active visible-name candidate"
"pending_review","Puppy","bra_fild01|1@pop2","","active visible-name candidate"
"pending_review","Pura","dicastes01","","active visible-name candidate"
"pending_review","Puraim","ayo_fild01","","active visible-name candidate"
"pending_review","Purification Admin","nyd_dun02","","active visible-name candidate"
"pending_review","Purification Stone","e_tower|nyd_dun02","","active visible-name candidate"
"pending_review","Purifier","splendide","","active visible-name candidate"
"pending_review","Qian Yuen Shuang","gonryun","","active visible-name candidate"
"pending_review","Quest Temple Exit","que_rachel","","active visible-name candidate"
"pending_review","Quiet Cello","nif_dun01","","active visible-name candidate"
"pending_review","Quiet Maya","ant_d02_i","","active visible-name candidate"
"pending_review","Quite Trainee","iz_ac02|iz_ac02_a|iz_ac02_b|iz_ac02_c|iz_ac02_d","","active visible-name candidate"
"pending_review","R. Jaty Tribe Warrior","dew_fild01","","active visible-name candidate"
"pending_review","R.Knight Job Manager","sec_in02","","active visible-name candidate"
"pending_review","Rachel Smith","rebel_in","","active visible-name candidate"
"pending_review","Raffle Guide","mora","","active visible-name candidate"
"pending_review","Raffle Philosopher","mora","","active visible-name candidate"
"pending_review","Raffle Researcher","mora","","active visible-name candidate"
"pending_review","Ragged Man","morocc","","active visible-name candidate"
"pending_review","Ragi","moc_para01","","active visible-name candidate"
"pending_review","Ragie","iz_ac02|iz_ac02_a|iz_ac02_b|iz_ac02_c|iz_ac02_d","","active visible-name candidate"
"pending_review","Rahoul","paramk","","active visible-name candidate"
"pending_review","Rancorous Ghost","tur_d04_i","","active visible-name candidate"
"pending_review","Randel Lawrence","1@lhz","","active visible-name candidate"
"pending_review","Rare Herb Collector","job3_guil01","","active visible-name candidate"
"pending_review","Rayan","que_job01|que_dan01","","active visible-name candidate"
"pending_review","Rebellion","1@cor|1@bamn|sp_cor|rebel_in|ba_maison|ba_in01","","active visible-name candidate"
"pending_review","Rebellion Accessories","prontera","","active visible-name candidate"
"pending_review","Rebellion guard","rebel_in","","active visible-name candidate"
"pending_review","Rebellion Guard leader","rebel_in","","active visible-name candidate"
"pending_review","Rebellion leader","rebel_in","","active visible-name candidate"
"pending_review","Rebellion squadder","que_swat","","active visible-name candidate"
"pending_review","Rebellion Squadder","rebel_in","","active visible-name candidate"
"pending_review","Rebellion Weapons","prontera","","active visible-name candidate"
"pending_review","Receiver","kh_kiehl01","","active visible-name candidate"
"pending_review","Receptionist","ecl_in02","","active visible-name candidate"
"pending_review","Receptionist Brink","mid_campin","","active visible-name candidate"
"pending_review","Record player","verus04","","active visible-name candidate"
"pending_review","Recorder","conch_in","","active visible-name candidate"
"pending_review","Red Flame Compass","malangdo","","active visible-name candidate"
"pending_review","Red Flower","moro_cav","","active visible-name candidate"
"pending_review","Red Pipe","harboro2","","active visible-name candidate"
"pending_review","Redcell","wolfvill","","active visible-name candidate"
"pending_review","Refinement Tools","job_ko","","active visible-name candidate"
"pending_review","Reinforced Energy","1@cor","","active visible-name candidate"
"pending_review","Rekenber Mercenary","ver_eju","","active visible-name candidate"
"pending_review","Rekenber Scholar","verus03","","active visible-name candidate"
"pending_review","Rekenber Senior Guard","pub_cat","","active visible-name candidate"
"pending_review","Rekenber technician","verus03","","active visible-name candidate"
"pending_review","Relaxing Traveler","mora","","active visible-name candidate"
"pending_review","Release all","bat_b01|bat_b02|bat_a01|bat_a02","","active visible-name candidate"
"pending_review","Remi's Garden","1@mist","","active visible-name candidate"
"pending_review","Remi's Garden Tree","1@mist","","active visible-name candidate"
"pending_review","Reno","moc_para01","","active visible-name candidate"
"pending_review","Renovated Amdarais","1@mir","","active visible-name candidate"
"pending_review","Rental Manager","te_alde_gld|te_prt_gld","","active visible-name candidate"
"pending_review","Renzak","job3_guil03","","active visible-name candidate"
"pending_review","Repeater","1@bamn|ba_maison","","active visible-name candidate"
"pending_review","Replication Expert Paltu","ecl_in01","","active visible-name candidate"
"pending_review","Research Report","1@rgsr","","active visible-name candidate"
"pending_review","Researcher Grum","un_bk_q","","active visible-name candidate"
"pending_review","Residence entrance","eclage","","active visible-name candidate"
"pending_review","Residence exit","ecl_in04","","active visible-name candidate"
"pending_review","Restauranteur","dewata","","active visible-name candidate"
"pending_review","Resting Galten","dic_in01","","active visible-name candidate"
"pending_review","Resting Laphine","spl_in01|ecl_in03","","active visible-name candidate"
"pending_review","Resting Piom","dic_in01|dicastes01","","active visible-name candidate"
"pending_review","Restrained Specimen","1@rgsr","","active visible-name candidate"
"pending_review","Retired Rebellion","pub_cat","","active visible-name candidate"
"pending_review","Reward Coordinator","morocc","","active visible-name candidate"
"pending_review","Reyghema","niflheim","","active visible-name candidate"
"pending_review","RightA-0","un_bk_q","","active visible-name candidate"
"pending_review","RightH-0","un_bk_q","","active visible-name candidate"
"pending_review","Rin","que_job01|que_dan01","","active visible-name candidate"
"pending_review","Ripped Cabus","payon","","active visible-name candidate"
"pending_review","Robots","kh_kiehl01","","active visible-name candidate"
"pending_review","Rock Pile","dic_fild02","","active visible-name candidate"
"pending_review","Rock Ridge Tiger","harboro1","","active visible-name candidate"
"pending_review","Roel","moc_para01|1@jtb","","active visible-name candidate"
"pending_review","Rogue","morocc_in","","active visible-name candidate"
"pending_review","Rogue Guildsman","in_rogue","","active visible-name candidate"
"pending_review","Rohtert","moc_para01","","active visible-name candidate"
"pending_review","Romel","malaya","","active visible-name candidate"
"pending_review","Ron Haware","gefg_cas01|gefg_cas02|gefg_cas03|gefg_cas04|gefg_cas05","","active visible-name candidate"
"pending_review","Ron's Garden","1@mist","","active visible-name candidate"
"pending_review","Ron's Garden Tree","1@mist","","active visible-name candidate"
"pending_review","Rondo","mora","","active visible-name candidate"
"pending_review","Room of Earth","job_wiz","","active visible-name candidate"
"pending_review","Room of Fire","job_wiz","","active visible-name candidate"
"pending_review","Room of Water","job_wiz","","active visible-name candidate"
"pending_review","Rosco Richie","harboro1","","active visible-name candidate"
"pending_review","Rose","dic_dun02","","active visible-name candidate"
"pending_review","Rosemary Weber","harboro1","","active visible-name candidate"
"pending_review","Rosi","ecl_tdun02","","active visible-name candidate"
"pending_review","Rotar Zairo","1@air1|1@air2","","active visible-name candidate"
"pending_review","Roter","1@jtb","","active visible-name candidate"
"pending_review","Rotten","rebel_in","","active visible-name candidate"
"pending_review","Rover's Garden","1@mist","","active visible-name candidate"
"pending_review","Rover's Garden Tree","1@mist","","active visible-name candidate"
"pending_review","Row","mal_in01","","active visible-name candidate"
"pending_review","Roytanen","rockrdg1","","active visible-name candidate"
"pending_review","Rubina Adler","harboro1","","active visible-name candidate"
"pending_review","Rune Furnace","job3_rune01","","active visible-name candidate"
"pending_review","Rune Knight Lunarea","job3_rune01|job3_rune02","","active visible-name candidate"
"pending_review","Rune Knight Renoa","job3_rune02","","active visible-name candidate"
"pending_review","Rune Knight Sage Guard","mid_camp","","active visible-name candidate"
"pending_review","Rune Knight, Renoa","job3_rune01","","active visible-name candidate"
"pending_review","Rune-Midgarts Knight","moro_vol","","active visible-name candidate"
"pending_review","Rune-Midgarts Magician","mid_camp","","active visible-name candidate"
"pending_review","Runes and Rune Knights","job3_rune01","","active visible-name candidate"
"pending_review","Runes, Make & Use","job3_rune01","","active visible-name candidate"
"pending_review","Ruthless Rebellion","job_gun","","active visible-name candidate"
"pending_review","Rwella","ant_d02_i","","active visible-name candidate"
"pending_review","Ryoson","moro_vol","","active visible-name candidate"
"pending_review","Ryubaba","moscovia","","active visible-name candidate"
"pending_review","Sack Merchant","ecl_in01","","active visible-name candidate"
"pending_review","Sacred Altar","pay_gld|payg_cas04|payon","","active visible-name candidate"
"pending_review","Sad Neoron's Garden","1@mist","","active visible-name candidate"
"pending_review","Sad Neoron's Garden Tree","1@mist","","active visible-name candidate"
"pending_review","Sade","morocc_in","","active visible-name candidate"
"pending_review","Sage","mosk_fild02","","active visible-name candidate"
"pending_review","Sage Kasyapa","dew_in01","","active visible-name candidate"
"pending_review","Sage Serpeone","mid_camp","","active visible-name candidate"
"pending_review","Sakray","1@spa","","active visible-name candidate"
"pending_review","Sales Manager","pub_cat","","active visible-name candidate"
"pending_review","Sammy","harboro1","","active visible-name candidate"
"pending_review","Samuel","mal_in02","","active visible-name candidate"
"pending_review","Sand Mound","dali02|moro_vol","","active visible-name candidate"
"pending_review","Sand Trap","malaya","","active visible-name candidate"
"pending_review","Sapha from Manuk","mid_campin","","active visible-name candidate"
"pending_review","Sara Irene","1@sara","","active visible-name candidate"
"pending_review","Sarah","1@mir","","active visible-name candidate"
"pending_review","Sarah Irene","1@glast","","active visible-name candidate"
"pending_review","Sarah Irene's alter ego","1@glast","","active visible-name candidate"
"pending_review","Sarana","wolfvill","","active visible-name candidate"
"pending_review","Sarr","dewata","","active visible-name candidate"
"pending_review","Satan Broadcast","moc_fild21","","active visible-name candidate"
"pending_review","Satan Summon","moc_fild21","","active visible-name candidate"
"pending_review","Satana","alberta_in","","active visible-name candidate"
"pending_review","Scania","wolfvill","","active visible-name candidate"
"pending_review","Scaraba Dungeon Entrance","sec_in02","","active visible-name candidate"
"pending_review","Scared Artificer","harboro1","","active visible-name candidate"
"pending_review","Scared researcher","slabw01","","active visible-name candidate"
"pending_review","Scarlet Palace","pay_gld|payg_cas02|payon","","active visible-name candidate"
"pending_review","Scary Man","in_rogue","","active visible-name candidate"
"pending_review","Scattered Documents","1@rgsr","","active visible-name candidate"
"pending_review","Scattered Stuff","job3_gen01","","active visible-name candidate"
"pending_review","Scholar Chunghae","pay_d03_i","","active visible-name candidate"
"pending_review","Scholarship Trainee","iz_ac01|iz_ac01_a|iz_ac01_b|iz_ac01_c|iz_ac01_d","","active visible-name candidate"
"pending_review","School of Fish","spl_fild02|mid_camp|spl_fild03|spl_fild01","","active visible-name candidate"
"pending_review","Schulang","1@adv|2@nyr","","active visible-name candidate"
"pending_review","Schwarzwald Elite","moro_vol","","active visible-name candidate"
"pending_review","Schwarzwald Mechanic","mid_camp","","active visible-name candidate"
"pending_review","Scout","moro_vol|sp_cor","","active visible-name candidate"
"pending_review","Scrap Metal Collector","harboro1","","active visible-name candidate"
"pending_review","Screaming Patient","1@ma_h","","active visible-name candidate"
"pending_review","Search Team","sp_cor","","active visible-name candidate"
"pending_review","Seashell","mal_in02","","active visible-name candidate"
"pending_review","Second Test Timer","job3_rang02","","active visible-name candidate"
"pending_review","Second Young","com_d02_i","","active visible-name candidate"
"pending_review","Secret Adjutant","dic_in01","","active visible-name candidate"
"pending_review","Secret Wing Researcher","sp_rudus4","","active visible-name candidate"
"pending_review","Security device","1@slw","","active visible-name candidate"
"pending_review","Security Device","2@nyr","","active visible-name candidate"
"pending_review","Seichi","mal_in01","","active visible-name candidate"
"pending_review","Seil","wolfvill","","active visible-name candidate"
"pending_review","Seisner","pay_arche","","active visible-name candidate"
"pending_review","Semangat's Wife","dewata","","active visible-name candidate"
"pending_review","Senior","rebel_in","","active visible-name candidate"
"pending_review","Senior Tracker","moro_cav","","active visible-name candidate"
"pending_review","Sentimental Worker","ma_scene01","","active visible-name candidate"
"pending_review","Sentinel","dicastes01|sp_cor","","active visible-name candidate"
"pending_review","Sepulchral Merchant","in_moc_16","","active visible-name candidate"
"pending_review","Serin","que_sign01","","active visible-name candidate"
"pending_review","Serious Contrabass","nif_dun01","","active visible-name candidate"
"pending_review","Serious Venknicka","dic_in01","","active visible-name candidate"
"pending_review","Seth","geffen","","active visible-name candidate"
"pending_review","Settler","dewata","","active visible-name candidate"
"pending_review","Seyren Windsor","1@slw|1@lhz","","active visible-name candidate"
"pending_review","Shadow Blacksmith","itemmall","","active visible-name candidate"
"pending_review","Shalosh","1@mcd","","active visible-name candidate"
"pending_review","Shaloshi","1@jtb","","active visible-name candidate"
"pending_review","Shanina","wolfvill","","active visible-name candidate"
"pending_review","Sharp Eyed Man","mora","","active visible-name candidate"
"pending_review","Sharp-Looking Boy","morocc","","active visible-name candidate"
"pending_review","Sharp-Looking Kid","morocc","","active visible-name candidate"
"pending_review","Shay","dic_in01","","active visible-name candidate"
"pending_review","Sheep","wolfvill","","active visible-name candidate"
"pending_review","Shelf","kh_rossi","","active visible-name candidate"
"pending_review","Shenime","1@ecl","","active visible-name candidate"
"pending_review","Shepherdess","mosk_fild02","","active visible-name candidate"
"pending_review","Sheshin","ant_d02_i","","active visible-name candidate"
"pending_review","Shimmer","com_d02_i","","active visible-name candidate"
"pending_review","Shining Mushroom","gef_d01_i","","active visible-name candidate"
"pending_review","Ship Pillar","mal_in02","","active visible-name candidate"
"pending_review","Shul","eclage","","active visible-name candidate"
"pending_review","Shurank","izlude_in","","active visible-name candidate"
"pending_review","Sick Looking Patient","1@ma_h","","active visible-name candidate"
"pending_review","Siege Master","moc_para01","","active visible-name candidate"
"pending_review","Sight","job_ko","","active visible-name candidate"
"pending_review","Sightseer","dewata","","active visible-name candidate"
"pending_review","Silent Gatekeeper","nif_dun01","","active visible-name candidate"
"pending_review","Silent Laphine","spl_in01","","active visible-name candidate"
"pending_review","Silhouette","com_d02_i","","active visible-name candidate"
"pending_review","Singing Laphine","ecl_fild01","","active visible-name candidate"
"pending_review","Singing Man","malaya","","active visible-name candidate"
"pending_review","Singing Woman","malaya","","active visible-name candidate"
"pending_review","Sipo","dewata","","active visible-name candidate"
"pending_review","Sirumsireum Teddy Bear","ein_d02_i","","active visible-name candidate"
"pending_review","Sister Margaret","prt_monk","","active visible-name candidate"
"pending_review","Siyak","dewata","","active visible-name candidate"
"pending_review","Skippy","ba_maison","","active visible-name candidate"
"pending_review","Sky Fortress Escape Warp","1@sthd","","active visible-name candidate"
"pending_review","Sky Fortress Gold Treasure","1@sthc","","active visible-name candidate"
"pending_review","Sky Fortress Treasure Box","1@sthc","","active visible-name candidate"
"pending_review","Slab","que_god01","","active visible-name candidate"
"pending_review","Sleek Harp","nif_dun01","","active visible-name candidate"
"pending_review","Sleep Talking Ghost","nif_dun02","","active visible-name candidate"
"pending_review","Slipslowrun","force_1-2","","active visible-name candidate"
"pending_review","Small Fairy","spl_fild02","","active visible-name candidate"
"pending_review","Small Hole","sp_rudus|bif_fild02","","active visible-name candidate"
"pending_review","Small Shrine","dewata","","active visible-name candidate"
"pending_review","Smart Elly","ba_in01","","active visible-name candidate"
"pending_review","Sniper","valkyrie","","active visible-name candidate"
"pending_review","Snoring Ghost","nif_dun02","","active visible-name candidate"
"pending_review","Snorren","nyd_dun01|man_in01","","active visible-name candidate"
"pending_review","Sobok the Cook","paramk","","active visible-name candidate"
"pending_review","Soldier Junghee","pay_d03_i","","active visible-name candidate"
"pending_review","Soldier's Corpse","1@spa","","active visible-name candidate"
"pending_review","Solo Mode","turbo_room","","active visible-name candidate"
"pending_review","Someone's Dream","gef_d01_i","","active visible-name candidate"
"pending_review","Something","amicitia1","","active visible-name candidate"
"pending_review","Sorita Doritas","rebel_in","","active visible-name candidate"
"pending_review","Soul Guide","mora","","active visible-name candidate"
"pending_review","Soul Linker Var","sec_in02","","active visible-name candidate"
"pending_review","Soy","xmas","","active visible-name candidate"
"pending_review","Spatial coordinate probe","for_dun01|for_dun02","","active visible-name candidate"
"pending_review","Special Equipment Researcher","rgsr_in","","active visible-name candidate"
"pending_review","Special Force commander","rebel_in","","active visible-name candidate"
"pending_review","Special Vending Machine","malangdo","","active visible-name candidate"
"pending_review","Spectator's Entrance","pvp_room","","active visible-name candidate"
"pending_review","Speed Racer 1","harboro1","","active visible-name candidate"
"pending_review","Speed Racer 2","harboro1","","active visible-name candidate"
"pending_review","Spiera","ba_in01","","active visible-name candidate"
"pending_review","Spike","moc_para01","","active visible-name candidate"
"pending_review","Spiteful-Looking Bard","morocc_in","","active visible-name candidate"
"pending_review","Splendide Guard","spl_in01","","active visible-name candidate"
"pending_review","Split Earth","dic_fild02","","active visible-name candidate"
"pending_review","Spotty","harboro1","","active visible-name candidate"
"pending_review","Spyder's Garden","1@mist","","active visible-name candidate"
"pending_review","Spyder's Garden Tree","1@mist","","active visible-name candidate"
"pending_review","Stacked Boxes of Goods","dic_dun01","","active visible-name candidate"
"pending_review","Stacked Magazines","job3_gen01","","active visible-name candidate"
"pending_review","Staff Officer Abidal","mid_campin","","active visible-name candidate"
"pending_review","Staff Rust","job3_rang02","","active visible-name candidate"
"pending_review","Start","que_ng","","active visible-name candidate"
"pending_review","Steel Vigilante","harboro1","","active visible-name candidate"
"pending_review","Stefan.J.E.Wolf","1@sthb|1@sthd","","active visible-name candidate"
"pending_review","Steven","ein_d02_i","","active visible-name candidate"
"pending_review","Steward Aydin","iz_ac02|iz_ac02_a|iz_ac02_b|iz_ac02_c|iz_ac02_d","","active visible-name candidate"
"pending_review","Sticky Grass","job3_gen01","","active visible-name candidate"
"pending_review","Stone Gargoyle","1@glast","","active visible-name candidate"
"pending_review","Storekeeper","malangdo","","active visible-name candidate"
"pending_review","Strange Automatic Doll","ba_maison","","active visible-name candidate"
"pending_review","Strange Boy","1@eom","","active visible-name candidate"
"pending_review","Strange crack","1@gl_k","","active visible-name candidate"
"pending_review","Strange Device","nyd_dun02","","active visible-name candidate"
"pending_review","Strange Kid","brasilis","","active visible-name candidate"
"pending_review","Strange Machine","izlude_in","","active visible-name candidate"
"pending_review","Strange Pile of Sand","malangdo","","active visible-name candidate"
"pending_review","Strange Young Man","1@eom","","active visible-name candidate"
"pending_review","Stranger","nyd_dun02|gonryun","","active visible-name candidate"
"pending_review","Stranger Cello","nif_dun01","","active visible-name candidate"
"pending_review","Strasse","rebel_in","","active visible-name candidate"
"pending_review","Stray Dog","harboro1","","active visible-name candidate"
"pending_review","Strewn paper","verus02","","active visible-name candidate"
"pending_review","Strong Looking Man","payon","","active visible-name candidate"
"pending_review","Studying Officer","lou_in02","","active visible-name candidate"
"pending_review","Suffering Patient","1@ma_h","","active visible-name candidate"
"pending_review","Suhnbi","payon","","active visible-name candidate"
"pending_review","Summon Fake","job_ko","","active visible-name candidate"
"pending_review","Summon Monster","job3_rang02","","active visible-name candidate"
"pending_review","Summon Target","job_ko","","active visible-name candidate"
"pending_review","Summoner","gon_test|job_cru","","active visible-name candidate"
"pending_review","Sundries Merchant","dali","","active visible-name candidate"
"pending_review","Sunrin","iz_d04_i","","active visible-name candidate"
"pending_review","Super Cultivator","job3_gen01","","active visible-name candidate"
"pending_review","Supply Dept. 1 Manager","dic_in01","","active visible-name candidate"
"pending_review","Supply Dept. 2 Manager","dic_in01","","active visible-name candidate"
"pending_review","Supply Stack","lou_in02","","active visible-name candidate"
"pending_review","Sushi Master","ama_in01","","active visible-name candidate"
"pending_review","Suspicious bookshelf","slabw01","","active visible-name candidate"
"pending_review","Suspicious cabinet","slabw01","","active visible-name candidate"
"pending_review","Suspicious Creature","1@ecl","","active visible-name candidate"
"pending_review","Suspicious desk","slabw01","","active visible-name candidate"
"pending_review","Suspicious Device","1@os_b","","active visible-name candidate"
"pending_review","Suspicious Evidence","sp_rudus","","active visible-name candidate"
"pending_review","Suspicious gap","slabw01","","active visible-name candidate"
"pending_review","Suspicious Gunslinger","job_gun","","active visible-name candidate"
"pending_review","Suspicious instrument","1@swat","","active visible-name candidate"
"pending_review","Suspicious Mound","1@face","","active visible-name candidate"
"pending_review","Suspicious Piom","dic_in01","","active visible-name candidate"
"pending_review","Suspicious Sand Mound","rockrdg1","","active visible-name candidate"
"pending_review","Suspicious Sand Pile","malangdo","","active visible-name candidate"
"pending_review","Suspicious test tube","slabw01","","active visible-name candidate"
"pending_review","Suspicious trash can","slabw01","","active visible-name candidate"
"pending_review","Suspicious Wooden Stick","ma_dun01|malaya","","active visible-name candidate"
"pending_review","Suspious Dealer","malangdo","","active visible-name candidate"
"pending_review","Svery","eclage","","active visible-name candidate"
"pending_review","Sweet Married Couple","dewata","","active visible-name candidate"
"pending_review","Sweety","ba_in01","","active visible-name candidate"
"pending_review","Swift Scorpion","rockrdg1","","active visible-name candidate"
"pending_review","Switch On","jupe_ele_r","","active visible-name candidate"
"pending_review","Sword Hilt","kh_vila","","active visible-name candidate"
"pending_review","Swordman","izlude_in","","active visible-name candidate"
"pending_review","Swordsman Shimizu","airplane_01","","active visible-name candidate"
"pending_review","Syeil","wolfvill","","active visible-name candidate"
"pending_review","Tabezthan","um_in","","active visible-name candidate"
"pending_review","Table","kh_rossi","","active visible-name candidate"
"pending_review","Tailing of Kafragarten","te_alde_gld","","active visible-name candidate"
"pending_review","Talah","malaya","","active visible-name candidate"
"pending_review","Talkative Piom","dic_in01","","active visible-name candidate"
"pending_review","Talpiz","payon","","active visible-name candidate"
"pending_review","Tamer Tete","paramk","","active visible-name candidate"
"pending_review","Taneska","rockrdg1","","active visible-name candidate"
"pending_review","Tao","que_job01","","active visible-name candidate"
"pending_review","Tartufi","lasa_dun_q|lasa_dun03","","active visible-name candidate"
"pending_review","Tasty","ba_maison","","active visible-name candidate"
"pending_review","Tatacho","mid_camp","","active visible-name candidate"
"pending_review","Tato","eclage","","active visible-name candidate"
"pending_review","Tattooist","ma_fild01","","active visible-name candidate"
"pending_review","Tazaar's Remains","1@mist","","active visible-name candidate"
"pending_review","TE Potion Merchant","te_prt_gld|te_alde_gld","","active visible-name candidate"
"pending_review","Teleport Cat No.1","ecl_fild01","","active visible-name candidate"
"pending_review","Teleport Cat No.2","bif_fild02","","active visible-name candidate"
"pending_review","Teleport Cat No.3","spl_fild02","","active visible-name candidate"
"pending_review","Teleport Cat No.4","mid_camp","","active visible-name candidate"
"pending_review","Teleport Cat No.5","man_fild02","","active visible-name candidate"
"pending_review","Teleport Cat No.6","dic_fild01","","active visible-name candidate"
"pending_review","Temple Guard","1@nyr|2@nyr","","active visible-name candidate"
"pending_review","Temple Keeper","que_qaru01|que_qaru02|que_qaru03|que_qaru04|que_qaru05|que_qsch01|que_qsch02|que_qsch03|que_qsch04|que_qsch05","","active visible-name candidate"
"pending_review","Temporary Clinic","un_bk_q","","active visible-name candidate"
"pending_review","Terra","spl_in02","","active visible-name candidate"
"pending_review","Terrian","prt_fild01","","active visible-name candidate"
"pending_review","Tes","sp_cor","","active visible-name candidate"
"pending_review","Test Guide","in_moc_16|sec_in02","","active visible-name candidate"
"pending_review","Test Tube","kh_vila","","active visible-name candidate"
"pending_review","Test Waiting Room","job3_rang01","","active visible-name candidate"
"pending_review","Testing Table","job3_gen01","","active visible-name candidate"
"pending_review","Tete's Garden","1@mist","","active visible-name candidate"
"pending_review","Tete's Garden Tree","1@mist","","active visible-name candidate"
"pending_review","The chamber of magic","job3_war01","","active visible-name candidate"
"pending_review","The Gardeners' Tree","1@mist","","active visible-name candidate"
"pending_review","The gaze of Devries","job3_gen01","","active visible-name candidate"
"pending_review","The Main Altar","2@cata","","active visible-name candidate"
"pending_review","The Principles of Runes","job3_rune01","","active visible-name candidate"
"pending_review","Theore","mid_camp","","active visible-name candidate"
"pending_review","Theore Set Guid","sec_in02","","active visible-name candidate"
"pending_review","Therapist","iz_ac01|iz_ac01_a|iz_ac01_b|iz_ac01_c|iz_ac01_d","","active visible-name candidate"
"pending_review","Thick Wire","1@os_b","","active visible-name candidate"
"pending_review","Thicket","verus04|un_bunker","","active visible-name candidate"
"pending_review","Thief Guildsman","moc_prydb1","","active visible-name candidate"
"pending_review","Thief Trainer","moc_ruins","","active visible-name candidate"
"pending_review","Third Test Timer","job3_rang02","","active visible-name candidate"
"pending_review","Third Young","com_d02_i","","active visible-name candidate"
"pending_review","Thongpool","ayothaya","","active visible-name candidate"
"pending_review","Thor Greg","in_rogue","","active visible-name candidate"
"pending_review","Thrann","paramk","","active visible-name candidate"
"pending_review","Thrilled Piom","dic_in01","","active visible-name candidate"
"pending_review","Thunder","harboro1","","active visible-name candidate"
"pending_review","Tierra Gorge Officer","bat_room","","active visible-name candidate"
"pending_review","Time-Space Gap Guard","moc_ruins","","active visible-name candidate"
"pending_review","TimeOut","jupe_ele","","active visible-name candidate"
"pending_review","Timer","job_knt|job_soul","","active visible-name candidate"
"pending_review","Tired Guest","pub_cat","","active visible-name candidate"
"pending_review","Tired Piom","dic_in01","","active visible-name candidate"
"pending_review","Tired Rem's Garden","1@mist","","active visible-name candidate"
"pending_review","Tired Rem's Garden Tree","1@mist","","active visible-name candidate"
"pending_review","Tired-looking Fairy","splendide","","active visible-name candidate"
"pending_review","Tito's Garden","1@mist","","active visible-name candidate"
"pending_review","Tito's Garden Tree","1@mist","","active visible-name candidate"
"pending_review","Toilet","bra_in01","","active visible-name candidate"
"pending_review","Tom's Garden","1@mist","","active visible-name candidate"
"pending_review","Tom's Garden Tree","1@mist","","active visible-name candidate"
"pending_review","Tomas","mal_in02","","active visible-name candidate"
"pending_review","Tomba's Garden","1@mist","","active visible-name candidate"
"pending_review","Tomba's Garden Tree","1@mist","","active visible-name candidate"
"pending_review","Tommy","moc_ruins|rebel_in|slabw01|sp_cor","","active visible-name candidate"
"pending_review","Tool","harboro2","","active visible-name candidate"
"pending_review","Tool Dealer Myo","malangdo","","active visible-name candidate"
"pending_review","Toshu","que_ng","","active visible-name candidate"
"pending_review","Tott","rebel_in","","active visible-name candidate"
"pending_review","Toucan","bra_fild01","","active visible-name candidate"
"pending_review","Touha","prt_monk","","active visible-name candidate"
"pending_review","Tower Protection Stone","e_tower","","active visible-name candidate"
"pending_review","Town Warp","ma_zif01|ma_zif02|ma_zif03|ma_zif04|ma_zif05|ma_zif06|ma_zif07|ma_zif08|ma_zif09","","active visible-name candidate"
"pending_review","Townsfolk","1@pop2","","active visible-name candidate"
"pending_review","Toy Dealer","prt_in","","active visible-name candidate"
"pending_review","Trace of Battle","moc_fild12|moc_fild11|moc_fild17|moc_fild18","","active visible-name candidate"
"pending_review","Traces of Fire","harboro2","","active visible-name candidate"
"pending_review","Trading Merchant","alberta_in|izlude_in","","active visible-name candidate"
"pending_review","Tragis","dicastes01","","active visible-name candidate"
"pending_review","Trainee","louyang|morocc_in|rebel_in","","active visible-name candidate"
"pending_review","Trainer Mainz","iz_ac01|iz_ac01_a|iz_ac01_b|iz_ac01_c|iz_ac01_d","","active visible-name candidate"
"pending_review","Training Ground Warehouse Soldier","tra_fild01|tra_fild02|tra_fild03","","active visible-name candidate"
"pending_review","Translator Preparation","mid_camp","","active visible-name candidate"
"pending_review","Transport Cart","wolfvill","","active visible-name candidate"
"pending_review","Transport Dept. 1 Mgr","dic_in01","","active visible-name candidate"
"pending_review","Transport Dept. 2 Mgr","dic_in01","","active visible-name candidate"
"pending_review","Transport Device","mid_camp|moc_fild22b|bif_fild01|dic_fild02","","active visible-name candidate"
"pending_review","Transportation Executive Ernon","un_bk_q","","active visible-name candidate"
"pending_review","Trap Set","gw_fild01","","active visible-name candidate"
"pending_review","Travel Guide","dewata","","active visible-name candidate"
"pending_review","Traveler Chiba","ecl_in01","","active visible-name candidate"
"pending_review","Traveler Fome","ecl_in01","","active visible-name candidate"
"pending_review","Traveler Ichack","dicastes01","","active visible-name candidate"
"pending_review","Traveler Litrip","ecl_in01","","active visible-name candidate"
"pending_review","Traveller","dali02","","active visible-name candidate"
"pending_review","Tree Giant","man_fild03","","active visible-name candidate"
"pending_review","Trentini","1@lhz","","active visible-name candidate"
"pending_review","Tribal Chief Paiko","dew_in01","","active visible-name candidate"
"pending_review","Tribe Blacksmith","ma_fild01","","active visible-name candidate"
"pending_review","Tribe Manager","dew_fild01","","active visible-name candidate"
"pending_review","Trunk of a Tree","nyd_dun01","","active visible-name candidate"
"pending_review","Tsaihokin's Remains","1@mist","","active visible-name candidate"
"pending_review","Tuar's Remains","1@mist","","active visible-name candidate"
"pending_review","Turbo Track Merchant","turbo_room","","active visible-name candidate"
"pending_review","Turtle Island Scholar","alberta","","active visible-name candidate"
"pending_review","Tutorial Goal","moc_para01","","active visible-name candidate"
"pending_review","Twisted God","1@adv","","active visible-name candidate"
"pending_review","Tyler","dic_dun01","","active visible-name candidate"
"pending_review","Type_**Dree","1@lhz","","active visible-name candidate"
"pending_review","Type_**Gren","1@lhz","","active visible-name candidate"
"pending_review","Type_**Roke","1@lhz","","active visible-name candidate"
"pending_review","Tyrant's Throne","6@tower","","active visible-name candidate"
"pending_review","Umbala Kid","airplane","","active visible-name candidate"
"pending_review","Umbala Lady","airplane","","active visible-name candidate"
"pending_review","Umbala Man","airplane","","active visible-name candidate"
"pending_review","Umpokoriohtan","um_in","","active visible-name candidate"
"pending_review","Undead","gef_d01_i","","active visible-name candidate"
"pending_review","Undead Chicken","nif_in","","active visible-name candidate"
"pending_review","Undead Familiar","nif_in","","active visible-name candidate"
"pending_review","Under desk","un_bunker","","active visible-name candidate"
"pending_review","Underground Passage","harboro1|harboro2","","active visible-name candidate"
"pending_review","Uneet","mal_in01","","active visible-name candidate"
"pending_review","Unidentified Creature","ma_fild01|ma_fild02|ma_scene01","","active visible-name candidate"
"pending_review","Unknown Trace","ma_fild02","","active visible-name candidate"
"pending_review","Unmoving Freight Train","rockrdg1","","active visible-name candidate"
"pending_review","Unskilled Poring","new_1-3","","active visible-name candidate"
"pending_review","Utan Boy","umbala","","active visible-name candidate"
"pending_review","Utan Chief","um_in","","active visible-name candidate"
"pending_review","Utan Kid","umbala","","active visible-name candidate"
"pending_review","Utan Man","umbala","","active visible-name candidate"
"pending_review","Utan Shaman","um_in","","active visible-name candidate"
"pending_review","Vagrant Cain","xmas","","active visible-name candidate"
"pending_review","Valerian","te_aldecas3","","active visible-name candidate"
"pending_review","Valfreyja Training Instructor","aru_gld","","active visible-name candidate"
"pending_review","Valiant Knight","p_track02","","active visible-name candidate"
"pending_review","Valkyrie","que_god02|himinn|job3_arch01|job3_arch02","","active visible-name candidate"
"pending_review","Valkyrie Anguhilde","job3_arch02","","active visible-name candidate"
"pending_review","Valve","1@lhz|ba_bath","","active visible-name candidate"
"pending_review","Vanessa","que_ng","","active visible-name candidate"
"pending_review","Varmundt's Ghost","2@gl_k","","active visible-name candidate"
"pending_review","Vassili Grandpapa","moscovia","","active visible-name candidate"
"pending_review","Vat","payon","","active visible-name candidate"
"pending_review","Veiner","prt_monk","","active visible-name candidate"
"pending_review","Vending Machine","xmas","","active visible-name candidate"
"pending_review","Vending Machine Man","xmas","","active visible-name candidate"
"pending_review","Venknick","dic_in01","","active visible-name candidate"
"pending_review","Ventilation Window","mal_in02","","active visible-name candidate"
"pending_review","Vers","gefg_cas01|gefg_cas02|gefg_cas03|gefg_cas04|gefg_cas05","","active visible-name candidate"
"pending_review","Very Suspious Dealer","malangdo","","active visible-name candidate"
"pending_review","Vice President","pub_cat","","active visible-name candidate"
"pending_review","Vicious Dog","kh_vila","","active visible-name candidate"
"pending_review","Victor","mosk_in","","active visible-name candidate"
"pending_review","Vidblainn","schg_cas03|sch_gld","","active visible-name candidate"
"pending_review","Vigilante Chef","lasa_in01","","active visible-name candidate"
"pending_review","Villa Employee","1@adv","","active visible-name candidate"
"pending_review","Village","tra_fild01","","active visible-name candidate"
"pending_review","Village Boy","wolfvill","","active visible-name candidate"
"pending_review","Village Chief","malaya","","active visible-name candidate"
"pending_review","Village child","wolfvill","","active visible-name candidate"
"pending_review","Village Man","malaya","","active visible-name candidate"
"pending_review","Village Soap","com_d02_i","","active visible-name candidate"
"pending_review","Village Woman","malaya","","active visible-name candidate"
"pending_review","Vintenar","bat_b01|bat_b02","","active visible-name candidate"
"pending_review","Viorel","job3_gen01|que_house_s","","active visible-name candidate"
"pending_review","Visiting Prince","1@spa","","active visible-name candidate"
"pending_review","Vitata","ant_d02_i","","active visible-name candidate"
"pending_review","Vrid","1@dth1|1@dth3","","active visible-name candidate"
"pending_review","W of Kafragarten","te_alde_gld","","active visible-name candidate"
"pending_review","Wainatan","um_in","","active visible-name candidate"
"pending_review","Waiting Galten","dic_in01","","active visible-name candidate"
"pending_review","Walking Knit","dicastes01","","active visible-name candidate"
"pending_review","Wall","kh_vila","","active visible-name candidate"
"pending_review","Wall with a Drawing","que_ng","","active visible-name candidate"
"pending_review","Waltboughst","niflheim","","active visible-name candidate"
"pending_review","Walter Greenwald","harboro1","","active visible-name candidate"
"pending_review","Wanderer Doram","harboro1","","active visible-name candidate"
"pending_review","Wandering Mind","lhz_dun_n|lhz_d_n2","","active visible-name candidate"
"pending_review","Wandering Old Man","moro_cav","","active visible-name candidate"
"pending_review","Wanted Sign","mid_camp","","active visible-name candidate"
"pending_review","Warao","ecl_fild01","","active visible-name candidate"
"pending_review","Warehouse Manager","mora","","active visible-name candidate"
"pending_review","Warning","job3_gen01","","active visible-name candidate"
"pending_review","Watchtower","1@tcamp","","active visible-name candidate"
"pending_review","Water barrel","wolfvill","","active visible-name candidate"
"pending_review","Watering Laphine","ecl_fild01","","active visible-name candidate"
"pending_review","Way out of Palace","1@spa","","active visible-name candidate"
"pending_review","Weakened Morocc","1@rev","","active visible-name candidate"
"pending_review","Wealthy man at a meal","1@air1|1@air2","","active visible-name candidate"
"pending_review","Wealthy-looking Merchant","alberta_in","","active visible-name candidate"
"pending_review","Weapon Researcher","rgsr_in","","active visible-name candidate"
"pending_review","Weapons Expert BK","moc_para01","","active visible-name candidate"
"pending_review","Weird piece","un_myst","","active visible-name candidate"
"pending_review","Welch","harboro1","","active visible-name candidate"
"pending_review","Well-side Maiden","amatsu","","active visible-name candidate"
"pending_review","Wet Firewood","mid_camp","","active visible-name candidate"
"pending_review","White Bear","ein_d02_i","","active visible-name candidate"
"pending_review","White Dog","gef_tower","","active visible-name candidate"
"pending_review","White Knight","1@gl_k","","active visible-name candidate"
"pending_review","White Pipe","harboro2","","active visible-name candidate"
"pending_review","White Teddy Bear","ein_d02_i","","active visible-name candidate"
"pending_review","Whiteberry","paramk","","active visible-name candidate"
"pending_review","Wilde","pub_cat","","active visible-name candidate"
"pending_review","Wilfred Sagan","harboro1","","active visible-name candidate"
"pending_review","William","morocc","","active visible-name candidate"
"pending_review","Wind Ghost in Experiment","1@sthc","","active visible-name candidate"
"pending_review","Window-shopper","paramk","","active visible-name candidate"
"pending_review","Windsor Benedict","job_knt","","active visible-name candidate"
"pending_review","Winner Helper","turbo_e_4|turbo_e_8|turbo_e_16|turbo_n_4|turbo_n_8|turbo_n_16","","active visible-name candidate"
"pending_review","Wise Bull Horn","payon","","active visible-name candidate"
"pending_review","Wish Maiden","que_qaru01|que_qaru02|que_qaru03|que_qaru04|que_qaru05|que_qsch01|que_qsch02|que_qsch03|que_qsch04|que_qsch05","","active visible-name candidate"
"pending_review","Wishing Kid","dewata","","active visible-name candidate"
"pending_review","Wizard","gef_d01_i","","active visible-name candidate"
"pending_review","Wizard Guildsman","gef_tower","","active visible-name candidate"
"pending_review","Wola","payon_in03","","active visible-name candidate"
"pending_review","Wolfchev","1@lhz","","active visible-name candidate"
"pending_review","Woof-grrr","mora","","active visible-name candidate"
"pending_review","World Tree Yggdrasil","2@nyd","","active visible-name candidate"
"pending_review","Worried Mother","moscovia","","active visible-name candidate"
"pending_review","Worried Piom","dic_in01","","active visible-name candidate"
"pending_review","Worry","ba_maison","","active visible-name candidate"
"pending_review","Wounded Rafflesia","mora","","active visible-name candidate"
"pending_review","Wriggling Patient","1@ma_h","","active visible-name candidate"
"pending_review","Wuhari","eclage","","active visible-name candidate"
"pending_review","Wutapoa","eclage","","active visible-name candidate"
"pending_review","Wywern","1@air1|1@air2","","active visible-name candidate"
"pending_review","Xenophon","alberta_in","","active visible-name candidate"
"pending_review","Yayula","payg_cas01|payg_cas02|payg_cas03|payg_cas04|payg_cas05","","active visible-name candidate"
"pending_review","Yecheon","ba_in01","","active visible-name candidate"
"pending_review","Yehsus","arug_cas03","","active visible-name candidate"
"pending_review","Yellow Pipe","harboro2","","active visible-name candidate"
"pending_review","Yellow Seed","moro_cav","","active visible-name candidate"
"pending_review","Yeoncheong","ba_in01","","active visible-name candidate"
"pending_review","Yggdrasil Gatekeeper","nyd_dun02","","active visible-name candidate"
"pending_review","Yggdrasil Lookalike","moro_cav","","active visible-name candidate"
"pending_review","YongYong","mal_in01","","active visible-name candidate"
"pending_review","Yopi","1@nyr|2@nyr|wolfvill","","active visible-name candidate"
"pending_review","Yotang","gonryun","","active visible-name candidate"
"pending_review","Young Lady","dewata","","active visible-name candidate"
"pending_review","Young Rebellion","rebel_in","","active visible-name candidate"
"pending_review","Young Tattooist","ma_fild01","","active visible-name candidate"
"pending_review","Young Villager","manuk","","active visible-name candidate"
"pending_review","Yu Jiu Xia","gon_in","","active visible-name candidate"
"pending_review","Yube","eclage|ecl_in04","","active visible-name candidate"
"pending_review","Yudmil","que_swat","","active visible-name candidate"
"pending_review","Yulma","pub_cat","","active visible-name candidate"
"pending_review","Yumenes","arug_cas02","","active visible-name candidate"
"pending_review","Yunas","ba_maison","","active visible-name candidate"
"pending_review","Yuslan","que_swat","","active visible-name candidate"
"pending_review","Z-0 Zone","un_bk_q","","active visible-name candidate"
"pending_review","Z-1 Zone","un_bk_q","","active visible-name candidate"
"pending_review","Z-2 Zone","un_bk_q","","active visible-name candidate"
"pending_review","Zaka","morocc","","active visible-name candidate"
"pending_review","Zebedee","harboro1","","active visible-name candidate"
"pending_review","Zeith","1@dth1|1@dth3","","active visible-name candidate"
"pending_review","Zen","wolfvill","","active visible-name candidate"
"pending_review","Zephet","paramk","","active visible-name candidate"
"pending_review","Zerta","airplane","","active visible-name candidate"
"pending_review","Zhed","que_temsky|1@nyr","","active visible-name candidate"
"pending_review","Zlan","wolfvill","","active visible-name candidate"
"pending_review","Zone C-0 Facilities man","un_bk_q","","active visible-name candidate"
"pending_review","Zone F-1 Facilities man","un_bk_q","","active visible-name candidate"
"pending_review","Zone F-2 Facilities man","un_bk_q","","active visible-name candidate"
"pending_review","Zone I-0 Facilities man","un_bk_q","","active visible-name candidate"
"pending_review","Zone Z-0 Facilities man","un_bk_q","","active visible-name candidate"
