repo	path	output_path	unit_count	translated_count	skipped_count	incomplete_count	line_delta	warning_count	status
client	applications/api/api.html	client/applications/api/api.html	1	1	0	0	0	0	已合并
client	applications/browser-examples/api-effectiewer-popup.html	client/applications/browser-examples/api-effectiewer-popup.html	1	1	0	0	0	0	已合并
client	applications/browser-examples/api-effectviewer-frame.html	client/applications/browser-examples/api-effectviewer-frame.html	1	1	0	0	0	0	已合并
client	applications/browser-examples/api-grfviewer-frame.html	client/applications/browser-examples/api-grfviewer-frame.html	1	1	0	0	0	0	已合并
client	applications/browser-examples/api-grfviewer-popup.html	client/applications/browser-examples/api-grfviewer-popup.html	1	1	0	0	0	0	已合并
client	applications/browser-examples/api-mapviewer-frame.html	client/applications/browser-examples/api-mapviewer-frame.html	1	1	0	0	-8	0	需复核
client	applications/browser-examples/api-mapviewer-popup.html	client/applications/browser-examples/api-mapviewer-popup.html	1	1	0	0	0	0	已合并
client	applications/browser-examples/api-modelviewer-frame.html	client/applications/browser-examples/api-modelviewer-frame.html	1	1	0	0	0	0	已合并
client	applications/browser-examples/api-modelviewer-popup.html	client/applications/browser-examples/api-modelviewer-popup.html	1	1	0	0	0	0	已合并
client	applications/browser-examples/api-online-frame.html	client/applications/browser-examples/api-online-frame.html	1	1	0	0	0	0	已合并
client	applications/browser-examples/api-online-popup.html	client/applications/browser-examples/api-online-popup.html	1	1	0	0	0	0	已合并
client	applications/browser-examples/api-strviewer-frame.html	client/applications/browser-examples/api-strviewer-frame.html	1	1	0	0	0	0	已合并
client	applications/browser-examples/api-strviewer-popup.html	client/applications/browser-examples/api-strviewer-popup.html	1	1	0	0	0	0	已合并
client	applications/browser-examples/demo.html	client/applications/browser-examples/demo.html	1	1	0	0	0	0	已合并
client	applications/electron/index.html	client/applications/electron/index.html	1	1	0	0	0	0	已合并
client	applications/pwa/Config.happyro.js	client/applications/pwa/Config.happyro.js	1	1	0	0	0	0	已合并
client	applications/pwa/index.html	client/applications/pwa/index.html	1	1	0	0	0	0	已合并
client	src/App/GrfViewer.js	client/src/App/GrfViewer.js	1	1	0	0	0	0	已合并
client	src/App/Online.js	client/src/App/Online.js	1	1	0	0	0	0	已合并
client	src/Controls/EntityControl.js	client/src/Controls/EntityControl.js	2	1	1	0	0	0	已合并
client	src/Controls/ProcessCommand.js	client/src/Controls/ProcessCommand.js	3	2	1	0	0	1	需复核
client	src/Controls/ScreenShot.js	client/src/Controls/ScreenShot.js	1	1	0	0	0	1	需复核
client	src/Core/Client.js	client/src/Core/Client.js	1	1	0	0	0	0	已合并
client	src/DB/DBManager.js	client/src/DB/DBManager.js	16	4	12	0	0	0	已合并
client	src/DB/Items/HatTable.js	client/src/DB/Items/HatTable.js	5	1	4	0	0	0	已合并
client	src/DB/Items/ItemRandomOptionTable.js	client/src/DB/Items/ItemRandomOptionTable.js	1	1	0	0	0	0	已合并
client	src/DB/Items/RobeTable.js	client/src/DB/Items/RobeTable.js	1	1	0	0	0	1	需复核
client	src/DB/Jobs/JobNameTable.js	client/src/DB/Jobs/JobNameTable.js	1	1	0	0	0	1	需复核
client	src/DB/Map/MapTable.js	client/src/DB/Map/MapTable.js	17	14	3	0	0	0	已合并
client	src/DB/Map/WorldMap.js	client/src/DB/Map/WorldMap.js	5	5	0	0	0	0	已合并
client	src/DB/Monsters/MonsterNameTable.js	client/src/DB/Monsters/MonsterNameTable.js	5	5	0	0	0	0	已合并
client	src/DB/Monsters/MonsterTable.js	client/src/DB/Monsters/MonsterTable.js	8	1	7	0	0	0	已合并
client	src/DB/Skills/SkillInfo.js	client/src/DB/Skills/SkillInfo.js	28	21	7	0	0	0	已合并
client	src/DB/Status/StatusInfo.js	client/src/DB/Status/StatusInfo.js	7	7	0	0	0	0	已合并
client	src/DB/TownInfo.js	client/src/DB/TownInfo.js	3	3	0	0	0	0	已合并
client	src/Engine/CharEngine.js	client/src/Engine/CharEngine.js	2	1	1	0	0	0	已合并
client	src/Engine/GameEngine.js	client/src/Engine/GameEngine.js	1	1	0	0	0	0	已合并
client	src/Engine/MapEngine/Captcha.js	client/src/Engine/MapEngine/Captcha.js	1	1	0	0	0	0	已合并
client	src/Engine/MapEngine/Entity.js	client/src/Engine/MapEngine/Entity.js	6	2	4	0	0	0	已合并
client	src/Engine/MapEngine/Friends.js	client/src/Engine/MapEngine/Friends.js	1	1	0	0	0	0	已合并
client	src/Engine/MapEngine/Guild.js	client/src/Engine/MapEngine/Guild.js	3	1	2	0	0	0	已合并
client	src/Engine/MapEngine/Main.js	client/src/Engine/MapEngine/Main.js	3	1	2	0	0	0	已合并
client	src/Engine/MapEngine/PrivateMessage.js	client/src/Engine/MapEngine/PrivateMessage.js	1	1	0	0	0	0	已合并
client	src/Loaders/MapLoader.js	client/src/Loaders/MapLoader.js	2	1	1	0	-1	1	需复核
client	src/Renderer/Renderer.js	client/src/Renderer/Renderer.js	1	1	0	0	0	0	已合并
client	src/UI/Components/Achievement/Achievement.html	client/src/UI/Components/Achievement/Achievement.html	1	1	0	0	0	0	已合并
client	src/UI/Components/Achievement/Achievement.js	client/src/UI/Components/Achievement/Achievement.js	2	1	1	0	0	0	已合并
client	src/UI/Components/BasicInfo/BasicInfoV0/BasicInfoV0.html	client/src/UI/Components/BasicInfo/BasicInfoV0/BasicInfoV0.html	1	1	0	0	0	1	需复核
client	src/UI/Components/BasicInfo/BasicInfoV1/BasicInfoV1.html	client/src/UI/Components/BasicInfo/BasicInfoV1/BasicInfoV1.html	1	1	0	0	0	1	需复核
client	src/UI/Components/BasicInfo/BasicInfoV3/BasicInfoV3.html	client/src/UI/Components/BasicInfo/BasicInfoV3/BasicInfoV3.html	1	1	0	0	0	1	需复核
client	src/UI/Components/BasicInfo/BasicInfoV4/BasicInfoV4.html	client/src/UI/Components/BasicInfo/BasicInfoV4/BasicInfoV4.html	1	1	0	0	0	0	已合并
client	src/UI/Components/BasicInfo/BasicInfoV5/BasicInfoV5.html	client/src/UI/Components/BasicInfo/BasicInfoV5/BasicInfoV5.html	1	1	0	0	0	0	已合并
client	src/UI/Components/Captcha/CaptchaAnswer.html	client/src/UI/Components/Captcha/CaptchaAnswer.html	1	1	0	0	0	0	已合并
client	src/UI/Components/Captcha/CaptchaAnswer.js	client/src/UI/Components/Captcha/CaptchaAnswer.js	1	1	0	0	0	0	已合并
client	src/UI/Components/Captcha/CaptchaUpload.html	client/src/UI/Components/Captcha/CaptchaUpload.html	1	1	0	0	0	0	已合并
client	src/UI/Components/CartDecoration/CartDecoration.html	client/src/UI/Components/CartDecoration/CartDecoration.html	1	1	0	0	0	0	已合并
client	src/UI/Components/CartItems/CartItems.html	client/src/UI/Components/CartItems/CartItems.html	1	1	0	0	0	0	已合并
client	src/UI/Components/CashShop/CashShop.html	client/src/UI/Components/CashShop/CashShop.html	1	1	0	0	0	0	已合并
client	src/UI/Components/CashShop/CashShop.js	client/src/UI/Components/CashShop/CashShop.js	3	1	2	0	0	0	已合并
client	src/UI/Components/ChangeCart/ChangeCart.html	client/src/UI/Components/ChangeCart/ChangeCart.html	1	1	0	0	0	0	已合并
client	src/UI/Components/CharCreate/CharCreatev2/CharCreatev2.html	client/src/UI/Components/CharCreate/CharCreatev2/CharCreatev2.html	1	1	0	0	0	0	已合并
client	src/UI/Components/ChatBox/ChatBox.js	client/src/UI/Components/ChatBox/ChatBox.js	4	2	2	0	0	1	需复核
client	src/UI/Components/ChatBoxSettings/ChatBoxSettings.html	client/src/UI/Components/ChatBoxSettings/ChatBoxSettings.html	1	1	0	0	0	0	已合并
client	src/UI/Components/ChatRoom/ChatRoom.js	client/src/UI/Components/ChatRoom/ChatRoom.js	1	1	0	0	0	0	已合并
client	src/UI/Components/ChatRoomCreate/ChatRoomCreate.html	client/src/UI/Components/ChatRoomCreate/ChatRoomCreate.html	1	1	0	0	0	0	已合并
client	src/UI/Components/CheckAttendance/CheckAttendance.html	client/src/UI/Components/CheckAttendance/CheckAttendance.html	1	1	0	0	0	0	已合并
client	src/UI/Components/Clan/Clan.html	client/src/UI/Components/Clan/Clan.html	1	1	0	0	0	1	需复核
client	src/UI/Components/EffectViewer/EffectViewer.html	client/src/UI/Components/EffectViewer/EffectViewer.html	1	1	0	0	0	0	已合并
client	src/UI/Components/Emoticons/Emoticons.html	client/src/UI/Components/Emoticons/Emoticons.html	1	1	0	0	0	0	已合并
client	src/UI/Components/Enchant/Enchant.html	client/src/UI/Components/Enchant/Enchant.html	1	1	0	0	0	0	已合并
client	src/UI/Components/Enchant/Enchant.js	client/src/UI/Components/Enchant/Enchant.js	4	1	3	0	0	1	需复核
client	src/UI/Components/Equipment/EquipmentV0/EquipmentV0.html	client/src/UI/Components/Equipment/EquipmentV0/EquipmentV0.html	1	1	0	0	0	0	已合并
client	src/UI/Components/Equipment/EquipmentV1/EquipmentV1.html	client/src/UI/Components/Equipment/EquipmentV1/EquipmentV1.html	1	1	0	0	0	0	已合并
client	src/UI/Components/Equipment/EquipmentV2/EquipmentV2.html	client/src/UI/Components/Equipment/EquipmentV2/EquipmentV2.html	1	1	0	0	0	0	已合并
client	src/UI/Components/Equipment/EquipmentV3/EquipmentV3.html	client/src/UI/Components/Equipment/EquipmentV3/EquipmentV3.html	1	1	0	0	0	0	已合并
client	src/UI/Components/Equipment/EquipmentV4/EquipmentV4.html	client/src/UI/Components/Equipment/EquipmentV4/EquipmentV4.html	1	1	0	0	0	0	已合并
client	src/UI/Components/Error/Error.html	client/src/UI/Components/Error/Error.html	1	1	0	0	0	0	已合并
client	src/UI/Components/Escape/Escape.html	client/src/UI/Components/Escape/Escape.html	1	1	0	0	0	0	已合并
client	src/UI/Components/FPS/FPS.html	client/src/UI/Components/FPS/FPS.html	1	1	0	0	0	0	已合并
client	src/UI/Components/GrannyModelViewer/GrannyModelViewer.html	client/src/UI/Components/GrannyModelViewer/GrannyModelViewer.html	1	1	0	0	0	0	已合并
client	src/UI/Components/GraphicsOption/GraphicsOption.html	client/src/UI/Components/GraphicsOption/GraphicsOption.html	1	1	0	0	0	0	已合并
client	src/UI/Components/GraphicsOption/GraphicsOption.js	client/src/UI/Components/GraphicsOption/GraphicsOption.js	1	1	0	0	0	0	已合并
client	src/UI/Components/GrfViewer/GrfViewer.html	client/src/UI/Components/GrfViewer/GrfViewer.html	1	1	0	0	0	0	已合并
client	src/UI/Components/GrfViewer/GrfViewer.js	client/src/UI/Components/GrfViewer/GrfViewer.js	3	1	2	0	0	1	需复核
client	src/UI/Components/Guild/Guild.html	client/src/UI/Components/Guild/Guild.html	1	1	0	0	0	0	已合并
client	src/UI/Components/Guild/Guild.js	client/src/UI/Components/Guild/Guild.js	3	2	1	0	0	1	需复核
client	src/UI/Components/GuildCompanion/GuildCompanion.html	client/src/UI/Components/GuildCompanion/GuildCompanion.html	1	1	0	0	0	0	已合并
client	src/UI/Components/GuildCompanion/GuildCompanion.js	client/src/UI/Components/GuildCompanion/GuildCompanion.js	1	1	0	0	0	0	已合并
client	src/UI/Components/HomunInformations/HomunInformations.html	client/src/UI/Components/HomunInformations/HomunInformations.html	1	1	0	0	0	0	已合并
client	src/UI/Components/InputBox/InputBox.html	client/src/UI/Components/InputBox/InputBox.html	1	1	0	0	0	0	已合并
client	src/UI/Components/InputBox/InputBox.js	client/src/UI/Components/InputBox/InputBox.js	1	1	0	0	0	0	已合并
client	src/UI/Components/Intro/Intro.html	client/src/UI/Components/Intro/Intro.html	1	1	0	0	0	1	需复核
client	src/UI/Components/Intro/Intro.js	client/src/UI/Components/Intro/Intro.js	1	1	0	0	0	1	需复核
client	src/UI/Components/Inventory/InventoryV0/InventoryV0.html	client/src/UI/Components/Inventory/InventoryV0/InventoryV0.html	1	1	0	0	0	0	已合并
client	src/UI/Components/Inventory/InventoryV1/InventoryV1.html	client/src/UI/Components/Inventory/InventoryV1/InventoryV1.html	1	1	0	0	0	0	已合并
client	src/UI/Components/Inventory/InventoryV2/InventoryV2.html	client/src/UI/Components/Inventory/InventoryV2/InventoryV2.html	1	1	0	0	0	1	需复核
client	src/UI/Components/Inventory/InventoryV3/InventoryV3.html	client/src/UI/Components/Inventory/InventoryV3/InventoryV3.html	1	1	0	0	0	0	已合并
client	src/UI/Components/ItemCompare/ItemCompare.html	client/src/UI/Components/ItemCompare/ItemCompare.html	1	1	0	0	0	0	已合并
client	src/UI/Components/ItemInfo/ItemInfo.html	client/src/UI/Components/ItemInfo/ItemInfo.html	1	1	0	0	0	0	已合并
client	src/UI/Components/JoystickUI/JoystickSelectionUI.html	client/src/UI/Components/JoystickUI/JoystickSelectionUI.html	1	1	0	0	0	0	已合并
client	src/UI/Components/JoystickUI/JoystickSelectionUI.js	client/src/UI/Components/JoystickUI/JoystickSelectionUI.js	1	1	0	0	0	1	需复核
client	src/UI/Components/JoystickUI/JoystickUI.html	client/src/UI/Components/JoystickUI/JoystickUI.html	1	1	0	0	0	0	已合并
client	src/UI/Components/Mail/Mail.html	client/src/UI/Components/Mail/Mail.html	1	1	0	0	0	0	已合并
client	src/UI/Components/Mail/ReadMail.html	client/src/UI/Components/Mail/ReadMail.html	1	1	0	0	0	0	已合并
client	src/UI/Components/MakeItemSelection/ItemConvertSelection/ConvertItems.html	client/src/UI/Components/MakeItemSelection/ItemConvertSelection/ConvertItems.html	1	1	0	0	0	0	已合并
client	src/UI/Components/MakeItemSelection/ItemConvertSelection/MakeModelMessage/MakeModelMessage.html	client/src/UI/Components/MakeItemSelection/ItemConvertSelection/MakeModelMessage/MakeModelMessage.html	1	1	0	0	0	0	已合并
client	src/UI/Components/MakeItemSelection/ItemListWindowSelection.html	client/src/UI/Components/MakeItemSelection/ItemListWindowSelection.html	1	1	0	0	0	0	已合并
client	src/UI/Components/MakeReadBook/MakeReadBook.html	client/src/UI/Components/MakeReadBook/MakeReadBook.html	1	1	0	0	0	0	已合并
client	src/UI/Components/MercenaryInformations/MercenaryInformations.html	client/src/UI/Components/MercenaryInformations/MercenaryInformations.html	1	1	0	0	0	0	已合并
client	src/UI/Components/ModelViewer/ModelViewer.html	client/src/UI/Components/ModelViewer/ModelViewer.html	1	1	0	0	0	0	已合并
client	src/UI/Components/Navigation/Navigation.html	client/src/UI/Components/Navigation/Navigation.html	1	1	0	0	0	0	已合并
client	src/UI/Components/Navigation/Navigation.js	client/src/UI/Components/Navigation/Navigation.js	3	1	2	0	0	0	已合并
client	src/UI/Components/NpcStore/NpcStore.html	client/src/UI/Components/NpcStore/NpcStore.html	1	1	0	0	0	0	已合并
client	src/UI/Components/PartyFriends/PartyFriendsV1/PartyFriendsV1.html	client/src/UI/Components/PartyFriends/PartyFriendsV1/PartyFriendsV1.html	1	1	0	0	0	0	已合并
client	src/UI/Components/PartyFriends/PartyHelper/PartyHelper.html	client/src/UI/Components/PartyFriends/PartyHelper/PartyHelper.html	1	1	0	0	0	0	已合并
client	src/UI/Components/PetEvolution/PetEvolution.html	client/src/UI/Components/PetEvolution/PetEvolution.html	1	1	0	0	0	0	已合并
client	src/UI/Components/PetInformations/PetInformations.html	client/src/UI/Components/PetInformations/PetInformations.html	1	1	0	0	0	0	已合并
client	src/UI/Components/PincodeWindow/PincodeWindow.html	client/src/UI/Components/PincodeWindow/PincodeWindow.html	1	1	0	0	0	0	已合并
client	src/UI/Components/Quest/Quest/Quest.html	client/src/UI/Components/Quest/Quest/Quest.html	1	1	0	0	0	0	已合并
client	src/UI/Components/Quest/Quest/QuestHelper.html	client/src/UI/Components/Quest/Quest/QuestHelper.html	1	1	0	0	0	0	已合并
client	src/UI/Components/Quest/QuestHelperCommon.js	client/src/UI/Components/Quest/QuestHelperCommon.js	1	1	0	0	0	1	需复核
client	src/UI/Components/Quest/QuestV1/QuestHelperV1.html	client/src/UI/Components/Quest/QuestV1/QuestHelperV1.html	1	1	0	0	0	0	已合并
client	src/UI/Components/Reputation/Reputation.html	client/src/UI/Components/Reputation/Reputation.html	1	1	0	0	0	0	已合并
client	src/UI/Components/Rodex/Rodex.js	client/src/UI/Components/Rodex/Rodex.js	1	1	0	0	0	0	已合并
client	src/UI/Components/Roulette/Roulette.html	client/src/UI/Components/Roulette/Roulette.html	1	1	0	0	0	0	已合并
client	src/UI/Components/ShortCutOption/ShortCutOption.html	client/src/UI/Components/ShortCutOption/ShortCutOption.html	1	1	0	0	0	0	已合并
client	src/UI/Components/ShortCuts/ShortCuts.html	client/src/UI/Components/ShortCuts/ShortCuts.html	1	1	0	0	0	0	已合并
client	src/UI/Components/SkillList/SkillList/SkillList.html	client/src/UI/Components/SkillList/SkillList/SkillList.html	1	1	0	0	0	0	已合并
client	src/UI/Components/SkillList/SkillListV2/SkillListV2.html	client/src/UI/Components/SkillList/SkillListV2/SkillListV2.html	1	1	0	0	0	1	需复核
client	src/UI/Components/SoundOption/SoundOption.html	client/src/UI/Components/SoundOption/SoundOption.html	1	1	0	0	0	1	需复核
client	src/UI/Components/Storage/StorageCommon.js	client/src/UI/Components/Storage/StorageCommon.js	2	1	1	0	0	1	需复核
client	src/UI/Components/Storage/StorageV3/Storage.html	client/src/UI/Components/Storage/StorageV3/Storage.html	1	1	0	0	0	0	已合并
client	src/UI/Components/Storage/StorageV3/StorageFilter.html	client/src/UI/Components/Storage/StorageV3/StorageFilter.html	1	1	0	0	0	0	已合并
client	src/UI/Components/StrViewer/StrViewer.html	client/src/UI/Components/StrViewer/StrViewer.html	1	1	0	0	0	0	已合并
client	src/UI/Components/Trade/Trade.html	client/src/UI/Components/Trade/Trade.html	1	1	0	0	0	1	需复核
client	src/UI/Components/Vending/Vending.html	client/src/UI/Components/Vending/Vending.html	1	1	0	0	0	0	已合并
client	src/UI/Components/Vending/VendingModelMessage/VendingModelMessage.html	client/src/UI/Components/Vending/VendingModelMessage/VendingModelMessage.html	1	1	0	0	0	0	已合并
client	src/UI/Components/VendingReport/VendingReport.js	client/src/UI/Components/VendingReport/VendingReport.js	1	1	0	0	0	0	已合并
client	src/UI/Components/WhisperBox/WhisperBox.html	client/src/UI/Components/WhisperBox/WhisperBox.html	1	1	0	0	0	0	已合并
client	src/UI/Components/WhisperBox/WhisperBox.js	client/src/UI/Components/WhisperBox/WhisperBox.js	1	1	0	0	0	1	需复核
client	src/UI/Components/WinLogin/WinLoginV2/WinLoginV2.html	client/src/UI/Components/WinLogin/WinLoginV2/WinLoginV2.html	1	1	0	0	0	0	已合并
client	src/UI/Components/WinStats/WinStats/WinStats.html	client/src/UI/Components/WinStats/WinStats/WinStats.html	1	1	0	0	0	0	已合并
client	src/UI/Components/WinStats/WinStatsV1/WinStatsV1.html	client/src/UI/Components/WinStats/WinStatsV1/WinStatsV1.html	1	1	0	0	0	0	已合并
client	src/UI/Components/WinStats/WinStatsV2/WinStatsV2.html	client/src/UI/Components/WinStats/WinStatsV2/WinStatsV2.html	1	1	0	0	0	0	已合并
client	src/UI/Components/WorldMap/WorldMap.html	client/src/UI/Components/WorldMap/WorldMap.html	1	1	0	0	0	0	已合并
server	conf/atcommands.yml	server/conf/atcommands.yml	4	2	2	0	0	2	需复核
server	conf/channels.conf	server/conf/channels.conf	1	1	0	0	0	0	已合并
server	conf/charhelp.txt	server/conf/charhelp.txt	1	1	0	0	0	1	需复核
server	conf/msg_conf/char_msg.conf	server/conf/msg_conf/char_msg.conf	1	1	0	0	0	1	需复核
server	conf/msg_conf/login_msg.conf	server/conf/msg_conf/login_msg.conf	1	1	0	0	0	0	已合并
server	conf/msg_conf/map_msg.conf	server/conf/msg_conf/map_msg.conf	4	4	0	0	0	4	需复核
server	conf/msg_conf/map_msg_frn.conf	server/conf/msg_conf/map_msg_frn.conf	3	3	0	0	0	3	需复核
server	conf/msg_conf/map_msg_idn.conf	server/conf/msg_conf/map_msg_idn.conf	4	3	1	0	0	3	需复核
server	conf/msg_conf/map_msg_por.conf	server/conf/msg_conf/map_msg_por.conf	4	2	2	0	-1	2	需复核
server	conf/msg_conf/map_msg_rus.conf	server/conf/msg_conf/map_msg_rus.conf	3	1	2	0	0	1	需复核
server	conf/msg_conf/map_msg_spn.conf	server/conf/msg_conf/map_msg_spn.conf	4	2	2	0	0	2	需复核
server	conf/msg_conf/map_msg_tha.conf	server/conf/msg_conf/map_msg_tha.conf	4	1	3	0	0	1	需复核
server	db/mob_chat_db.yml	server/db/mob_chat_db.yml	1	1	0	0	0	0	已合并
server	db/pre-re/achievement_db.yml	server/db/pre-re/achievement_db.yml	6	3	3	0	0	2	需复核
server	db/pre-re/item_db_equip.yml	server/db/pre-re/item_db_equip.yml	83	83	0	0	0	0	已合并
server	db/pre-re/item_db_etc.yml	server/db/pre-re/item_db_etc.yml	43	43	0	0	0	4	需复核
server	db/pre-re/item_db_usable.yml	server/db/pre-re/item_db_usable.yml	45	45	0	0	0	4	需复核
server	db/pre-re/mob_db.yml	server/db/pre-re/mob_db.yml	86	65	21	0	0	0	已合并
server	db/pre-re/quest_db.yml	server/db/pre-re/quest_db.yml	15	7	8	0	0	3	需复核
server	db/pre-re/skill_db.yml	server/db/pre-re/skill_db.yml	68	51	17	0	0	0	已合并
server	db/re/achievement_db.yml	server/db/re/achievement_db.yml	6	6	0	0	0	5	需复核
server	db/re/instance_db.yml	server/db/re/instance_db.yml	2	2	0	0	0	1	需复核
server	db/re/item_db_equip.yml	server/db/re/item_db_equip.yml	545	545	0	0	0	116	需复核
server	db/re/item_db_etc.yml	server/db/re/item_db_etc.yml	205	205	0	0	0	105	需复核
server	db/re/item_db_usable.yml	server/db/re/item_db_usable.yml	178	178	0	0	0	70	需复核
server	db/re/mob_db.yml	server/db/re/mob_db.yml	242	240	2	0	0	11	需复核
server	db/re/quest_db.yml	server/db/re/quest_db.yml	27	12	15	0	0	9	需复核
server	db/re/skill_db.yml	server/db/re/skill_db.yml	102	77	25	0	0	0	已合并
server	db/readme.md	server/db/readme.md	1	1	0	0	0	0	已合并
server	npc/airports/airships.txt	server/npc/airports/airships.txt	3	3	0	0	0	0	已合并
server	npc/airports/einbroch.txt	server/npc/airports/einbroch.txt	1	1	0	0	0	0	已合并
server	npc/airports/hugel.txt	server/npc/airports/hugel.txt	1	1	0	0	0	0	已合并
server	npc/airports/izlude.txt	server/npc/airports/izlude.txt	1	1	0	0	0	0	已合并
server	npc/airports/lighthalzen.txt	server/npc/airports/lighthalzen.txt	1	1	0	0	0	0	已合并
server	npc/airports/rachel.txt	server/npc/airports/rachel.txt	1	1	0	0	0	0	已合并
server	npc/airports/yuno.txt	server/npc/airports/yuno.txt	1	1	0	0	0	0	已合并
server	npc/battleground/bg_common.txt	server/npc/battleground/bg_common.txt	2	2	0	0	0	0	已合并
server	npc/battleground/flavius/flavius01.txt	server/npc/battleground/flavius/flavius01.txt	2	2	0	0	0	0	已合并
server	npc/battleground/flavius/flavius02.txt	server/npc/battleground/flavius/flavius02.txt	2	2	0	0	0	0	已合并
server	npc/battleground/flavius/flavius_enter.txt	server/npc/battleground/flavius/flavius_enter.txt	1	1	0	0	0	0	已合并
server	npc/battleground/kvm/kvm01.txt	server/npc/battleground/kvm/kvm01.txt	1	1	0	0	0	0	已合并
server	npc/battleground/kvm/kvm02.txt	server/npc/battleground/kvm/kvm02.txt	1	1	0	0	0	0	已合并
server	npc/battleground/kvm/kvm03.txt	server/npc/battleground/kvm/kvm03.txt	1	1	0	0	0	0	已合并
server	npc/battleground/kvm/kvm_enter.txt	server/npc/battleground/kvm/kvm_enter.txt	1	1	0	0	0	0	已合并
server	npc/battleground/kvm/kvm_item_pay.txt	server/npc/battleground/kvm/kvm_item_pay.txt	1	1	0	0	0	0	已合并
server	npc/battleground/tierra/tierra01.txt	server/npc/battleground/tierra/tierra01.txt	2	2	0	0	0	0	已合并
server	npc/battleground/tierra/tierra02.txt	server/npc/battleground/tierra/tierra02.txt	2	2	0	0	0	0	已合并
server	npc/battleground/tierra/tierra_enter.txt	server/npc/battleground/tierra/tierra_enter.txt	1	1	0	0	0	0	已合并
server	npc/cities/alberta.txt	server/npc/cities/alberta.txt	1	1	0	0	0	0	已合并
server	npc/cities/aldebaran.txt	server/npc/cities/aldebaran.txt	4	4	0	0	0	0	已合并
server	npc/cities/amatsu.txt	server/npc/cities/amatsu.txt	2	2	0	0	0	0	已合并
server	npc/cities/ayothaya.txt	server/npc/cities/ayothaya.txt	1	1	0	0	0	0	已合并
server	npc/cities/brasilis.txt	server/npc/cities/brasilis.txt	1	1	0	0	0	0	已合并
server	npc/cities/comodo.txt	server/npc/cities/comodo.txt	1	1	0	0	0	0	已合并
server	npc/cities/einbech.txt	server/npc/cities/einbech.txt	3	3	0	0	1	2	需复核
server	npc/cities/einbroch.txt	server/npc/cities/einbroch.txt	2	2	0	0	0	0	已合并
server	npc/cities/geffen.txt	server/npc/cities/geffen.txt	3	3	0	0	0	0	已合并
server	npc/cities/gonryun.txt	server/npc/cities/gonryun.txt	1	1	0	0	0	0	已合并
server	npc/cities/hugel.txt	server/npc/cities/hugel.txt	1	1	0	0	0	0	已合并
server	npc/cities/izlude.txt	server/npc/cities/izlude.txt	2	2	0	0	0	0	已合并
server	npc/cities/jawaii.txt	server/npc/cities/jawaii.txt	3	3	0	0	0	0	已合并
server	npc/cities/lighthalzen.txt	server/npc/cities/lighthalzen.txt	7	7	0	0	0	0	已合并
server	npc/cities/louyang.txt	server/npc/cities/louyang.txt	1	1	0	0	0	0	已合并
server	npc/cities/lutie.txt	server/npc/cities/lutie.txt	2	2	0	0	0	0	已合并
server	npc/cities/manuk.txt	server/npc/cities/manuk.txt	2	2	0	0	0	0	已合并
server	npc/cities/morocc.txt	server/npc/cities/morocc.txt	2	2	0	0	0	0	已合并
server	npc/cities/moscovia.txt	server/npc/cities/moscovia.txt	1	1	0	0	0	0	已合并
server	npc/cities/niflheim.txt	server/npc/cities/niflheim.txt	1	1	0	0	0	0	已合并
server	npc/cities/payon.txt	server/npc/cities/payon.txt	3	3	0	0	0	0	已合并
server	npc/cities/prontera.txt	server/npc/cities/prontera.txt	2	2	0	0	0	0	已合并
server	npc/cities/rachel.txt	server/npc/cities/rachel.txt	2	2	0	0	0	0	已合并
server	npc/cities/splendide.txt	server/npc/cities/splendide.txt	2	2	0	0	0	0	已合并
server	npc/cities/umbala.txt	server/npc/cities/umbala.txt	3	3	0	0	0	0	已合并
server	npc/cities/veins.txt	server/npc/cities/veins.txt	2	2	0	0	0	0	已合并
server	npc/cities/yuno.txt	server/npc/cities/yuno.txt	1	1	0	0	0	0	已合并
server	npc/custom/battleground/bg_emp.txt	server/npc/custom/battleground/bg_emp.txt	1	1	0	0	0	0	已合并
server	npc/custom/battleground/bg_pvp.txt	server/npc/custom/battleground/bg_pvp.txt	1	1	0	0	0	0	已合并
server	npc/custom/breeder.txt	server/npc/custom/breeder.txt	1	1	0	0	0	0	已合并
server	npc/custom/card_remover.txt	server/npc/custom/card_remover.txt	1	1	0	0	0	0	已合并
server	npc/custom/card_seller.txt	server/npc/custom/card_seller.txt	1	1	0	0	0	0	已合并
server	npc/custom/etc/airplane.txt	server/npc/custom/etc/airplane.txt	1	1	0	0	0	0	已合并
server	npc/custom/etc/autopot.txt	server/npc/custom/etc/autopot.txt	1	1	0	0	0	0	已合并
server	npc/custom/etc/bank.txt	server/npc/custom/etc/bank.txt	1	1	0	0	0	0	已合并
server	npc/custom/etc/bank_kafra.txt	server/npc/custom/etc/bank_kafra.txt	1	1	0	0	0	0	已合并
server	npc/custom/etc/blackjack.txt	server/npc/custom/etc/blackjack.txt	1	1	0	0	0	0	已合并
server	npc/custom/etc/lottery.txt	server/npc/custom/etc/lottery.txt	1	1	0	0	0	0	已合并
server	npc/custom/etc/marriage.txt	server/npc/custom/etc/marriage.txt	2	2	0	0	0	2	需复核
server	npc/custom/etc/monster_arena.txt	server/npc/custom/etc/monster_arena.txt	2	2	0	0	0	0	已合并
server	npc/custom/etc/morroc_raceway.txt	server/npc/custom/etc/morroc_raceway.txt	1	1	0	0	0	0	已合并
server	npc/custom/etc/mvp_arena.txt	server/npc/custom/etc/mvp_arena.txt	1	1	0	0	0	0	已合并
server	npc/custom/etc/mvp_room.txt	server/npc/custom/etc/mvp_room.txt	1	1	0	0	0	0	已合并
server	npc/custom/etc/penal_servitude.txt	server/npc/custom/etc/penal_servitude.txt	1	1	0	0	0	0	已合并
server	npc/custom/etc/quest_warper.txt	server/npc/custom/etc/quest_warper.txt	4	4	0	0	0	1	需复核
server	npc/custom/etc/rpsroulette.txt	server/npc/custom/etc/rpsroulette.txt	1	1	0	0	0	0	已合并
server	npc/custom/etc/shifty_assassin.txt	server/npc/custom/etc/shifty_assassin.txt	1	1	0	0	0	0	已合并
server	npc/custom/etc/stock_market.txt	server/npc/custom/etc/stock_market.txt	2	2	0	0	0	0	已合并
server	npc/custom/events/cluckers.txt	server/npc/custom/events/cluckers.txt	1	1	0	0	0	0	已合并
server	npc/custom/events/devil_square.txt	server/npc/custom/events/devil_square.txt	1	1	0	0	0	0	已合并
server	npc/custom/events/disguise.txt	server/npc/custom/events/disguise.txt	1	1	0	0	0	0	已合并
server	npc/custom/events/holiday/hallow06.txt	server/npc/custom/events/holiday/hallow06.txt	1	1	0	0	0	0	已合并
server	npc/custom/events/holiday/uneasy_cemetery.txt	server/npc/custom/events/holiday/uneasy_cemetery.txt	1	1	0	0	0	0	已合并
server	npc/custom/events/holiday/valentinesdayexp.txt	server/npc/custom/events/holiday/valentinesdayexp.txt	1	1	0	0	0	0	已合并
server	npc/custom/events/holiday/xmas_rings_event.txt	server/npc/custom/events/holiday/xmas_rings_event.txt	1	1	0	0	0	0	已合并
server	npc/custom/events/mushroom_event.txt	server/npc/custom/events/mushroom_event.txt	1	1	0	0	0	0	已合并
server	npc/custom/events/mvp_ladder.txt	server/npc/custom/events/mvp_ladder.txt	1	1	0	0	0	0	已合并
server	npc/custom/happyro/novice_channel_merge.txt	server/npc/custom/happyro/novice_channel_merge.txt	1	1	0	0	0	0	已合并
server	npc/custom/healer.txt	server/npc/custom/healer.txt	1	1	0	0	0	0	已合并
server	npc/custom/item_signer.txt	server/npc/custom/item_signer.txt	1	1	0	0	0	0	已合并
server	npc/custom/jobmaster.txt	server/npc/custom/jobmaster.txt	2	1	1	0	0	0	已合并
server	npc/custom/official/GeffenMagicTournament.txt	server/npc/custom/official/GeffenMagicTournament.txt	10	10	0	0	0	0	已合并
server	npc/custom/platinum_skills.txt	server/npc/custom/platinum_skills.txt	1	1	0	0	0	0	已合并
server	npc/custom/quests/bandit_beard.txt	server/npc/custom/quests/bandit_beard.txt	1	1	0	0	0	0	已合并
server	npc/custom/quests/berzebub.txt	server/npc/custom/quests/berzebub.txt	1	1	0	0	0	0	已合并
server	npc/custom/quests/dead_branch.txt	server/npc/custom/quests/dead_branch.txt	1	1	0	0	0	0	已合并
server	npc/custom/quests/elvenear.txt	server/npc/custom/quests/elvenear.txt	1	1	0	0	0	0	已合并
server	npc/custom/quests/event_6_new_hats.txt	server/npc/custom/quests/event_6_new_hats.txt	1	1	0	0	0	0	已合并
server	npc/custom/quests/hunting_missions.txt	server/npc/custom/quests/hunting_missions.txt	1	1	0	0	0	0	已合并
server	npc/custom/quests/jewel_case.txt	server/npc/custom/quests/jewel_case.txt	1	1	0	0	0	0	已合并
server	npc/custom/quests/kaho_balmung.txt	server/npc/custom/quests/kaho_balmung.txt	1	1	0	0	0	0	已合并
server	npc/custom/quests/kahohorn.txt	server/npc/custom/quests/kahohorn.txt	1	1	0	0	0	0	已合并
server	npc/custom/quests/kings_items.txt	server/npc/custom/quests/kings_items.txt	1	1	0	0	0	0	已合并
server	npc/custom/quests/may_hats.txt	server/npc/custom/quests/may_hats.txt	1	1	0	0	0	0	已合并
server	npc/custom/quests/quest_shop.txt	server/npc/custom/quests/quest_shop.txt	1	1	0	0	0	0	已合并
server	npc/custom/quests/questboard.txt	server/npc/custom/quests/questboard.txt	1	1	0	0	0	0	已合并
server	npc/custom/quests/sphinx_mask.txt	server/npc/custom/quests/sphinx_mask.txt	1	1	0	0	0	0	已合并
server	npc/custom/quests/sunglasses.txt	server/npc/custom/quests/sunglasses.txt	1	1	0	0	0	0	已合并
server	npc/custom/quests/tha_statues.txt	server/npc/custom/quests/tha_statues.txt	1	1	0	0	0	0	已合并
server	npc/custom/quests/thq/THQS_ChattingNPC.txt	server/npc/custom/quests/thq/THQS_ChattingNPC.txt	1	1	0	0	0	0	已合并
server	npc/custom/quests/thq/THQS_GuildNPC.txt	server/npc/custom/quests/thq/THQS_GuildNPC.txt	1	1	0	0	0	0	已合并
server	npc/custom/quests/thq/THQS_QuestNPC.txt	server/npc/custom/quests/thq/THQS_QuestNPC.txt	2	2	0	0	0	0	已合并
server	npc/custom/quests/thq/THQS_Quests.txt	server/npc/custom/quests/thq/THQS_Quests.txt	3	3	0	0	0	0	已合并
server	npc/custom/quests/thq/THQS_TTShop.txt	server/npc/custom/quests/thq/THQS_TTShop.txt	2	1	1	0	0	0	已合并
server	npc/custom/quests/umbalian_language.txt	server/npc/custom/quests/umbalian_language.txt	1	1	0	0	0	0	已合并
server	npc/custom/quests/valhallen.txt	server/npc/custom/quests/valhallen.txt	1	1	0	0	0	0	已合并
server	npc/custom/resetnpc.txt	server/npc/custom/resetnpc.txt	1	1	0	0	0	1	需复核
server	npc/custom/stylist.txt	server/npc/custom/stylist.txt	1	1	0	0	0	0	已合并
server	npc/custom/warper.txt	server/npc/custom/warper.txt	3	2	1	0	0	0	已合并
server	npc/custom/woe_controller.txt	server/npc/custom/woe_controller.txt	2	2	0	0	0	0	已合并
server	npc/events/MemorialDay_2008.txt	server/npc/events/MemorialDay_2008.txt	1	1	0	0	0	0	已合并
server	npc/events/RWC_2011.txt	server/npc/events/RWC_2011.txt	2	1	1	0	0	0	已合并
server	npc/events/RWC_2012.txt	server/npc/events/RWC_2012.txt	1	1	0	0	0	0	已合并
server	npc/events/StPatrick_2008.txt	server/npc/events/StPatrick_2008.txt	2	1	1	0	0	0	已合并
server	npc/events/bossnia.txt	server/npc/events/bossnia.txt	1	1	0	0	0	0	已合并
server	npc/events/children_week.txt	server/npc/events/children_week.txt	1	1	0	0	0	0	已合并
server	npc/events/christmas_2005.txt	server/npc/events/christmas_2005.txt	4	4	0	0	0	0	已合并
server	npc/events/christmas_2008.txt	server/npc/events/christmas_2008.txt	3	2	1	0	0	0	已合并
server	npc/events/christmas_2013.txt	server/npc/events/christmas_2013.txt	4	3	1	0	0	0	已合并
server	npc/events/dumplingfestival.txt	server/npc/events/dumplingfestival.txt	1	1	0	0	0	0	已合并
server	npc/events/easter_2008.txt	server/npc/events/easter_2008.txt	2	2	0	0	0	1	需复核
server	npc/events/easter_2010.txt	server/npc/events/easter_2010.txt	2	2	0	0	0	0	已合并
server	npc/events/event_skill_reset.txt	server/npc/events/event_skill_reset.txt	1	1	0	0	0	0	已合并
server	npc/events/gdevent_aru.txt	server/npc/events/gdevent_aru.txt	4	4	0	0	0	0	已合并
server	npc/events/gdevent_sch.txt	server/npc/events/gdevent_sch.txt	4	4	0	0	0	0	已合并
server	npc/events/god_se_festival.txt	server/npc/events/god_se_festival.txt	2	2	0	0	0	0	已合并
server	npc/events/halloween_2006.txt	server/npc/events/halloween_2006.txt	3	3	0	0	0	0	已合并
server	npc/events/halloween_2008.txt	server/npc/events/halloween_2008.txt	1	1	0	0	0	0	已合并
server	npc/events/halloween_2009.txt	server/npc/events/halloween_2009.txt	1	1	0	0	0	0	已合并
server	npc/events/halloween_2013.txt	server/npc/events/halloween_2013.txt	3	2	1	0	0	0	已合并
server	npc/events/idul_fitri.txt	server/npc/events/idul_fitri.txt	1	1	0	0	0	0	已合并
server	npc/events/lunar_2008.txt	server/npc/events/lunar_2008.txt	1	1	0	0	0	0	已合并
server	npc/events/nguild/nguild_dunsw.txt	server/npc/events/nguild/nguild_dunsw.txt	1	1	0	0	0	0	已合并
server	npc/events/nguild/nguild_ev_agit.txt	server/npc/events/nguild/nguild_ev_agit.txt	1	1	0	0	0	0	已合并
server	npc/events/nguild/nguild_flags.txt	server/npc/events/nguild/nguild_flags.txt	1	1	0	0	0	0	已合并
server	npc/events/nguild/nguild_guardians.txt	server/npc/events/nguild/nguild_guardians.txt	1	1	0	0	0	0	已合并
server	npc/events/nguild/nguild_kafras.txt	server/npc/events/nguild/nguild_kafras.txt	1	1	0	0	0	0	已合并
server	npc/events/nguild/nguild_managers.txt	server/npc/events/nguild/nguild_managers.txt	1	1	0	0	0	0	已合并
server	npc/events/nguild/nguild_treas.txt	server/npc/events/nguild/nguild_treas.txt	1	1	0	0	0	0	已合并
server	npc/events/nguild/nguild_warper.txt	server/npc/events/nguild/nguild_warper.txt	1	1	0	0	0	0	已合并
server	npc/events/twintowers.txt	server/npc/events/twintowers.txt	1	1	0	0	0	0	已合并
server	npc/events/valentinesday.txt	server/npc/events/valentinesday.txt	1	1	0	0	0	1	需复核
server	npc/events/valentinesday_2009.txt	server/npc/events/valentinesday_2009.txt	2	2	0	0	-1	0	需复核
server	npc/events/valentinesday_2012.txt	server/npc/events/valentinesday_2012.txt	1	1	0	0	0	0	已合并
server	npc/events/whiteday.txt	server/npc/events/whiteday.txt	1	1	0	0	0	0	已合并
server	npc/events/xmas.txt	server/npc/events/xmas.txt	1	1	0	0	0	0	已合并
server	npc/guild/agit_main.txt	server/npc/guild/agit_main.txt	3	2	1	0	0	0	已合并
server	npc/guild/aldeg_cas01.txt	server/npc/guild/aldeg_cas01.txt	1	1	0	0	0	0	已合并
server	npc/guild/aldeg_cas03.txt	server/npc/guild/aldeg_cas03.txt	1	1	0	0	0	0	已合并
server	npc/guild/aldeg_cas04.txt	server/npc/guild/aldeg_cas04.txt	1	1	0	0	0	0	已合并
server	npc/guild/gefg_cas01.txt	server/npc/guild/gefg_cas01.txt	1	1	0	0	0	0	已合并
server	npc/guild/gefg_cas02.txt	server/npc/guild/gefg_cas02.txt	1	1	0	0	0	0	已合并
server	npc/guild/gefg_cas03.txt	server/npc/guild/gefg_cas03.txt	1	1	0	0	0	0	已合并
server	npc/guild/gefg_cas05.txt	server/npc/guild/gefg_cas05.txt	1	1	0	0	0	0	已合并
server	npc/guild/payg_cas01.txt	server/npc/guild/payg_cas01.txt	1	1	0	0	0	0	已合并
server	npc/guild/payg_cas02.txt	server/npc/guild/payg_cas02.txt	1	1	0	0	0	0	已合并
server	npc/guild/payg_cas03.txt	server/npc/guild/payg_cas03.txt	1	1	0	0	0	0	已合并
server	npc/guild/payg_cas05.txt	server/npc/guild/payg_cas05.txt	1	1	0	0	0	0	已合并
server	npc/guild/prtg_cas01.txt	server/npc/guild/prtg_cas01.txt	1	1	0	0	0	0	已合并
server	npc/guild/prtg_cas02.txt	server/npc/guild/prtg_cas02.txt	1	1	0	0	0	0	已合并
server	npc/guild/prtg_cas04.txt	server/npc/guild/prtg_cas04.txt	1	1	0	0	0	0	已合并
server	npc/guild/prtg_cas05.txt	server/npc/guild/prtg_cas05.txt	1	1	0	0	0	0	已合并
server	npc/guild2/agit_main_se.txt	server/npc/guild2/agit_main_se.txt	4	4	0	0	0	3	需复核
server	npc/guild2/schg_cas03.txt	server/npc/guild2/schg_cas03.txt	1	1	0	0	0	0	已合并
server	npc/instances/EndlessTower.txt	server/npc/instances/EndlessTower.txt	5	4	1	0	0	2	需复核
server	npc/instances/NydhoggsNest.txt	server/npc/instances/NydhoggsNest.txt	5	5	0	0	0	1	需复核
server	npc/instances/OrcsMemory.txt	server/npc/instances/OrcsMemory.txt	2	2	0	0	0	0	已合并
server	npc/instances/SealedShrine.txt	server/npc/instances/SealedShrine.txt	3	3	0	0	0	0	已合并
server	npc/jobs/1-1e/gunslinger.txt	server/npc/jobs/1-1e/gunslinger.txt	1	1	0	0	-65	0	需复核
server	npc/jobs/1-1e/ninja.txt	server/npc/jobs/1-1e/ninja.txt	2	2	0	0	-1	0	需复核
server	npc/jobs/1-1e/taekwon.txt	server/npc/jobs/1-1e/taekwon.txt	1	1	0	0	0	0	已合并
server	npc/jobs/2-1/assassin.txt	server/npc/jobs/2-1/assassin.txt	5	5	0	0	0	1	需复核
server	npc/jobs/2-1/blacksmith.txt	server/npc/jobs/2-1/blacksmith.txt	4	4	0	0	0	1	需复核
server	npc/jobs/2-1/hunter.txt	server/npc/jobs/2-1/hunter.txt	4	4	0	0	0	0	已合并
server	npc/jobs/2-1/knight.txt	server/npc/jobs/2-1/knight.txt	6	6	0	0	0	1	需复核
server	npc/jobs/2-1/priest.txt	server/npc/jobs/2-1/priest.txt	4	4	0	0	0	0	已合并
server	npc/jobs/2-1/wizard.txt	server/npc/jobs/2-1/wizard.txt	4	4	0	0	0	0	已合并
server	npc/jobs/2-1a/AssassinCross.txt	server/npc/jobs/2-1a/AssassinCross.txt	1	1	0	0	0	0	已合并
server	npc/jobs/2-1a/HighPriest.txt	server/npc/jobs/2-1a/HighPriest.txt	1	1	0	0	0	0	已合并
server	npc/jobs/2-1a/HighWizard.txt	server/npc/jobs/2-1a/HighWizard.txt	1	1	0	0	0	0	已合并
server	npc/jobs/2-1a/LordKnight.txt	server/npc/jobs/2-1a/LordKnight.txt	1	1	0	0	0	0	已合并
server	npc/jobs/2-1a/Sniper.txt	server/npc/jobs/2-1a/Sniper.txt	1	1	0	0	0	0	已合并
server	npc/jobs/2-1a/WhiteSmith.txt	server/npc/jobs/2-1a/WhiteSmith.txt	1	1	0	0	0	0	已合并
server	npc/jobs/2-1e/StarGladiator.txt	server/npc/jobs/2-1e/StarGladiator.txt	4	4	0	0	0	1	需复核
server	npc/jobs/2-2/alchemist.txt	server/npc/jobs/2-2/alchemist.txt	5	4	1	0	0	1	需复核
server	npc/jobs/2-2/bard.txt	server/npc/jobs/2-2/bard.txt	2	2	0	0	0	0	已合并
server	npc/jobs/2-2/crusader.txt	server/npc/jobs/2-2/crusader.txt	3	3	0	0	0	0	已合并
server	npc/jobs/2-2/dancer.txt	server/npc/jobs/2-2/dancer.txt	3	3	0	0	0	0	已合并
server	npc/jobs/2-2/monk.txt	server/npc/jobs/2-2/monk.txt	6	6	0	0	0	0	已合并
server	npc/jobs/2-2/rogue.txt	server/npc/jobs/2-2/rogue.txt	5	5	0	0	0	0	已合并
server	npc/jobs/2-2/sage.txt	server/npc/jobs/2-2/sage.txt	6	6	0	0	0	0	已合并
server	npc/jobs/2-2a/Champion.txt	server/npc/jobs/2-2a/Champion.txt	1	1	0	0	0	0	已合并
server	npc/jobs/2-2a/Clown.txt	server/npc/jobs/2-2a/Clown.txt	1	1	0	0	0	0	已合并
server	npc/jobs/2-2a/Creator.txt	server/npc/jobs/2-2a/Creator.txt	1	1	0	0	0	0	已合并
server	npc/jobs/2-2a/Gypsy.txt	server/npc/jobs/2-2a/Gypsy.txt	1	1	0	0	0	0	已合并
server	npc/jobs/2-2a/Paladin.txt	server/npc/jobs/2-2a/Paladin.txt	1	1	0	0	0	0	已合并
server	npc/jobs/2-2a/Professor.txt	server/npc/jobs/2-2a/Professor.txt	1	1	0	0	0	0	已合并
server	npc/jobs/2-2a/Stalker.txt	server/npc/jobs/2-2a/Stalker.txt	1	1	0	0	0	0	已合并
server	npc/jobs/2-2e/SoulLinker.txt	server/npc/jobs/2-2e/SoulLinker.txt	2	2	0	0	0	0	已合并
server	npc/jobs/novice/supernovice.txt	server/npc/jobs/novice/supernovice.txt	1	1	0	0	0	0	已合并
server	npc/jobs/valkyrie.txt	server/npc/jobs/valkyrie.txt	1	1	0	0	0	0	已合并
server	npc/kafras/cool_event_corp.txt	server/npc/kafras/cool_event_corp.txt	1	1	0	0	0	1	需复核
server	npc/kafras/dts_warper.txt	server/npc/kafras/dts_warper.txt	3	3	0	0	0	0	已合并
server	npc/kafras/functions_kafras.txt	server/npc/kafras/functions_kafras.txt	2	2	0	0	-8	1	需复核
server	npc/kafras/kafras.txt	server/npc/kafras/kafras.txt	2	2	0	0	0	0	已合并
server	npc/merchants/advanced_refiner.txt	server/npc/merchants/advanced_refiner.txt	1	1	0	0	0	0	已合并
server	npc/merchants/alchemist.txt	server/npc/merchants/alchemist.txt	1	1	0	0	0	0	已合并
server	npc/merchants/buying_shops.txt	server/npc/merchants/buying_shops.txt	1	1	0	0	0	0	已合并
server	npc/merchants/cashheadgear_dye.txt	server/npc/merchants/cashheadgear_dye.txt	1	1	0	0	0	0	已合并
server	npc/merchants/clothes_dyer.txt	server/npc/merchants/clothes_dyer.txt	1	1	0	0	0	0	已合并
server	npc/merchants/coin_exchange.txt	server/npc/merchants/coin_exchange.txt	1	1	0	0	0	0	已合并
server	npc/merchants/dye_maker.txt	server/npc/merchants/dye_maker.txt	1	1	0	0	0	0	已合并
server	npc/merchants/elemental_trader.txt	server/npc/merchants/elemental_trader.txt	1	1	0	0	0	0	已合并
server	npc/merchants/enchan_arm.txt	server/npc/merchants/enchan_arm.txt	1	1	0	0	0	0	已合并
server	npc/merchants/gemstone.txt	server/npc/merchants/gemstone.txt	1	1	0	0	0	1	需复核
server	npc/merchants/hair_dyer.txt	server/npc/merchants/hair_dyer.txt	1	1	0	0	0	0	已合并
server	npc/merchants/hair_style.txt	server/npc/merchants/hair_style.txt	1	1	0	0	0	0	已合并
server	npc/merchants/icecream.txt	server/npc/merchants/icecream.txt	1	1	0	0	0	0	已合并
server	npc/merchants/inn.txt	server/npc/merchants/inn.txt	1	1	0	0	0	0	已合并
server	npc/merchants/kunai_maker.txt	server/npc/merchants/kunai_maker.txt	1	1	0	0	0	0	已合并
server	npc/merchants/milk_trader.txt	server/npc/merchants/milk_trader.txt	1	1	0	0	0	0	已合并
server	npc/merchants/novice_exchange.txt	server/npc/merchants/novice_exchange.txt	1	1	0	0	0	1	需复核
server	npc/merchants/old_pharmacist.txt	server/npc/merchants/old_pharmacist.txt	1	1	0	0	0	0	已合并
server	npc/merchants/quivers.txt	server/npc/merchants/quivers.txt	1	1	0	0	0	0	已合并
server	npc/merchants/refine.txt	server/npc/merchants/refine.txt	3	3	0	0	0	0	已合并
server	npc/merchants/renters.txt	server/npc/merchants/renters.txt	1	1	0	0	0	0	已合并
server	npc/merchants/socket_enchant.txt	server/npc/merchants/socket_enchant.txt	1	1	0	0	0	0	已合并
server	npc/merchants/socket_enchant2.txt	server/npc/merchants/socket_enchant2.txt	1	1	0	0	1	0	需复核
server	npc/merchants/wander_pet_food.txt	server/npc/merchants/wander_pet_food.txt	1	1	0	0	0	0	已合并
server	npc/other/CashShop_Functions.txt	server/npc/other/CashShop_Functions.txt	1	1	0	0	0	0	已合并
server	npc/other/acolyte_warp.txt	server/npc/other/acolyte_warp.txt	1	1	0	0	0	0	已合并
server	npc/other/arena/arena_aco.txt	server/npc/other/arena/arena_aco.txt	4	4	0	0	0	1	需复核
server	npc/other/arena/arena_lvl50.txt	server/npc/other/arena/arena_lvl50.txt	3	1	2	0	0	0	已合并
server	npc/other/arena/arena_lvl60.txt	server/npc/other/arena/arena_lvl60.txt	3	2	1	0	0	0	已合并
server	npc/other/arena/arena_lvl70.txt	server/npc/other/arena/arena_lvl70.txt	2	1	1	0	0	0	已合并
server	npc/other/arena/arena_lvl80.txt	server/npc/other/arena/arena_lvl80.txt	2	1	1	0	0	0	已合并
server	npc/other/arena/arena_party.txt	server/npc/other/arena/arena_party.txt	3	3	0	0	0	0	已合并
server	npc/other/arena/arena_point.txt	server/npc/other/arena/arena_point.txt	1	1	0	0	0	0	已合并
server	npc/other/arena/arena_room.txt	server/npc/other/arena/arena_room.txt	3	3	0	0	0	0	已合并
server	npc/other/auction.txt	server/npc/other/auction.txt	1	1	0	0	0	0	已合并
server	npc/other/books.txt	server/npc/other/books.txt	8	8	0	0	-8	0	需复核
server	npc/other/bulletin_boards.txt	server/npc/other/bulletin_boards.txt	1	1	0	0	0	0	已合并
server	npc/other/card_trader.txt	server/npc/other/card_trader.txt	1	1	0	0	0	0	已合并
server	npc/other/comodo_gambling.txt	server/npc/other/comodo_gambling.txt	2	2	0	0	0	0	已合并
server	npc/other/divorce.txt	server/npc/other/divorce.txt	1	1	0	0	0	0	已合并
server	npc/other/fortune.txt	server/npc/other/fortune.txt	6	6	0	0	0	1	需复核
server	npc/other/guildpvp.txt	server/npc/other/guildpvp.txt	1	1	0	0	0	0	已合并
server	npc/other/gympass.txt	server/npc/other/gympass.txt	1	1	0	0	0	0	已合并
server	npc/other/hugel_bingo.txt	server/npc/other/hugel_bingo.txt	2	2	0	0	0	0	已合并
server	npc/other/mail.txt	server/npc/other/mail.txt	1	1	0	0	0	0	已合并
server	npc/other/marriage.txt	server/npc/other/marriage.txt	2	2	0	0	0	0	已合并
server	npc/other/mercenary_rent.txt	server/npc/other/mercenary_rent.txt	1	1	0	0	0	1	需复核
server	npc/other/monster_museum.txt	server/npc/other/monster_museum.txt	2	2	0	0	0	0	已合并
server	npc/other/monster_race.txt	server/npc/other/monster_race.txt	6	6	0	0	1	2	需复核
server	npc/other/msg_boards.txt	server/npc/other/msg_boards.txt	1	1	0	0	0	0	已合并
server	npc/other/poring_war.txt	server/npc/other/poring_war.txt	4	4	0	0	0	1	需复核
server	npc/other/powernpc.txt	server/npc/other/powernpc.txt	1	1	0	0	0	0	已合并
server	npc/other/pvp.txt	server/npc/other/pvp.txt	1	1	0	0	0	0	已合并
server	npc/other/turbo_track.txt	server/npc/other/turbo_track.txt	10	8	2	0	0	2	需复核
server	npc/pre-re/guides/guides_alberta.txt	server/npc/pre-re/guides/guides_alberta.txt	1	1	0	0	0	0	已合并
server	npc/pre-re/guides/guides_aldebaran.txt	server/npc/pre-re/guides/guides_aldebaran.txt	1	1	0	0	0	0	已合并
server	npc/pre-re/guides/guides_amatsu.txt	server/npc/pre-re/guides/guides_amatsu.txt	1	1	0	0	0	0	已合并
server	npc/pre-re/guides/guides_ayothaya.txt	server/npc/pre-re/guides/guides_ayothaya.txt	1	1	0	0	0	0	已合并
server	npc/pre-re/guides/guides_brasilis.txt	server/npc/pre-re/guides/guides_brasilis.txt	1	1	0	0	0	0	已合并
server	npc/pre-re/guides/guides_comodo.txt	server/npc/pre-re/guides/guides_comodo.txt	1	1	0	0	0	0	已合并
server	npc/pre-re/guides/guides_einbroch.txt	server/npc/pre-re/guides/guides_einbroch.txt	1	1	0	0	0	0	已合并
server	npc/pre-re/guides/guides_geffen.txt	server/npc/pre-re/guides/guides_geffen.txt	1	1	0	0	0	0	已合并
server	npc/pre-re/guides/guides_gonryun.txt	server/npc/pre-re/guides/guides_gonryun.txt	1	1	0	0	0	0	已合并
server	npc/pre-re/guides/guides_hugel.txt	server/npc/pre-re/guides/guides_hugel.txt	1	1	0	0	0	0	已合并
server	npc/pre-re/guides/guides_izlude.txt	server/npc/pre-re/guides/guides_izlude.txt	1	1	0	0	0	0	已合并
server	npc/pre-re/guides/guides_juno.txt	server/npc/pre-re/guides/guides_juno.txt	1	1	0	0	0	0	已合并
server	npc/pre-re/guides/guides_lighthalzen.txt	server/npc/pre-re/guides/guides_lighthalzen.txt	1	1	0	0	0	0	已合并
server	npc/pre-re/guides/guides_louyang.txt	server/npc/pre-re/guides/guides_louyang.txt	1	1	0	0	0	0	已合并
server	npc/pre-re/guides/guides_morroc.txt	server/npc/pre-re/guides/guides_morroc.txt	1	1	0	0	0	0	已合并
server	npc/pre-re/guides/guides_moscovia.txt	server/npc/pre-re/guides/guides_moscovia.txt	1	1	0	0	0	0	已合并
server	npc/pre-re/guides/guides_niflheim.txt	server/npc/pre-re/guides/guides_niflheim.txt	1	1	0	0	0	0	已合并
server	npc/pre-re/guides/guides_payon.txt	server/npc/pre-re/guides/guides_payon.txt	1	1	0	0	0	0	已合并
server	npc/pre-re/guides/guides_prontera.txt	server/npc/pre-re/guides/guides_prontera.txt	1	1	0	0	0	0	已合并
server	npc/pre-re/guides/guides_rachel.txt	server/npc/pre-re/guides/guides_rachel.txt	1	1	0	0	0	0	已合并
server	npc/pre-re/guides/guides_umbala.txt	server/npc/pre-re/guides/guides_umbala.txt	1	1	0	0	0	0	已合并
server	npc/pre-re/guides/guides_veins.txt	server/npc/pre-re/guides/guides_veins.txt	1	1	0	0	0	0	已合并
server	npc/pre-re/jobs/1-1/acolyte.txt	server/npc/pre-re/jobs/1-1/acolyte.txt	1	1	0	0	0	0	已合并
server	npc/pre-re/jobs/1-1/archer.txt	server/npc/pre-re/jobs/1-1/archer.txt	1	1	0	0	0	0	已合并
server	npc/pre-re/jobs/1-1/mage.txt	server/npc/pre-re/jobs/1-1/mage.txt	2	2	0	0	0	0	已合并
server	npc/pre-re/jobs/1-1/merchant.txt	server/npc/pre-re/jobs/1-1/merchant.txt	3	3	0	0	0	0	已合并
server	npc/pre-re/jobs/1-1/swordman.txt	server/npc/pre-re/jobs/1-1/swordman.txt	2	1	1	0	0	0	已合并
server	npc/pre-re/jobs/1-1/thief.txt	server/npc/pre-re/jobs/1-1/thief.txt	2	2	0	0	0	1	需复核
server	npc/pre-re/jobs/novice/novice.txt	server/npc/pre-re/jobs/novice/novice.txt	9	9	0	0	0	1	需复核
server	npc/pre-re/merchants/ammo_boxes.txt	server/npc/pre-re/merchants/ammo_boxes.txt	1	1	0	0	0	0	已合并
server	npc/pre-re/merchants/ammo_dealer.txt	server/npc/pre-re/merchants/ammo_dealer.txt	1	1	0	0	0	0	已合并
server	npc/pre-re/merchants/hair_dyer.txt	server/npc/pre-re/merchants/hair_dyer.txt	1	1	0	0	0	0	已合并
server	npc/pre-re/merchants/hair_style.txt	server/npc/pre-re/merchants/hair_style.txt	2	2	0	0	0	0	已合并
server	npc/pre-re/merchants/shops.txt	server/npc/pre-re/merchants/shops.txt	1	1	0	0	0	0	已合并
server	npc/pre-re/mobs/citycleaners.txt	server/npc/pre-re/mobs/citycleaners.txt	1	1	0	0	0	0	已合并
server	npc/pre-re/mobs/fields/brasilis.txt	server/npc/pre-re/mobs/fields/brasilis.txt	1	1	0	0	0	0	已合并
server	npc/pre-re/other/bulletin_boards.txt	server/npc/pre-re/other/bulletin_boards.txt	1	1	0	0	0	0	已合并
server	npc/pre-re/other/msg_boards.txt	server/npc/pre-re/other/msg_boards.txt	1	1	0	0	0	0	已合并
server	npc/pre-re/other/resetskill.txt	server/npc/pre-re/other/resetskill.txt	1	1	0	0	0	0	已合并
server	npc/pre-re/quests/collection/quest_alligator.txt	server/npc/pre-re/quests/collection/quest_alligator.txt	1	1	0	0	0	0	已合并
server	npc/pre-re/quests/collection/quest_caramel.txt	server/npc/pre-re/quests/collection/quest_caramel.txt	1	1	0	0	-1	0	需复核
server	npc/pre-re/quests/collection/quest_coco.txt	server/npc/pre-re/quests/collection/quest_coco.txt	1	1	0	0	0	0	已合并
server	npc/pre-re/quests/collection/quest_creamy.txt	server/npc/pre-re/quests/collection/quest_creamy.txt	1	1	0	0	0	0	已合并
server	npc/pre-re/quests/collection/quest_demonpungus.txt	server/npc/pre-re/quests/collection/quest_demonpungus.txt	1	1	0	0	0	0	已合并
server	npc/pre-re/quests/collection/quest_disguiseloliruri.txt	server/npc/pre-re/quests/collection/quest_disguiseloliruri.txt	1	1	0	0	0	0	已合并
server	npc/pre-re/quests/collection/quest_dokebi.txt	server/npc/pre-re/quests/collection/quest_dokebi.txt	1	1	0	0	0	0	已合并
server	npc/pre-re/quests/collection/quest_dryad.txt	server/npc/pre-re/quests/collection/quest_dryad.txt	1	1	0	0	0	0	已合并
server	npc/pre-re/quests/collection/quest_fabre.txt	server/npc/pre-re/quests/collection/quest_fabre.txt	1	1	0	0	0	0	已合并
server	npc/pre-re/quests/collection/quest_frilldora.txt	server/npc/pre-re/quests/collection/quest_frilldora.txt	1	1	0	0	0	0	已合并
server	npc/pre-re/quests/collection/quest_goat.txt	server/npc/pre-re/quests/collection/quest_goat.txt	1	1	0	0	0	0	已合并
server	npc/pre-re/quests/collection/quest_golem.txt	server/npc/pre-re/quests/collection/quest_golem.txt	1	1	0	0	0	0	已合并
server	npc/pre-re/quests/collection/quest_hode.txt	server/npc/pre-re/quests/collection/quest_hode.txt	1	1	0	0	0	0	已合并
server	npc/pre-re/quests/collection/quest_leafcat.txt	server/npc/pre-re/quests/collection/quest_leafcat.txt	1	1	0	0	0	0	已合并
server	npc/pre-re/quests/collection/quest_mantis.txt	server/npc/pre-re/quests/collection/quest_mantis.txt	1	1	0	0	0	0	已合并
server	npc/pre-re/quests/collection/quest_pecopeco.txt	server/npc/pre-re/quests/collection/quest_pecopeco.txt	1	1	0	0	0	0	已合并
server	npc/pre-re/quests/collection/quest_pupa.txt	server/npc/pre-re/quests/collection/quest_pupa.txt	1	1	0	0	0	0	已合并
server	npc/pre-re/quests/collection/quest_zhupolong.txt	server/npc/pre-re/quests/collection/quest_zhupolong.txt	1	1	0	0	0	0	已合并
server	npc/pre-re/quests/quests_morocc.txt	server/npc/pre-re/quests/quests_morocc.txt	8	8	0	0	0	1	需复核
server	npc/pre-re/quests/seals/brisingamen_seal.txt	server/npc/pre-re/quests/seals/brisingamen_seal.txt	1	1	0	0	-1	0	需复核
server	npc/quests/bard_quest.txt	server/npc/quests/bard_quest.txt	6	6	0	0	0	0	已合并
server	npc/quests/bunnyband.txt	server/npc/quests/bunnyband.txt	1	1	0	0	0	0	已合并
server	npc/quests/cooking_quest.txt	server/npc/quests/cooking_quest.txt	5	5	0	0	0	0	已合并
server	npc/quests/counteragent_mixture.txt	server/npc/quests/counteragent_mixture.txt	2	2	0	0	0	0	已合并
server	npc/quests/dandelion_request.txt	server/npc/quests/dandelion_request.txt	21	21	0	0	-8	0	需复核
server	npc/quests/doomed_swords.txt	server/npc/quests/doomed_swords.txt	3	3	0	0	0	0	已合并
server	npc/quests/doomed_swords_quest.txt	server/npc/quests/doomed_swords_quest.txt	3	3	0	0	0	0	已合并
server	npc/quests/eye_of_hellion.txt	server/npc/quests/eye_of_hellion.txt	5	5	0	0	0	0	已合并
server	npc/quests/first_class/tu_acolyte.txt	server/npc/quests/first_class/tu_acolyte.txt	4	4	0	0	0	1	需复核
server	npc/quests/first_class/tu_archer.txt	server/npc/quests/first_class/tu_archer.txt	4	4	0	0	0	0	已合并
server	npc/quests/first_class/tu_ma_th01.txt	server/npc/quests/first_class/tu_ma_th01.txt	2	2	0	0	0	0	已合并
server	npc/quests/first_class/tu_magician01.txt	server/npc/quests/first_class/tu_magician01.txt	2	2	0	0	-3	0	需复核
server	npc/quests/first_class/tu_merchant.txt	server/npc/quests/first_class/tu_merchant.txt	2	2	0	0	0	0	已合并
server	npc/quests/first_class/tu_sword.txt	server/npc/quests/first_class/tu_sword.txt	5	5	0	0	0	0	已合并
server	npc/quests/first_class/tu_thief01.txt	server/npc/quests/first_class/tu_thief01.txt	2	2	0	0	0	1	需复核
server	npc/quests/guildrelay.txt	server/npc/quests/guildrelay.txt	7	7	0	0	0	0	已合并
server	npc/quests/gunslinger_quests.txt	server/npc/quests/gunslinger_quests.txt	4	4	0	0	0	0	已合并
server	npc/quests/juice_maker.txt	server/npc/quests/juice_maker.txt	1	1	0	0	0	0	已合并
server	npc/quests/kiel_hyre_quest.txt	server/npc/quests/kiel_hyre_quest.txt	15	15	0	0	-28	0	需复核
server	npc/quests/lvl4_weapon_quest.txt	server/npc/quests/lvl4_weapon_quest.txt	8	8	0	0	0	0	已合并
server	npc/quests/mage_solution.txt	server/npc/quests/mage_solution.txt	1	1	0	0	0	0	已合并
server	npc/quests/monstertamers.txt	server/npc/quests/monstertamers.txt	2	2	0	0	0	0	已合并
server	npc/quests/mrsmile.txt	server/npc/quests/mrsmile.txt	1	1	0	0	0	0	已合并
server	npc/quests/newgears/2004_headgears.txt	server/npc/quests/newgears/2004_headgears.txt	8	8	0	0	0	0	已合并
server	npc/quests/newgears/2005_headgears.txt	server/npc/quests/newgears/2005_headgears.txt	5	5	0	0	0	0	已合并
server	npc/quests/newgears/2006_headgears.txt	server/npc/quests/newgears/2006_headgears.txt	3	3	0	0	0	0	已合并
server	npc/quests/newgears/2008_headgears.txt	server/npc/quests/newgears/2008_headgears.txt	2	2	0	0	0	0	已合并
server	npc/quests/ninja_quests.txt	server/npc/quests/ninja_quests.txt	3	3	0	0	0	0	已合并
server	npc/quests/obb_quest.txt	server/npc/quests/obb_quest.txt	4	4	0	0	0	0	已合并
server	npc/quests/okolnir.txt	server/npc/quests/okolnir.txt	6	5	1	0	0	0	已合并
server	npc/quests/partyrelay.txt	server/npc/quests/partyrelay.txt	7	7	0	0	0	0	已合并
server	npc/quests/quests_13_1.txt	server/npc/quests/quests_13_1.txt	29	28	1	0	-1	1	需复核
server	npc/quests/quests_13_2.txt	server/npc/quests/quests_13_2.txt	15	15	0	0	-12	3	需复核
server	npc/quests/quests_airship.txt	server/npc/quests/quests_airship.txt	7	7	0	0	0	0	已合并
server	npc/quests/quests_alberta.txt	server/npc/quests/quests_alberta.txt	6	6	0	0	0	0	已合并
server	npc/quests/quests_aldebaran.txt	server/npc/quests/quests_aldebaran.txt	1	1	0	0	0	0	已合并
server	npc/quests/quests_amatsu.txt	server/npc/quests/quests_amatsu.txt	5	5	0	0	-2	0	需复核
server	npc/quests/quests_ayothaya.txt	server/npc/quests/quests_ayothaya.txt	7	7	0	0	-4	0	需复核
server	npc/quests/quests_brasilis.txt	server/npc/quests/quests_brasilis.txt	6	6	0	0	0	0	已合并
server	npc/quests/quests_comodo.txt	server/npc/quests/quests_comodo.txt	6	6	0	0	-78	0	需复核
server	npc/quests/quests_ein.txt	server/npc/quests/quests_ein.txt	15	15	0	0	-396	1	需复核
server	npc/quests/quests_geffen.txt	server/npc/quests/quests_geffen.txt	1	1	0	0	0	0	已合并
server	npc/quests/quests_gonryun.txt	server/npc/quests/quests_gonryun.txt	8	8	0	0	-148	0	需复核
server	npc/quests/quests_hugel.txt	server/npc/quests/quests_hugel.txt	20	20	0	0	-948	0	需复核
server	npc/quests/quests_izlude.txt	server/npc/quests/quests_izlude.txt	1	1	0	0	0	0	已合并
server	npc/quests/quests_juperos.txt	server/npc/quests/quests_juperos.txt	11	10	1	0	-4	0	需复核
server	npc/quests/quests_lighthalzen.txt	server/npc/quests/quests_lighthalzen.txt	25	24	1	0	-1132	1	需复核
server	npc/quests/quests_louyang.txt	server/npc/quests/quests_louyang.txt	10	10	0	0	-206	0	需复核
server	npc/quests/quests_lutie.txt	server/npc/quests/quests_lutie.txt	1	1	0	0	0	0	已合并
server	npc/quests/quests_morocc.txt	server/npc/quests/quests_morocc.txt	9	9	0	0	-156	0	需复核
server	npc/quests/quests_moscovia.txt	server/npc/quests/quests_moscovia.txt	23	23	0	0	-508	0	需复核
server	npc/quests/quests_nameless.txt	server/npc/quests/quests_nameless.txt	27	27	0	0	-1077	1	需复核
server	npc/quests/quests_niflheim.txt	server/npc/quests/quests_niflheim.txt	2	2	0	0	-127	0	需复核
server	npc/quests/quests_payon.txt	server/npc/quests/quests_payon.txt	1	1	0	0	0	0	已合并
server	npc/quests/quests_prontera.txt	server/npc/quests/quests_prontera.txt	8	8	0	0	-140	0	需复核
server	npc/quests/quests_rachel.txt	server/npc/quests/quests_rachel.txt	16	15	1	0	-776	0	需复核
server	npc/quests/quests_umbala.txt	server/npc/quests/quests_umbala.txt	3	3	0	0	-73	0	需复核
server	npc/quests/quests_veins.txt	server/npc/quests/quests_veins.txt	15	15	0	0	-934	0	需复核
server	npc/quests/quests_yuno.txt	server/npc/quests/quests_yuno.txt	3	3	0	0	-173	1	需复核
server	npc/quests/seals/brisingamen_seal.txt	server/npc/quests/seals/brisingamen_seal.txt	10	10	0	0	-320	0	需复核
server	npc/quests/seals/god_global.txt	server/npc/quests/seals/god_global.txt	1	1	0	0	0	0	已合并
server	npc/quests/seals/god_weapon_creation.txt	server/npc/quests/seals/god_weapon_creation.txt	2	2	0	0	0	0	已合并
server	npc/quests/seals/megingard_seal.txt	server/npc/quests/seals/megingard_seal.txt	7	7	0	0	-413	0	需复核
server	npc/quests/seals/mjolnir_seal.txt	server/npc/quests/seals/mjolnir_seal.txt	6	6	0	0	-37	1	需复核
server	npc/quests/seals/seal_status.txt	server/npc/quests/seals/seal_status.txt	1	1	0	0	0	0	已合并
server	npc/quests/seals/sleipnir_seal.txt	server/npc/quests/seals/sleipnir_seal.txt	4	4	0	0	-122	0	需复核
server	npc/quests/skills/acolyte_skills.txt	server/npc/quests/skills/acolyte_skills.txt	1	1	0	0	0	0	已合并
server	npc/quests/skills/alchemist_skills.txt	server/npc/quests/skills/alchemist_skills.txt	5	5	0	0	-402	0	需复核
server	npc/quests/skills/archer_skills.txt	server/npc/quests/skills/archer_skills.txt	1	1	0	0	0	0	已合并
server	npc/quests/skills/assassin_skills.txt	server/npc/quests/skills/assassin_skills.txt	3	2	1	0	0	0	已合并
server	npc/quests/skills/bard_skills.txt	server/npc/quests/skills/bard_skills.txt	3	3	0	0	-271	0	需复核
server	npc/quests/skills/blacksmith_skills.txt	server/npc/quests/skills/blacksmith_skills.txt	2	2	0	0	0	0	已合并
server	npc/quests/skills/crusader_skills.txt	server/npc/quests/skills/crusader_skills.txt	2	2	0	0	0	0	已合并
server	npc/quests/skills/dancer_skills.txt	server/npc/quests/skills/dancer_skills.txt	2	2	0	0	-217	0	需复核
server	npc/quests/skills/hunter_skills.txt	server/npc/quests/skills/hunter_skills.txt	1	1	0	0	-153	0	需复核
server	npc/quests/skills/knight_skills.txt	server/npc/quests/skills/knight_skills.txt	2	2	0	0	-80	0	需复核
server	npc/quests/skills/mage_skills.txt	server/npc/quests/skills/mage_skills.txt	1	1	0	0	0	0	已合并
server	npc/quests/skills/merchant_skills.txt	server/npc/quests/skills/merchant_skills.txt	2	2	0	0	0	0	已合并
server	npc/quests/skills/monk_skills.txt	server/npc/quests/skills/monk_skills.txt	1	1	0	0	0	0	已合并
server	npc/quests/skills/novice_skills.txt	server/npc/quests/skills/novice_skills.txt	1	1	0	0	0	0	已合并
server	npc/quests/skills/priest_skills.txt	server/npc/quests/skills/priest_skills.txt	1	1	0	0	0	0	已合并
server	npc/quests/skills/rogue_skills.txt	server/npc/quests/skills/rogue_skills.txt	3	3	0	0	-234	0	需复核
server	npc/quests/skills/sage_skills.txt	server/npc/quests/skills/sage_skills.txt	1	1	0	0	0	1	需复核
server	npc/quests/skills/swordman_skills.txt	server/npc/quests/skills/swordman_skills.txt	1	1	0	0	-150	0	需复核
server	npc/quests/skills/thief_skills.txt	server/npc/quests/skills/thief_skills.txt	2	1	1	0	-105	0	需复核
server	npc/quests/skills/wizard_skills.txt	server/npc/quests/skills/wizard_skills.txt	1	1	0	0	0	0	已合并
server	npc/quests/thana_quest.txt	server/npc/quests/thana_quest.txt	5	5	0	0	-108	1	需复核
server	npc/quests/the_sign_quest.txt	server/npc/quests/the_sign_quest.txt	26	26	0	0	-1328	0	需复核
server	npc/re/cities/comodo.txt	server/npc/re/cities/comodo.txt	1	1	0	0	0	0	已合并
server	npc/re/cities/dewata.txt	server/npc/re/cities/dewata.txt	3	3	0	0	-44	0	需复核
server	npc/re/cities/dicastes.txt	server/npc/re/cities/dicastes.txt	2	2	0	0	-12	0	需复核
server	npc/re/cities/eclage.txt	server/npc/re/cities/eclage.txt	1	1	0	0	0	0	已合并
server	npc/re/cities/izlude.txt	server/npc/re/cities/izlude.txt	1	1	0	0	0	0	已合并
server	npc/re/cities/malangdo.txt	server/npc/re/cities/malangdo.txt	1	1	0	0	0	0	已合并
server	npc/re/cities/malaya.txt	server/npc/re/cities/malaya.txt	2	2	0	0	0	1	需复核
server	npc/re/cities/mora.txt	server/npc/re/cities/mora.txt	3	3	0	0	-157	0	需复核
server	npc/re/custom/lasagna/lasagna_npcs.txt	server/npc/re/custom/lasagna/lasagna_npcs.txt	21	21	0	0	-38	0	需复核
server	npc/re/guides/guides_alberta.txt	server/npc/re/guides/guides_alberta.txt	1	1	0	0	0	1	需复核
server	npc/re/guides/guides_aldebaran.txt	server/npc/re/guides/guides_aldebaran.txt	1	1	0	0	0	1	需复核
server	npc/re/guides/guides_amatsu.txt	server/npc/re/guides/guides_amatsu.txt	1	1	0	0	0	1	需复核
server	npc/re/guides/guides_ayothaya.txt	server/npc/re/guides/guides_ayothaya.txt	1	1	0	0	0	1	需复核
server	npc/re/guides/guides_brasilis.txt	server/npc/re/guides/guides_brasilis.txt	1	1	0	0	0	1	需复核
server	npc/re/guides/guides_comodo.txt	server/npc/re/guides/guides_comodo.txt	1	1	0	0	0	1	需复核
server	npc/re/guides/guides_dewata.txt	server/npc/re/guides/guides_dewata.txt	1	1	0	0	0	1	需复核
server	npc/re/guides/guides_dicastes.txt	server/npc/re/guides/guides_dicastes.txt	1	1	0	0	0	1	需复核
server	npc/re/guides/guides_eclage.txt	server/npc/re/guides/guides_eclage.txt	1	1	0	0	0	0	已合并
server	npc/re/guides/guides_einbroch.txt	server/npc/re/guides/guides_einbroch.txt	1	1	0	0	0	1	需复核
server	npc/re/guides/guides_geffen.txt	server/npc/re/guides/guides_geffen.txt	1	1	0	0	0	1	需复核
server	npc/re/guides/guides_gonryun.txt	server/npc/re/guides/guides_gonryun.txt	1	1	0	0	0	1	需复核
server	npc/re/guides/guides_hugel.txt	server/npc/re/guides/guides_hugel.txt	1	1	0	0	0	0	已合并
server	npc/re/guides/guides_izlude.txt	server/npc/re/guides/guides_izlude.txt	1	1	0	0	0	0	已合并
server	npc/re/guides/guides_juno.txt	server/npc/re/guides/guides_juno.txt	1	1	0	0	0	1	需复核
server	npc/re/guides/guides_lighthalzen.txt	server/npc/re/guides/guides_lighthalzen.txt	1	1	0	0	0	0	已合并
server	npc/re/guides/guides_louyang.txt	server/npc/re/guides/guides_louyang.txt	1	1	0	0	0	1	需复核
server	npc/re/guides/guides_lutie.txt	server/npc/re/guides/guides_lutie.txt	1	1	0	0	0	0	已合并
server	npc/re/guides/guides_malangdo.txt	server/npc/re/guides/guides_malangdo.txt	1	1	0	0	0	0	已合并
server	npc/re/guides/guides_malaya.txt	server/npc/re/guides/guides_malaya.txt	1	1	0	0	0	0	已合并
server	npc/re/guides/guides_mora.txt	server/npc/re/guides/guides_mora.txt	1	1	0	0	0	1	需复核
server	npc/re/guides/guides_morroc.txt	server/npc/re/guides/guides_morroc.txt	1	1	0	0	0	1	需复核
server	npc/re/guides/guides_moscovia.txt	server/npc/re/guides/guides_moscovia.txt	1	1	0	0	0	1	需复核
server	npc/re/guides/guides_niflheim.txt	server/npc/re/guides/guides_niflheim.txt	1	1	0	0	0	0	已合并
server	npc/re/guides/guides_payon.txt	server/npc/re/guides/guides_payon.txt	1	1	0	0	0	1	需复核
server	npc/re/guides/guides_prontera.txt	server/npc/re/guides/guides_prontera.txt	1	1	0	0	0	1	需复核
server	npc/re/guides/guides_rachel.txt	server/npc/re/guides/guides_rachel.txt	1	1	0	0	0	1	需复核
server	npc/re/guides/guides_rockridge.txt	server/npc/re/guides/guides_rockridge.txt	1	1	0	0	0	0	已合并
server	npc/re/guides/guides_umbala.txt	server/npc/re/guides/guides_umbala.txt	1	1	0	0	0	0	已合并
server	npc/re/guides/guides_veins.txt	server/npc/re/guides/guides_veins.txt	1	1	0	0	0	1	需复核
server	npc/re/guides/guides_woe_te.txt	server/npc/re/guides/guides_woe_te.txt	1	1	0	0	0	0	已合并
server	npc/re/guides/navigation.txt	server/npc/re/guides/navigation.txt	1	1	0	0	0	0	已合并
server	npc/re/guild/invest_main.txt	server/npc/re/guild/invest_main.txt	4	4	0	0	0	2	需复核
server	npc/re/guild/mission_main.txt	server/npc/re/guild/mission_main.txt	1	1	0	0	0	0	已合并
server	npc/re/guild3/agit_main_te.txt	server/npc/re/guild3/agit_main_te.txt	3	3	0	0	0	1	需复核
server	npc/re/instances/AirshipAssault.txt	server/npc/re/instances/AirshipAssault.txt	3	3	0	0	0	0	已合并
server	npc/re/instances/BakonawaLake.txt	server/npc/re/instances/BakonawaLake.txt	2	2	0	0	0	0	已合并
server	npc/re/instances/BangungotHospital.txt	server/npc/re/instances/BangungotHospital.txt	3	2	1	0	-3	1	需复核
server	npc/re/instances/BuwayaCave.txt	server/npc/re/instances/BuwayaCave.txt	1	1	0	0	0	0	已合并
server	npc/re/instances/CentralLaboratory.txt	server/npc/re/instances/CentralLaboratory.txt	2	2	0	0	0	2	需复核
server	npc/re/instances/CharlestonCrisis.txt	server/npc/re/instances/CharlestonCrisis.txt	5	5	0	0	0	3	需复核
server	npc/re/instances/CorOperation.txt	server/npc/re/instances/CorOperation.txt	3	2	1	0	0	1	需复核
server	npc/re/instances/DeepForest.txt	server/npc/re/instances/DeepForest.txt	2	2	0	0	0	1	需复核
server	npc/re/instances/DevilTower.txt	server/npc/re/instances/DevilTower.txt	5	5	0	0	-1	3	需复核
server	npc/re/instances/EclageInterior.txt	server/npc/re/instances/EclageInterior.txt	1	1	0	0	0	0	已合并
server	npc/re/instances/EddaHalfMoonInTheDaylight.txt	server/npc/re/instances/EddaHalfMoonInTheDaylight.txt	7	7	0	0	0	0	已合并
server	npc/re/instances/FacewormsNest.txt	server/npc/re/instances/FacewormsNest.txt	6	6	0	0	0	4	需复核
server	npc/re/instances/FridayDungeon.txt	server/npc/re/instances/FridayDungeon.txt	2	2	0	0	0	2	需复核
server	npc/re/instances/GhostPalace.txt	server/npc/re/instances/GhostPalace.txt	2	2	0	0	0	0	已合并
server	npc/re/instances/HazyForest.txt	server/npc/re/instances/HazyForest.txt	3	3	0	0	-1	0	需复核
server	npc/re/instances/HeartHunterWarBase.txt	server/npc/re/instances/HeartHunterWarBase.txt	4	4	0	0	0	3	需复核
server	npc/re/instances/HiddenGarden.txt	server/npc/re/instances/HiddenGarden.txt	5	5	0	0	0	3	需复核
server	npc/re/instances/HorrorToyFactory.txt	server/npc/re/instances/HorrorToyFactory.txt	4	4	0	0	0	4	需复核
server	npc/re/instances/InfiniteSpace.txt	server/npc/re/instances/InfiniteSpace.txt	2	2	0	0	0	1	需复核
server	npc/re/instances/IsleOfBios.txt	server/npc/re/instances/IsleOfBios.txt	2	1	1	0	0	0	已合并
server	npc/re/instances/LastRoom.txt	server/npc/re/instances/LastRoom.txt	2	2	0	0	0	1	需复核
server	npc/re/instances/LostFarm.txt	server/npc/re/instances/LostFarm.txt	3	3	0	0	-1	1	需复核
server	npc/re/instances/MalangdoCulvert.txt	server/npc/re/instances/MalangdoCulvert.txt	3	2	1	0	-15	0	需复核
server	npc/re/instances/MazeofOz.txt	server/npc/re/instances/MazeofOz.txt	2	2	0	0	0	1	需复核
server	npc/re/instances/MorseCave.txt	server/npc/re/instances/MorseCave.txt	3	3	0	0	-12	1	需复核
server	npc/re/instances/NightmarishJitterbug.txt	server/npc/re/instances/NightmarishJitterbug.txt	10	9	1	0	0	0	已合并
server	npc/re/instances/OctopusCave.txt	server/npc/re/instances/OctopusCave.txt	2	2	0	0	0	0	已合并
server	npc/re/instances/OldGlastHeim.txt	server/npc/re/instances/OldGlastHeim.txt	5	5	0	0	0	4	需复核
server	npc/re/instances/OsOccupation.txt	server/npc/re/instances/OsOccupation.txt	2	1	1	0	0	0	已合并
server	npc/re/instances/PoringVillage.txt	server/npc/re/instances/PoringVillage.txt	2	2	0	0	0	2	需复核
server	npc/re/instances/Regenschirm.txt	server/npc/re/instances/Regenschirm.txt	2	2	0	0	0	1	需复核
server	npc/re/instances/RitualOfBlessing.txt	server/npc/re/instances/RitualOfBlessing.txt	2	2	0	0	0	1	需复核
server	npc/re/instances/RoomOfConsciousness.txt	server/npc/re/instances/RoomOfConsciousness.txt	2	2	0	0	0	2	需复核
server	npc/re/instances/SaraMemory.txt	server/npc/re/instances/SaraMemory.txt	3	3	0	0	0	0	已合并
server	npc/re/instances/SarahAndFenrir.txt	server/npc/re/instances/SarahAndFenrir.txt	5	4	1	0	0	3	需复核
server	npc/re/instances/SealedOs.txt	server/npc/re/instances/SealedOs.txt	2	2	0	0	0	1	需复核
server	npc/re/instances/SkyFortress.txt	server/npc/re/instances/SkyFortress.txt	5	3	2	0	-40	1	需复核
server	npc/re/instances/TempleOfDemonGod.txt	server/npc/re/instances/TempleOfDemonGod.txt	5	5	0	0	0	5	需复核
server	npc/re/instances/ThorGunsuBase.txt	server/npc/re/instances/ThorGunsuBase.txt	1	1	0	0	0	1	需复核
server	npc/re/instances/TwilightGarden.txt	server/npc/re/instances/TwilightGarden.txt	2	2	0	0	0	0	已合并
server	npc/re/instances/VillaofDeception.txt	server/npc/re/instances/VillaofDeception.txt	2	2	0	0	0	2	需复核
server	npc/re/instances/VillaofHighPriest.txt	server/npc/re/instances/VillaofHighPriest.txt	3	3	0	0	0	1	需复核
server	npc/re/instances/WaterGarden.txt	server/npc/re/instances/WaterGarden.txt	3	3	0	0	0	0	已合并
server	npc/re/instances/WaveMode.txt	server/npc/re/instances/WaveMode.txt	2	2	0	0	0	2	需复核
server	npc/re/instances/WeekendDungeon.txt	server/npc/re/instances/WeekendDungeon.txt	1	1	0	0	0	1	需复核
server	npc/re/instances/WernerLaboratoryCentralRoom.txt	server/npc/re/instances/WernerLaboratoryCentralRoom.txt	3	3	0	0	0	0	已合并
server	npc/re/instances/WolfchevLaboratory.txt	server/npc/re/instances/WolfchevLaboratory.txt	5	4	1	0	0	0	已合并
server	npc/re/instances/Wolves.txt	server/npc/re/instances/Wolves.txt	7	7	0	0	0	2	需复核
server	npc/re/jobs/1-1/acolyte.txt	server/npc/re/jobs/1-1/acolyte.txt	1	1	0	0	0	0	已合并
server	npc/re/jobs/1-1/archer.txt	server/npc/re/jobs/1-1/archer.txt	1	1	0	0	0	0	已合并
server	npc/re/jobs/1-1/mage.txt	server/npc/re/jobs/1-1/mage.txt	1	1	0	0	0	0	已合并
server	npc/re/jobs/1-1/merchant.txt	server/npc/re/jobs/1-1/merchant.txt	1	1	0	0	0	0	已合并
server	npc/re/jobs/1-1/swordman.txt	server/npc/re/jobs/1-1/swordman.txt	1	1	0	0	0	0	已合并
server	npc/re/jobs/1-1/thief.txt	server/npc/re/jobs/1-1/thief.txt	1	1	0	0	0	0	已合并
server	npc/re/jobs/2e/kagerou_oboro.txt	server/npc/re/jobs/2e/kagerou_oboro.txt	6	6	0	0	0	2	需复核
server	npc/re/jobs/2e/rebellion.txt	server/npc/re/jobs/2e/rebellion.txt	2	2	0	0	0	0	已合并
server	npc/re/jobs/3-1/archbishop.txt	server/npc/re/jobs/3-1/archbishop.txt	4	4	0	0	-4	0	需复核
server	npc/re/jobs/3-1/guillotine_cross.txt	server/npc/re/jobs/3-1/guillotine_cross.txt	8	8	0	0	-3	1	需复核
server	npc/re/jobs/3-1/mechanic.txt	server/npc/re/jobs/3-1/mechanic.txt	2	2	0	0	0	0	已合并
server	npc/re/jobs/3-1/ranger.txt	server/npc/re/jobs/3-1/ranger.txt	4	4	0	0	0	0	已合并
server	npc/re/jobs/3-1/rune_knight.txt	server/npc/re/jobs/3-1/rune_knight.txt	5	5	0	0	0	0	已合并
server	npc/re/jobs/3-1/warlock.txt	server/npc/re/jobs/3-1/warlock.txt	3	3	0	0	0	0	已合并
server	npc/re/jobs/3-2/genetic.txt	server/npc/re/jobs/3-2/genetic.txt	3	3	0	0	0	1	需复核
server	npc/re/jobs/3-2/minstrel.txt	server/npc/re/jobs/3-2/minstrel.txt	4	4	0	0	0	0	已合并
server	npc/re/jobs/3-2/royal_guard.txt	server/npc/re/jobs/3-2/royal_guard.txt	2	1	1	0	0	0	已合并
server	npc/re/jobs/3-2/shadow_chaser.txt	server/npc/re/jobs/3-2/shadow_chaser.txt	6	6	0	0	0	1	需复核
server	npc/re/jobs/3-2/sorcerer.txt	server/npc/re/jobs/3-2/sorcerer.txt	1	1	0	0	0	1	需复核
server	npc/re/jobs/3-2/sura.txt	server/npc/re/jobs/3-2/sura.txt	2	2	0	0	0	0	已合并
server	npc/re/jobs/3-2/wanderer.txt	server/npc/re/jobs/3-2/wanderer.txt	3	3	0	0	0	0	已合并
server	npc/re/jobs/doram/spirit_handler.txt	server/npc/re/jobs/doram/spirit_handler.txt	3	3	0	0	0	1	需复核
server	npc/re/jobs/novice/academy.txt	server/npc/re/jobs/novice/academy.txt	29	29	0	0	-1	3	需复核
server	npc/re/jobs/novice/novice.txt	server/npc/re/jobs/novice/novice.txt	7	7	0	0	-2	0	需复核
server	npc/re/jobs/novice/supernovice_ex.txt	server/npc/re/jobs/novice/supernovice_ex.txt	2	2	0	0	0	0	已合并
server	npc/re/jobs/repair.txt	server/npc/re/jobs/repair.txt	1	1	0	0	0	0	已合并
server	npc/re/kafras/Kafra_Teleportation_Services.txt	server/npc/re/kafras/Kafra_Teleportation_Services.txt	1	1	0	0	0	0	已合并
server	npc/re/kafras/Zonda_Teleportation_Services.txt	server/npc/re/kafras/Zonda_Teleportation_Services.txt	1	1	0	0	0	0	已合并
server	npc/re/kafras/cool_event_corp.txt	server/npc/re/kafras/cool_event_corp.txt	1	1	0	0	0	0	已合并
server	npc/re/kafras/kafras.txt	server/npc/re/kafras/kafras.txt	1	1	0	0	0	0	已合并
server	npc/re/merchants/3rd_trader.txt	server/npc/re/merchants/3rd_trader.txt	1	1	0	0	0	0	已合并
server	npc/re/merchants/Emperium_Seller.txt	server/npc/re/merchants/Emperium_Seller.txt	1	1	0	0	0	0	已合并
server	npc/re/merchants/Extended_Ammunition.txt	server/npc/re/merchants/Extended_Ammunition.txt	1	1	0	0	0	0	已合并
server	npc/re/merchants/Extended_Stylist.txt	server/npc/re/merchants/Extended_Stylist.txt	1	1	0	0	0	0	已合并
server	npc/re/merchants/Gemstone_Bagger.txt	server/npc/re/merchants/Gemstone_Bagger.txt	1	1	0	0	0	0	已合并
server	npc/re/merchants/HorrorToyFactory_merchants.txt	server/npc/re/merchants/HorrorToyFactory_merchants.txt	1	1	0	0	0	0	已合并
server	npc/re/merchants/InfiniteSpace_merchants.txt	server/npc/re/merchants/InfiniteSpace_merchants.txt	1	1	0	0	0	0	已合并
server	npc/re/merchants/OldGlastHeim_merchants.txt	server/npc/re/merchants/OldGlastHeim_merchants.txt	2	2	0	0	0	0	已合并
server	npc/re/merchants/Slot_Move_Card_Sales.txt	server/npc/re/merchants/Slot_Move_Card_Sales.txt	1	1	0	0	0	0	已合并
server	npc/re/merchants/advanced_refiner.txt	server/npc/re/merchants/advanced_refiner.txt	1	1	0	0	0	1	需复核
server	npc/re/merchants/alchemist.txt	server/npc/re/merchants/alchemist.txt	1	1	0	0	0	0	已合并
server	npc/re/merchants/ammo_boxes.txt	server/npc/re/merchants/ammo_boxes.txt	1	1	0	0	0	0	已合并
server	npc/re/merchants/bio4_reward.txt	server/npc/re/merchants/bio4_reward.txt	2	2	0	0	0	1	需复核
server	npc/re/merchants/blessed_refiner.txt	server/npc/re/merchants/blessed_refiner.txt	1	1	0	0	0	0	已合并
server	npc/re/merchants/card_exchange.txt	server/npc/re/merchants/card_exchange.txt	2	2	0	0	0	0	已合并
server	npc/re/merchants/card_separation.txt	server/npc/re/merchants/card_separation.txt	1	1	0	0	0	0	已合并
server	npc/re/merchants/cashmall.txt	server/npc/re/merchants/cashmall.txt	1	1	0	0	0	0	已合并
server	npc/re/merchants/catalog.txt	server/npc/re/merchants/catalog.txt	1	1	0	0	0	0	已合并
server	npc/re/merchants/clothing_buff_removal.txt	server/npc/re/merchants/clothing_buff_removal.txt	1	1	0	0	0	0	已合并
server	npc/re/merchants/coin_exchange.txt	server/npc/re/merchants/coin_exchange.txt	3	3	0	0	0	0	已合并
server	npc/re/merchants/diamond.txt	server/npc/re/merchants/diamond.txt	1	1	0	0	0	0	已合并
server	npc/re/merchants/eden_market.txt	server/npc/re/merchants/eden_market.txt	4	4	0	0	0	0	已合并
server	npc/re/merchants/enchan_edda_half_moon.txt	server/npc/re/merchants/enchan_edda_half_moon.txt	1	1	0	0	0	0	已合并
server	npc/re/merchants/enchan_illusion_17_1.txt	server/npc/re/merchants/enchan_illusion_17_1.txt	2	2	0	0	0	0	已合并
server	npc/re/merchants/enchan_illusion_dungeons.txt	server/npc/re/merchants/enchan_illusion_dungeons.txt	2	2	0	0	0	1	需复核
server	npc/re/merchants/enchan_ko.txt	server/npc/re/merchants/enchan_ko.txt	2	2	0	0	0	0	已合并
server	npc/re/merchants/enchan_mal.txt	server/npc/re/merchants/enchan_mal.txt	2	2	0	0	0	0	已合并
server	npc/re/merchants/enchan_mora.txt	server/npc/re/merchants/enchan_mora.txt	4	4	0	0	0	0	已合并
server	npc/re/merchants/enchan_rockridge.txt	server/npc/re/merchants/enchan_rockridge.txt	2	1	1	0	0	0	已合并
server	npc/re/merchants/enchan_sage_legacy_17_2.txt	server/npc/re/merchants/enchan_sage_legacy_17_2.txt	1	1	0	0	0	0	已合并
server	npc/re/merchants/enchan_upg.txt	server/npc/re/merchants/enchan_upg.txt	1	1	0	0	0	0	已合并
server	npc/re/merchants/enchan_verus.txt	server/npc/re/merchants/enchan_verus.txt	3	3	0	0	0	1	需复核
server	npc/re/merchants/enchantgrade.txt	server/npc/re/merchants/enchantgrade.txt	1	1	0	0	0	0	已合并
server	npc/re/merchants/flute.txt	server/npc/re/merchants/flute.txt	1	1	0	0	0	0	已合并
server	npc/re/merchants/ghost_palace_exchange.txt	server/npc/re/merchants/ghost_palace_exchange.txt	1	1	0	0	0	0	已合并
server	npc/re/merchants/gld_mission_exchange.txt	server/npc/re/merchants/gld_mission_exchange.txt	1	1	0	0	0	0	已合并
server	npc/re/merchants/guild_warehouse.txt	server/npc/re/merchants/guild_warehouse.txt	1	1	0	0	0	0	已合并
server	npc/re/merchants/hd_refiner.txt	server/npc/re/merchants/hd_refiner.txt	1	1	0	0	0	0	已合并
server	npc/re/merchants/malangdo_costume.txt	server/npc/re/merchants/malangdo_costume.txt	3	3	0	0	0	1	需复核
server	npc/re/merchants/moro_cav_exchange.txt	server/npc/re/merchants/moro_cav_exchange.txt	1	1	0	0	0	0	已合并
server	npc/re/merchants/mysterious_cookie_shop.txt	server/npc/re/merchants/mysterious_cookie_shop.txt	1	1	0	0	0	0	已合并
server	npc/re/merchants/new_insurance.txt	server/npc/re/merchants/new_insurance.txt	1	1	0	0	0	0	已合并
server	npc/re/merchants/nightmare_biolab.txt	server/npc/re/merchants/nightmare_biolab.txt	5	5	0	0	0	0	已合并
server	npc/re/merchants/novice_vending_machine.txt	server/npc/re/merchants/novice_vending_machine.txt	1	1	0	0	0	1	需复核
server	npc/re/merchants/pet_groomer.txt	server/npc/re/merchants/pet_groomer.txt	1	1	0	0	0	0	已合并
server	npc/re/merchants/pet_trader.txt	server/npc/re/merchants/pet_trader.txt	1	1	0	0	0	0	已合并
server	npc/re/merchants/quests_exp_175.txt	server/npc/re/merchants/quests_exp_175.txt	1	1	0	0	0	0	已合并
server	npc/re/merchants/quivers.txt	server/npc/re/merchants/quivers.txt	1	1	0	0	0	0	已合并
server	npc/re/merchants/refine.txt	server/npc/re/merchants/refine.txt	2	2	0	0	0	0	已合并
server	npc/re/merchants/renters.txt	server/npc/re/merchants/renters.txt	1	1	0	0	0	0	已合并
server	npc/re/merchants/rgsr_in.txt	server/npc/re/merchants/rgsr_in.txt	1	1	0	0	0	0	已合并
server	npc/re/merchants/shadow_refiner.txt	server/npc/re/merchants/shadow_refiner.txt	1	1	0	0	0	1	需复核
server	npc/re/merchants/te_merchant.txt	server/npc/re/merchants/te_merchant.txt	1	1	0	0	0	1	需复核
server	npc/re/merchants/ticket_refiner.txt	server/npc/re/merchants/ticket_refiner.txt	1	1	0	0	0	0	已合并
server	npc/re/mobs/dungeons/amicitia.txt	server/npc/re/mobs/dungeons/amicitia.txt	1	1	0	0	0	0	已合并
server	npc/re/mobs/dungeons/dew_dun.txt	server/npc/re/mobs/dungeons/dew_dun.txt	1	1	0	0	0	0	已合并
server	npc/re/mobs/dungeons/lhz_dun_n.txt	server/npc/re/mobs/dungeons/lhz_dun_n.txt	1	1	0	0	0	0	已合并
server	npc/re/mobs/dungeons/moro_vol.txt	server/npc/re/mobs/dungeons/moro_vol.txt	1	1	0	0	0	0	已合并
server	npc/re/mobs/dungeons/mosk_dun.txt	server/npc/re/mobs/dungeons/mosk_dun.txt	1	1	0	0	0	0	已合并
server	npc/re/mobs/fields/dewata.txt	server/npc/re/mobs/fields/dewata.txt	1	1	0	0	0	0	已合并
server	npc/re/other/CashShop_Functions.txt	server/npc/re/other/CashShop_Functions.txt	1	1	0	0	0	0	已合并
server	npc/re/other/TrainingZone123.txt	server/npc/re/other/TrainingZone123.txt	1	1	0	0	0	0	已合并
server	npc/re/other/adven_boards.txt	server/npc/re/other/adven_boards.txt	7	7	0	0	0	0	已合并
server	npc/re/other/clans.txt	server/npc/re/other/clans.txt	2	2	0	0	0	0	已合并
server	npc/re/other/dimensional_gap.txt	server/npc/re/other/dimensional_gap.txt	2	2	0	0	0	0	已合并
server	npc/re/other/item_merge.txt	server/npc/re/other/item_merge.txt	1	1	0	0	0	0	已合并
server	npc/re/other/kachua_key.txt	server/npc/re/other/kachua_key.txt	1	1	0	0	0	0	已合并
server	npc/re/other/pvp.txt	server/npc/re/other/pvp.txt	1	1	0	0	0	0	已合并
server	npc/re/other/resetskill.txt	server/npc/re/other/resetskill.txt	1	1	0	0	0	1	需复核
server	npc/re/other/stone_change.txt	server/npc/re/other/stone_change.txt	1	1	0	0	0	0	已合并
server	npc/re/quests/HelpMeShorty.txt	server/npc/re/quests/HelpMeShorty.txt	3	3	0	0	0	0	已合并
server	npc/re/quests/cupet.txt	server/npc/re/quests/cupet.txt	1	1	0	0	0	1	需复核
server	npc/re/quests/eden/11-25.txt	server/npc/re/quests/eden/11-25.txt	1	1	0	0	0	0	已合并
server	npc/re/quests/eden/26-40.txt	server/npc/re/quests/eden/26-40.txt	2	2	0	0	0	0	已合并
server	npc/re/quests/eden/41-55.txt	server/npc/re/quests/eden/41-55.txt	1	1	0	0	0	0	已合并
server	npc/re/quests/eden/56-70.txt	server/npc/re/quests/eden/56-70.txt	1	1	0	0	0	0	已合并
server	npc/re/quests/eden/71-85.txt	server/npc/re/quests/eden/71-85.txt	1	1	0	0	0	0	已合并
server	npc/re/quests/eden/86-90.txt	server/npc/re/quests/eden/86-90.txt	1	1	0	0	0	0	已合并
server	npc/re/quests/eden/91-99.txt	server/npc/re/quests/eden/91-99.txt	1	1	0	0	0	0	已合并
server	npc/re/quests/eden/eden_100_111.txt	server/npc/re/quests/eden/eden_100_111.txt	3	3	0	0	0	0	已合并
server	npc/re/quests/eden/eden_111_120.txt	server/npc/re/quests/eden/eden_111_120.txt	3	3	0	0	0	0	已合并
server	npc/re/quests/eden/eden_121_130.txt	server/npc/re/quests/eden/eden_121_130.txt	2	2	0	0	0	0	已合并
server	npc/re/quests/eden/eden_131_140.txt	server/npc/re/quests/eden/eden_131_140.txt	2	2	0	0	0	1	需复核
server	npc/re/quests/eden/eden_common.txt	server/npc/re/quests/eden/eden_common.txt	1	1	0	0	0	0	已合并
server	npc/re/quests/eden/eden_iro.txt	server/npc/re/quests/eden/eden_iro.txt	3	3	0	0	0	1	需复核
server	npc/re/quests/eden/eden_quests.txt	server/npc/re/quests/eden/eden_quests.txt	9	9	0	0	0	0	已合并
server	npc/re/quests/eden/eden_service.txt	server/npc/re/quests/eden/eden_service.txt	1	1	0	0	0	0	已合并
server	npc/re/quests/eden/eden_tutorial.txt	server/npc/re/quests/eden/eden_tutorial.txt	4	4	0	0	-2	0	需复核
server	npc/re/quests/garden_of_time.txt	server/npc/re/quests/garden_of_time.txt	4	4	0	0	0	0	已合并
server	npc/re/quests/homun_s.txt	server/npc/re/quests/homun_s.txt	3	3	0	0	0	0	已合并
server	npc/re/quests/illusion_investigation.txt	server/npc/re/quests/illusion_investigation.txt	4	4	0	0	0	0	已合并
server	npc/re/quests/juno_monster_society.txt	server/npc/re/quests/juno_monster_society.txt	8	8	0	0	0	1	需复核
server	npc/re/quests/magic_books.txt	server/npc/re/quests/magic_books.txt	2	2	0	0	0	1	需复核
server	npc/re/quests/newgears/2010_headgears.txt	server/npc/re/quests/newgears/2010_headgears.txt	3	3	0	0	-1	1	需复核
server	npc/re/quests/newgears/2012_headgears.txt	server/npc/re/quests/newgears/2012_headgears.txt	2	2	0	0	0	0	已合并
server	npc/re/quests/ninja_quests.txt	server/npc/re/quests/ninja_quests.txt	1	1	0	0	0	0	已合并
server	npc/re/quests/pile_bunker.txt	server/npc/re/quests/pile_bunker.txt	1	1	0	0	0	0	已合并
server	npc/re/quests/quests_14_3.txt	server/npc/re/quests/quests_14_3.txt	1	1	0	0	-1	0	需复核
server	npc/re/quests/quests_14_3_bis.txt	server/npc/re/quests/quests_14_3_bis.txt	10	10	0	0	0	1	需复核
server	npc/re/quests/quests_15_1.txt	server/npc/re/quests/quests_15_1.txt	14	13	1	0	0	1	需复核
server	npc/re/quests/quests_15_2.txt	server/npc/re/quests/quests_15_2.txt	14	14	0	0	0	0	已合并
server	npc/re/quests/quests_16_1.txt	server/npc/re/quests/quests_16_1.txt	38	38	0	0	-1	1	需复核
server	npc/re/quests/quests_16_2.txt	server/npc/re/quests/quests_16_2.txt	30	30	0	0	0	1	需复核
server	npc/re/quests/quests_17_1.txt	server/npc/re/quests/quests_17_1.txt	18	18	0	0	0	1	需复核
server	npc/re/quests/quests_17_2.txt	server/npc/re/quests/quests_17_2.txt	22	22	0	0	0	2	需复核
server	npc/re/quests/quests_18.txt	server/npc/re/quests/quests_18.txt	27	27	0	0	0	1	需复核
server	npc/re/quests/quests_aldebaran.txt	server/npc/re/quests/quests_aldebaran.txt	1	1	0	0	0	0	已合并
server	npc/re/quests/quests_dewata.txt	server/npc/re/quests/quests_dewata.txt	5	5	0	0	0	2	需复核
server	npc/re/quests/quests_dicastes.txt	server/npc/re/quests/quests_dicastes.txt	16	16	0	0	0	4	需复核
server	npc/re/quests/quests_dungeons_200.txt	server/npc/re/quests/quests_dungeons_200.txt	4	4	0	0	0	0	已合并
server	npc/re/quests/quests_eclage.txt	server/npc/re/quests/quests_eclage.txt	35	35	0	0	-7	10	需复核
server	npc/re/quests/quests_exp_175.txt	server/npc/re/quests/quests_exp_175.txt	2	2	0	0	0	1	需复核
server	npc/re/quests/quests_glastheim.txt	server/npc/re/quests/quests_glastheim.txt	1	1	0	0	0	0	已合并
server	npc/re/quests/quests_illusion_dungeons.txt	server/npc/re/quests/quests_illusion_dungeons.txt	26	26	0	0	0	9	需复核
server	npc/re/quests/quests_malangdo.txt	server/npc/re/quests/quests_malangdo.txt	22	22	0	0	0	6	需复核
server	npc/re/quests/quests_malaya.txt	server/npc/re/quests/quests_malaya.txt	19	19	0	0	0	5	需复核
server	npc/re/quests/quests_mora.txt	server/npc/re/quests/quests_mora.txt	11	11	0	0	-3	4	需复核
server	npc/re/quests/quests_morocc.txt	server/npc/re/quests/quests_morocc.txt	1	1	0	0	0	0	已合并
server	npc/re/quests/quests_rockridge.txt	server/npc/re/quests/quests_rockridge.txt	15	15	0	0	0	3	需复核
server	npc/re/quests/seals/brisingamen_seal.txt	server/npc/re/quests/seals/brisingamen_seal.txt	1	1	0	0	0	0	已合并
server	npc/re/quests/skills/merchant_skills.txt	server/npc/re/quests/skills/merchant_skills.txt	1	1	0	0	0	0	已合并
server	npc/re/quests/woe_te/te_goditem_alde1.txt	server/npc/re/quests/woe_te/te_goditem_alde1.txt	3	2	1	0	0	0	已合并
server	npc/re/quests/woe_te/te_goditem_prt01.txt	server/npc/re/quests/woe_te/te_goditem_prt01.txt	3	1	2	0	0	1	需复核
server	npc/re/quests/woe_te/te_mission_main.txt	server/npc/re/quests/woe_te/te_mission_main.txt	2	1	1	0	0	0	已合并
server	npc/re/warps/cities/izlude.txt	server/npc/re/warps/cities/izlude.txt	1	1	0	0	0	0	已合并
server	npc/re/warps/cities/prontera.txt	server/npc/re/warps/cities/prontera.txt	1	1	0	0	0	0	已合并
server	npc/re/warps/dungeons/mag_dun.txt	server/npc/re/warps/dungeons/mag_dun.txt	1	1	0	0	0	0	已合并
server	npc/re/warps/guildcastles.txt	server/npc/re/warps/guildcastles.txt	1	1	0	0	0	0	已合并
server	npc/re/warps/other/TrainingZone123.txt	server/npc/re/warps/other/TrainingZone123.txt	1	1	0	0	0	0	已合并
server	npc/re/warps/other/ba_maison.txt	server/npc/re/warps/other/ba_maison.txt	1	1	0	0	0	0	已合并
server	npc/re/warps/other/dimensional_gap.txt	server/npc/re/warps/other/dimensional_gap.txt	1	1	0	0	0	0	已合并
server	npc/re/warps/other/verus.txt	server/npc/re/warps/other/verus.txt	2	2	0	0	0	0	已合并
server	npc/warps/dungeons/lhz_dun.txt	server/npc/warps/dungeons/lhz_dun.txt	1	1	0	0	0	0	已合并
server	npc/warps/dungeons/mosk_dun.txt	server/npc/warps/dungeons/mosk_dun.txt	1	1	0	0	0	0	已合并
server	npc/warps/fields/abyss_warper.txt	server/npc/warps/fields/abyss_warper.txt	1	1	0	0	0	0	已合并
client	applications/api/api.js			0		0	0	0	无译文，未输出
client	applications/electron/main.js			0		0	0	0	无译文，未输出
client	applications/electron/preload.mjs			0		0	0	0	无译文，未输出
client	applications/pwa/Config.js			0		0	0	0	无译文，未输出
client	applications/shared/importmap.js			0		0	0	0	无译文，未输出
client	src/App/EffectViewer.js			0		0	0	0	无译文，未输出
client	src/App/GrannyModelViewer.js			0		0	0	0	无译文，未输出
client	src/App/MapViewer.js			0		0	0	0	无译文，未输出
client	src/App/ModelViewer.js			0		0	0	0	无译文，未输出
client	src/App/PreLoader.js			0		0	0	0	无译文，未输出
client	src/App/StrViewer.js			0		0	0	0	无译文，未输出
client	src/Audio/BGM.js			0		0	0	0	无译文，未输出
client	src/Audio/SoundManager.js			0		0	0	0	无译文，未输出
client	src/Controls/BattleMode.js			0		0	0	0	无译文，未输出
client	src/Controls/KeyEventHandler.js			0		0	0	0	无译文，未输出
client	src/Controls/MapControl.js			0		0	0	0	无译文，未输出
client	src/Controls/MouseEventHandler.js			0		0	0	0	无译文，未输出
client	src/Core/AIDriver.js			0		0	0	0	无译文，未输出
client	src/Core/Configs.js			0		0	0	0	无译文，未输出
client	src/Core/Context.js			0		0	0	0	无译文，未输出
client	src/Core/FileManager.js			0		0	0	0	无译文，未输出
client	src/Core/FileSystem.js			0		0	0	0	无译文，未输出
client	src/Core/MemoryItem.js			0		0	0	0	无译文，未输出
client	src/Core/MemoryManager.js			0		0	0	0	无译文，未输出
client	src/Core/Mobile.js			0		0	0	0	无译文，未输出
client	src/Core/Thread.js			0		0	0	0	无译文，未输出
client	src/Core/ThreadEventHandler.js			0		0	0	0	无译文，未输出
client	src/DB/Effects/EffectConst.js			0		0	0	0	无译文，未输出
client	src/DB/Effects/EffectTable.js			0		0	0	0	无译文，未输出
client	src/DB/Effects/WeatherEffect.js			0		0	0	0	无译文，未输出
client	src/DB/Emotions.js			0		0	0	0	无译文，未输出
client	src/DB/Items/ItemEffect.js			0		0	0	0	无译文，未输出
client	src/DB/Items/ShieldTable.js			0		0	0	0	无译文，未输出
client	src/DB/Items/WeaponHitSoundTable.js			0		0	0	0	无译文，未输出
client	src/DB/Items/WeaponSoundTable.js			0		0	0	0	无译文，未输出
client	src/DB/Items/WeaponTable.js			0		0	0	0	无译文，未输出
client	src/DB/Items/WeaponTrailTable.js			0		0	0	0	无译文，未输出
client	src/DB/Items/WeaponTypeExpansion.js			0		0	0	0	无译文，未输出
client	src/DB/Jobs/AllMountTable.js			0		0	0	0	无译文，未输出
client	src/DB/Jobs/BabyTable.js			0		0	0	0	无译文，未输出
client	src/DB/Jobs/JobHitSoundTable.js			0		0	0	0	无译文，未输出
client	src/DB/Jobs/JobPropertyTable.js			0		0	0	0	无译文，未输出
client	src/DB/Jobs/MountTable.js			0		0	0	0	无译文，未输出
client	src/DB/Jobs/PalNameTable.js			0		0	0	0	无译文，未输出
client	src/DB/Jobs/WeaponAction.js			0		0	0	0	无译文，未输出
client	src/DB/Jobs/WeaponJobTable.js			0		0	0	0	无译文，未输出
client	src/DB/Map/MapState.js			0		0	0	0	无译文，未输出
client	src/DB/Monsters/AttackEffectTable.js			0		0	0	0	无译文，未输出
client	src/DB/Pets/PetAction.js			0		0	0	0	无译文，未输出
client	src/DB/Pets/PetEmotionTable.js			0		0	0	0	无译文，未输出
client	src/DB/Pets/PetIllustration.js			0		0	0	0	无译文，未输出
client	src/DB/Pets/PetMessageConst.js			0		0	0	0	无译文，未输出
client	src/DB/Skills/SkillAction.js			0		0	0	0	无译文，未输出
client	src/DB/Skills/SkillConst.js			0		0	0	0	无译文，未输出
client	src/DB/Skills/SkillEffect.js			0		0	0	0	无译文，未输出
client	src/DB/Skills/SkillTreeView.js			0		0	0	0	无译文，未输出
client	src/DB/Skills/SkillUnit.js			0		0	0	0	无译文，未输出
client	src/DB/Status/StatusConst.js			0		0	0	0	无译文，未输出
client	src/DB/Status/StatusProperty.js			0		0	0	0	无译文，未输出
client	src/DB/Status/StatusState.js			0		0	0	0	无译文，未输出
client	src/Engine/LoginEngine.js			0		0	0	0	无译文，未输出
client	src/Engine/MapEngine.js			0		0	0	0	无译文，未输出
client	src/Engine/MapEngine/Achievement.js			0		0	0	0	无译文，未输出
client	src/Engine/MapEngine/Bank.js			0		0	0	0	无译文，未输出
client	src/Engine/MapEngine/CashShop.js			0		0	0	0	无译文，未输出
client	src/Engine/MapEngine/ChatRoom.js			0		0	0	0	无译文，未输出
client	src/Engine/MapEngine/Clan.js			0		0	0	0	无译文，未输出
client	src/Engine/MapEngine/Group.js			0		0	0	0	无译文，未输出
client	src/Engine/MapEngine/Homun.js			0		0	0	0	无译文，未输出
client	src/Engine/MapEngine/Item.js			0		0	0	0	无译文，未输出
client	src/Engine/MapEngine/Mail.js			0		0	0	0	无译文，未输出
client	src/Engine/MapEngine/MapState.js			0		0	0	0	无译文，未输出
client	src/Engine/MapEngine/Mercenary.js			0		0	0	0	无译文，未输出
client	src/Engine/MapEngine/NPC.js			0		0	0	0	无译文，未输出
client	src/Engine/MapEngine/PCGoldTimer.js			0		0	0	0	无译文，未输出
client	src/Engine/MapEngine/Pet.js			0		0	0	0	无译文，未输出
client	src/Engine/MapEngine/Quest.js			0		0	0	0	无译文，未输出
client	src/Engine/MapEngine/Rodex.js			0		0	0	0	无译文，未输出
client	src/Engine/MapEngine/Roulette.js			0		0	0	0	无译文，未输出
client	src/Engine/MapEngine/Skill.js			0		0	0	0	无译文，未输出
client	src/Engine/MapEngine/Storage.js			0		0	0	0	无译文，未输出
client	src/Engine/MapEngine/Store.js			0		0	0	0	无译文，未输出
client	src/Engine/MapEngine/Trade.js			0		0	0	0	无译文，未输出
client	src/Engine/MapEngine/UIOpen.js			0		0	0	0	无译文，未输出
client	src/Loaders/Action.js			0		0	0	0	无译文，未输出
client	src/Loaders/Altitude.js			0		0	0	0	无译文，未输出
client	src/Loaders/GR2Loader.js			0		0	0	0	无译文，未输出
client	src/Loaders/GameFile.js			0		0	0	0	无译文，未输出
client	src/Loaders/Ground.js			0		0	0	0	无译文，未输出
client	src/Loaders/Model.js			0		0	0	0	无译文，未输出
client	src/Loaders/Sprite.js			0		0	0	0	无译文，未输出
client	src/Loaders/Str.js			0		0	0	0	无译文，未输出
client	src/Loaders/Targa.js			0		0	0	0	无译文，未输出
client	src/Loaders/World.js			0		0	0	0	无译文，未输出
client	src/Network/NetworkManager.js			0		0	0	0	无译文，未输出
client	src/Network/PacketCrypt.js			0		0	0	0	无译文，未输出
client	src/Network/PacketLength.js			0		0	0	0	无译文，未输出
client	src/Network/PacketRegister.js			0		0	0	0	无译文，未输出
client	src/Network/PacketStructure.js			0		0	0	0	无译文，未输出
client	src/Network/PacketVerManager.js			0		0	0	0	无译文，未输出
client	src/Network/PacketVersions.js			0		0	0	0	无译文，未输出
client	src/Network/SocketHelpers/NodeSocket.js			0		0	0	0	无译文，未输出
client	src/Network/SocketHelpers/WebSocket.js			0		0	0	0	无译文，未输出
client	src/Plugins/PluginManager.js			0		0	0	0	无译文，未输出
client	src/Preferences/Audio.js			0		0	0	0	无译文，未输出
client	src/Preferences/Camera.js			0		0	0	0	无译文，未输出
client	src/Preferences/Controls.js			0		0	0	0	无译文，未输出
client	src/Preferences/Graphics.js			0		0	0	0	无译文，未输出
client	src/Preferences/Map.js			0		0	0	0	无译文，未输出
client	src/Preferences/ShortCutControls.js			0		0	0	0	无译文，未输出
client	src/Preferences/UI.js			0		0	0	0	无译文，未输出
client	src/Renderer/Camera.js			0		0	0	0	无译文，未输出
client	src/Renderer/EffectManager.js			0		0	0	0	无译文，未输出
client	src/Renderer/Effects/CloudWeatherEffect.js			0		0	0	0	无译文，未输出
client	src/Renderer/Effects/Cylinder.js			0		0	0	0	无译文，未输出
client	src/Renderer/Effects/Damage.js			0		0	0	0	无译文，未输出
client	src/Renderer/Effects/FlatColorTile.js			0		0	0	0	无译文，未输出
client	src/Renderer/Effects/GroundAura.js			0		0	0	0	无译文，未输出
client	src/Renderer/Effects/GroundEffect.js			0		0	0	0	无译文，未输出
client	src/Renderer/Effects/LPEffect.js			0		0	0	0	无译文，未输出
client	src/Renderer/Effects/Level99Bubble.js			0		0	0	0	无译文，未输出
client	src/Renderer/Effects/LockOnTarget.js			0		0	0	0	无译文，未输出
client	src/Renderer/Effects/MagicRing.js			0		0	0	0	无译文，未输出
client	src/Renderer/Effects/MagicTarget.js			0		0	0	0	无译文，未输出
client	src/Renderer/Effects/MagnumBreak.js			0		0	0	0	无译文，未输出
client	src/Renderer/Effects/PoisonEffect.js			0		0	0	0	无译文，未输出
client	src/Renderer/Effects/PokJukWeatherEffect.js			0		0	0	0	无译文，未输出
client	src/Renderer/Effects/PostProcess.js			0		0	0	0	无译文，未输出
client	src/Renderer/Effects/PropertyGround.js			0		0	0	0	无译文，未输出
client	src/Renderer/Effects/QuadHorn.js			0		0	0	0	无译文，未输出
client	src/Renderer/Effects/RainWeather.js			0		0	0	0	无译文，未输出
client	src/Renderer/Effects/RsmEffect.js			0		0	0	0	无译文，未输出
client	src/Renderer/Effects/SakuraWeatherEffect.js			0		0	0	0	无译文，未输出
client	src/Renderer/Effects/Shaders/Blind.js			0		0	0	0	无译文，未输出
client	src/Renderer/Effects/Shaders/Bloom.js			0		0	0	0	无译文，未输出
client	src/Renderer/Effects/Shaders/CAS.js			0		0	0	0	无译文，未输出
client	src/Renderer/Effects/Shaders/Cartoon.js			0		0	0	0	无译文，未输出
client	src/Renderer/Effects/Shaders/FXAA.js			0		0	0	0	无译文，未输出
client	src/Renderer/Effects/Shaders/GaussianBlur.js			0		0	0	0	无译文，未输出
client	src/Renderer/Effects/Shaders/Upsampling.js			0		0	0	0	无译文，未输出
client	src/Renderer/Effects/Shaders/VerticalFlip.js			0		0	0	0	无译文，未输出
client	src/Renderer/Effects/Shaders/Vibrance.js			0		0	0	0	无译文，未输出
client	src/Renderer/Effects/Sky.js			0		0	0	0	无译文，未输出
client	src/Renderer/Effects/SnowWeather.js			0		0	0	0	无译文，未输出
client	src/Renderer/Effects/Songs.js			0		0	0	0	无译文，未输出
client	src/Renderer/Effects/SpiderWeb.js			0		0	0	0	无译文，未输出
client	src/Renderer/Effects/SpiritSphere.js			0		0	0	0	无译文，未输出
client	src/Renderer/Effects/StrEffect.js			0		0	0	0	无译文，未输出
client	src/Renderer/Effects/SwirlingAura.js			0		0	0	0	无译文，未输出
client	src/Renderer/Effects/ThreeDEffect.js			0		0	0	0	无译文，未输出
client	src/Renderer/Effects/Tiles.js			0		0	0	0	无译文，未输出
client	src/Renderer/Effects/TwoDEffect.js			0		0	0	0	无译文，未输出
client	src/Renderer/Effects/WarlockSphere.js			0		0	0	0	无译文，未输出
client	src/Renderer/Entity/Entity.js			0		0	0	0	无译文，未输出
client	src/Renderer/Entity/EntityAction.js			0		0	0	0	无译文，未输出
client	src/Renderer/Entity/EntityAnimations.js			0		0	0	0	无译文，未输出
client	src/Renderer/Entity/EntityAttachments.js			0		0	0	0	无译文，未输出
client	src/Renderer/Entity/EntityAura.js			0		0	0	0	无译文，未输出
client	src/Renderer/Entity/EntityCast.js			0		0	0	0	无译文，未输出
client	src/Renderer/Entity/EntityDialog.js			0		0	0	0	无译文，未输出
client	src/Renderer/Entity/EntityDisplay.js			0		0	0	0	无译文，未输出
client	src/Renderer/Entity/EntityDropEffect.js			0		0	0	0	无译文，未输出
client	src/Renderer/Entity/EntityEmblem.js			0		0	0	0	无译文，未输出
client	src/Renderer/Entity/EntityLife.js			0		0	0	0	无译文，未输出
client	src/Renderer/Entity/EntityRender.js			0		0	0	0	无译文，未输出
client	src/Renderer/Entity/EntityRoom.js			0		0	0	0	无译文，未输出
client	src/Renderer/Entity/EntitySound.js			0		0	0	0	无译文，未输出
client	src/Renderer/Entity/EntityState.js			0		0	0	0	无译文，未输出
client	src/Renderer/Entity/EntityView.js			0		0	0	0	无译文，未输出
client	src/Renderer/Entity/EntityWalk.js			0		0	0	0	无译文，未输出
client	src/Renderer/Entity/Player.js			0		0	0	0	无译文，未输出
client	src/Renderer/EntityManager.js			0		0	0	0	无译文，未输出
client	src/Renderer/GR2/GR2ModelRenderer.js			0		0	0	0	无译文，未输出
client	src/Renderer/GR2/GR2ViewerRenderer.js			0		0	0	0	无译文，未输出
client	src/Renderer/GR2/actorAction.js			0		0	0	0	无译文，未输出
client	src/Renderer/GR2/gr2Banks.js			0		0	0	0	无译文，未输出
client	src/Renderer/GR2/gr2Pack.js			0		0	0	0	无译文，未输出
client	src/Renderer/GR2/gr2World.js			0		0	0	0	无译文，未输出
client	src/Renderer/ItemObject.js			0		0	0	0	无译文，未输出
client	src/Renderer/Map/Altitude.js			0		0	0	0	无译文，未输出
client	src/Renderer/Map/AnimatedModels.js			0		0	0	0	无译文，未输出
client	src/Renderer/Map/Effects.js			0		0	0	0	无译文，未输出
client	src/Renderer/Map/GridSelector.js			0		0	0	0	无译文，未输出
client	src/Renderer/Map/Ground.js			0		0	0	0	无译文，未输出
client	src/Renderer/Map/Models.js			0		0	0	0	无译文，未输出
client	src/Renderer/Map/Sounds.js			0		0	0	0	无译文，未输出
client	src/Renderer/Map/Water.js			0		0	0	0	无译文，未输出
client	src/Renderer/MapRenderer.js			0		0	0	0	无译文，未输出
client	src/Renderer/ScreenEffectManager.js			0		0	0	0	无译文，未输出
client	src/Renderer/SignboardManager.js			0		0	0	0	无译文，未输出
client	src/Renderer/SpriteRenderer.js			0		0	0	0	无译文，未输出
client	src/UI/Background.js			0		0	0	0	无译文，未输出
client	src/UI/Common.css			0		0	0	0	无译文，未输出
client	src/UI/Components/Achievement/Achievement.css			0		0	0	0	无译文，未输出
client	src/UI/Components/Announce/Announce.css			0		0	0	0	无译文，未输出
client	src/UI/Components/Announce/Announce.html			0		0	0	0	无译文，未输出
client	src/UI/Components/Announce/Announce.js			0		0	0	0	无译文，未输出
client	src/UI/Components/Bank/Bank.css			0		0	0	0	无译文，未输出
client	src/UI/Components/Bank/Bank.html			0		0	0	0	无译文，未输出
client	src/UI/Components/Bank/Bank.js			0		0	0	0	无译文，未输出
client	src/UI/Components/BasicInfo/BasicInfo.js			0		0	0	0	无译文，未输出
client	src/UI/Components/BasicInfo/BasicInfoCommon.js			0		0	0	0	无译文，未输出
client	src/UI/Components/BasicInfo/BasicInfoV0/BasicInfoV0.css			0		0	0	0	无译文，未输出
client	src/UI/Components/BasicInfo/BasicInfoV0/BasicInfoV0.js			0		0	0	0	无译文，未输出
client	src/UI/Components/BasicInfo/BasicInfoV1/BasicInfoV1.css			0		0	0	0	无译文，未输出
client	src/UI/Components/BasicInfo/BasicInfoV1/BasicInfoV1.js			0		0	0	0	无译文，未输出
client	src/UI/Components/BasicInfo/BasicInfoV3/BasicInfoV3.css			0		0	0	0	无译文，未输出
client	src/UI/Components/BasicInfo/BasicInfoV3/BasicInfoV3.js			0		0	0	0	无译文，未输出
client	src/UI/Components/BasicInfo/BasicInfoV4/BasicInfoV4.css			0		0	0	0	无译文，未输出
client	src/UI/Components/BasicInfo/BasicInfoV4/BasicInfoV4.js			0		0	0	0	无译文，未输出
client	src/UI/Components/BasicInfo/BasicInfoV5/BasicInfoV5.css			0		0	0	0	无译文，未输出
client	src/UI/Components/BasicInfo/BasicInfoV5/BasicInfoV5.js			0		0	0	0	无译文，未输出
client	src/UI/Components/Captcha/CaptchaAnswer.css			0		0	0	0	无译文，未输出
client	src/UI/Components/Captcha/CaptchaPreview.css			0		0	0	0	无译文，未输出
client	src/UI/Components/Captcha/CaptchaPreview.html			0		0	0	0	无译文，未输出
client	src/UI/Components/Captcha/CaptchaPreview.js			0		0	0	0	无译文，未输出
client	src/UI/Components/Captcha/CaptchaSelector.css			0		0	0	0	无译文，未输出
client	src/UI/Components/Captcha/CaptchaSelector.html			0		0	0	0	无译文，未输出
client	src/UI/Components/Captcha/CaptchaSelector.js			0		0	0	0	无译文，未输出
client	src/UI/Components/Captcha/CaptchaUpload.css			0		0	0	0	无译文，未输出
client	src/UI/Components/Captcha/CaptchaUpload.js			0		0	0	0	无译文，未输出
client	src/UI/Components/CardIllustration/CardIllustration.css			0		0	0	0	无译文，未输出
client	src/UI/Components/CardIllustration/CardIllustration.html			0		0	0	0	无译文，未输出
client	src/UI/Components/CardIllustration/CardIllustration.js			0		0	0	0	无译文，未输出
client	src/UI/Components/CartDecoration/CartDecoration.css			0		0	0	0	无译文，未输出
client	src/UI/Components/CartDecoration/CartDecoration.js			0		0	0	0	无译文，未输出
client	src/UI/Components/CartItems/CartItems.css			0		0	0	0	无译文，未输出
client	src/UI/Components/CartItems/CartItems.js			0		0	0	0	无译文，未输出
client	src/UI/Components/CashShop/CashShop.css			0		0	0	0	无译文，未输出
client	src/UI/Components/CashShopIcon/CashShopIcon.html			0		0	0	0	无译文，未输出
client	src/UI/Components/CashShopIcon/CashShopIcon.js			0		0	0	0	无译文，未输出
client	src/UI/Components/ChangeCart/ChangeCart.css			0		0	0	0	无译文，未输出
client	src/UI/Components/ChangeCart/ChangeCart.js			0		0	0	0	无译文，未输出
client	src/UI/Components/CharCreate/CharCreate.js			0		0	0	0	无译文，未输出
client	src/UI/Components/CharCreate/CharCreate/CharCreate.css			0		0	0	0	无译文，未输出
client	src/UI/Components/CharCreate/CharCreate/CharCreate.html			0		0	0	0	无译文，未输出
client	src/UI/Components/CharCreate/CharCreate/CharCreate.js			0		0	0	0	无译文，未输出
client	src/UI/Components/CharCreate/CharCreateCommon.js			0		0	0	0	无译文，未输出
client	src/UI/Components/CharCreate/CharCreatev2/CharCreatev2.css			0		0	0	0	无译文，未输出
client	src/UI/Components/CharCreate/CharCreatev2/CharCreatev2.js			0		0	0	0	无译文，未输出
client	src/UI/Components/CharCreate/CharCreatev3/CharCreatev3.css			0		0	0	0	无译文，未输出
client	src/UI/Components/CharCreate/CharCreatev3/CharCreatev3.html			0		0	0	0	无译文，未输出
client	src/UI/Components/CharCreate/CharCreatev3/CharCreatev3.js			0		0	0	0	无译文，未输出
client	src/UI/Components/CharCreate/CharCreatev4/CharCreatev4.css			0		0	0	0	无译文，未输出
client	src/UI/Components/CharCreate/CharCreatev4/CharCreatev4.html			0		0	0	0	无译文，未输出
client	src/UI/Components/CharCreate/CharCreatev4/CharCreatev4.js			0		0	0	0	无译文，未输出
client	src/UI/Components/CharSelect/CharSelect.js			0		0	0	0	无译文，未输出
client	src/UI/Components/CharSelect/CharSelect/CharSelect.css			0		0	0	0	无译文，未输出
client	src/UI/Components/CharSelect/CharSelect/CharSelect.html			0		0	0	0	无译文，未输出
client	src/UI/Components/CharSelect/CharSelect/CharSelect.js			0		0	0	0	无译文，未输出
client	src/UI/Components/CharSelect/CharSelectCommon.js			0		0	0	0	无译文，未输出
client	src/UI/Components/CharSelect/CharSelectV2/CharSelectV2.css			0		0	0	0	无译文，未输出
client	src/UI/Components/CharSelect/CharSelectV2/CharSelectV2.html			0		0	0	0	无译文，未输出
client	src/UI/Components/CharSelect/CharSelectV2/CharSelectV2.js			0		0	0	0	无译文，未输出
client	src/UI/Components/CharSelect/CharSelectV3/CharSelectV3.css			0		0	0	0	无译文，未输出
client	src/UI/Components/CharSelect/CharSelectV3/CharSelectV3.html			0		0	0	0	无译文，未输出
client	src/UI/Components/CharSelect/CharSelectV3/CharSelectV3.js			0		0	0	0	无译文，未输出
client	src/UI/Components/CharSelect/CharSelectV4/CharSelectV4.css			0		0	0	0	无译文，未输出
client	src/UI/Components/CharSelect/CharSelectV4/CharSelectV4.html			0		0	0	0	无译文，未输出
client	src/UI/Components/CharSelect/CharSelectV4/CharSelectV4.js			0		0	0	0	无译文，未输出
client	src/UI/Components/ChatBox/ChatBox.css			0		0	0	0	无译文，未输出
client	src/UI/Components/ChatBox/ChatBox.html			0		0	0	0	无译文，未输出
client	src/UI/Components/ChatBox/History.js			0		0	0	0	无译文，未输出
client	src/UI/Components/ChatBoxSettings/ChatBoxSettings.css			0		0	0	0	无译文，未输出
client	src/UI/Components/ChatBoxSettings/ChatBoxSettings.js			0		0	0	0	无译文，未输出
client	src/UI/Components/ChatRoom/ChatRoom.css			0		0	0	0	无译文，未输出
client	src/UI/Components/ChatRoom/ChatRoom.html			0		0	0	0	无译文，未输出
client	src/UI/Components/ChatRoomCreate/ChatRoomCreate.css			0		0	0	0	无译文，未输出
client	src/UI/Components/ChatRoomCreate/ChatRoomCreate.js			0		0	0	0	无译文，未输出
client	src/UI/Components/CheckAttendance/CheckAttendance.css			0		0	0	0	无译文，未输出
client	src/UI/Components/CheckAttendance/CheckAttendance.js			0		0	0	0	无译文，未输出
client	src/UI/Components/Clan/Clan.css			0		0	0	0	无译文，未输出
client	src/UI/Components/Clan/Clan.js			0		0	0	0	无译文，未输出
client	src/UI/Components/ContextMenu/ContextMenu.js			0		0	0	0	无译文，未输出
client	src/UI/Components/EffectViewer/EffectViewer.css			0		0	0	0	无译文，未输出
client	src/UI/Components/EffectViewer/EffectViewer.js			0		0	0	0	无译文，未输出
client	src/UI/Components/Emoticons/Emoticons.css			0		0	0	0	无译文，未输出
client	src/UI/Components/Emoticons/Emoticons.js			0		0	0	0	无译文，未输出
client	src/UI/Components/Enchant/Enchant.css			0		0	0	0	无译文，未输出
client	src/UI/Components/EnchantGrade/EnchantGrade.css			0		0	0	0	无译文，未输出
client	src/UI/Components/EnchantGrade/EnchantGrade.html			0		0	0	0	无译文，未输出
client	src/UI/Components/EnchantGrade/EnchantGrade.js			0		0	0	0	无译文，未输出
client	src/UI/Components/EntityRoom/EntityRoom.css			0		0	0	0	无译文，未输出
client	src/UI/Components/EntityRoom/EntityRoom.html			0		0	0	0	无译文，未输出
client	src/UI/Components/EntityRoom/EntityRoom.js			0		0	0	0	无译文，未输出
client	src/UI/Components/EntitySignboard/EntitySignboard.css			0		0	0	0	无译文，未输出
client	src/UI/Components/EntitySignboard/EntitySignboard.html			0		0	0	0	无译文，未输出
client	src/UI/Components/EntitySignboard/EntitySignboard.js			0		0	0	0	无译文，未输出
client	src/UI/Components/Equipment/Equipment.js			0		0	0	0	无译文，未输出
client	src/UI/Components/Equipment/EquipmentCommon.js			0		0	0	0	无译文，未输出
client	src/UI/Components/Equipment/EquipmentV0/EquipmentV0.css			0		0	0	0	无译文，未输出
client	src/UI/Components/Equipment/EquipmentV0/EquipmentV0.js			0		0	0	0	无译文，未输出
client	src/UI/Components/Equipment/EquipmentV1/EquipmentV1.css			0		0	0	0	无译文，未输出
client	src/UI/Components/Equipment/EquipmentV1/EquipmentV1.js			0		0	0	0	无译文，未输出
client	src/UI/Components/Equipment/EquipmentV2/EquipmentV2.css			0		0	0	0	无译文，未输出
client	src/UI/Components/Equipment/EquipmentV2/EquipmentV2.js			0		0	0	0	无译文，未输出
client	src/UI/Components/Equipment/EquipmentV3/EquipmentV3.css			0		0	0	0	无译文，未输出
client	src/UI/Components/Equipment/EquipmentV3/EquipmentV3.js			0		0	0	0	无译文，未输出
client	src/UI/Components/Equipment/EquipmentV4/EquipmentV4.css			0		0	0	0	无译文，未输出
client	src/UI/Components/Equipment/EquipmentV4/EquipmentV4.js			0		0	0	0	无译文，未输出
client	src/UI/Components/Error/Error.css			0		0	0	0	无译文，未输出
client	src/UI/Components/Error/Error.js			0		0	0	0	无译文，未输出
client	src/UI/Components/Escape/Escape.css			0		0	0	0	无译文，未输出
client	src/UI/Components/Escape/Escape.js			0		0	0	0	无译文，未输出
client	src/UI/Components/FPS/FPS.css			0		0	0	0	无译文，未输出
client	src/UI/Components/FPS/FPS.js			0		0	0	0	无译文，未输出
client	src/UI/Components/GrannyModelViewer/GrannyModelViewer.css			0		0	0	0	无译文，未输出
client	src/UI/Components/GrannyModelViewer/GrannyModelViewer.js			0		0	0	0	无译文，未输出
client	src/UI/Components/GraphicsOption/GraphicsOption.css			0		0	0	0	无译文，未输出
client	src/UI/Components/GrfViewer/GrfViewer.css			0		0	0	0	无译文，未输出
client	src/UI/Components/Guild/Guild.css			0		0	0	0	无译文，未输出
client	src/UI/Components/GuildCompanion/GuildCompanion.css			0		0	0	0	无译文，未输出
client	src/UI/Components/HomunInformations/HomunInformations.css			0		0	0	0	无译文，未输出
client	src/UI/Components/HomunInformations/HomunInformations.js			0		0	0	0	无译文，未输出
client	src/UI/Components/Intro/FileSystem.js			0		0	0	0	无译文，未输出
client	src/UI/Components/Intro/Intro.css			0		0	0	0	无译文，未输出
client	src/UI/Components/Intro/Particle.js			0		0	0	0	无译文，未输出
client	src/UI/Components/Intro/Preferences.js			0		0	0	0	无译文，未输出
client	src/UI/Components/Inventory/Inventory.js			0		0	0	0	无译文，未输出
client	src/UI/Components/Inventory/InventoryCommon.js			0		0	0	0	无译文，未输出
client	src/UI/Components/Inventory/InventoryV0/InventoryV0.css			0		0	0	0	无译文，未输出
client	src/UI/Components/Inventory/InventoryV0/InventoryV0.js			0		0	0	0	无译文，未输出
client	src/UI/Components/Inventory/InventoryV1/InventoryV1.css			0		0	0	0	无译文，未输出
client	src/UI/Components/Inventory/InventoryV1/InventoryV1.js			0		0	0	0	无译文，未输出
client	src/UI/Components/Inventory/InventoryV2/InventoryV2.css			0		0	0	0	无译文，未输出
client	src/UI/Components/Inventory/InventoryV2/InventoryV2.js			0		0	0	0	无译文，未输出
client	src/UI/Components/Inventory/InventoryV3/InventoryV3.css			0		0	0	0	无译文，未输出
client	src/UI/Components/Inventory/InventoryV3/InventoryV3.js			0		0	0	0	无译文，未输出
client	src/UI/Components/ItemCompare/ItemCompare.css			0		0	0	0	无译文，未输出
client	src/UI/Components/ItemCompare/ItemCompare.js			0		0	0	0	无译文，未输出
client	src/UI/Components/ItemInfo/ItemInfo.css			0		0	0	0	无译文，未输出
client	src/UI/Components/ItemInfo/ItemInfo.js			0		0	0	0	无译文，未输出
client	src/UI/Components/ItemObtain/ItemObtain.html			0		0	0	0	无译文，未输出
client	src/UI/Components/ItemObtain/ItemObtain.js			0		0	0	0	无译文，未输出
client	src/UI/Components/ItemPreview/ItemPreview.css			0		0	0	0	无译文，未输出
client	src/UI/Components/ItemPreview/ItemPreview.html			0		0	0	0	无译文，未输出
client	src/UI/Components/ItemPreview/ItemPreview.js			0		0	0	0	无译文，未输出
client	src/UI/Components/ItemReform/ItemReform.css			0		0	0	0	无译文，未输出
client	src/UI/Components/ItemReform/ItemReform.html			0		0	0	0	无译文，未输出
client	src/UI/Components/ItemReform/ItemReform.js			0		0	0	0	无译文，未输出
client	src/UI/Components/ItemSelection/ItemSelection.css			0		0	0	0	无译文，未输出
client	src/UI/Components/ItemSelection/ItemSelection.html			0		0	0	0	无译文，未输出
client	src/UI/Components/ItemSelection/ItemSelection.js			0		0	0	0	无译文，未输出
client	src/UI/Components/JoystickUI/JoystickAxisInput.js			0		0	0	0	无译文，未输出
client	src/UI/Components/JoystickUI/JoystickButtonInput.js			0		0	0	0	无译文，未输出
client	src/UI/Components/JoystickUI/JoystickCharacterControl.js			0		0	0	0	无译文，未输出
client	src/UI/Components/JoystickUI/JoystickInputService.js			0		0	0	0	无译文，未输出
client	src/UI/Components/JoystickUI/JoystickInteractionService.js			0		0	0	0	无译文，未输出
client	src/UI/Components/JoystickUI/JoystickModule.js			0		0	0	0	无译文，未输出
client	src/UI/Components/JoystickUI/JoystickMouseCursorAdapter.js			0		0	0	0	无译文，未输出
client	src/UI/Components/JoystickUI/JoystickPollingLoop.js			0		0	0	0	无译文，未输出
client	src/UI/Components/JoystickUI/JoystickSelectionUI.css			0		0	0	0	无译文，未输出
client	src/UI/Components/JoystickUI/JoystickShortcutMapper.js			0		0	0	0	无译文，未输出
client	src/UI/Components/JoystickUI/JoystickTargetService.js			0		0	0	0	无译文，未输出
client	src/UI/Components/JoystickUI/JoystickUI.css			0		0	0	0	无译文，未输出
client	src/UI/Components/JoystickUI/JoystickUI.js			0		0	0	0	无译文，未输出
client	src/UI/Components/JoystickUI/JoystickUIRenderer.js			0		0	0	0	无译文，未输出
client	src/UI/Components/LaphineSys/LaphineSys.css			0		0	0	0	无译文，未输出
client	src/UI/Components/LaphineSys/LaphineSys.html			0		0	0	0	无译文，未输出
client	src/UI/Components/LaphineSys/LaphineSys.js			0		0	0	0	无译文，未输出
client	src/UI/Components/LaphineUpg/LaphineUpg.css			0		0	0	0	无译文，未输出
client	src/UI/Components/LaphineUpg/LaphineUpg.html			0		0	0	0	无译文，未输出
client	src/UI/Components/LaphineUpg/LaphineUpg.js			0		0	0	0	无译文，未输出
client	src/UI/Components/Mail/Mail.css			0		0	0	0	无译文，未输出
client	src/UI/Components/Mail/Mail.js			0		0	0	0	无译文，未输出
client	src/UI/Components/Mail/ReadMail.css			0		0	0	0	无译文，未输出
client	src/UI/Components/Mail/ReadMail.js			0		0	0	0	无译文，未输出
client	src/UI/Components/MakeArrowSelection/MakeArrowSelection.css			0		0	0	0	无译文，未输出
client	src/UI/Components/MakeArrowSelection/MakeArrowSelection.html			0		0	0	0	无译文，未输出
client	src/UI/Components/MakeArrowSelection/MakeArrowSelection.js			0		0	0	0	无译文，未输出
client	src/UI/Components/MakeItemSelection/ItemConvertSelection/ConvertItems.css			0		0	0	0	无译文，未输出
client	src/UI/Components/MakeItemSelection/ItemConvertSelection/ConvertItems.js			0		0	0	0	无译文，未输出
client	src/UI/Components/MakeItemSelection/ItemConvertSelection/MakeModelMessage/MakeModelMessage.css			0		0	0	0	无译文，未输出
client	src/UI/Components/MakeItemSelection/ItemConvertSelection/MakeModelMessage/MakeModelMessage.js			0		0	0	0	无译文，未输出
client	src/UI/Components/MakeItemSelection/ItemListWindowSelection.css			0		0	0	0	无译文，未输出
client	src/UI/Components/MakeItemSelection/ItemListWindowSelection.js			0		0	0	0	无译文，未输出
client	src/UI/Components/MakeItemSelection/MakeItemSelection.css			0		0	0	0	无译文，未输出
client	src/UI/Components/MakeItemSelection/MakeItemSelection.html			0		0	0	0	无译文，未输出
client	src/UI/Components/MakeItemSelection/MakeItemSelection.js			0		0	0	0	无译文，未输出
client	src/UI/Components/MakeReadBook/MakeReadBook.css			0		0	0	0	无译文，未输出
client	src/UI/Components/MakeReadBook/MakeReadBook.js			0		0	0	0	无译文，未输出
client	src/UI/Components/MapName/MapName.css			0		0	0	0	无译文，未输出
client	src/UI/Components/MapName/MapName.html			0		0	0	0	无译文，未输出
client	src/UI/Components/MapName/MapName.js			0		0	0	0	无译文，未输出
client	src/UI/Components/MercenaryInformations/MercenaryInformations.css			0		0	0	0	无译文，未输出
client	src/UI/Components/MercenaryInformations/MercenaryInformations.js			0		0	0	0	无译文，未输出
client	src/UI/Components/MiniMap/MiniMap.js			0		0	0	0	无译文，未输出
client	src/UI/Components/MiniMap/MiniMap/MiniMap.html			0		0	0	0	无译文，未输出
client	src/UI/Components/MiniMap/MiniMap/MiniMap.js			0		0	0	0	无译文，未输出
client	src/UI/Components/MiniMap/MiniMapCommon.js			0		0	0	0	无译文，未输出
client	src/UI/Components/MiniMap/MiniMapV2/MiniMapV2.css			0		0	0	0	无译文，未输出
client	src/UI/Components/MiniMap/MiniMapV2/MiniMapV2.html			0		0	0	0	无译文，未输出
client	src/UI/Components/MiniMap/MiniMapV2/MiniMapV2.js			0		0	0	0	无译文，未输出
client	src/UI/Components/MobileUI/MobileUI.css			0		0	0	0	无译文，未输出
client	src/UI/Components/MobileUI/MobileUI.html			0		0	0	0	无译文，未输出
client	src/UI/Components/MobileUI/MobileUI.js			0		0	0	0	无译文，未输出
client	src/UI/Components/ModelViewer/ModelViewer.css			0		0	0	0	无译文，未输出
client	src/UI/Components/ModelViewer/ModelViewer.js			0		0	0	0	无译文，未输出
client	src/UI/Components/Navigation/MapPathFinder.js			0		0	0	0	无译文，未输出
client	src/UI/Components/Navigation/Navigation.css			0		0	0	0	无译文，未输出
client	src/UI/Components/Navigation/PathFindingWorker.js			0		0	0	0	无译文，未输出
client	src/UI/Components/NpcBox/NpcBox.css			0		0	0	0	无译文，未输出
client	src/UI/Components/NpcBox/NpcBox.html			0		0	0	0	无译文，未输出
client	src/UI/Components/NpcBox/NpcBox.js			0		0	0	0	无译文，未输出
client	src/UI/Components/NpcMenu/NpcMenu.css			0		0	0	0	无译文，未输出
client	src/UI/Components/NpcMenu/NpcMenu.html			0		0	0	0	无译文，未输出
client	src/UI/Components/NpcMenu/NpcMenu.js			0		0	0	0	无译文，未输出
client	src/UI/Components/NpcStore/NpcStore.css			0		0	0	0	无译文，未输出
client	src/UI/Components/NpcStore/NpcStore.js			0		0	0	0	无译文，未输出
client	src/UI/Components/PCGoldTimer/PCGoldTimer.html			0		0	0	0	无译文，未输出
client	src/UI/Components/PCGoldTimer/PCGoldTimer.js			0		0	0	0	无译文，未输出
client	src/UI/Components/PartyFriends/PartyFriends.js			0		0	0	0	无译文，未输出
client	src/UI/Components/PartyFriends/PartyFriendsCommon.js			0		0	0	0	无译文，未输出
client	src/UI/Components/PartyFriends/PartyFriendsV0/PartyFriendsV0.css			0		0	0	0	无译文，未输出
client	src/UI/Components/PartyFriends/PartyFriendsV0/PartyFriendsV0.html			0		0	0	0	无译文，未输出
client	src/UI/Components/PartyFriends/PartyFriendsV0/PartyFriendsV0.js			0		0	0	0	无译文，未输出
client	src/UI/Components/PartyFriends/PartyFriendsV1/PartyFriendsV1.css			0		0	0	0	无译文，未输出
client	src/UI/Components/PartyFriends/PartyFriendsV1/PartyFriendsV1.js			0		0	0	0	无译文，未输出
client	src/UI/Components/PartyFriends/PartyHelper/PartyHelper.css			0		0	0	0	无译文，未输出
client	src/UI/Components/PartyFriends/PartyHelper/PartyHelper.js			0		0	0	0	无译文，未输出
client	src/UI/Components/PartyFriends/PartyMemberExternal/PartyMemberExternal.css			0		0	0	0	无译文，未输出
client	src/UI/Components/PartyFriends/PartyMemberExternal/PartyMemberExternal.html			0		0	0	0	无译文，未输出
client	src/UI/Components/PartyFriends/PartyMemberExternal/PartyMemberExternal.js			0		0	0	0	无译文，未输出
client	src/UI/Components/PetEvolution/PetEvolution.css			0		0	0	0	无译文，未输出
client	src/UI/Components/PetEvolution/PetEvolution.js			0		0	0	0	无译文，未输出
client	src/UI/Components/PetInformations/PetInformations.css			0		0	0	0	无译文，未输出
client	src/UI/Components/PetInformations/PetInformations.js			0		0	0	0	无译文，未输出
client	src/UI/Components/PincodeWindow/PincodeWindow.css			0		0	0	0	无译文，未输出
client	src/UI/Components/PincodeWindow/PincodeWindow.js			0		0	0	0	无译文，未输出
client	src/UI/Components/PlayerViewEquip/PlayerViewEquip.css			0		0	0	0	无译文，未输出
client	src/UI/Components/PlayerViewEquip/PlayerViewEquip.js			0		0	0	0	无译文，未输出
client	src/UI/Components/PlayerViewEquip/PlayerViewEquipCommon.js			0		0	0	0	无译文，未输出
client	src/UI/Components/PlayerViewEquip/PlayerViewEquipV0/PlayerViewEquipV0.js			0		0	0	0	无译文，未输出
client	src/UI/Components/PlayerViewEquip/PlayerViewEquipV1/PlayerViewEquipV1.js			0		0	0	0	无译文，未输出
client	src/UI/Components/PlayerViewEquip/PlayerViewEquipV2/PlayerViewEquipV2.js			0		0	0	0	无译文，未输出
client	src/UI/Components/PvPCount/PvPCount.css			0		0	0	0	无译文，未输出
client	src/UI/Components/PvPCount/PvPCount.html			0		0	0	0	无译文，未输出
client	src/UI/Components/PvPCount/PvPCount.js			0		0	0	0	无译文，未输出
client	src/UI/Components/PvPTimer/PvPTimer.css			0		0	0	0	无译文，未输出
client	src/UI/Components/PvPTimer/PvPTimer.html			0		0	0	0	无译文，未输出
client	src/UI/Components/PvPTimer/PvPTimer.js			0		0	0	0	无译文，未输出
client	src/UI/Components/Quest/Quest.js			0		0	0	0	无译文，未输出
client	src/UI/Components/Quest/Quest/Quest.css			0		0	0	0	无译文，未输出
client	src/UI/Components/Quest/Quest/Quest.js			0		0	0	0	无译文，未输出
client	src/UI/Components/Quest/Quest/QuestHelper.css			0		0	0	0	无译文，未输出
client	src/UI/Components/Quest/Quest/QuestHelper.js			0		0	0	0	无译文，未输出
client	src/UI/Components/Quest/Quest/QuestWindow.css			0		0	0	0	无译文，未输出
client	src/UI/Components/Quest/Quest/QuestWindow.html			0		0	0	0	无译文，未输出
client	src/UI/Components/Quest/Quest/QuestWindow.js			0		0	0	0	无译文，未输出
client	src/UI/Components/Quest/QuestCommon.js			0		0	0	0	无译文，未输出
client	src/UI/Components/Quest/QuestV1/QuestHelperV1.css			0		0	0	0	无译文，未输出
client	src/UI/Components/Quest/QuestV1/QuestHelperV1.js			0		0	0	0	无译文，未输出
client	src/UI/Components/Quest/QuestV1/QuestV1.css			0		0	0	0	无译文，未输出
client	src/UI/Components/Quest/QuestV1/QuestV1.html			0		0	0	0	无译文，未输出
client	src/UI/Components/Quest/QuestV1/QuestV1.js			0		0	0	0	无译文，未输出
client	src/UI/Components/Refine/Refine.css			0		0	0	0	无译文，未输出
client	src/UI/Components/Refine/Refine.html			0		0	0	0	无译文，未输出
client	src/UI/Components/Refine/Refine.js			0		0	0	0	无译文，未输出
client	src/UI/Components/RefineWeaponSelection/RefineWeaponSelection.css			0		0	0	0	无译文，未输出
client	src/UI/Components/RefineWeaponSelection/RefineWeaponSelection.html			0		0	0	0	无译文，未输出
client	src/UI/Components/RefineWeaponSelection/RefineWeaponSelection.js			0		0	0	0	无译文，未输出
client	src/UI/Components/Reputation/Reputation.css			0		0	0	0	无译文，未输出
client	src/UI/Components/Reputation/Reputation.js			0		0	0	0	无译文，未输出
client	src/UI/Components/Rodex/ReadRodex.css			0		0	0	0	无译文，未输出
client	src/UI/Components/Rodex/ReadRodex.html			0		0	0	0	无译文，未输出
client	src/UI/Components/Rodex/ReadRodex.js			0		0	0	0	无译文，未输出
client	src/UI/Components/Rodex/Rodex.css			0		0	0	0	无译文，未输出
client	src/UI/Components/Rodex/Rodex.html			0		0	0	0	无译文，未输出
client	src/UI/Components/Rodex/RodexIcon.html			0		0	0	0	无译文，未输出
client	src/UI/Components/Rodex/RodexIcon.js			0		0	0	0	无译文，未输出
client	src/UI/Components/Rodex/WriteRodex.css			0		0	0	0	无译文，未输出
client	src/UI/Components/Rodex/WriteRodex.html			0		0	0	0	无译文，未输出
client	src/UI/Components/Rodex/WriteRodex.js			0		0	0	0	无译文，未输出
client	src/UI/Components/Roulette/Roulette.css			0		0	0	0	无译文，未输出
client	src/UI/Components/Roulette/Roulette.js			0		0	0	0	无译文，未输出
client	src/UI/Components/Sense/Sense.css			0		0	0	0	无译文，未输出
client	src/UI/Components/Sense/Sense.html			0		0	0	0	无译文，未输出
client	src/UI/Components/Sense/Sense.js			0		0	0	0	无译文，未输出
client	src/UI/Components/ShortCut/ShortCut.css			0		0	0	0	无译文，未输出
client	src/UI/Components/ShortCut/ShortCut.html			0		0	0	0	无译文，未输出
client	src/UI/Components/ShortCut/ShortCut.js			0		0	0	0	无译文，未输出
client	src/UI/Components/ShortCutOption/ShortCutOption.css			0		0	0	0	无译文，未输出
client	src/UI/Components/ShortCutOption/ShortCutOption.js			0		0	0	0	无译文，未输出
client	src/UI/Components/ShortCuts/ShortCuts.css			0		0	0	0	无译文，未输出
client	src/UI/Components/ShortCuts/ShortCuts.js			0		0	0	0	无译文，未输出
client	src/UI/Components/SkillDescription/SkillDescription.css			0		0	0	0	无译文，未输出
client	src/UI/Components/SkillDescription/SkillDescription.html			0		0	0	0	无译文，未输出
client	src/UI/Components/SkillDescription/SkillDescription.js			0		0	0	0	无译文，未输出
client	src/UI/Components/SkillList/SkillList.js			0		0	0	0	无译文，未输出
client	src/UI/Components/SkillList/SkillList/SkillList.css			0		0	0	0	无译文，未输出
client	src/UI/Components/SkillList/SkillList/SkillList.js			0		0	0	0	无译文，未输出
client	src/UI/Components/SkillList/SkillListCommon.js			0		0	0	0	无译文，未输出
client	src/UI/Components/SkillList/SkillListV2/SkillListV2.css			0		0	0	0	无译文，未输出
client	src/UI/Components/SkillList/SkillListV2/SkillListV2.js			0		0	0	0	无译文，未输出
client	src/UI/Components/SkillListMH/SkillListMH.js			0		0	0	0	无译文，未输出
client	src/UI/Components/SkillTargetSelection/SkillTargetSelection.css			0		0	0	0	无译文，未输出
client	src/UI/Components/SkillTargetSelection/SkillTargetSelection.html			0		0	0	0	无译文，未输出
client	src/UI/Components/SkillTargetSelection/SkillTargetSelection.js			0		0	0	0	无译文，未输出
client	src/UI/Components/SlotMachine/SlotMachine.css			0		0	0	0	无译文，未输出
client	src/UI/Components/SlotMachine/SlotMachine.html			0		0	0	0	无译文，未输出
client	src/UI/Components/SlotMachine/SlotMachine.js			0		0	0	0	无译文，未输出
client	src/UI/Components/SoundOption/SoundOption.css			0		0	0	0	无译文，未输出
client	src/UI/Components/SoundOption/SoundOption.js			0		0	0	0	无译文，未输出
client	src/UI/Components/StatusIcons/StatusIcons.css			0		0	0	0	无译文，未输出
client	src/UI/Components/StatusIcons/StatusIcons.html			0		0	0	0	无译文，未输出
client	src/UI/Components/StatusIcons/StatusIcons.js			0		0	0	0	无译文，未输出
client	src/UI/Components/Storage/Storage.js			0		0	0	0	无译文，未输出
client	src/UI/Components/Storage/StorageV0/Storage.css			0		0	0	0	无译文，未输出
client	src/UI/Components/Storage/StorageV0/Storage.html			0		0	0	0	无译文，未输出
client	src/UI/Components/Storage/StorageV0/Storage.js			0		0	0	0	无译文，未输出
client	src/UI/Components/Storage/StorageV3/Storage.css			0		0	0	0	无译文，未输出
client	src/UI/Components/Storage/StorageV3/Storage.js			0		0	0	0	无译文，未输出
client	src/UI/Components/Storage/StorageV3/StorageFilter.css			0		0	0	0	无译文，未输出
client	src/UI/Components/Storage/StorageV3/StorageFilter.js			0		0	0	0	无译文，未输出
client	src/UI/Components/StrViewer/StrViewer.css			0		0	0	0	无译文，未输出
client	src/UI/Components/StrViewer/StrViewer.js			0		0	0	0	无译文，未输出
client	src/UI/Components/SwitchEquip/SwitchEquip.css			0		0	0	0	无译文，未输出
client	src/UI/Components/SwitchEquip/SwitchEquip.html			0		0	0	0	无译文，未输出
client	src/UI/Components/SwitchEquip/SwitchEquip.js			0		0	0	0	无译文，未输出
client	src/UI/Components/Trade/Trade.css			0		0	0	0	无译文，未输出
client	src/UI/Components/Trade/Trade.js			0		0	0	0	无译文，未输出
client	src/UI/Components/Vending/Vending.css			0		0	0	0	无译文，未输出
client	src/UI/Components/Vending/Vending.js			0		0	0	0	无译文，未输出
client	src/UI/Components/Vending/VendingModelMessage/VendingModelMessage.css			0		0	0	0	无译文，未输出
client	src/UI/Components/Vending/VendingModelMessage/VendingModelMessage.js			0		0	0	0	无译文，未输出
client	src/UI/Components/VendingReport/VendingReport.css			0		0	0	0	无译文，未输出
client	src/UI/Components/VendingReport/VendingReport.html			0		0	0	0	无译文，未输出
client	src/UI/Components/VendingShop/VendingShop.css			0		0	0	0	无译文，未输出
client	src/UI/Components/VendingShop/VendingShop.html			0		0	0	0	无译文，未输出
client	src/UI/Components/VendingShop/VendingShop.js			0		0	0	0	无译文，未输出
client	src/UI/Components/WhisperBox/WhisperBox.css			0		0	0	0	无译文，未输出
client	src/UI/Components/WinList/WinList.css			0		0	0	0	无译文，未输出
client	src/UI/Components/WinList/WinList.html			0		0	0	0	无译文，未输出
client	src/UI/Components/WinList/WinList.js			0		0	0	0	无译文，未输出
client	src/UI/Components/WinLogin/WinLogin.js			0		0	0	0	无译文，未输出
client	src/UI/Components/WinLogin/WinLogin/WinLogin.css			0		0	0	0	无译文，未输出
client	src/UI/Components/WinLogin/WinLogin/WinLogin.html			0		0	0	0	无译文，未输出
client	src/UI/Components/WinLogin/WinLogin/WinLogin.js			0		0	0	0	无译文，未输出
client	src/UI/Components/WinLogin/WinLoginCommon.js			0		0	0	0	无译文，未输出
client	src/UI/Components/WinLogin/WinLoginV2/WinLoginV2.css			0		0	0	0	无译文，未输出
client	src/UI/Components/WinLogin/WinLoginV2/WinLoginV2.js			0		0	0	0	无译文，未输出
client	src/UI/Components/WinLogin/WinLoginV3/WinLoginV3.js			0		0	0	0	无译文，未输出
client	src/UI/Components/WinPopup/WinPopup.html			0		0	0	0	无译文，未输出
client	src/UI/Components/WinPopup/WinPopup.js			0		0	0	0	无译文，未输出
client	src/UI/Components/WinPrompt/WinPrompt.js			0		0	0	0	无译文，未输出
client	src/UI/Components/WinStats/WinStats.js			0		0	0	0	无译文，未输出
client	src/UI/Components/WinStats/WinStats/WinStats.css			0		0	0	0	无译文，未输出
client	src/UI/Components/WinStats/WinStats/WinStats.js			0		0	0	0	无译文，未输出
client	src/UI/Components/WinStats/WinStatsCommon.js			0		0	0	0	无译文，未输出
client	src/UI/Components/WinStats/WinStatsV1/WinStatsV1.css			0		0	0	0	无译文，未输出
client	src/UI/Components/WinStats/WinStatsV1/WinStatsV1.js			0		0	0	0	无译文，未输出
client	src/UI/Components/WinStats/WinStatsV2/WinStatsV2.css			0		0	0	0	无译文，未输出
client	src/UI/Components/WinStats/WinStatsV2/WinStatsV2.js			0		0	0	0	无译文，未输出
client	src/UI/Components/WorldMap/WorldMap.css			0		0	0	0	无译文，未输出
client	src/UI/Components/WorldMap/WorldMap.js			0		0	0	0	无译文，未输出
client	src/UI/CursorManager.js			0		0	0	0	无译文，未输出
client	src/UI/Elements/Elements.js			0		0	0	0	无译文，未输出
client	src/UI/Elements/UIButton.js			0		0	0	0	无译文，未输出
client	src/UI/Elements/UIImage.js			0		0	0	0	无译文，未输出
client	src/UI/Elements/UIText.js			0		0	0	0	无译文，未输出
client	src/UI/GUIComponent.js			0		0	0	0	无译文，未输出
client	src/UI/Scrollbar.js			0		0	0	0	无译文，未输出
client	src/UI/UIManager.js			0		0	0	0	无译文，未输出
client	src/UI/UIVersionManager.js			0		0	0	0	无译文，未输出
client	src/Utils/Base62.js			0		0	0	0	无译文，未输出
client	src/Utils/BinaryReader.js			0		0	0	0	无译文，未输出
client	src/Utils/BinaryWriter.js			0		0	0	0	无译文，未输出
client	src/Utils/CRC32.js			0		0	0	0	无译文，未输出
client	src/Utils/CodepageManager.js			0		0	0	0	无译文，未输出
client	src/Utils/ConsoleManager.js			0		0	0	0	无译文，未输出
client	src/Utils/Executable.js			0		0	0	0	无译文，未输出
client	src/Utils/HTMLEntity.js			0		0	0	0	无译文，未输出
client	src/Utils/HtmlHelper.js			0		0	0	0	无译文，未输出
client	src/Utils/Inflate.js			0		0	0	0	无译文，未输出
client	src/Utils/PathFinding.js			0		0	0	0	无译文，未输出
client	src/Utils/Queue.js			0		0	0	0	无译文，未输出
client	src/Utils/Rijndael.js			0		0	0	0	无译文，未输出
client	src/Utils/Struct.js			0		0	0	0	无译文，未输出
client	src/Utils/Texture.js			0		0	0	0	无译文，未输出
client	src/Utils/WebGL.js			0		0	0	0	无译文，未输出
client	src/Utils/gl-matrix.js			0		0	0	0	无译文，未输出
client	src/Utils/partyColors.js			0		0	0	0	无译文，未输出
client	src/main.js			0		0	0	0	无译文，未输出
root	configs/Config.happyro.js			0		0	0	0	无译文，未输出
root	deploy/mariadb/compose.yml			0		0	0	0	无译文，未输出
root	scripts/localization/scan-localization-inventory.py			0		0	0	0	无译文，未输出
server	conf/battle/battle.conf			0		0	0	0	无译文，未输出
server	conf/battle/battleground.conf			0		0	0	0	无译文，未输出
server	conf/battle/client.conf			0		0	0	0	无译文，未输出
server	conf/battle/drops.conf			0		0	0	0	无译文，未输出
server	conf/battle/exp.conf			0		0	0	0	无译文，未输出
server	conf/battle/feature.conf			0		0	0	0	无译文，未输出
server	conf/battle/gm.conf			0		0	0	0	无译文，未输出
server	conf/battle/guild.conf			0		0	0	0	无译文，未输出
server	conf/battle/homunc.conf			0		0	0	0	无译文，未输出
server	conf/battle/instance.conf			0		0	0	0	无译文，未输出
server	conf/battle/items.conf			0		0	0	0	无译文，未输出
server	conf/battle/misc.conf			0		0	0	0	无译文，未输出
server	conf/battle/monster.conf			0		0	0	0	无译文，未输出
server	conf/battle/party.conf			0		0	0	0	无译文，未输出
server	conf/battle/pet.conf			0		0	0	0	无译文，未输出
server	conf/battle/player.conf			0		0	0	0	无译文，未输出
server	conf/battle/skill.conf			0		0	0	0	无译文，未输出
server	conf/battle/status.conf			0		0	0	0	无译文，未输出
server	conf/char_athena.conf			0		0	0	0	无译文，未输出
server	conf/groups.yml			0		0	0	0	无译文，未输出
server	conf/import-tmpl/atcommands.yml			0		0	0	0	无译文，未输出
server	conf/import-tmpl/inter_server.yml			0		0	0	0	无译文，未输出
server	conf/inter_athena.conf			0		0	0	0	无译文，未输出
server	conf/inter_server.yml			0		0	0	0	无译文，未输出
server	conf/log_athena.conf			0		0	0	0	无译文，未输出
server	conf/login_athena.conf			0		0	0	0	无译文，未输出
server	conf/map_athena.conf			0		0	0	0	无译文，未输出
server	conf/maps_athena.conf			0		0	0	0	无译文，未输出
server	conf/msg_conf/map_msg_chn.conf			0		0	0	0	无译文，未输出
server	conf/msg_conf/map_msg_grm.conf			0		0	0	0	无译文，未输出
server	conf/msg_conf/web_msg.conf			0		0	0	0	无译文，未输出
server	conf/packet_athena.conf			0		0	0	0	无译文，未输出
server	conf/readme.md			0		0	0	0	无译文，未输出
server	conf/script_athena.conf			0		0	0	0	无译文，未输出
server	conf/web_athena.conf			0		0	0	0	无译文，未输出
server	db/abra_db.yml			0		0	0	0	无译文，未输出
server	db/achievement_db.yml			0		0	0	0	无译文，未输出
server	db/enchantgrade.yml			0		0	0	0	无译文，未输出
server	db/import-tmpl/achievement_db.yml			0		0	0	0	无译文，未输出
server	db/import-tmpl/enchantgrade.yml			0		0	0	0	无译文，未输出
server	db/import-tmpl/instance_db.yml			0		0	0	0	无译文，未输出
server	db/import-tmpl/item_db.yml			0		0	0	0	无译文，未输出
server	db/import-tmpl/map_index.txt			0		0	0	0	无译文，未输出
server	db/import-tmpl/mob_chat_db.yml			0		0	0	0	无译文，未输出
server	db/import-tmpl/mob_db.yml			0		0	0	0	无译文，未输出
server	db/import-tmpl/mob_skill_db.txt			0		0	0	0	无译文，未输出
server	db/import-tmpl/pet_db.yml			0		0	0	0	无译文，未输出
server	db/import-tmpl/quest_db.yml			0		0	0	0	无译文，未输出
server	db/import-tmpl/skill_db.yml			0		0	0	0	无译文，未输出
server	db/import-tmpl/status.yml			0		0	0	0	无译文，未输出
server	db/instance_db.yml			0		0	0	0	无译文，未输出
server	db/item_db.yml			0		0	0	0	无译文，未输出
server	db/map_index.txt			0		0	0	0	无译文，未输出
server	db/mob_db.yml			0		0	0	0	无译文，未输出
server	db/pre-re/instance_db.yml			0		0	0	0	无译文，未输出
server	db/pre-re/item_combos.yml			0		0	0	0	无译文，未输出
server	db/pre-re/item_db.yml			0		0	0	0	无译文，未输出
server	db/pre-re/item_group_db.yml			0		0	0	0	无译文，未输出
server	db/pre-re/mob_skill_db.txt			0		0	0	0	无译文，未输出
server	db/pre-re/mob_summon.yml			0		0	0	0	无译文，未输出
server	db/pre-re/pet_db.yml			0		0	0	0	无译文，未输出
server	db/pre-re/skill_tree.yml			0		0	0	0	无译文，未输出
server	db/pre-re/status.yml			0		0	0	0	无译文，未输出
server	db/quest_db.yml			0		0	0	0	无译文，未输出
server	db/re/enchantgrade.yml			0		0	0	0	无译文，未输出
server	db/re/item_combos.yml			0		0	0	0	无译文，未输出
server	db/re/item_db.yml			0		0	0	0	无译文，未输出
server	db/re/item_enchant.yml			0		0	0	0	无译文，未输出
server	db/re/item_group_db.yml			0		0	0	0	无译文，未输出
server	db/re/item_reform.yml			0		0	0	0	无译文，未输出
server	db/re/laphine_synthesis.yml			0		0	0	0	无译文，未输出
server	db/re/laphine_upgrade.yml			0		0	0	0	无译文，未输出
server	db/re/map_drops.yml			0		0	0	0	无译文，未输出
server	db/re/mob_skill_db.txt			0		0	0	0	无译文，未输出
server	db/re/mob_summon.yml			0		0	0	0	无译文，未输出
server	db/re/pet_db.yml			0		0	0	0	无译文，未输出
server	db/re/skill_tree.yml			0		0	0	0	无译文，未输出
server	db/re/status.yml			0		0	0	0	无译文，未输出
server	db/skill_db.yml			0		0	0	0	无译文，未输出
server	db/status.yml			0		0	0	0	无译文，未输出
server	npc/custom/etc/floating_rates.txt			0		0	0	0	无译文，未输出
server	npc/custom/itemmall.txt			0		0	0	0	无译文，未输出
server	npc/guild/agit_controller.txt			0		0	0	0	无译文，未输出
server	npc/guild/aldeg_cas02.txt			0		0	0	0	无译文，未输出
server	npc/guild/aldeg_cas05.txt			0		0	0	0	无译文，未输出
server	npc/guild/gefg_cas04.txt			0		0	0	0	无译文，未输出
server	npc/guild/payg_cas04.txt			0		0	0	0	无译文，未输出
server	npc/guild/prtg_cas03.txt			0		0	0	0	无译文，未输出
server	npc/guild/trs_rp.txt			0		0	0	0	无译文，未输出
server	npc/guild2/agit_start_se.txt			0		0	0	0	无译文，未输出
server	npc/guild2/arug_cas01.txt			0		0	0	0	无译文，未输出
server	npc/guild2/arug_cas02.txt			0		0	0	0	无译文，未输出
server	npc/guild2/arug_cas03.txt			0		0	0	0	无译文，未输出
server	npc/guild2/arug_cas04.txt			0		0	0	0	无译文，未输出
server	npc/guild2/arug_cas05.txt			0		0	0	0	无译文，未输出
server	npc/guild2/guild_flags.txt			0		0	0	0	无译文，未输出
server	npc/guild2/schg_cas01.txt			0		0	0	0	无译文，未输出
server	npc/guild2/schg_cas02.txt			0		0	0	0	无译文，未输出
server	npc/guild2/schg_cas04.txt			0		0	0	0	无译文，未输出
server	npc/guild2/schg_cas05.txt			0		0	0	0	无译文，未输出
server	npc/mapflag/battleground.txt			0		0	0	0	无译文，未输出
server	npc/mapflag/gvg.txt			0		0	0	0	无译文，未输出
server	npc/mapflag/gvg_noparty.txt			0		0	0	0	无译文，未输出
server	npc/mapflag/hidemobhpbar.txt			0		0	0	0	无译文，未输出
server	npc/mapflag/jail.txt			0		0	0	0	无译文，未输出
server	npc/mapflag/night.txt			0		0	0	0	无译文，未输出
server	npc/mapflag/nightmare.txt			0		0	0	0	无译文，未输出
server	npc/mapflag/nobranch.txt			0		0	0	0	无译文，未输出
server	npc/mapflag/nocostume.txt			0		0	0	0	无译文，未输出
server	npc/mapflag/nodynamicnpc.txt			0		0	0	0	无译文，未输出
server	npc/mapflag/noicewall.txt			0		0	0	0	无译文，未输出
server	npc/mapflag/nomemo.txt			0		0	0	0	无译文，未输出
server	npc/mapflag/nopenalty.txt			0		0	0	0	无译文，未输出
server	npc/mapflag/nopvp.txt			0		0	0	0	无译文，未输出
server	npc/mapflag/noreturn.txt			0		0	0	0	无译文，未输出
server	npc/mapflag/nosave.txt			0		0	0	0	无译文，未输出
server	npc/mapflag/noskill.txt			0		0	0	0	无译文，未输出
server	npc/mapflag/noteleport.txt			0		0	0	0	无译文，未输出
server	npc/mapflag/nowarp.txt			0		0	0	0	无译文，未输出
server	npc/mapflag/nowarpto.txt			0		0	0	0	无译文，未输出
server	npc/mapflag/partylock.txt			0		0	0	0	无译文，未输出
server	npc/mapflag/pvp.txt			0		0	0	0	无译文，未输出
server	npc/mapflag/pvp_noguild.txt			0		0	0	0	无译文，未输出
server	npc/mapflag/pvp_noparty.txt			0		0	0	0	无译文，未输出
server	npc/mapflag/reset.txt			0		0	0	0	无译文，未输出
server	npc/mapflag/restricted.txt			0		0	0	0	无译文，未输出
server	npc/mapflag/skill_damage.txt			0		0	0	0	无译文，未输出
server	npc/mapflag/skill_duration.txt			0		0	0	0	无译文，未输出
server	npc/mapflag/town.txt			0		0	0	0	无译文，未输出
server	npc/merchants/cash_trader.txt			0		0	0	0	无译文，未输出
server	npc/merchants/shops.txt			0		0	0	0	无译文，未输出
server	npc/mobs/jail.txt			0		0	0	0	无译文，未输出
server	npc/mobs/towns.txt			0		0	0	0	无译文，未输出
server	npc/other/Global_Functions.txt			0		0	0	0	无译文，未输出
server	npc/other/gm_npcs.txt			0		0	0	0	无译文，未输出
server	npc/pre-re/airports/izlude.txt			0		0	0	0	无译文，未输出
server	npc/pre-re/cities/alberta.txt			0		0	0	0	无译文，未输出
server	npc/pre-re/cities/brasilis.txt			0		0	0	0	无译文，未输出
server	npc/pre-re/cities/izlude.txt			0		0	0	0	无译文，未输出
server	npc/pre-re/cities/jawaii.txt			0		0	0	0	无译文，未输出
server	npc/pre-re/cities/lutie.txt			0		0	0	0	无译文，未输出
server	npc/pre-re/cities/prontera.txt			0		0	0	0	无译文，未输出
server	npc/pre-re/cities/yuno.txt			0		0	0	0	无译文，未输出
server	npc/pre-re/jobs/1-1e/taekwon.txt			0		0	0	0	无译文，未输出
server	npc/pre-re/jobs/2-2/crusader.txt			0		0	0	0	无译文，未输出
server	npc/pre-re/kafras/kafras.txt			0		0	0	0	无译文，未输出
server	npc/pre-re/mapflag/gvg.txt			0		0	0	0	无译文，未输出
server	npc/pre-re/mapflag/hidemobhpbar.txt			0		0	0	0	无译文，未输出
server	npc/pre-re/mapflag/invincible_time.txt			0		0	0	0	无译文，未输出
server	npc/pre-re/mapflag/nosave.txt			0		0	0	0	无译文，未输出
server	npc/pre-re/merchants/socket_enchant2.txt			0		0	0	0	无译文，未输出
server	npc/pre-re/mobs/dungeons/bra_dun.txt			0		0	0	0	无译文，未输出
server	npc/pre-re/mobs/dungeons/gef_dun.txt			0		0	0	0	无译文，未输出
server	npc/pre-re/mobs/dungeons/lhz_dun.txt			0		0	0	0	无译文，未输出
server	npc/pre-re/mobs/dungeons/mag_dun.txt			0		0	0	0	无译文，未输出
server	npc/pre-re/mobs/dungeons/mosk_dun.txt			0		0	0	0	无译文，未输出
server	npc/pre-re/mobs/dungeons/thor_v.txt			0		0	0	0	无译文，未输出
server	npc/pre-re/mobs/fields/geffen.txt			0		0	0	0	无译文，未输出
server	npc/pre-re/mobs/fields/niflheim.txt			0		0	0	0	无译文，未输出
server	npc/pre-re/mobs/fields/yuno.txt			0		0	0	0	无译文，未输出
server	npc/pre-re/other/mercenary_rent.txt			0		0	0	0	无译文，未输出
server	npc/pre-re/other/pvp.txt			0		0	0	0	无译文，未输出
server	npc/pre-re/other/turbo_track.txt			0		0	0	0	无译文，未输出
server	npc/pre-re/quests/cooking_quest.txt			0		0	0	0	无译文，未输出
server	npc/pre-re/quests/first_class/tu_archer.txt			0		0	0	0	无译文，未输出
server	npc/pre-re/quests/monstertamers.txt			0		0	0	0	无译文，未输出
server	npc/pre-re/quests/mrsmile.txt			0		0	0	0	无译文，未输出
server	npc/pre-re/quests/quests_13_1.txt			0		0	0	0	无译文，未输出
server	npc/pre-re/quests/quests_izlude.txt			0		0	0	0	无译文，未输出
server	npc/pre-re/quests/quests_lighthalzen.txt			0		0	0	0	无译文，未输出
server	npc/pre-re/quests/quests_nameless.txt			0		0	0	0	无译文，未输出
server	npc/pre-re/quests/quests_niflheim.txt			0		0	0	0	无译文，未输出
server	npc/pre-re/quests/quests_veins.txt			0		0	0	0	无译文，未输出
server	npc/pre-re/quests/seals/megingard_seal.txt			0		0	0	0	无译文，未输出
server	npc/pre-re/quests/skills/swordman_skills.txt			0		0	0	0	无译文，未输出
server	npc/pre-re/quests/the_sign_quest.txt			0		0	0	0	无译文，未输出
server	npc/pre-re/scripts_main.conf			0		0	0	0	无译文，未输出
server	npc/pre-re/warps/cities/einbroch.txt			0		0	0	0	无译文，未输出
server	npc/pre-re/warps/cities/izlude.txt			0		0	0	0	无译文，未输出
server	npc/pre-re/warps/cities/prontera.txt			0		0	0	0	无译文，未输出
server	npc/pre-re/warps/cities/rachel.txt			0		0	0	0	无译文，未输出
server	npc/pre-re/warps/cities/yggdrasil.txt			0		0	0	0	无译文，未输出
server	npc/pre-re/warps/fields/com_fild.txt			0		0	0	0	无译文，未输出
server	npc/pre-re/warps/fields/geffen_fild.txt			0		0	0	0	无译文，未输出
server	npc/pre-re/warps/fields/hugel_fild.txt			0		0	0	0	无译文，未输出
server	npc/pre-re/warps/fields/morroc_fild.txt			0		0	0	0	无译文，未输出
server	npc/pre-re/warps/fields/payon_fild.txt			0		0	0	0	无译文，未输出
server	npc/pre-re/warps/fields/prontera_fild.txt			0		0	0	0	无译文，未输出
server	npc/pre-re/warps/fields/rachel_fild.txt			0		0	0	0	无译文，未输出
server	npc/pre-re/warps/fields/veins_fild.txt			0		0	0	0	无译文，未输出
server	npc/pre-re/warps/fields/yuno_fild.txt			0		0	0	0	无译文，未输出
server	npc/pre-re/warps/guildcastles.txt			0		0	0	0	无译文，未输出
server	npc/pre-re/warps/other/arena.txt			0		0	0	0	无译文，未输出
server	npc/pre-re/warps/other/sign.txt			0		0	0	0	无译文，未输出
server	npc/re/airports/izlude.txt			0		0	0	0	无译文，未输出
server	npc/re/battleground/bg_common.txt			0		0	0	0	无译文，未输出
server	npc/re/cities/alberta.txt			0		0	0	0	无译文，未输出
server	npc/re/cities/jawaii.txt			0		0	0	0	无译文，未输出
server	npc/re/cities/lutie.txt			0		0	0	0	无译文，未输出
server	npc/re/cities/prontera.txt			0		0	0	0	无译文，未输出
server	npc/re/cities/yuno.txt			0		0	0	0	无译文，未输出
server	npc/re/guild/invest_npc.txt			0		0	0	0	无译文，未输出
server	npc/re/guild/mission_npc.txt			0		0	0	0	无译文，未输出
server	npc/re/guild3/agit_start_te.txt			0		0	0	0	无译文，未输出
server	npc/re/guild3/te_aldecas1.txt			0		0	0	0	无译文，未输出
server	npc/re/guild3/te_aldecas2.txt			0		0	0	0	无译文，未输出
server	npc/re/guild3/te_aldecas3.txt			0		0	0	0	无译文，未输出
server	npc/re/guild3/te_aldecas4.txt			0		0	0	0	无译文，未输出
server	npc/re/guild3/te_aldecas5.txt			0		0	0	0	无译文，未输出
server	npc/re/guild3/te_prtcas01.txt			0		0	0	0	无译文，未输出
server	npc/re/guild3/te_prtcas02.txt			0		0	0	0	无译文，未输出
server	npc/re/guild3/te_prtcas03.txt			0		0	0	0	无译文，未输出
server	npc/re/guild3/te_prtcas04.txt			0		0	0	0	无译文，未输出
server	npc/re/guild3/te_prtcas05.txt			0		0	0	0	无译文，未输出
server	npc/re/jobs/1-1e/taekwon.txt			0		0	0	0	无译文，未输出
server	npc/re/jobs/2-2/crusader.txt			0		0	0	0	无译文，未输出
server	npc/re/mapflag/gvg.txt			0		0	0	0	无译文，未输出
server	npc/re/mapflag/hidemobhpbar.txt			0		0	0	0	无译文，未输出
server	npc/re/mapflag/night.txt			0		0	0	0	无译文，未输出
server	npc/re/mapflag/nobranch.txt			0		0	0	0	无译文，未输出
server	npc/re/mapflag/nocostume.txt			0		0	0	0	无译文，未输出
server	npc/re/mapflag/nodynamicnpc.txt			0		0	0	0	无译文，未输出
server	npc/re/mapflag/noicewall.txt			0		0	0	0	无译文，未输出
server	npc/re/mapflag/nolockon.txt			0		0	0	0	无译文，未输出
server	npc/re/mapflag/nomemo.txt			0		0	0	0	无译文，未输出
server	npc/re/mapflag/nopenalty.txt			0		0	0	0	无译文，未输出
server	npc/re/mapflag/nopvp.txt			0		0	0	0	无译文，未输出
server	npc/re/mapflag/norenewalpenalty.txt			0		0	0	0	无译文，未输出
server	npc/re/mapflag/nosave.txt			0		0	0	0	无译文，未输出
server	npc/re/mapflag/noteleport.txt			0		0	0	0	无译文，未输出
server	npc/re/mapflag/nowarp.txt			0		0	0	0	无译文，未输出
server	npc/re/mapflag/nowarpto.txt			0		0	0	0	无译文，未输出
server	npc/re/mapflag/partylock.txt			0		0	0	0	无译文，未输出
server	npc/re/mapflag/privateairship.txt			0		0	0	0	无译文，未输出
server	npc/re/mapflag/reset.txt			0		0	0	0	无译文，未输出
server	npc/re/mapflag/restricted.txt			0		0	0	0	无译文，未输出
server	npc/re/mapflag/skill_duration.txt			0		0	0	0	无译文，未输出
server	npc/re/mapflag/specialpopup.txt			0		0	0	0	无译文，未输出
server	npc/re/mapflag/town.txt			0		0	0	0	无译文，未输出
server	npc/re/merchants/Dealer_Update.txt			0		0	0	0	无译文，未输出
server	npc/re/merchants/barters/enchan_illusion_dungeons.yml			0		0	0	0	无译文，未输出
server	npc/re/merchants/barters/mysterious_cookie_shop.yml			0		0	0	0	无译文，未输出
server	npc/re/merchants/cash_trader-idRO.txt			0		0	0	0	无译文，未输出
server	npc/re/merchants/shopping_boards.txt			0		0	0	0	无译文，未输出
server	npc/re/merchants/shops.txt			0		0	0	0	无译文，未输出
server	npc/re/merchants/socket_enchant2.txt			0		0	0	0	无译文，未输出
server	npc/re/mobs/championmobs.txt			0		0	0	0	无译文，未输出
server	npc/re/mobs/dungeons/anthell.txt			0		0	0	0	无译文，未输出
server	npc/re/mobs/dungeons/beach_dun.txt			0		0	0	0	无译文，未输出
server	npc/re/mobs/dungeons/dic_dun.txt			0		0	0	0	无译文，未输出
server	npc/re/mobs/dungeons/ecl_tdun.txt			0		0	0	0	无译文，未输出
server	npc/re/mobs/dungeons/ein_dun.txt			0		0	0	0	无译文，未输出
server	npc/re/mobs/dungeons/for_dun.txt			0		0	0	0	无译文，未输出
server	npc/re/mobs/dungeons/iz_dun.txt			0		0	0	0	无译文，未输出
server	npc/re/mobs/dungeons/lhz_dun.txt			0		0	0	0	无译文，未输出
server	npc/re/mobs/dungeons/ma_dun.txt			0		0	0	0	无译文，未输出
server	npc/re/mobs/dungeons/mag_dun.txt			0		0	0	0	无译文，未输出
server	npc/re/mobs/dungeons/mal_dun.txt			0		0	0	0	无译文，未输出
server	npc/re/mobs/dungeons/nif_dun.txt			0		0	0	0	无译文，未输出
server	npc/re/mobs/dungeons/pay_dun.txt			0		0	0	0	无译文，未输出
server	npc/re/mobs/dungeons/prt_prison.txt			0		0	0	0	无译文，未输出
server	npc/re/mobs/dungeons/prt_q.txt			0		0	0	0	无译文，未输出
server	npc/re/mobs/dungeons/slabw01.txt			0		0	0	0	无译文，未输出
server	npc/re/mobs/dungeons/sp_rudus.txt			0		0	0	0	无译文，未输出
server	npc/re/mobs/dungeons/teg_dun.txt			0		0	0	0	无译文，未输出
server	npc/re/mobs/dungeons/thor_v.txt			0		0	0	0	无译文，未输出
server	npc/re/mobs/dungeons/tur_dun.txt			0		0	0	0	无译文，未输出
server	npc/re/mobs/fields/bifrost.txt			0		0	0	0	无译文，未输出
server	npc/re/mobs/fields/eclage.txt			0		0	0	0	无译文，未输出
server	npc/re/mobs/fields/geffen.txt			0		0	0	0	无译文，未输出
server	npc/re/mobs/fields/malaya.txt			0		0	0	0	无译文，未输出
server	npc/re/mobs/fields/niflheim.txt			0		0	0	0	无译文，未输出
server	npc/re/mobs/fields/yuno.txt			0		0	0	0	无译文，未输出
server	npc/re/mobs/prt_cas.txt			0		0	0	0	无译文，未输出
server	npc/re/mobs/special_border_area.txt			0		0	0	0	无译文，未输出
server	npc/re/mobs/towns.txt			0		0	0	0	无译文，未输出
server	npc/re/mobs/tra_fild.txt			0		0	0	0	无译文，未输出
server	npc/re/mobs/tra_fild_123.txt			0		0	0	0	无译文，未输出
server	npc/re/mobs/verus.txt			0		0	0	0	无译文，未输出
server	npc/re/other/Global_Functions.txt			0		0	0	0	无译文，未输出
server	npc/re/other/achievements.txt			0		0	0	0	无译文，未输出
server	npc/re/other/bulletin_boards.txt			0		0	0	0	无译文，未输出
server	npc/re/other/global_npcs.txt			0		0	0	0	无译文，未输出
server	npc/re/other/mail.txt			0		0	0	0	无译文，未输出
server	npc/re/other/mercenary_rent.txt			0		0	0	0	无译文，未输出
server	npc/re/other/turbo_track.txt			0		0	0	0	无译文，未输出
server	npc/re/quests/cooking_quest.txt			0		0	0	0	无译文，未输出
server	npc/re/quests/first_class/tu_archer.txt			0		0	0	0	无译文，未输出
server	npc/re/quests/monstertamers.txt			0		0	0	0	无译文，未输出
server	npc/re/quests/mrsmile.txt			0		0	0	0	无译文，未输出
server	npc/re/quests/quests_13_1.txt			0		0	0	0	无译文，未输出
server	npc/re/quests/quests_izlude.txt			0		0	0	0	无译文，未输出
server	npc/re/quests/quests_lighthalzen.txt			0		0	0	0	无译文，未输出
server	npc/re/quests/quests_nameless.txt			0		0	0	0	无译文，未输出
server	npc/re/quests/quests_niflheim.txt			0		0	0	0	无译文，未输出
server	npc/re/quests/quests_veins.txt			0		0	0	0	无译文，未输出
server	npc/re/quests/seals/megingard_seal.txt			0		0	0	0	无译文，未输出
server	npc/re/quests/skills/swordman_skills.txt			0		0	0	0	无译文，未输出
server	npc/re/quests/the_sign_quest.txt			0		0	0	0	无译文，未输出
server	npc/re/quests/woe_te/te_mission_alde.txt			0		0	0	0	无译文，未输出
server	npc/re/quests/woe_te/te_mission_prt.txt			0		0	0	0	无译文，未输出
server	npc/re/scripts_athena.conf			0		0	0	0	无译文，未输出
server	npc/re/scripts_main.conf			0		0	0	0	无译文，未输出
server	npc/re/warps/cities/dewata.txt			0		0	0	0	无译文，未输出
server	npc/re/warps/cities/dicastes.txt			0		0	0	0	无译文，未输出
server	npc/re/warps/cities/eclage.txt			0		0	0	0	无译文，未输出
server	npc/re/warps/cities/einbech.txt			0		0	0	0	无译文，未输出
server	npc/re/warps/cities/einbroch.txt			0		0	0	0	无译文，未输出
server	npc/re/warps/cities/lighthalzen.txt			0		0	0	0	无译文，未输出
server	npc/re/warps/cities/malangdo.txt			0		0	0	0	无译文，未输出
server	npc/re/warps/cities/malaya.txt			0		0	0	0	无译文，未输出
server	npc/re/warps/cities/rachel.txt			0		0	0	0	无译文，未输出
server	npc/re/warps/cities/yggdrasil.txt			0		0	0	0	无译文，未输出
server	npc/re/warps/dungeons/amicitia.txt			0		0	0	0	无译文，未输出
server	npc/re/warps/dungeons/dic_dun.txt			0		0	0	0	无译文，未输出
server	npc/re/warps/dungeons/ecl_dun.txt			0		0	0	0	无译文，未输出
server	npc/re/warps/dungeons/ecl_tdun.txt			0		0	0	0	无译文，未输出
server	npc/re/warps/dungeons/ein_dun.txt			0		0	0	0	无译文，未输出
server	npc/re/warps/dungeons/iz_dun.txt			0		0	0	0	无译文，未输出
server	npc/re/warps/dungeons/moc_pryd.txt			0		0	0	0	无译文，未输出
server	npc/re/warps/dungeons/nif_dun.txt			0		0	0	0	无译文，未输出
server	npc/re/warps/dungeons/oz_dun.txt			0		0	0	0	无译文，未输出
server	npc/re/warps/dungeons/thor_v.txt			0		0	0	0	无译文，未输出
server	npc/re/warps/fields/bif_fild.txt			0		0	0	0	无译文，未输出
server	npc/re/warps/fields/com_fild.txt			0		0	0	0	无译文，未输出
server	npc/re/warps/fields/dic_fild.txt			0		0	0	0	无译文，未输出
server	npc/re/warps/fields/geffen_fild.txt			0		0	0	0	无译文，未输出
server	npc/re/warps/fields/gw_fild.txt			0		0	0	0	无译文，未输出
server	npc/re/warps/fields/hugel_fild.txt			0		0	0	0	无译文，未输出
server	npc/re/warps/fields/morroc_fild.txt			0		0	0	0	无译文，未输出
server	npc/re/warps/fields/payon_fild.txt			0		0	0	0	无译文，未输出
server	npc/re/warps/fields/prontera_fild.txt			0		0	0	0	无译文，未输出
server	npc/re/warps/fields/rachel_fild.txt			0		0	0	0	无译文，未输出
server	npc/re/warps/fields/veins_fild.txt			0		0	0	0	无译文，未输出
server	npc/re/warps/fields/yuno_fild.txt			0		0	0	0	无译文，未输出
server	npc/re/warps/other/TrainingZone.txt			0		0	0	0	无译文，未输出
server	npc/re/warps/other/arena.txt			0		0	0	0	无译文，未输出
server	npc/re/warps/other/ba_2whs.txt			0		0	0	0	无译文，未输出
server	npc/re/warps/other/ba_pw.txt			0		0	0	0	无译文，未输出
server	npc/re/warps/other/jobquests.txt			0		0	0	0	无译文，未输出
server	npc/re/warps/other/paradise.txt			0		0	0	0	无译文，未输出
server	npc/re/warps/other/s_workshop.txt			0		0	0	0	无译文，未输出
server	npc/re/warps/other/sign.txt			0		0	0	0	无译文，未输出
server	npc/re/warps/other/special_border_area.txt			0		0	0	0	无译文，未输出
server	npc/re/warps/other/un_myst.txt			0		0	0	0	无译文，未输出
server	npc/scripts_custom.conf			0		0	0	0	无译文，未输出
server	npc/test/OnInterInit.txt			0		0	0	0	无译文，未输出
server	npc/test/ci/0000_funcs.txt			0		0	0	0	无译文，未输出
server	npc/test/ci/5573.txt			0		0	0	0	无译文，未输出
server	npc/test/ci/7291.txt			0		0	0	0	无译文，未输出
server	npc/test/ci/8886.txt			0		0	0	0	无译文，未输出
server	npc/test/infinite_warp.txt			0		0	0	0	无译文，未输出
server	npc/test/npc_test_checkweight.txt			0		0	0	0	无译文，未输出
server	npc/test/npc_test_longvar.txt			0		0	0	0	无译文，未输出
server	npc/warps/cities/alberta.txt			0		0	0	0	无译文，未输出
server	npc/warps/cities/aldebaran.txt			0		0	0	0	无译文，未输出
server	npc/warps/cities/amatsu.txt			0		0	0	0	无译文，未输出
server	npc/warps/cities/ayothaya.txt			0		0	0	0	无译文，未输出
server	npc/warps/cities/comodo.txt			0		0	0	0	无译文，未输出
server	npc/warps/cities/einbech.txt			0		0	0	0	无译文，未输出
server	npc/warps/cities/einbroch.txt			0		0	0	0	无译文，未输出
server	npc/warps/cities/geffen.txt			0		0	0	0	无译文，未输出
server	npc/warps/cities/gonryun.txt			0		0	0	0	无译文，未输出
server	npc/warps/cities/hugel.txt			0		0	0	0	无译文，未输出
server	npc/warps/cities/lighthalzen.txt			0		0	0	0	无译文，未输出
server	npc/warps/cities/louyang.txt			0		0	0	0	无译文，未输出
server	npc/warps/cities/lutie.txt			0		0	0	0	无译文，未输出
server	npc/warps/cities/manuk.txt			0		0	0	0	无译文，未输出
server	npc/warps/cities/mid_camp.txt			0		0	0	0	无译文，未输出
server	npc/warps/cities/morroc.txt			0		0	0	0	无译文，未输出
server	npc/warps/cities/moscovia.txt			0		0	0	0	无译文，未输出
server	npc/warps/cities/nameless.txt			0		0	0	0	无译文，未输出
server	npc/warps/cities/niflheim.txt			0		0	0	0	无译文，未输出
server	npc/warps/cities/payon.txt			0		0	0	0	无译文，未输出
server	npc/warps/cities/prontera.txt			0		0	0	0	无译文，未输出
server	npc/warps/cities/splendide.txt			0		0	0	0	无译文，未输出
server	npc/warps/cities/umbala.txt			0		0	0	0	无译文，未输出
server	npc/warps/cities/veins.txt			0		0	0	0	无译文，未输出
server	npc/warps/cities/yuno.txt			0		0	0	0	无译文，未输出
server	npc/warps/dungeons/abbey.txt			0		0	0	0	无译文，未输出
server	npc/warps/dungeons/abyss.txt			0		0	0	0	无译文，未输出
server	npc/warps/dungeons/alde_dun.txt			0		0	0	0	无译文，未输出
server	npc/warps/dungeons/ama_dun.txt			0		0	0	0	无译文，未输出
server	npc/warps/dungeons/anthell.txt			0		0	0	0	无译文，未输出
server	npc/warps/dungeons/ayo_dun.txt			0		0	0	0	无译文，未输出
server	npc/warps/dungeons/beach_dun.txt			0		0	0	0	无译文，未输出
server	npc/warps/dungeons/c_tower.txt			0		0	0	0	无译文，未输出
server	npc/warps/dungeons/ein_dun.txt			0		0	0	0	无译文，未输出
server	npc/warps/dungeons/gef_dun.txt			0		0	0	0	无译文，未输出
server	npc/warps/dungeons/gon_dun.txt			0		0	0	0	无译文，未输出
server	npc/warps/dungeons/ice_dun.txt			0		0	0	0	无译文，未输出
server	npc/warps/dungeons/in_sphinx.txt			0		0	0	0	无译文，未输出
server	npc/warps/dungeons/iz_dun.txt			0		0	0	0	无译文，未输出
server	npc/warps/dungeons/juperos.txt			0		0	0	0	无译文，未输出
server	npc/warps/dungeons/kh_dun.txt			0		0	0	0	无译文，未输出
server	npc/warps/dungeons/lou_dun.txt			0		0	0	0	无译文，未输出
server	npc/warps/dungeons/mag_dun.txt			0		0	0	0	无译文，未输出
server	npc/warps/dungeons/mjo_dun.txt			0		0	0	0	无译文，未输出
server	npc/warps/dungeons/moc_pryd.txt			0		0	0	0	无译文，未输出
server	npc/warps/dungeons/odin.txt			0		0	0	0	无译文，未输出
server	npc/warps/dungeons/orcsdun.txt			0		0	0	0	无译文，未输出
server	npc/warps/dungeons/pay_dun.txt			0		0	0	0	无译文，未输出
server	npc/warps/dungeons/prt_maze.txt			0		0	0	0	无译文，未输出
server	npc/warps/dungeons/ra_san.txt			0		0	0	0	无译文，未输出
server	npc/warps/dungeons/tha_t.txt			0		0	0	0	无译文，未输出
server	npc/warps/dungeons/thor_v.txt			0		0	0	0	无译文，未输出
server	npc/warps/dungeons/treasure.txt			0		0	0	0	无译文，未输出
server	npc/warps/dungeons/tur_dun.txt			0		0	0	0	无译文，未输出
server	npc/warps/dungeons/um_dun.txt			0		0	0	0	无译文，未输出
server	npc/warps/dungeons/xmas_dun.txt			0		0	0	0	无译文，未输出
server	npc/warps/fields/amatsu_fild.txt			0		0	0	0	无译文，未输出
server	npc/warps/fields/ein_fild.txt			0		0	0	0	无译文，未输出
server	npc/warps/fields/gefenia.txt			0		0	0	0	无译文，未输出
server	npc/warps/fields/glastheim.txt			0		0	0	0	无译文，未输出
server	npc/warps/fields/jawaii.txt			0		0	0	0	无译文，未输出
server	npc/warps/fields/lhalzen_fild.txt			0		0	0	0	无译文，未输出
server	npc/warps/fields/lutie_fild.txt			0		0	0	0	无译文，未输出
server	npc/warps/fields/man_fild.txt			0		0	0	0	无译文，未输出
server	npc/warps/fields/mtmjolnir.txt			0		0	0	0	无译文，未输出
server	npc/warps/fields/spl_fild.txt			0		0	0	0	无译文，未输出
server	npc/warps/fields/umbala_fild.txt			0		0	0	0	无译文，未输出
server	npc/warps/guildcastles.txt			0		0	0	0	无译文，未输出
server	npc/warps/other/airplane.txt			0		0	0	0	无译文，未输出
server	npc/warps/other/arena.txt			0		0	0	0	无译文，未输出
server	npc/warps/other/god.txt			0		0	0	0	无译文，未输出
server	npc/warps/other/jobquests.txt			0		0	0	0	无译文，未输出
server	npc/warps/other/kiel.txt			0		0	0	0	无译文，未输出
server	npc/warps/other/other.txt			0		0	0	0	无译文，未输出
server	npc/warps/pvp.txt			0		0	0	0	无译文，未输出
server	sql-files/README.md			0		0	0	0	无译文，未输出
server	sql-files/compatibility/item_db2_compat.sql			0		0	0	0	无译文，未输出
server	sql-files/compatibility/item_db2_re_compat.sql			0		0	0	0	无译文，未输出
server	sql-files/compatibility/item_db_compat.sql			0		0	0	0	无译文，未输出
server	sql-files/compatibility/item_db_re_compat.sql			0		0	0	0	无译文，未输出
server	sql-files/logs.sql			0		0	0	0	无译文，未输出
server	sql-files/main.sql			0		0	0	0	无译文，未输出
server	sql-files/mob_db.sql			0		0	0	0	无译文，未输出
server	sql-files/mob_db2.sql			0		0	0	0	无译文，未输出
server	sql-files/mob_db2_re.sql			0		0	0	0	无译文，未输出
server	sql-files/mob_db_re.sql			0		0	0	0	无译文，未输出
server	sql-files/tools/item_db2_re_to_txt.sql			0		0	0	0	无译文，未输出
server	sql-files/tools/item_db2_to_txt.sql			0		0	0	0	无译文，未输出
server	sql-files/tools/item_db_re_to_txt.sql			0		0	0	0	无译文，未输出
server	sql-files/tools/item_db_to_txt.sql			0		0	0	0	无译文，未输出
server	sql-files/upgrades/upgrade_20200303.sql			0		0	0	0	无译文，未输出
server	sql-files/upgrades/upgrade_20200622.sql			0		0	0	0	无译文，未输出
server	sql-files/upgrades/upgrade_20200811.sql			0		0	0	0	无译文，未输出
server	sql-files/upgrades/upgrade_20210308.sql			0		0	0	0	无译文，未输出
server	sql-files/upgrades/upgrade_20221220.sql			0		0	0	0	无译文，未输出
server	sql-files/upgrades/upgrade_20240803.sql			0		0	0	0	无译文，未输出
server	sql-files/upgrades/upgrade_20250525.sql			0		0	0	0	无译文，未输出
server	sql-files/upgrades/upgrade_20250803.sql			0		0	0	0	无译文，未输出
server	src/CMakeLists.txt			0		0	0	0	无译文，未输出
server	src/char/CMakeLists.txt			0		0	0	0	无译文，未输出
server	src/char/Makefile.in			0		0	0	0	无译文，未输出
server	src/char/char.cpp			0		0	0	0	无译文，未输出
server	src/char/char.hpp			0		0	0	0	无译文，未输出
server	src/char/char_clif.cpp			0		0	0	0	无译文，未输出
server	src/char/char_clif.hpp			0		0	0	0	无译文，未输出
server	src/char/char_cnslif.cpp			0		0	0	0	无译文，未输出
server	src/char/char_logif.cpp			0		0	0	0	无译文，未输出
server	src/char/char_logif.hpp			0		0	0	0	无译文，未输出
server	src/char/char_mapif.cpp			0		0	0	0	无译文，未输出
server	src/char/int_achievement.cpp			0		0	0	0	无译文，未输出
server	src/char/int_auction.cpp			0		0	0	0	无译文，未输出
server	src/char/int_clan.cpp			0		0	0	0	无译文，未输出
server	src/char/int_elemental.cpp			0		0	0	0	无译文，未输出
server	src/char/int_guild.cpp			0		0	0	0	无译文，未输出
server	src/char/int_guild.hpp			0		0	0	0	无译文，未输出
server	src/char/int_homun.cpp			0		0	0	0	无译文，未输出
server	src/char/int_mail.cpp			0		0	0	0	无译文，未输出
server	src/char/int_mail.hpp			0		0	0	0	无译文，未输出
server	src/char/int_mercenary.cpp			0		0	0	0	无译文，未输出
server	src/char/int_party.cpp			0		0	0	0	无译文，未输出
server	src/char/int_pet.cpp			0		0	0	0	无译文，未输出
server	src/char/int_quest.cpp			0		0	0	0	无译文，未输出
server	src/char/int_storage.cpp			0		0	0	0	无译文，未输出
server	src/char/inter.cpp			0		0	0	0	无译文，未输出
server	src/char/inter.hpp			0		0	0	0	无译文，未输出
server	src/common/CMakeLists.txt			0		0	0	0	无译文，未输出
server	src/common/Makefile.in			0		0	0	0	无译文，未输出
server	src/common/cbasetypes.hpp			0		0	0	0	无译文，未输出
server	src/common/cli.cpp			0		0	0	0	无译文，未输出
server	src/common/cli.hpp			0		0	0	0	无译文，未输出
server	src/common/conf.cpp			0		0	0	0	无译文，未输出
server	src/common/core.cpp			0		0	0	0	无译文，未输出
server	src/common/core.hpp			0		0	0	0	无译文，未输出
server	src/common/database.cpp			0		0	0	0	无译文，未输出
server	src/common/database.hpp			0		0	0	0	无译文，未输出
server	src/common/db.cpp			0		0	0	0	无译文，未输出
server	src/common/db.hpp			0		0	0	0	无译文，未输出
server	src/common/ers.cpp			0		0	0	0	无译文，未输出
server	src/common/ers.hpp			0		0	0	0	无译文，未输出
server	src/common/grfio.cpp			0		0	0	0	无译文，未输出
server	src/common/malloc.cpp			0		0	0	0	无译文，未输出
server	src/common/mapindex.cpp			0		0	0	0	无译文，未输出
server	src/common/md5calc.cpp			0		0	0	0	无译文，未输出
server	src/common/mmo.hpp			0		0	0	0	无译文，未输出
server	src/common/msg_conf.cpp			0		0	0	0	无译文，未输出
server	src/common/msg_conf.hpp			0		0	0	0	无译文，未输出
server	src/common/nullpo.cpp			0		0	0	0	无译文，未输出
server	src/common/nullpo.hpp			0		0	0	0	无译文，未输出
server	src/common/packets.hpp			0		0	0	0	无译文，未输出
server	src/common/showmsg.cpp			0		0	0	0	无译文，未输出
server	src/common/showmsg.hpp			0		0	0	0	无译文，未输出
server	src/common/socket.cpp			0		0	0	0	无译文，未输出
server	src/common/sql.cpp			0		0	0	0	无译文，未输出
server	src/common/sql.hpp			0		0	0	0	无译文，未输出
server	src/common/strlib.cpp			0		0	0	0	无译文，未输出
server	src/common/strlib.hpp			0		0	0	0	无译文，未输出
server	src/common/timer.cpp			0		0	0	0	无译文，未输出
server	src/common/timer.hpp			0		0	0	0	无译文，未输出
server	src/common/utilities.cpp			0		0	0	0	无译文，未输出
server	src/common/utilities.hpp			0		0	0	0	无译文，未输出
server	src/common/utils.cpp			0		0	0	0	无译文，未输出
server	src/common/winapi.cpp			0		0	0	0	无译文，未输出
server	src/common/winapi.hpp			0		0	0	0	无译文，未输出
server	src/config/const.hpp			0		0	0	0	无译文，未输出
server	src/config/core.hpp			0		0	0	0	无译文，未输出
server	src/config/packets.hpp			0		0	0	0	无译文，未输出
server	src/config/secure.hpp			0		0	0	0	无译文，未输出
server	src/custom/atcommand.inc			0		0	0	0	无译文，未输出
server	src/login/CMakeLists.txt			0		0	0	0	无译文，未输出
server	src/login/Makefile.in			0		0	0	0	无译文，未输出
server	src/login/account.cpp			0		0	0	0	无译文，未输出
server	src/login/account.hpp			0		0	0	0	无译文，未输出
server	src/login/ipban.cpp			0		0	0	0	无译文，未输出
server	src/login/ipban.hpp			0		0	0	0	无译文，未输出
server	src/login/login.cpp			0		0	0	0	无译文，未输出
server	src/login/login.hpp			0		0	0	0	无译文，未输出
server	src/login/loginchrif.cpp			0		0	0	0	无译文，未输出
server	src/login/loginclif.cpp			0		0	0	0	无译文，未输出
server	src/login/logincnslif.cpp			0		0	0	0	无译文，未输出
server	src/login/loginlog.cpp			0		0	0	0	无译文，未输出
server	src/login/loginlog.hpp			0		0	0	0	无译文，未输出
server	src/map/CMakeLists.txt			0		0	0	0	无译文，未输出
server	src/map/Makefile.in			0		0	0	0	无译文，未输出
server	src/map/achievement.cpp			0		0	0	0	无译文，未输出
server	src/map/achievement.hpp			0		0	0	0	无译文，未输出
server	src/map/atcommand.cpp			0		0	0	0	无译文，未输出
server	src/map/atcommand.hpp			0		0	0	0	无译文，未输出
server	src/map/battle.cpp			0		0	0	0	无译文，未输出
server	src/map/battle.hpp			0		0	0	0	无译文，未输出
server	src/map/battleground.cpp			0		0	0	0	无译文，未输出
server	src/map/battleground.hpp			0		0	0	0	无译文，未输出
server	src/map/buyingstore.cpp			0		0	0	0	无译文，未输出
server	src/map/buyingstore.hpp			0		0	0	0	无译文，未输出
server	src/map/cashshop.cpp			0		0	0	0	无译文，未输出
server	src/map/cashshop.hpp			0		0	0	0	无译文，未输出
server	src/map/channel.cpp			0		0	0	0	无译文，未输出
server	src/map/channel.hpp			0		0	0	0	无译文，未输出
server	src/map/chat.cpp			0		0	0	0	无译文，未输出
server	src/map/chat.hpp			0		0	0	0	无译文，未输出
server	src/map/chrif.cpp			0		0	0	0	无译文，未输出
server	src/map/chrif.hpp			0		0	0	0	无译文，未输出
server	src/map/clan.cpp			0		0	0	0	无译文，未输出
server	src/map/clan.hpp			0		0	0	0	无译文，未输出
server	src/map/clif.cpp			0		0	0	0	无译文，未输出
server	src/map/clif.hpp			0		0	0	0	无译文，未输出
server	src/map/clif_obfuscation.hpp			0		0	0	0	无译文，未输出
server	src/map/clif_packetdb.hpp			0		0	0	0	无译文，未输出
server	src/map/duel.cpp			0		0	0	0	无译文，未输出
server	src/map/elemental.cpp			0		0	0	0	无译文，未输出
server	src/map/elemental.hpp			0		0	0	0	无译文，未输出
server	src/map/guild.cpp			0		0	0	0	无译文，未输出
server	src/map/guild.hpp			0		0	0	0	无译文，未输出
server	src/map/homunculus.cpp			0		0	0	0	无译文，未输出
server	src/map/homunculus.hpp			0		0	0	0	无译文，未输出
server	src/map/instance.cpp			0		0	0	0	无译文，未输出
server	src/map/instance.hpp			0		0	0	0	无译文，未输出
server	src/map/intif.cpp			0		0	0	0	无译文，未输出
server	src/map/intif.hpp			0		0	0	0	无译文，未输出
server	src/map/itemdb.cpp			0		0	0	0	无译文，未输出
server	src/map/itemdb.hpp			0		0	0	0	无译文，未输出
server	src/map/log.cpp			0		0	0	0	无译文，未输出
server	src/map/log.hpp			0		0	0	0	无译文，未输出
server	src/map/mail.cpp			0		0	0	0	无译文，未输出
server	src/map/mail.hpp			0		0	0	0	无译文，未输出
server	src/map/map.cpp			0		0	0	0	无译文，未输出
server	src/map/map.hpp			0		0	0	0	无译文，未输出
server	src/map/mapreg.cpp			0		0	0	0	无译文，未输出
server	src/map/mapreg.hpp			0		0	0	0	无译文，未输出
server	src/map/mercenary.cpp			0		0	0	0	无译文，未输出
server	src/map/mercenary.hpp			0		0	0	0	无译文，未输出
server	src/map/mob.cpp			0		0	0	0	无译文，未输出
server	src/map/mob.hpp			0		0	0	0	无译文，未输出
server	src/map/navi.cpp			0		0	0	0	无译文，未输出
server	src/map/npc.cpp			0		0	0	0	无译文，未输出
server	src/map/npc.hpp			0		0	0	0	无译文，未输出
server	src/map/npc_chat.cpp			0		0	0	0	无译文，未输出
server	src/map/packets.hpp			0		0	0	0	无译文，未输出
server	src/map/packets_struct.hpp			0		0	0	0	无译文，未输出
server	src/map/party.cpp			0		0	0	0	无译文，未输出
server	src/map/party.hpp			0		0	0	0	无译文，未输出
server	src/map/path.cpp			0		0	0	0	无译文，未输出
server	src/map/pc.cpp			0		0	0	0	无译文，未输出
server	src/map/pc.hpp			0		0	0	0	无译文，未输出
server	src/map/pc_groups.cpp			0		0	0	0	无译文，未输出
server	src/map/pc_groups.hpp			0		0	0	0	无译文，未输出
server	src/map/pet.cpp			0		0	0	0	无译文，未输出
server	src/map/pet.hpp			0		0	0	0	无译文，未输出
server	src/map/quest.cpp			0		0	0	0	无译文，未输出
server	src/map/quest.hpp			0		0	0	0	无译文，未输出
server	src/map/script.cpp			0		0	0	0	无译文，未输出
server	src/map/script.hpp			0		0	0	0	无译文，未输出
server	src/map/script_constants.hpp			0		0	0	0	无译文，未输出
server	src/map/searchstore.cpp			0		0	0	0	无译文，未输出
server	src/map/searchstore.hpp			0		0	0	0	无译文，未输出
server	src/map/skill.cpp			0		0	0	0	无译文，未输出
server	src/map/skill.hpp			0		0	0	0	无译文，未输出
server	src/map/skills/acolyte/clearance.cpp			0		0	0	0	无译文，未输出
server	src/map/skills/acolyte/dilectioheal.cpp			0		0	0	0	无译文，未输出
server	src/map/skills/acolyte/heal.cpp			0		0	0	0	无译文，未输出
server	src/map/skills/acolyte/highnessheal.cpp			0		0	0	0	无译文，未输出
server	src/map/skills/acolyte/ragingpalmstrike.cpp			0		0	0	0	无译文，未输出
server	src/map/skills/acolyte/ragingthrust.cpp			0		0	0	0	无译文，未输出
server	src/map/skills/acolyte/teleport.cpp			0		0	0	0	无译文，未输出
server	src/map/skills/archer/dazzler.cpp			0		0	0	0	无译文，未输出
server	src/map/skills/archer/unbarringoctave.cpp			0		0	0	0	无译文，未输出
server	src/map/skills/gunslinger/banishingbuster.cpp			0		0	0	0	无译文，未输出
server	src/map/skills/gunslinger/grounddrift.cpp			0		0	0	0	无译文，未输出
server	src/map/skills/homunculus/homunculus_healingtouch.cpp			0		0	0	0	无译文，未输出
server	src/map/skills/homunculus/homunculus_stylechange.cpp			0		0	0	0	无译文，未输出
server	src/map/skills/mage/allbloom.cpp			0		0	0	0	无译文，未输出
server	src/map/skills/mage/deluge.cpp			0		0	0	0	无译文，未输出
server	src/map/skills/mage/destructivehurricane.cpp			0		0	0	0	无译文，未输出
server	src/map/skills/mage/dispell.cpp			0		0	0	0	无译文，未输出
server	src/map/skills/mage/dispell.hpp			0		0	0	0	无译文，未输出
server	src/map/skills/mage/siennaexecrate.cpp			0		0	0	0	无译文，未输出
server	src/map/skills/mage/skill_factory_mage.cpp			0		0	0	0	无译文，未输出
server	src/map/skills/mage/stonecurse.cpp			0		0	0	0	无译文，未输出
server	src/map/skills/mage/violentquake.cpp			0		0	0	0	无译文，未输出
server	src/map/skills/mage/volcano.cpp			0		0	0	0	无译文，未输出
server	src/map/skills/mage/whirlwind.cpp			0		0	0	0	无译文，未输出
server	src/map/skills/mercenary/mercenary_magnumbreak.cpp			0		0	0	0	无译文，未输出
server	src/map/skills/merchant/acidterror.cpp			0		0	0	0	无译文，未输出
server	src/map/skills/merchant/acidterror.hpp			0		0	0	0	无译文，未输出
server	src/map/skills/merchant/skill_factory_merchant.cpp			0		0	0	0	无译文，未输出
server	src/map/skills/ninja/infiltrate.cpp			0		0	0	0	无译文，未输出
server	src/map/skills/npc/suicidebombing.cpp			0		0	0	0	无译文，未输出
server	src/map/skills/other/odinsrecall.cpp			0		0	0	0	无译文，未输出
server	src/map/skills/skill_factory.cpp			0		0	0	0	无译文，未输出
server	src/map/skills/swordman/magnum.cpp			0		0	0	0	无译文，未输出
server	src/map/skills/taekwon/gravitycontrol.cpp			0		0	0	0	无译文，未输出
server	src/map/skills/taekwon/jumpkick.cpp			0		0	0	0	无译文，未输出
server	src/map/skills/taekwon/soulunity.cpp			0		0	0	0	无译文，未输出
server	src/map/skills/thief/backstab.cpp			0		0	0	0	无译文，未输出
server	src/map/skills/thief/divestall.cpp			0		0	0	0	无译文，未输出
server	src/map/skills/thief/findstone.cpp			0		0	0	0	无译文，未输出
server	src/map/status.cpp			0		0	0	0	无译文，未输出
server	src/map/status.hpp			0		0	0	0	无译文，未输出
server	src/map/storage.cpp			0		0	0	0	无译文，未输出
server	src/map/trade.cpp			0		0	0	0	无译文，未输出
server	src/map/unit.cpp			0		0	0	0	无译文，未输出
server	src/map/unit.hpp			0		0	0	0	无译文，未输出
server	src/map/vending.cpp			0		0	0	0	无译文，未输出
server	src/map/vending.hpp			0		0	0	0	无译文，未输出
server	src/tool/CMakeLists.txt			0		0	0	0	无译文，未输出
server	src/tool/Makefile.in			0		0	0	0	无译文，未输出
server	src/tool/csv2yaml.cpp			0		0	0	0	无译文，未输出
server	src/tool/csv2yaml.hpp			0		0	0	0	无译文，未输出
server	src/tool/mapcache.cpp			0		0	0	0	无译文，未输出
server	src/tool/readme.md			0		0	0	0	无译文，未输出
server	src/tool/yaml.hpp			0		0	0	0	无译文，未输出
server	src/tool/yaml2sql.cpp			0		0	0	0	无译文，未输出
server	src/tool/yamlupgrade.cpp			0		0	0	0	无译文，未输出
server	src/tool/yamlupgrade.hpp			0		0	0	0	无译文，未输出
server	src/web/CMakeLists.txt			0		0	0	0	无译文，未输出
server	src/web/Makefile.in			0		0	0	0	无译文，未输出
server	src/web/auth.cpp			0		0	0	0	无译文，未输出
server	src/web/charconfig_controller.cpp			0		0	0	0	无译文，未输出
server	src/web/emblem_controller.cpp			0		0	0	0	无译文，未输出
server	src/web/merchantstore_controller.cpp			0		0	0	0	无译文，未输出
server	src/web/partybooking_controller.cpp			0		0	0	0	无译文，未输出
server	src/web/userconfig_controller.cpp			0		0	0	0	无译文，未输出
server	src/web/web.cpp			0		0	0	0	无译文，未输出
server	src/web/web.hpp			0		0	0	0	无译文，未输出
